year,month,district,crop_type,disease_scientific,disease_common,disease_urdu,severity_level,temp_avg,humidity_avg,rainfall_mm,gdd,bioclimatic_suitability,symptoms,recommended_chemical,dosage_per_acre
2020,2,Lahore,Wheat,Puccinia striiformis,Wheat Yellow Rust,پیلی کنگی,High,14.542399483529708,82.7592643854556,25.11822162405969,4.542399483529708,0.9778335082609452,Yellow pustules in linear stripes on leaves,Tilt 250 EC (Propiconazole),200-250 ml/acre
2020,2,Faisalabad,Wheat,Puccinia striiformis,Wheat Yellow Rust,پیلی کنگی,High,17.98572555936868,81.08732345957618,43.020222490323576,7.985725559368682,0.98,Yellow pustules in linear stripes on leaves,Tilt 250 EC (Propiconazole),200-250 ml/acre
2020,2,Multan,Wheat,Puccinia striiformis,Wheat Yellow Rust,پیلی کنگی,High,17.441149891036904,77.26202556514497,22.787023242088026,7.441149891036904,0.8388027506185618,Yellow pustules in linear stripes on leaves,Tilt 250 EC (Propiconazole),200-250 ml/acre
2020,2,Gujranwala,Wheat,Puccinia striiformis,Wheat Yellow Rust,پیلی کنگی,High,13.000492434915557,79.10064422179606,39.97135119159114,3.0004924349155573,0.98,Yellow pustules in linear stripes on leaves,Tilt 250 EC (Propiconazole),200-250 ml/acre
2020,2,Bahawalpur,Wheat,Puccinia striiformis,Wheat Yellow Rust,پیلی کنگی,High,15.467090716873281,76.69847858817228,42.60309013195227,5.467090716873281,0.98,Yellow pustules in linear stripes on leaves,Tilt 250 EC (Propiconazole),200-250 ml/acre
2020,2,Sahiwal,Wheat,Puccinia striiformis,Wheat Yellow Rust,پیلی کنگی,High,14.692071128244049,73.34307018287923,35.354963167172805,4.692071128244049,0.9588647977072786,Yellow pustules in linear stripes on leaves,Tilt 250 EC (Propiconazole),200-250 ml/acre
2020,2,Rawalpindi,Wheat,Puccinia striiformis,Wheat Yellow Rust,پیلی کنگی,High,17.30051462884646,78.0227865394448,38.208579206518664,7.300514628846461,0.9533641986724402,Yellow pustules in linear stripes on leaves,Tilt 250 EC (Propiconazole),200-250 ml/acre
2020,2,Sheikhupura,Wheat,Puccinia striiformis,Wheat Yellow Rust,پیلی کنگی,High,14.714312500946228,78.11845683155298,31.72433180738992,4.714312500946228,0.98,Yellow pustules in linear stripes on leaves,Tilt 250 EC (Propiconazole),200-250 ml/acre
2020,2,Sargodha,Wheat,Puccinia striiformis,Wheat Yellow Rust,پیلی کنگی,High,16.81142402155113,76.21850074897421,32.94781410753229,6.8114240215511295,0.9190807273839098,Yellow pustules in linear stripes on leaves,Tilt 250 EC (Propiconazole),200-250 ml/acre
2020,2,Rahim Yar Khan,Wheat,Puccinia striiformis,Wheat Yellow Rust,پیلی کنگی,High,14.998946102768247,81.5360720274843,28.862945323172042,4.998946102768247,0.98,Yellow pustules in linear stripes on leaves,Tilt 250 EC (Propiconazole),200-250 ml/acre
2020,3,Lahore,Wheat,Puccinia triticina,Wheat Brown / Leaf Rust,بھوری کنگی,Medium,21.399023406418927,73.57037728424868,12.971413274383625,11.399023406418927,0.6081896039470236,Round brown pustules scattered on upper leaf surface,Nativo 75 WG (Tebuconazole+Trifloxystrobin),65 g/acre
2020,3,Faisalabad,Wheat,Puccinia triticina,Wheat Brown / Leaf Rust,بھوری کنگی,Medium,21.5235730680728,71.03196664375552,23.150590306507635,11.5235730680728,0.6540286512524021,Round brown pustules scattered on upper leaf surface,Nativo 75 WG (Tebuconazole+Trifloxystrobin),65 g/acre
2020,3,Multan,Wheat,Puccinia triticina,Wheat Brown / Leaf Rust,بھوری کنگی,Medium,21.42078437492076,73.39571899498274,28.975439568095183,11.42078437492076,0.7129185662936165,Round brown pustules scattered on upper leaf surface,Nativo 75 WG (Tebuconazole+Trifloxystrobin),65 g/acre
2020,3,Gujranwala,Wheat,Puccinia triticina,Wheat Brown / Leaf Rust,بھوری کنگی,Medium,20.255676323789444,67.15704556202286,11.291105187868366,10.255676323789444,0.5864100836896665,Round brown pustules scattered on upper leaf surface,Nativo 75 WG (Tebuconazole+Trifloxystrobin),65 g/acre
2020,3,Bahawalpur,Wheat,Puccinia triticina,Wheat Brown / Leaf Rust,بھوری کنگی,Medium,21.45922645479844,66.12194165852661,19.14101914668717,11.45922645479844,0.5946913950767894,Round brown pustules scattered on upper leaf surface,Nativo 75 WG (Tebuconazole+Trifloxystrobin),65 g/acre
2020,3,Sahiwal,Wheat,Puccinia triticina,Wheat Brown / Leaf Rust,بھوری کنگی,Medium,20.21066485623349,71.40681942797383,29.826841576798657,10.210664856233489,0.7437878936604776,Round brown pustules scattered on upper leaf surface,Nativo 75 WG (Tebuconazole+Trifloxystrobin),65 g/acre
2020,3,Rawalpindi,Wheat,Puccinia triticina,Wheat Brown / Leaf Rust,بھوری کنگی,Medium,20.227652875664724,68.91452196643446,11.911619944952465,10.227652875664724,0.6048009288733198,Round brown pustules scattered on upper leaf surface,Nativo 75 WG (Tebuconazole+Trifloxystrobin),65 g/acre
2020,3,Sheikhupura,Wheat,Puccinia triticina,Wheat Brown / Leaf Rust,بھوری کنگی,Medium,19.24454950040297,68.73575243424325,24.420301924187676,9.244549500402972,0.7175448536909915,Round brown pustules scattered on upper leaf surface,Nativo 75 WG (Tebuconazole+Trifloxystrobin),65 g/acre
2020,3,Sargodha,Wheat,Puccinia triticina,Wheat Brown / Leaf Rust,بھوری کنگی,Medium,20.271972969995588,74.08982468851761,23.952650219631757,10.271972969995588,0.7230373302692773,Round brown pustules scattered on upper leaf surface,Nativo 75 WG (Tebuconazole+Trifloxystrobin),65 g/acre
2020,3,Rahim Yar Khan,Wheat,Puccinia triticina,Wheat Brown / Leaf Rust,بھوری کنگی,Medium,22.396118150889507,73.83492567053062,16.167805495865117,12.396118150889507,0.5979110658043817,Round brown pustules scattered on upper leaf surface,Nativo 75 WG (Tebuconazole+Trifloxystrobin),65 g/acre
2020,2,Lahore,Wheat,Ustilago tritici,Loose Smut,کال کنگی,Medium,14.575969650608414,68.09391938052572,9.467616151852386,4.575969650608414,0.3150904451687362,Ears converted into black powdery spore mass,Vitavax 200 WP,2.5 g/kg seed
2020,2,Faisalabad,Wheat,Ustilago tritici,Loose Smut,کال کنگی,Medium,18.45524774616959,65.72879515520778,12.73387397257815,8.45524774616959,0.3850924440147908,Ears converted into black powdery spore mass,Vitavax 200 WP,2.5 g/kg seed
2020,2,Multan,Wheat,Ustilago tritici,Loose Smut,کال کنگی,Medium,16.696395342406838,65.78304772857749,14.883383972876342,6.696395342406838,0.34867929260468183,Ears converted into black powdery spore mass,Vitavax 200 WP,2.5 g/kg seed
2020,2,Gujranwala,Wheat,Ustilago tritici,Loose Smut,کال کنگی,Medium,16.16285341599119,65.9360390414678,11.896485208483481,6.16285341599119,0.3383220742407353,Ears converted into black powdery spore mass,Vitavax 200 WP,2.5 g/kg seed
2020,2,Bahawalpur,Wheat,Ustilago tritici,Loose Smut,کال کنگی,Medium,16.788830239206998,62.622602451256775,17.81809146216346,6.788830239206998,0.3337651560925391,Ears converted into black powdery spore mass,Vitavax 200 WP,2.5 g/kg seed
2020,2,Sahiwal,Wheat,Ustilago tritici,Loose Smut,کال کنگی,Medium,16.3770707228149,62.78698089559008,12.76097409747909,6.377070722814899,0.3264339132060656,Ears converted into black powdery spore mass,Vitavax 200 WP,2.5 g/kg seed
2020,2,Rawalpindi,Wheat,Ustilago tritici,Loose Smut,کال کنگی,Medium,15.398982464764293,67.79174601330756,0.9697705075908001,5.398982464764293,0.3314044152745009,Ears converted into black powdery spore mass,Vitavax 200 WP,2.5 g/kg seed
2020,2,Sheikhupura,Wheat,Ustilago tritici,Loose Smut,کال کنگی,Medium,14.828349931147656,59.443627997416414,5.791912084413098,4.828349931147656,0.2798256879754465,Ears converted into black powdery spore mass,Vitavax 200 WP,2.5 g/kg seed
2020,2,Sargodha,Wheat,Ustilago tritici,Loose Smut,کال کنگی,Medium,13.565909215054354,65.97772882521589,21.761286536827658,3.5659092150543543,0.2841421839550329,Ears converted into black powdery spore mass,Vitavax 200 WP,2.5 g/kg seed
2020,2,Rahim Yar Khan,Wheat,Ustilago tritici,Loose Smut,کال کنگی,Medium,16.538911350627902,67.52758268642395,15.031070981507796,6.538911350627902,0.354550064689829,Ears converted into black powdery spore mass,Vitavax 200 WP,2.5 g/kg seed
2020,8,Lahore,Rice,Magnaporthe oryzae,Rice Blast,دھان کا بلاسٹ,High,29.385041496047936,87.73196347866946,79.69168521689835,19.385041496047936,0.818415043603322,Spindle-shaped lesions with grey center and brown margin,Tricyclazole 75 WP,120 g/acre
2020,8,Faisalabad,Rice,Magnaporthe oryzae,Rice Blast,دھان کا بلاسٹ,High,28.756067089968173,81.71109609044018,88.55076331756817,18.756067089968173,0.7459332575147727,Spindle-shaped lesions with grey center and brown margin,Tricyclazole 75 WP,120 g/acre
2020,8,Multan,Rice,Magnaporthe oryzae,Rice Blast,دھان کا بلاسٹ,High,27.129018407605052,84.00800409481106,74.10387243260284,17.129018407605052,0.7235094252299332,Spindle-shaped lesions with grey center and brown margin,Tricyclazole 75 WP,120 g/acre
2020,8,Gujranwala,Rice,Magnaporthe oryzae,Rice Blast,دھان کا بلاسٹ,High,27.73225605500348,84.98943183417863,71.36388741468569,17.73225605500348,0.7482376779665733,Spindle-shaped lesions with grey center and brown margin,Tricyclazole 75 WP,120 g/acre
2020,8,Bahawalpur,Rice,Magnaporthe oryzae,Rice Blast,دھان کا بلاسٹ,High,29.566005506488036,85.09360325300409,71.36730242207415,19.566005506488036,0.7986914102683261,Spindle-shaped lesions with grey center and brown margin,Tricyclazole 75 WP,120 g/acre
2020,8,Sahiwal,Rice,Magnaporthe oryzae,Rice Blast,دھان کا بلاسٹ,High,29.74560043600799,79.02517531209892,72.78892781378545,19.74560043600799,0.7462385045140246,Spindle-shaped lesions with grey center and brown margin,Tricyclazole 75 WP,120 g/acre
2020,8,Rawalpindi,Rice,Magnaporthe oryzae,Rice Blast,دھان کا بلاسٹ,High,29.93160513823869,87.73556728140342,78.17142952157194,19.93160513823869,0.8336718591893146,Spindle-shaped lesions with grey center and brown margin,Tricyclazole 75 WP,120 g/acre
2020,8,Sheikhupura,Rice,Magnaporthe oryzae,Rice Blast,دھان کا بلاسٹ,High,29.82704971608318,88.66103898095533,73.34516400188554,19.82704971608318,0.8395229262109661,Spindle-shaped lesions with grey center and brown margin,Tricyclazole 75 WP,120 g/acre
2020,8,Sargodha,Rice,Magnaporthe oryzae,Rice Blast,دھان کا بلاسٹ,High,30.536649437964414,83.51127573418776,71.12175874994367,20.536649437964414,0.809572873400659,Spindle-shaped lesions with grey center and brown margin,Tricyclazole 75 WP,120 g/acre
2020,8,Rahim Yar Khan,Rice,Magnaporthe oryzae,Rice Blast,دھان کا بلاسٹ,High,30.707665080258806,81.58015631638143,71.74362867008534,20.707665080258806,0.7952813070979686,Spindle-shaped lesions with grey center and brown margin,Tricyclazole 75 WP,120 g/acre
2020,9,Lahore,Rice,Xanthomonas oryzae,Bacterial Leaf Blight,بیکٹیریل بلائیٹ,Critical,32.22511035366907,89.3716012069261,69.19513876592292,22.225110353669074,0.9142887972626341,Water-soaked lesions turning straw-colored from leaf tip,Copper Oxychloride + Kasugamycin,250 g/acre
2020,9,Faisalabad,Rice,Xanthomonas oryzae,Bacterial Leaf Blight,بیکٹیریل بلائیٹ,Critical,27.660384195919082,90.39719734381778,58.800782547486214,17.660384195919082,0.7937845107188303,Water-soaked lesions turning straw-colored from leaf tip,Copper Oxychloride + Kasugamycin,250 g/acre
2020,9,Multan,Rice,Xanthomonas oryzae,Bacterial Leaf Blight,بیکٹیریل بلائیٹ,Critical,31.396702088349834,92.49316492749432,55.100732566316694,21.396702088349834,0.9218985220435386,Water-soaked lesions turning straw-colored from leaf tip,Copper Oxychloride + Kasugamycin,250 g/acre
2020,9,Gujranwala,Rice,Xanthomonas oryzae,Bacterial Leaf Blight,بیکٹیریل بلائیٹ,Critical,31.62957056914717,90.70487576900318,56.26351553122085,21.62957056914717,0.9107797679687025,Water-soaked lesions turning straw-colored from leaf tip,Copper Oxychloride + Kasugamycin,250 g/acre
2020,9,Bahawalpur,Rice,Xanthomonas oryzae,Bacterial Leaf Blight,بیکٹیریل بلائیٹ,Critical,27.78290254588439,89.72420545200546,59.69708098397551,17.78290254588439,0.7913647162158656,Water-soaked lesions turning straw-colored from leaf tip,Copper Oxychloride + Kasugamycin,250 g/acre
2020,9,Sahiwal,Rice,Xanthomonas oryzae,Bacterial Leaf Blight,بیکٹیریل بلائیٹ,Critical,28.572875272394086,91.30394835945167,57.471251595145894,18.572875272394086,0.828195659794198,Water-soaked lesions turning straw-colored from leaf tip,Copper Oxychloride + Kasugamycin,250 g/acre
2020,9,Rawalpindi,Rice,Xanthomonas oryzae,Bacterial Leaf Blight,بیکٹیریل بلائیٹ,Critical,31.226825927807337,90.94718406745784,56.83928198745931,21.226825927807337,0.9015847255551616,Water-soaked lesions turning straw-colored from leaf tip,Copper Oxychloride + Kasugamycin,250 g/acre
2020,9,Sheikhupura,Rice,Xanthomonas oryzae,Bacterial Leaf Blight,بیکٹیریل بلائیٹ,Critical,28.088752683142346,82.3545859740784,59.39558227870149,18.088752683142346,0.7343611421423719,Water-soaked lesions turning straw-colored from leaf tip,Copper Oxychloride + Kasugamycin,250 g/acre
2020,9,Sargodha,Rice,Xanthomonas oryzae,Bacterial Leaf Blight,بیکٹیریل بلائیٹ,Critical,30.542995101731755,91.59146505506439,66.9944128773197,20.542995101731755,0.8880881487419894,Water-soaked lesions turning straw-colored from leaf tip,Copper Oxychloride + Kasugamycin,250 g/acre
2020,9,Rahim Yar Khan,Rice,Xanthomonas oryzae,Bacterial Leaf Blight,بیکٹیریل بلائیٹ,Critical,29.503243336035034,85.09346569686815,68.24782820038507,19.503243336035034,0.7969946745273814,Water-soaked lesions turning straw-colored from leaf tip,Copper Oxychloride + Kasugamycin,250 g/acre
2020,7,Lahore,Cotton,Cotton leaf curl virus,Cotton Leaf Curl Virus (CLCuV),کپاس کا پتہ مروڑ وائرس,Critical,38.87715569524954,56.84141438870509,6.045201677771612,28.87715569524954,0.7015341324215509,"Upward/downward leaf curling, thickened veins, enation",Vector Control (Polo 500 SC for Whitefly),200 ml/acre
2020,7,Faisalabad,Cotton,Cotton leaf curl virus,Cotton Leaf Curl Virus (CLCuV),کپاس کا پتہ مروڑ وائرس,Critical,35.89004505801914,64.14096964516703,14.560826576009724,25.89004505801914,0.7308007271841532,"Upward/downward leaf curling, thickened veins, enation",Vector Control (Polo 500 SC for Whitefly),200 ml/acre
2020,7,Multan,Cotton,Cotton leaf curl virus,Cotton Leaf Curl Virus (CLCuV),کپاس کا پتہ مروڑ وائرس,Critical,38.90765313566082,66.65778730053218,10.932373145531264,28.907653135660823,0.8233327197078613,"Upward/downward leaf curling, thickened veins, enation",Vector Control (Polo 500 SC for Whitefly),200 ml/acre
2020,7,Gujranwala,Cotton,Cotton leaf curl virus,Cotton Leaf Curl Virus (CLCuV),کپاس کا پتہ مروڑ وائرس,Critical,37.65150805364861,65.2803868022498,13.2786099792932,27.651508053648612,0.7802873045810174,"Upward/downward leaf curling, thickened veins, enation",Vector Control (Polo 500 SC for Whitefly),200 ml/acre
2020,7,Bahawalpur,Cotton,Cotton leaf curl virus,Cotton Leaf Curl Virus (CLCuV),کپاس کا پتہ مروڑ وائرس,Critical,35.99855293556238,59.901321105253594,24.428918651635662,25.99855293556238,0.6845590091166956,"Upward/downward leaf curling, thickened veins, enation",Vector Control (Polo 500 SC for Whitefly),200 ml/acre
2020,7,Sahiwal,Cotton,Cotton leaf curl virus,Cotton Leaf Curl Virus (CLCuV),کپاس کا پتہ مروڑ وائرس,Critical,37.057504796317936,65.59661436979077,10.796804244641454,27.057504796317936,0.7716974132161077,"Upward/downward leaf curling, thickened veins, enation",Vector Control (Polo 500 SC for Whitefly),200 ml/acre
2020,7,Rawalpindi,Cotton,Cotton leaf curl virus,Cotton Leaf Curl Virus (CLCuV),کپاس کا پتہ مروڑ وائرس,Critical,35.97316882194016,63.25602999452754,6.085544902734572,25.973168821940163,0.7223872526980476,"Upward/downward leaf curling, thickened veins, enation",Vector Control (Polo 500 SC for Whitefly),200 ml/acre
2020,7,Sheikhupura,Cotton,Cotton leaf curl virus,Cotton Leaf Curl Virus (CLCuV),کپاس کا پتہ مروڑ وائرس,Critical,36.59371515581496,63.52332334706426,25.070099614339178,26.593715155814962,0.7379537778772064,"Upward/downward leaf curling, thickened veins, enation",Vector Control (Polo 500 SC for Whitefly),200 ml/acre
2020,7,Sargodha,Cotton,Cotton leaf curl virus,Cotton Leaf Curl Virus (CLCuV),کپاس کا پتہ مروڑ وائرس,Critical,36.801076008290934,65.09618472759055,5.536689951023503,26.801076008290934,0.7605109974634309,"Upward/downward leaf curling, thickened veins, enation",Vector Control (Polo 500 SC for Whitefly),200 ml/acre
2020,7,Rahim Yar Khan,Cotton,Cotton leaf curl virus,Cotton Leaf Curl Virus (CLCuV),کپاس کا پتہ مروڑ وائرس,Critical,38.03088784832224,64.53150048880443,20.48487371584203,28.030887848322237,0.7791080183408485,"Upward/downward leaf curling, thickened veins, enation",Vector Control (Polo 500 SC for Whitefly),200 ml/acre
2020,8,Lahore,Cotton,Xanthomonas citri pv. malvacearum,Bacterial Blight (Angular Leaf Spot),بیکٹیریل بلائیٹ,High,32.53539786340265,68.54836830043222,59.35494017459345,22.53539786340265,0.7080153763624192,Angular water-soaked spots bounded by leaf veins,Copper Hydroxide 77 WP,500 g/acre
2020,8,Faisalabad,Cotton,Xanthomonas citri pv. malvacearum,Bacterial Blight (Angular Leaf Spot),بیکٹیریل بلائیٹ,High,33.61860344760924,70.45040291400176,53.53955298002806,23.61860344760924,0.7518870343778157,Angular water-soaked spots bounded by leaf veins,Copper Hydroxide 77 WP,500 g/acre
2020,8,Multan,Cotton,Xanthomonas citri pv. malvacearum,Bacterial Blight (Angular Leaf Spot),بیکٹیریل بلائیٹ,High,35.484389421645936,69.39362893061733,49.169956892118265,25.484389421645936,0.7817112864619749,Angular water-soaked spots bounded by leaf veins,Copper Hydroxide 77 WP,500 g/acre
2020,8,Gujranwala,Cotton,Xanthomonas citri pv. malvacearum,Bacterial Blight (Angular Leaf Spot),بیکٹیریل بلائیٹ,High,32.72507232936205,70.62495884675015,54.062701994519,22.72507232936205,0.7337164719105133,Angular water-soaked spots bounded by leaf veins,Copper Hydroxide 77 WP,500 g/acre
2020,8,Bahawalpur,Cotton,Xanthomonas citri pv. malvacearum,Bacterial Blight (Angular Leaf Spot),بیکٹیریل بلائیٹ,High,33.99127684646163,77.34343696179468,47.12376891996568,23.99127684646163,0.8346038660397512,Angular water-soaked spots bounded by leaf veins,Copper Hydroxide 77 WP,500 g/acre
2020,8,Sahiwal,Cotton,Xanthomonas citri pv. malvacearum,Bacterial Blight (Angular Leaf Spot),بیکٹیریل بلائیٹ,High,33.56268267627117,71.39393877651386,44.94543589623283,23.562682676271173,0.7606895594175449,Angular water-soaked spots bounded by leaf veins,Copper Hydroxide 77 WP,500 g/acre
2020,8,Rawalpindi,Cotton,Xanthomonas citri pv. malvacearum,Bacterial Blight (Angular Leaf Spot),بیکٹیریل بلائیٹ,High,35.95729424236167,75.68992946723466,38.243903735062915,25.95729424236167,0.8640016079482405,Angular water-soaked spots bounded by leaf veins,Copper Hydroxide 77 WP,500 g/acre
2020,8,Sheikhupura,Cotton,Xanthomonas citri pv. malvacearum,Bacterial Blight (Angular Leaf Spot),بیکٹیریل بلائیٹ,High,32.46479208737129,72.97837646774988,53.5353419350882,22.464792087371293,0.7521358155236221,Angular water-soaked spots bounded by leaf veins,Copper Hydroxide 77 WP,500 g/acre
2020,8,Sargodha,Cotton,Xanthomonas citri pv. malvacearum,Bacterial Blight (Angular Leaf Spot),بیکٹیریل بلائیٹ,High,31.566739806165376,72.30383818141674,37.167023965778796,21.566739806165376,0.7245703005904341,Angular water-soaked spots bounded by leaf veins,Copper Hydroxide 77 WP,500 g/acre
2020,8,Rahim Yar Khan,Cotton,Xanthomonas citri pv. malvacearum,Bacterial Blight (Angular Leaf Spot),بیکٹیریل بلائیٹ,High,32.56366280000965,71.29308041876185,35.14460316472348,22.563662800009652,0.7370043907081053,Angular water-soaked spots bounded by leaf veins,Copper Hydroxide 77 WP,500 g/acre
2020,7,Lahore,Sugarcane,Colletotrichum falcatum,Sugarcane Red Rot,کماد کا ریڈ راٹ,Critical,35.14848867233882,72.43117292945828,34.47220729401467,25.14848867233882,0.8082051622969139,Red discoloration of internal cane stalk with white cross-bands,Carbendazim 50 WP,500 g/acre sett dip
2020,7,Faisalabad,Sugarcane,Colletotrichum falcatum,Sugarcane Red Rot,کماد کا ریڈ راٹ,Critical,32.85335814634959,75.1522959328463,25.830480471480715,22.853358146349592,0.7838112043816671,Red discoloration of internal cane stalk with white cross-bands,Carbendazim 50 WP,500 g/acre sett dip
2020,7,Multan,Sugarcane,Colletotrichum falcatum,Sugarcane Red Rot,کماد کا ریڈ راٹ,Critical,34.732576387574504,76.4164506954576,22.959716376999367,24.732576387574504,0.8425841939832704,Red discoloration of internal cane stalk with white cross-bands,Carbendazim 50 WP,500 g/acre sett dip
2020,7,Gujranwala,Sugarcane,Colletotrichum falcatum,Sugarcane Red Rot,کماد کا ریڈ راٹ,Critical,36.81593062389638,79.46284804217336,29.557525642976707,26.815930623896378,0.9287297462532935,Red discoloration of internal cane stalk with white cross-bands,Carbendazim 50 WP,500 g/acre sett dip
2020,7,Bahawalpur,Sugarcane,Colletotrichum falcatum,Sugarcane Red Rot,کماد کا ریڈ راٹ,Critical,36.26532661816183,78.77700275000093,32.78566084605589,26.26532661816183,0.9069440427709894,Red discoloration of internal cane stalk with white cross-bands,Carbendazim 50 WP,500 g/acre sett dip
2020,7,Sahiwal,Sugarcane,Colletotrichum falcatum,Sugarcane Red Rot,کماد کا ریڈ راٹ,Critical,33.3478873307806,69.9039478186888,38.181322665973426,23.3478873307806,0.7400472939156828,Red discoloration of internal cane stalk with white cross-bands,Carbendazim 50 WP,500 g/acre sett dip
2020,7,Rawalpindi,Sugarcane,Colletotrichum falcatum,Sugarcane Red Rot,کماد کا ریڈ راٹ,Critical,35.21960260531527,75.35426025635593,22.255384116998407,25.219602605315274,0.8425228891575741,Red discoloration of internal cane stalk with white cross-bands,Carbendazim 50 WP,500 g/acre sett dip
2020,7,Sheikhupura,Sugarcane,Colletotrichum falcatum,Sugarcane Red Rot,کماد کا ریڈ راٹ,Critical,33.496758797851584,74.84354571779951,27.983082294190176,23.496758797851584,0.7958781582492407,Red discoloration of internal cane stalk with white cross-bands,Carbendazim 50 WP,500 g/acre sett dip
2020,7,Sargodha,Sugarcane,Colletotrichum falcatum,Sugarcane Red Rot,کماد کا ریڈ راٹ,Critical,35.76646243136892,73.81031238009176,36.216404931670375,25.76646243136892,0.8380742110444941,Red discoloration of internal cane stalk with white cross-bands,Carbendazim 50 WP,500 g/acre sett dip
2020,7,Rahim Yar Khan,Sugarcane,Colletotrichum falcatum,Sugarcane Red Rot,کماد کا ریڈ راٹ,Critical,33.11460535646546,73.5703261697151,24.04521120699185,23.11460535646546,0.7734134339862092,Red discoloration of internal cane stalk with white cross-bands,Carbendazim 50 WP,500 g/acre sett dip
2020,8,Lahore,Maize,Exserohilum turcicum,Northern Corn Leaf Blight,مکئی کا بلائیٹ,High,29.471264988358897,79.05681907258872,37.32508815826374,19.471264988358897,0.7396522108015898,Long elliptical greyish-green lesions on foliage,Score 250 EC (Difenoconazole),125 ml/acre
2020,8,Faisalabad,Maize,Exserohilum turcicum,Northern Corn Leaf Blight,مکئی کا بلائیٹ,High,29.000988727009805,79.32474835088107,46.621030834301415,19.000988727009805,0.7303162326021561,Long elliptical greyish-green lesions on foliage,Score 250 EC (Difenoconazole),125 ml/acre
2020,8,Multan,Maize,Exserohilum turcicum,Northern Corn Leaf Blight,مکئی کا بلائیٹ,High,33.80047710840769,83.4965808863074,47.60729729165844,23.80047710840769,0.8959442129771252,Long elliptical greyish-green lesions on foliage,Score 250 EC (Difenoconazole),125 ml/acre
2020,8,Gujranwala,Maize,Exserohilum turcicum,Northern Corn Leaf Blight,مکئی کا بلائیٹ,High,29.825160175327472,82.33032887087482,42.10456982136253,19.825160175327472,0.7795286494797554,Long elliptical greyish-green lesions on foliage,Score 250 EC (Difenoconazole),125 ml/acre
2020,8,Bahawalpur,Maize,Exserohilum turcicum,Northern Corn Leaf Blight,مکئی کا بلائیٹ,High,31.09431425050063,83.15897890051035,40.93049282919456,21.09431425050063,0.8208798167248319,Long elliptical greyish-green lesions on foliage,Score 250 EC (Difenoconazole),125 ml/acre
2020,8,Sahiwal,Maize,Exserohilum turcicum,Northern Corn Leaf Blight,مکئی کا بلائیٹ,High,32.082501462070844,82.92649823603247,38.313097805734046,22.082501462070844,0.8445998415561673,Long elliptical greyish-green lesions on foliage,Score 250 EC (Difenoconazole),125 ml/acre
2020,8,Rawalpindi,Maize,Exserohilum turcicum,Northern Corn Leaf Blight,مکئی کا بلائیٹ,High,33.18920261160257,73.62214578076397,48.3736250787271,23.189202611602568,0.7757016866726084,Long elliptical greyish-green lesions on foliage,Score 250 EC (Difenoconazole),125 ml/acre
2020,8,Sheikhupura,Maize,Exserohilum turcicum,Northern Corn Leaf Blight,مکئی کا بلائیٹ,High,31.541029668426635,72.36074164878707,54.04710575769731,21.541029668426635,0.7245499362456342,Long elliptical greyish-green lesions on foliage,Score 250 EC (Difenoconazole),125 ml/acre
2020,8,Sargodha,Maize,Exserohilum turcicum,Northern Corn Leaf Blight,مکئی کا بلائیٹ,High,31.119253096183215,81.33433001720643,33.14457326090916,21.119253096183215,0.8035122543536313,Long elliptical greyish-green lesions on foliage,Score 250 EC (Difenoconazole),125 ml/acre
2020,8,Rahim Yar Khan,Maize,Exserohilum turcicum,Northern Corn Leaf Blight,مکئی کا بلائیٹ,High,31.296475853887035,83.86567388470633,54.852622981004885,21.296475853887035,0.8332381072071987,Long elliptical greyish-green lesions on foliage,Score 250 EC (Difenoconazole),125 ml/acre
2020,1,Lahore,Vegetables,Phytophthora infestans,Late Blight of Potato/Tomato,پچھیتا جھلساؤ,Critical,15.278705021609486,81.92990381433346,33.13077169314461,5.278705021609486,0.98,Dark water-soaked necrotic lesions on leaf tips and tubers,Acrobat MZ (Dimethomorph+Mancozeb),250 g/acre
2020,1,Faisalabad,Vegetables,Phytophthora infestans,Late Blight of Potato/Tomato,پچھیتا جھلساؤ,Critical,16.410960614812485,86.55605976150608,34.865326929406194,6.410960614812485,0.98,Dark water-soaked necrotic lesions on leaf tips and tubers,Acrobat MZ (Dimethomorph+Mancozeb),250 g/acre
2020,1,Multan,Vegetables,Phytophthora infestans,Late Blight of Potato/Tomato,پچھیتا جھلساؤ,Critical,12.012067972027392,80.08533968126517,20.3467427150321,2.012067972027392,0.8277303703349637,Dark water-soaked necrotic lesions on leaf tips and tubers,Acrobat MZ (Dimethomorph+Mancozeb),250 g/acre
2020,1,Gujranwala,Vegetables,Phytophthora infestans,Late Blight of Potato/Tomato,پچھیتا جھلساؤ,Critical,14.629217377198746,89.20528548344656,16.197807797659397,4.629217377198746,0.98,Dark water-soaked necrotic lesions on leaf tips and tubers,Acrobat MZ (Dimethomorph+Mancozeb),250 g/acre
2020,1,Bahawalpur,Vegetables,Phytophthora infestans,Late Blight of Potato/Tomato,پچھیتا جھلساؤ,Critical,14.925981385057279,90.11045814883695,30.873818288496658,4.925981385057279,0.98,Dark water-soaked necrotic lesions on leaf tips and tubers,Acrobat MZ (Dimethomorph+Mancozeb),250 g/acre
2020,1,Sahiwal,Vegetables,Phytophthora infestans,Late Blight of Potato/Tomato,پچھیتا جھلساؤ,Critical,15.24102446455767,90.0530797575876,36.47341910612783,5.24102446455767,0.98,Dark water-soaked necrotic lesions on leaf tips and tubers,Acrobat MZ (Dimethomorph+Mancozeb),250 g/acre
2020,1,Rawalpindi,Vegetables,Phytophthora infestans,Late Blight of Potato/Tomato,پچھیتا جھلساؤ,Critical,13.773736173230283,89.05022945063834,15.581230864213778,3.773736173230283,0.9447412236886292,Dark water-soaked necrotic lesions on leaf tips and tubers,Acrobat MZ (Dimethomorph+Mancozeb),250 g/acre
2020,1,Sheikhupura,Vegetables,Phytophthora infestans,Late Blight of Potato/Tomato,پچھیتا جھلساؤ,Critical,12.055615670346363,79.6692286986731,31.251529883330278,2.055615670346363,0.8984099883895548,Dark water-soaked necrotic lesions on leaf tips and tubers,Acrobat MZ (Dimethomorph+Mancozeb),250 g/acre
2020,1,Sargodha,Vegetables,Phytophthora infestans,Late Blight of Potato/Tomato,پچھیتا جھلساؤ,Critical,14.65319223494371,86.05979504736398,22.53577093613811,4.65319223494371,0.98,Dark water-soaked necrotic lesions on leaf tips and tubers,Acrobat MZ (Dimethomorph+Mancozeb),250 g/acre
2020,1,Rahim Yar Khan,Vegetables,Phytophthora infestans,Late Blight of Potato/Tomato,پچھیتا جھلساؤ,Critical,12.008740745536716,90.81610475033169,25.95903992226851,2.0087407455367163,0.9577419892023479,Dark water-soaked necrotic lesions on leaf tips and tubers,Acrobat MZ (Dimethomorph+Mancozeb),250 g/acre
2020,3,Lahore,Vegetables,Alternaria solani,Early Blight,اگیتا جھلساؤ,Medium,23.0142623125888,71.00341988147858,12.794571007486656,13.014262312588802,0.5187591524581685,Target-board concentric ring spots on lower leaves,Antracol 70 WP (Propineb),500 g/acre
2020,3,Faisalabad,Vegetables,Alternaria solani,Early Blight,اگیتا جھلساؤ,Medium,24.323312179371523,62.68370743882673,25.96292362004325,14.323312179371523,0.4840239316174525,Target-board concentric ring spots on lower leaves,Antracol 70 WP (Propineb),500 g/acre
2020,3,Multan,Vegetables,Alternaria solani,Early Blight,اگیتا جھلساؤ,Medium,21.53583480732296,68.58418061020912,6.252033174697473,11.53583480732296,0.4688944711165289,Target-board concentric ring spots on lower leaves,Antracol 70 WP (Propineb),500 g/acre
2020,3,Gujranwala,Vegetables,Alternaria solani,Early Blight,اگیتا جھلساؤ,Medium,26.490428962382673,70.95295766339473,22.63173134727088,16.490428962382673,0.5966902490962233,Target-board concentric ring spots on lower leaves,Antracol 70 WP (Propineb),500 g/acre
2020,3,Bahawalpur,Vegetables,Alternaria solani,Early Blight,اگیتا جھلساؤ,Medium,24.358568840517684,68.69882795872535,19.69329752285534,14.358568840517684,0.5312397238398389,Target-board concentric ring spots on lower leaves,Antracol 70 WP (Propineb),500 g/acre
2020,3,Sahiwal,Vegetables,Alternaria solani,Early Blight,اگیتا جھلساؤ,Medium,23.770084065946747,68.56687619094913,9.761146046915393,13.770084065946747,0.5174096543486424,Target-board concentric ring spots on lower leaves,Antracol 70 WP (Propineb),500 g/acre
2020,3,Rawalpindi,Vegetables,Alternaria solani,Early Blight,اگیتا جھلساؤ,Medium,25.98470997540636,68.76802497481451,13.676302595544186,15.98470997540636,0.5672752966831924,Target-board concentric ring spots on lower leaves,Antracol 70 WP (Propineb),500 g/acre
2020,3,Sheikhupura,Vegetables,Alternaria solani,Early Blight,اگیتا جھلساؤ,Medium,25.119399973287376,68.20872527650752,29.642507351471824,15.119399973287376,0.5439245244091012,Target-board concentric ring spots on lower leaves,Antracol 70 WP (Propineb),500 g/acre
2020,3,Sargodha,Vegetables,Alternaria solani,Early Blight,اگیتا جھلساؤ,Medium,21.53410177717049,65.12369155917312,14.99388816533939,11.534101777170491,0.4452000641715215,Target-board concentric ring spots on lower leaves,Antracol 70 WP (Propineb),500 g/acre
2020,3,Rahim Yar Khan,Vegetables,Alternaria solani,Early Blight,اگیتا جھلساؤ,Medium,21.563766456891813,63.622481614056916,12.909954818102285,11.563766456891813,0.43553661426457674,Target-board concentric ring spots on lower leaves,Antracol 70 WP (Propineb),500 g/acre
2020,4,Lahore,Vegetables,Erysiphe cichoracearum,Powdery Mildew,سفوفی پھپھوندی,Medium,28.597084418083835,60.8540583987524,0.0,18.597084418083835,0.5524598873689288,White powdery fungal growth covering leaf surface,Topas 100 EC (Penconazole),100 ml/acre
2020,4,Faisalabad,Vegetables,Erysiphe cichoracearum,Powdery Mildew,سفوفی پھپھوندی,Medium,29.191510143328806,55.11420578849609,10.52557743637073,19.191510143328806,0.5107513959734588,White powdery fungal growth covering leaf surface,Topas 100 EC (Penconazole),100 ml/acre
2020,4,Multan,Vegetables,Erysiphe cichoracearum,Powdery Mildew,سفوفی پھپھوندی,Medium,28.456130068610626,64.06730144085633,13.378025525679035,18.456130068610626,0.5787642739510771,White powdery fungal growth covering leaf surface,Topas 100 EC (Penconazole),100 ml/acre
2020,4,Gujranwala,Vegetables,Erysiphe cichoracearum,Powdery Mildew,سفوفی پھپھوندی,Medium,27.826732259332267,62.662985889337115,15.514404773492895,17.826732259332267,0.5535575018771111,White powdery fungal growth covering leaf surface,Topas 100 EC (Penconazole),100 ml/acre
2020,4,Bahawalpur,Vegetables,Erysiphe cichoracearum,Powdery Mildew,سفوفی پھپھوندی,Medium,28.74078654226333,59.907458530619216,0.0,18.74078654226333,0.5465991993390538,White powdery fungal growth covering leaf surface,Topas 100 EC (Penconazole),100 ml/acre
2020,4,Sahiwal,Vegetables,Erysiphe cichoracearum,Powdery Mildew,سفوفی پھپھوندی,Medium,29.12552164380171,59.140293074397434,19.99008162360486,19.12552164380171,0.5468228209394093,White powdery fungal growth covering leaf surface,Topas 100 EC (Penconazole),100 ml/acre
2020,4,Rawalpindi,Vegetables,Erysiphe cichoracearum,Powdery Mildew,سفوفی پھپھوندی,Medium,29.078034942198,65.50242763819276,9.600317949042807,19.078034942198,0.6046609141784651,White powdery fungal growth covering leaf surface,Topas 100 EC (Penconazole),100 ml/acre
2020,4,Sheikhupura,Vegetables,Erysiphe cichoracearum,Powdery Mildew,سفوفی پھپھوندی,Medium,25.869367110061496,56.964210010820295,0.9171850126242154,15.869367110061496,0.46781843203319057,White powdery fungal growth covering leaf surface,Topas 100 EC (Penconazole),100 ml/acre
2020,4,Sargodha,Vegetables,Erysiphe cichoracearum,Powdery Mildew,سفوفی پھپھوندی,Medium,26.430045751873955,57.25572218821154,5.201156045648066,16.430045751873955,0.4804036053939733,White powdery fungal growth covering leaf surface,Topas 100 EC (Penconazole),100 ml/acre
2020,4,Rahim Yar Khan,Vegetables,Erysiphe cichoracearum,Powdery Mildew,سفوفی پھپھوندی,Medium,26.4996035962611,56.43026737751969,0.0,16.4996035962611,0.47472371947152264,White powdery fungal growth covering leaf surface,Topas 100 EC (Penconazole),100 ml/acre
2021,2,Lahore,Wheat,Puccinia striiformis,Wheat Yellow Rust,پیلی کنگی,High,15.265293904305409,74.28352871724087,41.26412320806129,5.265293904305409,0.98,Yellow pustules in linear stripes on leaves,Tilt 250 EC (Propiconazole),200-250 ml/acre
2021,2,Faisalabad,Wheat,Puccinia striiformis,Wheat Yellow Rust,پیلی کنگی,High,13.386923402795368,77.01280004075193,43.295990568149385,3.386923402795368,0.98,Yellow pustules in linear stripes on leaves,Tilt 250 EC (Propiconazole),200-250 ml/acre
2021,2,Multan,Wheat,Puccinia striiformis,Wheat Yellow Rust,پیلی کنگی,High,14.397478001965089,73.45522940635975,41.272880130040804,4.397478001965089,0.98,Yellow pustules in linear stripes on leaves,Tilt 250 EC (Propiconazole),200-250 ml/acre
2021,2,Gujranwala,Wheat,Puccinia striiformis,Wheat Yellow Rust,پیلی کنگی,High,17.968261641140064,80.8032693086266,45.76950793857813,7.968261641140064,0.98,Yellow pustules in linear stripes on leaves,Tilt 250 EC (Propiconazole),200-250 ml/acre
2021,2,Bahawalpur,Wheat,Puccinia striiformis,Wheat Yellow Rust,پیلی کنگی,High,14.96124868874698,77.44147259631973,30.486175266884754,4.961248688746981,0.9762918223143355,Yellow pustules in linear stripes on leaves,Tilt 250 EC (Propiconazole),200-250 ml/acre
2021,2,Sahiwal,Wheat,Puccinia striiformis,Wheat Yellow Rust,پیلی کنگی,High,17.225089919722723,75.61392686759191,34.442807828324405,7.225089919722723,0.9092817209569924,Yellow pustules in linear stripes on leaves,Tilt 250 EC (Propiconazole),200-250 ml/acre
2021,2,Rawalpindi,Wheat,Puccinia striiformis,Wheat Yellow Rust,پیلی کنگی,High,15.570493057461327,76.72981920880437,22.892511238327284,5.570493057461327,0.9000177386046715,Yellow pustules in linear stripes on leaves,Tilt 250 EC (Propiconazole),200-250 ml/acre
2021,2,Sheikhupura,Wheat,Puccinia striiformis,Wheat Yellow Rust,پیلی کنگی,High,15.187648568202674,73.27572711285758,38.35231040731679,5.187648568202674,0.98,Yellow pustules in linear stripes on leaves,Tilt 250 EC (Propiconazole),200-250 ml/acre
2021,2,Sargodha,Wheat,Puccinia striiformis,Wheat Yellow Rust,پیلی کنگی,High,16.952381629850997,81.78956641168122,39.34278610801233,6.952381629850997,0.98,Yellow pustules in linear stripes on leaves,Tilt 250 EC (Propiconazole),200-250 ml/acre
2021,2,Rahim Yar Khan,Wheat,Puccinia striiformis,Wheat Yellow Rust,پیلی کنگی,High,15.600770904750508,73.22880200295306,36.838157443416776,5.600770904750508,0.9578785846675623,Yellow pustules in linear stripes on leaves,Tilt 250 EC (Propiconazole),200-250 ml/acre
2021,3,Lahore,Wheat,Puccinia triticina,Wheat Brown / Leaf Rust,بھوری کنگی,Medium,18.438644117283204,65.23777442806956,10.728460337926117,8.438644117283204,0.6219328635357804,Round brown pustules scattered on upper leaf surface,Nativo 75 WG (Tebuconazole+Trifloxystrobin),65 g/acre
2021,3,Faisalabad,Wheat,Puccinia triticina,Wheat Brown / Leaf Rust,بھوری کنگی,Medium,21.818947548322726,73.26435289932388,19.556358367174834,11.818947548322726,0.6359348061763913,Round brown pustules scattered on upper leaf surface,Nativo 75 WG (Tebuconazole+Trifloxystrobin),65 g/acre
2021,3,Multan,Wheat,Puccinia triticina,Wheat Brown / Leaf Rust,بھوری کنگی,Medium,21.137950743575413,67.00321371063126,13.802117347437628,11.137950743575413,0.5751087866572098,Round brown pustules scattered on upper leaf surface,Nativo 75 WG (Tebuconazole+Trifloxystrobin),65 g/acre
2021,3,Gujranwala,Wheat,Puccinia triticina,Wheat Brown / Leaf Rust,بھوری کنگی,Medium,17.88069014568023,71.33469343548263,21.152494041746536,7.88069014568023,0.7609575847431145,Round brown pustules scattered on upper leaf surface,Nativo 75 WG (Tebuconazole+Trifloxystrobin),65 g/acre
2021,3,Bahawalpur,Wheat,Puccinia triticina,Wheat Brown / Leaf Rust,بھوری کنگی,Medium,20.75319767228626,70.31784448756886,15.583369592961013,10.753197672286259,0.623180094029034,Round brown pustules scattered on upper leaf surface,Nativo 75 WG (Tebuconazole+Trifloxystrobin),65 g/acre
2021,3,Sahiwal,Wheat,Puccinia triticina,Wheat Brown / Leaf Rust,بھوری کنگی,Medium,20.916629084081514,65.61548331848712,17.05400629488818,10.916629084081514,0.593383446225841,Round brown pustules scattered on upper leaf surface,Nativo 75 WG (Tebuconazole+Trifloxystrobin),65 g/acre
2021,3,Rawalpindi,Wheat,Puccinia triticina,Wheat Brown / Leaf Rust,بھوری کنگی,Medium,22.43200505520383,67.51596606161822,14.017036437428196,12.432005055203831,0.5405252060731656,Round brown pustules scattered on upper leaf surface,Nativo 75 WG (Tebuconazole+Trifloxystrobin),65 g/acre
2021,3,Sheikhupura,Wheat,Puccinia triticina,Wheat Brown / Leaf Rust,بھوری کنگی,Medium,17.726501326468394,70.14728196930015,30.501058902894357,7.726501326468394,0.8178783681346689,Round brown pustules scattered on upper leaf surface,Nativo 75 WG (Tebuconazole+Trifloxystrobin),65 g/acre
2021,3,Sargodha,Wheat,Puccinia triticina,Wheat Brown / Leaf Rust,بھوری کنگی,Medium,18.596381266302213,72.0823123214366,17.91241674467782,8.596381266302213,0.7224049268162062,Round brown pustules scattered on upper leaf surface,Nativo 75 WG (Tebuconazole+Trifloxystrobin),65 g/acre
2021,3,Rahim Yar Khan,Wheat,Puccinia triticina,Wheat Brown / Leaf Rust,بھوری کنگی,Medium,19.383888706505676,71.03273754930456,34.05000810040232,9.383888706505676,0.7957821495254651,Round brown pustules scattered on upper leaf surface,Nativo 75 WG (Tebuconazole+Trifloxystrobin),65 g/acre
2021,2,Lahore,Wheat,Ustilago tritici,Loose Smut,کال کنگی,Medium,15.68085678255271,61.003451240972566,14.537053092399566,5.680856782552709,0.3036782165559137,Ears converted into black powdery spore mass,Vitavax 200 WP,2.5 g/kg seed
2021,2,Faisalabad,Wheat,Ustilago tritici,Loose Smut,کال کنگی,Medium,17.762013686510468,63.22792597700451,0.9529450683658798,7.762013686510468,0.3565254878010237,Ears converted into black powdery spore mass,Vitavax 200 WP,2.5 g/kg seed
2021,2,Multan,Wheat,Ustilago tritici,Loose Smut,کال کنگی,Medium,15.806324795847301,64.6871562344327,6.670416655872291,5.806324795847301,0.32459244494005146,Ears converted into black powdery spore mass,Vitavax 200 WP,2.5 g/kg seed
2021,2,Gujranwala,Wheat,Ustilago tritici,Loose Smut,کال کنگی,Medium,16.35663565297656,68.71612931860038,20.58368627355354,6.356635652976561,0.35681418753878313,Ears converted into black powdery spore mass,Vitavax 200 WP,2.5 g/kg seed
2021,2,Bahawalpur,Wheat,Ustilago tritici,Loose Smut,کال کنگی,Medium,18.268764773744373,61.34399993875486,9.752645587314824,8.268764773744373,0.35577114449577835,Ears converted into black powdery spore mass,Vitavax 200 WP,2.5 g/kg seed
2021,2,Sahiwal,Wheat,Ustilago tritici,Loose Smut,کال کنگی,Medium,14.965202232431444,69.57220862830778,10.951194041154805,4.965202232431444,0.33052767361255164,Ears converted into black powdery spore mass,Vitavax 200 WP,2.5 g/kg seed
2021,2,Rawalpindi,Wheat,Ustilago tritici,Loose Smut,کال کنگی,Medium,15.254949186348574,67.24908871736157,3.78014077877826,5.254949186348574,0.3256766448290787,Ears converted into black powdery spore mass,Vitavax 200 WP,2.5 g/kg seed
2021,2,Sheikhupura,Wheat,Ustilago tritici,Loose Smut,کال کنگی,Medium,15.127585774994506,64.2708868684938,2.9161755696535927,5.127585774994506,0.3086550329962248,Ears converted into black powdery spore mass,Vitavax 200 WP,2.5 g/kg seed
2021,2,Sargodha,Wheat,Ustilago tritici,Loose Smut,کال کنگی,Medium,14.60530674976,62.41323441155301,5.133268083745274,4.60530674976,0.2893855345477487,Ears converted into black powdery spore mass,Vitavax 200 WP,2.5 g/kg seed
2021,2,Rahim Yar Khan,Wheat,Ustilago tritici,Loose Smut,کال کنگی,Medium,17.94140763714323,70.62053876884596,21.553910063225175,7.941407637143229,0.40223234082747383,Ears converted into black powdery spore mass,Vitavax 200 WP,2.5 g/kg seed
2021,8,Lahore,Rice,Magnaporthe oryzae,Rice Blast,دھان کا بلاسٹ,High,29.43055636168901,80.89041523151064,74.97447524321389,19.43055636168901,0.755761880822667,Spindle-shaped lesions with grey center and brown margin,Tricyclazole 75 WP,120 g/acre
2021,8,Faisalabad,Rice,Magnaporthe oryzae,Rice Blast,دھان کا بلاسٹ,High,29.316776756329286,83.70263743407386,73.43335408877942,19.316776756329286,0.7790131858954648,Spindle-shaped lesions with grey center and brown margin,Tricyclazole 75 WP,120 g/acre
2021,8,Multan,Rice,Magnaporthe oryzae,Rice Blast,دھان کا بلاسٹ,High,30.83694117454772,89.92305117963761,85.94813749685846,20.83694117454772,0.8803021712578822,Spindle-shaped lesions with grey center and brown margin,Tricyclazole 75 WP,120 g/acre
2021,8,Gujranwala,Rice,Magnaporthe oryzae,Rice Blast,دھان کا بلاسٹ,High,27.449909875911988,81.39701217350282,75.86222140069124,17.449909875911988,0.7093144915337026,Spindle-shaped lesions with grey center and brown margin,Tricyclazole 75 WP,120 g/acre
2021,8,Bahawalpur,Rice,Magnaporthe oryzae,Rice Blast,دھان کا بلاسٹ,High,28.06131060618407,89.6516386430764,66.40773911158418,18.06131060618407,0.7986484058148385,Spindle-shaped lesions with grey center and brown margin,Tricyclazole 75 WP,120 g/acre
2021,8,Sahiwal,Rice,Magnaporthe oryzae,Rice Blast,دھان کا بلاسٹ,High,29.69736996044903,80.12618555006246,67.39535314974,19.69736996044903,0.755408563745965,Spindle-shaped lesions with grey center and brown margin,Tricyclazole 75 WP,120 g/acre
2021,8,Rawalpindi,Rice,Magnaporthe oryzae,Rice Blast,دھان کا بلاسٹ,High,28.205528126089998,84.98570100908773,75.83020428853527,18.205528126089998,0.76097351750073,Spindle-shaped lesions with grey center and brown margin,Tricyclazole 75 WP,120 g/acre
2021,8,Sheikhupura,Rice,Magnaporthe oryzae,Rice Blast,دھان کا بلاسٹ,High,27.34784107681571,88.68167210189925,84.2956913005126,17.34784107681571,0.769921357164769,Spindle-shaped lesions with grey center and brown margin,Tricyclazole 75 WP,120 g/acre
2021,8,Sargodha,Rice,Magnaporthe oryzae,Rice Blast,دھان کا بلاسٹ,High,28.858525492235913,85.78904799281406,79.45585920732881,18.858525492235913,0.7859509296683412,Spindle-shaped lesions with grey center and brown margin,Tricyclazole 75 WP,120 g/acre
2021,8,Rahim Yar Khan,Rice,Magnaporthe oryzae,Rice Blast,دھان کا بلاسٹ,High,29.417216720614952,81.3958127959527,66.72443951728496,19.417216720614952,0.7601391317997284,Spindle-shaped lesions with grey center and brown margin,Tricyclazole 75 WP,120 g/acre
2021,9,Lahore,Rice,Xanthomonas oryzae,Bacterial Leaf Blight,بیکٹیریل بلائیٹ,Critical,31.468135546846252,84.55393970456363,71.29933394995139,21.468135546846252,0.844684074807325,Water-soaked lesions turning straw-colored from leaf tip,Copper Oxychloride + Kasugamycin,250 g/acre
2021,9,Faisalabad,Rice,Xanthomonas oryzae,Bacterial Leaf Blight,بیکٹیریل بلائیٹ,Critical,29.374477458970908,83.37878451189923,59.13851237363108,19.374477458970908,0.7775264210162466,Water-soaked lesions turning straw-colored from leaf tip,Copper Oxychloride + Kasugamycin,250 g/acre
2021,9,Multan,Rice,Xanthomonas oryzae,Bacterial Leaf Blight,بیکٹیریل بلائیٹ,Critical,29.206676971643102,83.46732051571263,67.78823440305405,19.206676971643102,0.7739057358701644,Water-soaked lesions turning straw-colored from leaf tip,Copper Oxychloride + Kasugamycin,250 g/acre
2021,9,Gujranwala,Rice,Xanthomonas oryzae,Bacterial Leaf Blight,بیکٹیریل بلائیٹ,Critical,31.86957728021526,91.45501562820016,67.32512150424795,21.86957728021526,0.925280218484514,Water-soaked lesions turning straw-colored from leaf tip,Copper Oxychloride + Kasugamycin,250 g/acre
2021,9,Bahawalpur,Rice,Xanthomonas oryzae,Bacterial Leaf Blight,بیکٹیریل بلائیٹ,Critical,31.419337862558745,82.32915792671125,72.33136289080376,21.419337862558745,0.8211833742346974,Water-soaked lesions turning straw-colored from leaf tip,Copper Oxychloride + Kasugamycin,250 g/acre
2021,9,Sahiwal,Rice,Xanthomonas oryzae,Bacterial Leaf Blight,بیکٹیریل بلائیٹ,Critical,29.966293019019652,91.14989431492636,58.1579529731837,19.966293019019652,0.8671188703789703,Water-soaked lesions turning straw-colored from leaf tip,Copper Oxychloride + Kasugamycin,250 g/acre
2021,9,Rawalpindi,Rice,Xanthomonas oryzae,Bacterial Leaf Blight,بیکٹیریل بلائیٹ,Critical,32.12072099327054,90.05017170270506,69.73636130076954,22.120720993270538,0.9182464890979984,Water-soaked lesions turning straw-colored from leaf tip,Copper Oxychloride + Kasugamycin,250 g/acre
2021,9,Sheikhupura,Rice,Xanthomonas oryzae,Bacterial Leaf Blight,بیکٹیریل بلائیٹ,Critical,28.81362928114673,83.83197564303563,66.8017088889768,18.81362928114673,0.7668264978046194,Water-soaked lesions turning straw-colored from leaf tip,Copper Oxychloride + Kasugamycin,250 g/acre
2021,9,Sargodha,Rice,Xanthomonas oryzae,Bacterial Leaf Blight,بیکٹیریل بلائیٹ,Critical,29.88564323908009,93.22600192735908,59.98434627851072,19.88564323908009,0.8844822330815385,Water-soaked lesions turning straw-colored from leaf tip,Copper Oxychloride + Kasugamycin,250 g/acre
2021,9,Rahim Yar Khan,Rice,Xanthomonas oryzae,Bacterial Leaf Blight,بیکٹیریل بلائیٹ,Critical,29.62207138572947,92.29728218495501,67.16377345856895,19.62207138572947,0.8679481528862076,Water-soaked lesions turning straw-colored from leaf tip,Copper Oxychloride + Kasugamycin,250 g/acre
2021,7,Lahore,Cotton,Cotton leaf curl virus,Cotton Leaf Curl Virus (CLCuV),کپاس کا پتہ مروڑ وائرس,Critical,36.006613302003416,59.38907852951728,8.898627405924621,26.006613302003416,0.6788570111030611,"Upward/downward leaf curling, thickened veins, enation",Vector Control (Polo 500 SC for Whitefly),200 ml/acre
2021,7,Faisalabad,Cotton,Cotton leaf curl virus,Cotton Leaf Curl Virus (CLCuV),کپاس کا پتہ مروڑ وائرس,Critical,34.650592602334235,62.5118102838772,21.844678008281903,24.650592602334235,0.6876416733273132,"Upward/downward leaf curling, thickened veins, enation",Vector Control (Polo 500 SC for Whitefly),200 ml/acre
2021,7,Multan,Cotton,Cotton leaf curl virus,Cotton Leaf Curl Virus (CLCuV),کپاس کا پتہ مروڑ وائرس,Critical,38.78020548531347,64.45365587542173,18.97304635417001,28.780205485313473,0.7935003235328688,"Upward/downward leaf curling, thickened veins, enation",Vector Control (Polo 500 SC for Whitefly),200 ml/acre
2021,7,Gujranwala,Cotton,Cotton leaf curl virus,Cotton Leaf Curl Virus (CLCuV),کپاس کا پتہ مروڑ وائرس,Critical,34.12085266356494,66.43708350213606,13.319041745912529,24.12085266356494,0.7196475992296335,"Upward/downward leaf curling, thickened veins, enation",Vector Control (Polo 500 SC for Whitefly),200 ml/acre
2021,7,Bahawalpur,Cotton,Cotton leaf curl virus,Cotton Leaf Curl Virus (CLCuV),کپاس کا پتہ مروڑ وائرس,Critical,38.60358319449939,61.4069238642086,7.483965140557159,28.603583194499393,0.7525483473365927,"Upward/downward leaf curling, thickened veins, enation",Vector Control (Polo 500 SC for Whitefly),200 ml/acre
2021,7,Sahiwal,Cotton,Cotton leaf curl virus,Cotton Leaf Curl Virus (CLCuV),کپاس کا پتہ مروڑ وائرس,Critical,34.37899826706914,61.78671041385378,11.81828125624838,24.378998267069143,0.674338161982788,"Upward/downward leaf curling, thickened veins, enation",Vector Control (Polo 500 SC for Whitefly),200 ml/acre
2021,7,Rawalpindi,Cotton,Cotton leaf curl virus,Cotton Leaf Curl Virus (CLCuV),کپاس کا پتہ مروڑ وائرس,Critical,34.120507493644936,56.648471769408644,22.19394421228058,24.120507493644936,0.6136109858767116,"Upward/downward leaf curling, thickened veins, enation",Vector Control (Polo 500 SC for Whitefly),200 ml/acre
2021,7,Sheikhupura,Cotton,Cotton leaf curl virus,Cotton Leaf Curl Virus (CLCuV),کپاس کا پتہ مروڑ وائرس,Critical,37.915189549269094,65.68508733305846,17.500719963492408,27.915189549269094,0.7906230275533986,"Upward/downward leaf curling, thickened veins, enation",Vector Control (Polo 500 SC for Whitefly),200 ml/acre
2021,7,Sargodha,Cotton,Cotton leaf curl virus,Cotton Leaf Curl Virus (CLCuV),کپاس کا پتہ مروڑ وائرس,Critical,38.10453468456909,67.03049234994499,6.460313825961565,28.10453468456909,0.8108462605308642,"Upward/downward leaf curling, thickened veins, enation",Vector Control (Polo 500 SC for Whitefly),200 ml/acre
2021,7,Rahim Yar Khan,Cotton,Cotton leaf curl virus,Cotton Leaf Curl Virus (CLCuV),کپاس کا پتہ مروڑ وائرس,Critical,36.826687205559665,64.14843856793328,23.162688663848943,26.826687205559665,0.7499601529734409,"Upward/downward leaf curling, thickened veins, enation",Vector Control (Polo 500 SC for Whitefly),200 ml/acre
2021,8,Lahore,Cotton,Xanthomonas citri pv. malvacearum,Bacterial Blight (Angular Leaf Spot),بیکٹیریل بلائیٹ,High,32.17863040435106,72.62501945051419,42.42005763275564,22.17863040435106,0.7418963996847311,Angular water-soaked spots bounded by leaf veins,Copper Hydroxide 77 WP,500 g/acre
2021,8,Faisalabad,Cotton,Xanthomonas citri pv. malvacearum,Bacterial Blight (Angular Leaf Spot),بیکٹیریل بلائیٹ,High,31.87337271623365,72.18580509114562,59.86005500363989,21.87337271623365,0.7304143080925337,Angular water-soaked spots bounded by leaf veins,Copper Hydroxide 77 WP,500 g/acre
2021,8,Multan,Cotton,Xanthomonas citri pv. malvacearum,Bacterial Blight (Angular Leaf Spot),بیکٹیریل بلائیٹ,High,36.13989746844426,71.89915452704632,46.07305527199095,26.13989746844426,0.8248978008492965,Angular water-soaked spots bounded by leaf veins,Copper Hydroxide 77 WP,500 g/acre
2021,8,Gujranwala,Cotton,Xanthomonas citri pv. malvacearum,Bacterial Blight (Angular Leaf Spot),بیکٹیریل بلائیٹ,High,35.669199252406244,73.74061120320539,47.949258291968306,25.669199252406244,0.8350058901591597,Angular water-soaked spots bounded by leaf veins,Copper Hydroxide 77 WP,500 g/acre
2021,8,Bahawalpur,Cotton,Xanthomonas citri pv. malvacearum,Bacterial Blight (Angular Leaf Spot),بیکٹیریل بلائیٹ,High,35.293862496632066,66.71374769751867,59.60510427792734,25.293862496632066,0.7474875675781676,Angular water-soaked spots bounded by leaf veins,Copper Hydroxide 77 WP,500 g/acre
2021,8,Sahiwal,Cotton,Xanthomonas citri pv. malvacearum,Bacterial Blight (Angular Leaf Spot),بیکٹیریل بلائیٹ,High,35.61230751959976,77.39276146566613,48.93168630514391,25.61230751959976,0.8749634352718515,Angular water-soaked spots bounded by leaf veins,Copper Hydroxide 77 WP,500 g/acre
2021,8,Rawalpindi,Cotton,Xanthomonas citri pv. malvacearum,Bacterial Blight (Angular Leaf Spot),بیکٹیریل بلائیٹ,High,35.41571239849286,74.06956734448802,46.27789521394131,25.415712398492857,0.8327703157311701,Angular water-soaked spots bounded by leaf veins,Copper Hydroxide 77 WP,500 g/acre
2021,8,Sheikhupura,Cotton,Xanthomonas citri pv. malvacearum,Bacterial Blight (Angular Leaf Spot),بیکٹیریل بلائیٹ,High,33.8457377265261,71.1624823269063,36.918401087705234,23.845737726526103,0.7646180040650856,Angular water-soaked spots bounded by leaf veins,Copper Hydroxide 77 WP,500 g/acre
2021,8,Sargodha,Cotton,Xanthomonas citri pv. malvacearum,Bacterial Blight (Angular Leaf Spot),بیکٹیریل بلائیٹ,High,33.39785365256989,72.11620361978606,35.39454561664141,23.397853652569893,0.7646115601500146,Angular water-soaked spots bounded by leaf veins,Copper Hydroxide 77 WP,500 g/acre
2021,8,Rahim Yar Khan,Cotton,Xanthomonas citri pv. malvacearum,Bacterial Blight (Angular Leaf Spot),بیکٹیریل بلائیٹ,High,34.274540061176566,66.63432676062668,36.611714749047266,24.274540061176566,0.7250352069862314,Angular water-soaked spots bounded by leaf veins,Copper Hydroxide 77 WP,500 g/acre
2021,7,Lahore,Sugarcane,Colletotrichum falcatum,Sugarcane Red Rot,کماد کا ریڈ راٹ,Critical,37.10059597797043,71.61998642173161,41.28211062725258,27.10059597797043,0.8435378349779024,Red discoloration of internal cane stalk with white cross-bands,Carbendazim 50 WP,500 g/acre sett dip
2021,7,Faisalabad,Sugarcane,Colletotrichum falcatum,Sugarcane Red Rot,کماد کا ریڈ راٹ,Critical,35.053653710720155,76.66242091867338,43.96999354320268,25.053653710720155,0.8531104620662368,Red discoloration of internal cane stalk with white cross-bands,Carbendazim 50 WP,500 g/acre sett dip
2021,7,Multan,Sugarcane,Colletotrichum falcatum,Sugarcane Red Rot,کماد کا ریڈ راٹ,Critical,35.69399785050061,75.4539582970634,25.741397624202257,25.693997850500608,0.8550010873863948,Red discoloration of internal cane stalk with white cross-bands,Carbendazim 50 WP,500 g/acre sett dip
2021,7,Gujranwala,Sugarcane,Colletotrichum falcatum,Sugarcane Red Rot,کماد کا ریڈ راٹ,Critical,34.36548088984191,79.06205600952188,40.052048572959094,24.365480889841912,0.8625414523513762,Red discoloration of internal cane stalk with white cross-bands,Carbendazim 50 WP,500 g/acre sett dip
2021,7,Bahawalpur,Sugarcane,Colletotrichum falcatum,Sugarcane Red Rot,کماد کا ریڈ راٹ,Critical,34.746703614562186,78.51004811940781,31.56124024667981,24.746703614562186,0.8660207532603424,Red discoloration of internal cane stalk with white cross-bands,Carbendazim 50 WP,500 g/acre sett dip
2021,7,Sahiwal,Sugarcane,Colletotrichum falcatum,Sugarcane Red Rot,کماد کا ریڈ راٹ,Critical,33.85101613378748,76.71173249990488,30.584706065453457,23.851016133787482,0.8243714585730381,Red discoloration of internal cane stalk with white cross-bands,Carbendazim 50 WP,500 g/acre sett dip
2021,7,Rawalpindi,Sugarcane,Colletotrichum falcatum,Sugarcane Red Rot,کماد کا ریڈ راٹ,Critical,33.61843357242166,79.69234076870893,41.307048573092715,23.618433572421658,0.8505179886868671,Red discoloration of internal cane stalk with white cross-bands,Carbendazim 50 WP,500 g/acre sett dip
2021,7,Sheikhupura,Sugarcane,Colletotrichum falcatum,Sugarcane Red Rot,کماد کا ریڈ راٹ,Critical,35.86188856149821,73.30063955286354,26.554326650486402,25.861888561498212,0.834507735597251,Red discoloration of internal cane stalk with white cross-bands,Carbendazim 50 WP,500 g/acre sett dip
2021,7,Sargodha,Sugarcane,Colletotrichum falcatum,Sugarcane Red Rot,کماد کا ریڈ راٹ,Critical,33.632424481152874,79.78366366478063,36.28082301597569,23.632424481152874,0.8518469977890271,Red discoloration of internal cane stalk with white cross-bands,Carbendazim 50 WP,500 g/acre sett dip
2021,7,Rahim Yar Khan,Sugarcane,Colletotrichum falcatum,Sugarcane Red Rot,کماد کا ریڈ راٹ,Critical,35.90845594618317,79.55677182248182,35.51680935255456,25.908455946183167,0.9069082019708363,Red discoloration of internal cane stalk with white cross-bands,Carbendazim 50 WP,500 g/acre sett dip
2021,8,Lahore,Maize,Exserohilum turcicum,Northern Corn Leaf Blight,مکئی کا بلائیٹ,High,32.04065607621202,82.66364053630038,49.79519646090223,22.040656076212017,0.8408245322003868,Long elliptical greyish-green lesions on foliage,Score 250 EC (Difenoconazole),125 ml/acre
2021,8,Faisalabad,Maize,Exserohilum turcicum,Northern Corn Leaf Blight,مکئی کا بلائیٹ,High,33.400092773754864,72.2752771055594,33.26779551959061,23.400092773754864,0.7663495112934999,Long elliptical greyish-green lesions on foliage,Score 250 EC (Difenoconazole),125 ml/acre
2021,8,Multan,Maize,Exserohilum turcicum,Northern Corn Leaf Blight,مکئی کا بلائیٹ,High,31.06558149500491,72.79309528784727,40.39831177520498,21.06558149500491,0.7178920107740563,Long elliptical greyish-green lesions on foliage,Score 250 EC (Difenoconazole),125 ml/acre
2021,8,Gujranwala,Maize,Exserohilum turcicum,Northern Corn Leaf Blight,مکئی کا بلائیٹ,High,33.45073880731314,72.1043441148174,30.33940853621658,23.450738807313137,0.76569637519282,Long elliptical greyish-green lesions on foliage,Score 250 EC (Difenoconazole),125 ml/acre
2021,8,Bahawalpur,Maize,Exserohilum turcicum,Northern Corn Leaf Blight,مکئی کا بلائیٹ,High,31.66438691378733,78.97443346162846,36.436546057748565,21.66438691378733,0.7938657198178275,Long elliptical greyish-green lesions on foliage,Score 250 EC (Difenoconazole),125 ml/acre
2021,8,Sahiwal,Maize,Exserohilum turcicum,Northern Corn Leaf Blight,مکئی کا بلائیٹ,High,29.11759933081089,75.06855091498323,35.05666125325561,19.11759933081089,0.6939098374244632,Long elliptical greyish-green lesions on foliage,Score 250 EC (Difenoconazole),125 ml/acre
2021,8,Rawalpindi,Maize,Exserohilum turcicum,Northern Corn Leaf Blight,مکئی کا بلائیٹ,High,31.468569772010365,77.92875889645124,37.393085671763686,21.468569772010365,0.7785100274854442,Long elliptical greyish-green lesions on foliage,Score 250 EC (Difenoconazole),125 ml/acre
2021,8,Sheikhupura,Maize,Exserohilum turcicum,Northern Corn Leaf Blight,مکئی کا بلائیٹ,High,29.552466068181136,77.21207548306604,45.28796201915997,19.552466068181136,0.7243832510371904,Long elliptical greyish-green lesions on foliage,Score 250 EC (Difenoconazole),125 ml/acre
2021,8,Sargodha,Maize,Exserohilum turcicum,Northern Corn Leaf Blight,مکئی کا بلائیٹ,High,33.57962902022467,80.48536933071881,35.846360397527626,23.579629020224672,0.8579901091051766,Long elliptical greyish-green lesions on foliage,Score 250 EC (Difenoconazole),125 ml/acre
2021,8,Rahim Yar Khan,Maize,Exserohilum turcicum,Northern Corn Leaf Blight,مکئی کا بلائیٹ,High,30.065612800865942,74.5237065128536,33.679339905573954,20.065612800865942,0.7113018744447072,Long elliptical greyish-green lesions on foliage,Score 250 EC (Difenoconazole),125 ml/acre
2021,1,Lahore,Vegetables,Phytophthora infestans,Late Blight of Potato/Tomato,پچھیتا جھلساؤ,Critical,15.463596194189517,86.54652529045451,19.22910221322049,5.463596194189517,0.9754217041389023,Dark water-soaked necrotic lesions on leaf tips and tubers,Acrobat MZ (Dimethomorph+Mancozeb),250 g/acre
2021,1,Faisalabad,Vegetables,Phytophthora infestans,Late Blight of Potato/Tomato,پچھیتا جھلساؤ,Critical,15.337767975151355,90.30115548499396,35.53362826494424,5.337767975151355,0.98,Dark water-soaked necrotic lesions on leaf tips and tubers,Acrobat MZ (Dimethomorph+Mancozeb),250 g/acre
2021,1,Multan,Vegetables,Phytophthora infestans,Late Blight of Potato/Tomato,پچھیتا جھلساؤ,Critical,16.482015310598356,81.65555395487901,17.670423900234475,6.4820153105983565,0.8793516468428437,Dark water-soaked necrotic lesions on leaf tips and tubers,Acrobat MZ (Dimethomorph+Mancozeb),250 g/acre
2021,1,Gujranwala,Vegetables,Phytophthora infestans,Late Blight of Potato/Tomato,پچھیتا جھلساؤ,Critical,15.535413332934034,88.79240767151141,17.52012183199728,5.535413332934034,0.98,Dark water-soaked necrotic lesions on leaf tips and tubers,Acrobat MZ (Dimethomorph+Mancozeb),250 g/acre
2021,1,Bahawalpur,Vegetables,Phytophthora infestans,Late Blight of Potato/Tomato,پچھیتا جھلساؤ,Critical,15.15309718234566,88.58121696284344,21.14391760439328,5.153097182345659,0.98,Dark water-soaked necrotic lesions on leaf tips and tubers,Acrobat MZ (Dimethomorph+Mancozeb),250 g/acre
2021,1,Sahiwal,Vegetables,Phytophthora infestans,Late Blight of Potato/Tomato,پچھیتا جھلساؤ,Critical,15.490742591586649,81.3480453203836,18.695441636047647,5.490742591586649,0.9199708441497447,Dark water-soaked necrotic lesions on leaf tips and tubers,Acrobat MZ (Dimethomorph+Mancozeb),250 g/acre
2021,1,Rawalpindi,Vegetables,Phytophthora infestans,Late Blight of Potato/Tomato,پچھیتا جھلساؤ,Critical,13.092922182110605,89.9260966525847,18.02871332478209,3.0929221821106054,0.9414996322476419,Dark water-soaked necrotic lesions on leaf tips and tubers,Acrobat MZ (Dimethomorph+Mancozeb),250 g/acre
2021,1,Sheikhupura,Vegetables,Phytophthora infestans,Late Blight of Potato/Tomato,پچھیتا جھلساؤ,Critical,13.807826561538516,85.8410526240709,20.30642758500463,3.8078265615385156,0.947269699746198,Dark water-soaked necrotic lesions on leaf tips and tubers,Acrobat MZ (Dimethomorph+Mancozeb),250 g/acre
2021,1,Sargodha,Vegetables,Phytophthora infestans,Late Blight of Potato/Tomato,پچھیتا جھلساؤ,Critical,15.595155082862949,86.98493208566711,20.73211648688213,5.595155082862949,0.98,Dark water-soaked necrotic lesions on leaf tips and tubers,Acrobat MZ (Dimethomorph+Mancozeb),250 g/acre
2021,1,Rahim Yar Khan,Vegetables,Phytophthora infestans,Late Blight of Potato/Tomato,پچھیتا جھلساؤ,Critical,13.284901762213488,86.3295668981662,19.2844577434794,3.2849017622134884,0.9245570442158046,Dark water-soaked necrotic lesions on leaf tips and tubers,Acrobat MZ (Dimethomorph+Mancozeb),250 g/acre
2021,3,Lahore,Vegetables,Alternaria solani,Early Blight,اگیتا جھلساؤ,Medium,25.857080855448118,71.06283868249277,27.9266263172212,15.857080855448118,0.5833262113113911,Target-board concentric ring spots on lower leaves,Antracol 70 WP (Propineb),500 g/acre
2021,3,Faisalabad,Vegetables,Alternaria solani,Early Blight,اگیتا جھلساؤ,Medium,25.333306599459956,64.45554467757654,7.728937930312378,15.333306599459956,0.5183720874134081,Target-board concentric ring spots on lower leaves,Antracol 70 WP (Propineb),500 g/acre
2021,3,Multan,Vegetables,Alternaria solani,Early Blight,اگیتا جھلساؤ,Medium,25.177135486372837,66.39106247568323,22.98397395637305,15.177135486372837,0.530646595249054,Target-board concentric ring spots on lower leaves,Antracol 70 WP (Propineb),500 g/acre
2021,3,Gujranwala,Vegetables,Alternaria solani,Early Blight,اگیتا جھلساؤ,Medium,26.21427553884543,68.57221262665809,27.713915805486412,16.21427553884543,0.5706574209852415,Target-board concentric ring spots on lower leaves,Antracol 70 WP (Propineb),500 g/acre
2021,3,Bahawalpur,Vegetables,Alternaria solani,Early Blight,اگیتا جھلساؤ,Medium,25.28806012178694,65.97221349157198,13.10587607734235,15.288060121786941,0.5296220003626145,Target-board concentric ring spots on lower leaves,Antracol 70 WP (Propineb),500 g/acre
2021,3,Sahiwal,Vegetables,Alternaria solani,Early Blight,اگیتا جھلساؤ,Medium,24.158850813803202,67.81626358370335,16.57197425913072,14.158850813803202,0.5201152364026171,Target-board concentric ring spots on lower leaves,Antracol 70 WP (Propineb),500 g/acre
2021,3,Rawalpindi,Vegetables,Alternaria solani,Early Blight,اگیتا جھلساؤ,Medium,24.137364600828665,62.55411771578161,9.668628339298113,14.137364600828665,0.4793306497107861,Target-board concentric ring spots on lower leaves,Antracol 70 WP (Propineb),500 g/acre
2021,3,Sheikhupura,Vegetables,Alternaria solani,Early Blight,اگیتا جھلساؤ,Medium,26.2888692199226,65.52592174237375,27.045601088445686,16.2888692199226,0.5468579006984592,Target-board concentric ring spots on lower leaves,Antracol 70 WP (Propineb),500 g/acre
2021,3,Sargodha,Vegetables,Alternaria solani,Early Blight,اگیتا جھلساؤ,Medium,25.49036916479874,68.14538523235387,12.549863156314254,15.49036916479874,0.5514447703016269,Target-board concentric ring spots on lower leaves,Antracol 70 WP (Propineb),500 g/acre
2021,3,Rahim Yar Khan,Vegetables,Alternaria solani,Early Blight,اگیتا جھلساؤ,Medium,22.299864018262376,62.71390823915211,5.23258742755597,12.299864018262376,0.44397194469424656,Target-board concentric ring spots on lower leaves,Antracol 70 WP (Propineb),500 g/acre
2021,4,Lahore,Vegetables,Erysiphe cichoracearum,Powdery Mildew,سفوفی پھپھوندی,Medium,28.67154214728771,65.10498397976706,14.728212773780012,18.67154214728771,0.5925905689442483,White powdery fungal growth covering leaf surface,Topas 100 EC (Penconazole),100 ml/acre
2021,4,Faisalabad,Vegetables,Erysiphe cichoracearum,Powdery Mildew,سفوفی پھپھوندی,Medium,28.1677822584415,62.11977575861829,6.817593580691071,18.1677822584415,0.555484545241896,White powdery fungal growth covering leaf surface,Topas 100 EC (Penconazole),100 ml/acre
2021,4,Multan,Vegetables,Erysiphe cichoracearum,Powdery Mildew,سفوفی پھپھوندی,Medium,25.729278752360973,61.39422093915158,2.3819143988844207,15.729278752360973,0.5014695315325295,White powdery fungal growth covering leaf surface,Topas 100 EC (Penconazole),100 ml/acre
2021,4,Gujranwala,Vegetables,Erysiphe cichoracearum,Powdery Mildew,سفوفی پھپھوندی,Medium,27.564035934677545,63.83622184696321,8.949244729335932,17.564035934677545,0.5585980675948387,White powdery fungal growth covering leaf surface,Topas 100 EC (Penconazole),100 ml/acre
2021,4,Bahawalpur,Vegetables,Erysiphe cichoracearum,Powdery Mildew,سفوفی پھپھوندی,Medium,26.02998590621826,60.64369508176234,0.0,16.02998590621826,0.5011284216759592,White powdery fungal growth covering leaf surface,Topas 100 EC (Penconazole),100 ml/acre
2021,4,Sahiwal,Vegetables,Erysiphe cichoracearum,Powdery Mildew,سفوفی پھپھوندی,Medium,27.68276174051012,61.45902132394762,18.874295900852683,17.68276174051012,0.5401128394018326,White powdery fungal growth covering leaf surface,Topas 100 EC (Penconazole),100 ml/acre
2021,4,Rawalpindi,Vegetables,Erysiphe cichoracearum,Powdery Mildew,سفوفی پھپھوندی,Medium,25.52938073119073,62.77546945980603,12.530219768672357,15.52938073119073,0.5087678921963886,White powdery fungal growth covering leaf surface,Topas 100 EC (Penconazole),100 ml/acre
2021,4,Sheikhupura,Vegetables,Erysiphe cichoracearum,Powdery Mildew,سفوفی پھپھوندی,Medium,25.135012237869496,63.77626441803067,0.0,15.135012237869496,0.5088943449627943,White powdery fungal growth covering leaf surface,Topas 100 EC (Penconazole),100 ml/acre
2021,4,Sargodha,Vegetables,Erysiphe cichoracearum,Powdery Mildew,سفوفی پھپھوندی,Medium,25.36092509273776,59.1768808839097,0.0,15.360925092737759,0.4764382359741901,White powdery fungal growth covering leaf surface,Topas 100 EC (Penconazole),100 ml/acre
2021,4,Rahim Yar Khan,Vegetables,Erysiphe cichoracearum,Powdery Mildew,سفوفی پھپھوندی,Medium,26.546413764966488,58.55833964257558,15.874431069040554,16.546413764966488,0.4934964804892861,White powdery fungal growth covering leaf surface,Topas 100 EC (Penconazole),100 ml/acre
2022,2,Lahore,Wheat,Puccinia striiformis,Wheat Yellow Rust,پیلی کنگی,High,16.77629226517814,78.67118133095431,33.265741914318035,6.776292265178139,0.9449638756668447,Yellow pustules in linear stripes on leaves,Tilt 250 EC (Propiconazole),200-250 ml/acre
2022,2,Faisalabad,Wheat,Puccinia striiformis,Wheat Yellow Rust,پیلی کنگی,High,13.233263638696368,81.06653209200962,33.74453635152276,3.233263638696368,0.9705274466279414,Yellow pustules in linear stripes on leaves,Tilt 250 EC (Propiconazole),200-250 ml/acre
2022,2,Multan,Wheat,Puccinia striiformis,Wheat Yellow Rust,پیلی کنگی,High,16.182009280625618,75.3911037049706,45.36558623627142,6.182009280625618,0.98,Yellow pustules in linear stripes on leaves,Tilt 250 EC (Propiconazole),200-250 ml/acre
2022,2,Gujranwala,Wheat,Puccinia striiformis,Wheat Yellow Rust,پیلی کنگی,High,17.081836445206264,80.41296172445223,34.8237419855774,7.081836445206264,0.9601939724279438,Yellow pustules in linear stripes on leaves,Tilt 250 EC (Propiconazole),200-250 ml/acre
2022,2,Bahawalpur,Wheat,Puccinia striiformis,Wheat Yellow Rust,پیلی کنگی,High,14.078883167846488,81.95273212042045,44.60519085107599,4.078883167846488,0.98,Yellow pustules in linear stripes on leaves,Tilt 250 EC (Propiconazole),200-250 ml/acre
2022,2,Sahiwal,Wheat,Puccinia striiformis,Wheat Yellow Rust,پیلی کنگی,High,17.23875148567671,83.42899040755584,27.564745333284222,7.238751485676708,0.9331563383171093,Yellow pustules in linear stripes on leaves,Tilt 250 EC (Propiconazole),200-250 ml/acre
2022,2,Rawalpindi,Wheat,Puccinia striiformis,Wheat Yellow Rust,پیلی کنگی,High,16.468013084067813,82.79678519304119,36.644855173536925,6.468013084067813,0.98,Yellow pustules in linear stripes on leaves,Tilt 250 EC (Propiconazole),200-250 ml/acre
2022,2,Sheikhupura,Wheat,Puccinia striiformis,Wheat Yellow Rust,پیلی کنگی,High,16.26478919415044,82.27634027799618,23.673345644061484,6.264789194150438,0.9332846952019532,Yellow pustules in linear stripes on leaves,Tilt 250 EC (Propiconazole),200-250 ml/acre
2022,2,Sargodha,Wheat,Puccinia striiformis,Wheat Yellow Rust,پیلی کنگی,High,15.102617031637347,77.34646488639068,40.43581871877107,5.102617031637347,0.98,Yellow pustules in linear stripes on leaves,Tilt 250 EC (Propiconazole),200-250 ml/acre
2022,2,Rahim Yar Khan,Wheat,Puccinia striiformis,Wheat Yellow Rust,پیلی کنگی,High,15.005071843691724,81.59720434591858,42.42511689662189,5.005071843691724,0.98,Yellow pustules in linear stripes on leaves,Tilt 250 EC (Propiconazole),200-250 ml/acre
2022,3,Lahore,Wheat,Puccinia triticina,Wheat Brown / Leaf Rust,بھوری کنگی,Medium,22.22351413010612,64.02376961671175,17.540920720507067,12.223514130106121,0.5469605292330845,Round brown pustules scattered on upper leaf surface,Nativo 75 WG (Tebuconazole+Trifloxystrobin),65 g/acre
2022,3,Faisalabad,Wheat,Puccinia triticina,Wheat Brown / Leaf Rust,بھوری کنگی,Medium,18.614417994060112,67.53343083217403,32.486933785567615,8.614417994060112,0.7809620270738166,Round brown pustules scattered on upper leaf surface,Nativo 75 WG (Tebuconazole+Trifloxystrobin),65 g/acre
2022,3,Multan,Wheat,Puccinia triticina,Wheat Brown / Leaf Rust,بھوری کنگی,Medium,17.916550277636954,71.24208499269888,34.489577581187575,7.916550277636954,0.8479054022417735,Round brown pustules scattered on upper leaf surface,Nativo 75 WG (Tebuconazole+Trifloxystrobin),65 g/acre
2022,3,Gujranwala,Wheat,Puccinia triticina,Wheat Brown / Leaf Rust,بھوری کنگی,Medium,17.728324422137728,68.9025225235522,18.063442640050344,7.728324422137728,0.723998887556508,Round brown pustules scattered on upper leaf surface,Nativo 75 WG (Tebuconazole+Trifloxystrobin),65 g/acre
2022,3,Bahawalpur,Wheat,Puccinia triticina,Wheat Brown / Leaf Rust,بھوری کنگی,Medium,19.726177309818322,69.06801300400292,25.10070017247051,9.726177309818322,0.7096419148744892,Round brown pustules scattered on upper leaf surface,Nativo 75 WG (Tebuconazole+Trifloxystrobin),65 g/acre
2022,3,Sahiwal,Wheat,Puccinia triticina,Wheat Brown / Leaf Rust,بھوری کنگی,Medium,18.70320224829359,70.20976794728702,13.56356093704893,8.70320224829359,0.6743391597283944,Round brown pustules scattered on upper leaf surface,Nativo 75 WG (Tebuconazole+Trifloxystrobin),65 g/acre
2022,3,Rawalpindi,Wheat,Puccinia triticina,Wheat Brown / Leaf Rust,بھوری کنگی,Medium,17.568761298320187,71.63347015029704,13.308553020758287,7.568761298320187,0.7214178038596359,Round brown pustules scattered on upper leaf surface,Nativo 75 WG (Tebuconazole+Trifloxystrobin),65 g/acre
2022,3,Sheikhupura,Wheat,Puccinia triticina,Wheat Brown / Leaf Rust,بھوری کنگی,Medium,20.51351303291873,71.88133046189002,31.514281761037147,10.51351303291873,0.748763674393162,Round brown pustules scattered on upper leaf surface,Nativo 75 WG (Tebuconazole+Trifloxystrobin),65 g/acre
2022,3,Sargodha,Wheat,Puccinia triticina,Wheat Brown / Leaf Rust,بھوری کنگی,Medium,21.474133788177582,67.98005616576525,12.40140627473254,11.474133788177582,0.5624257041505707,Round brown pustules scattered on upper leaf surface,Nativo 75 WG (Tebuconazole+Trifloxystrobin),65 g/acre
2022,3,Rahim Yar Khan,Wheat,Puccinia triticina,Wheat Brown / Leaf Rust,بھوری کنگی,Medium,21.426330677608686,72.78841866170963,22.26356694656966,11.426330677608686,0.6636886717970898,Round brown pustules scattered on upper leaf surface,Nativo 75 WG (Tebuconazole+Trifloxystrobin),65 g/acre
2022,2,Lahore,Wheat,Ustilago tritici,Loose Smut,کال کنگی,Medium,17.620758732100533,59.39443877245291,23.08407544649236,7.6207587321005335,0.33224605575806665,Ears converted into black powdery spore mass,Vitavax 200 WP,2.5 g/kg seed
2022,2,Faisalabad,Wheat,Ustilago tritici,Loose Smut,کال کنگی,Medium,14.875128080362662,65.93469477288502,10.353817264033221,4.875128080362662,0.3113609618051693,Ears converted into black powdery spore mass,Vitavax 200 WP,2.5 g/kg seed
2022,2,Multan,Wheat,Ustilago tritici,Loose Smut,کال کنگی,Medium,16.436768883461276,63.34392736652758,10.146927100372407,6.436768883461276,0.33052999818868944,Ears converted into black powdery spore mass,Vitavax 200 WP,2.5 g/kg seed
2022,2,Gujranwala,Wheat,Ustilago tritici,Loose Smut,کال کنگی,Medium,13.77368914167824,68.2025594809303,16.135913908327197,3.77368914167824,0.2982224930022711,Ears converted into black powdery spore mass,Vitavax 200 WP,2.5 g/kg seed
2022,2,Bahawalpur,Wheat,Ustilago tritici,Loose Smut,کال کنگی,Medium,16.95426649728929,62.956267246933926,6.810297875275134,6.954266497289289,0.3388499468505025,Ears converted into black powdery spore mass,Vitavax 200 WP,2.5 g/kg seed
2022,2,Sahiwal,Wheat,Ustilago tritici,Loose Smut,کال کنگی,Medium,15.773969126452185,65.47361390570644,4.032333132347415,5.773969126452185,0.3278662743955123,Ears converted into black powdery spore mass,Vitavax 200 WP,2.5 g/kg seed
2022,2,Rawalpindi,Wheat,Ustilago tritici,Loose Smut,کال کنگی,Medium,18.043149815258083,69.5149949099473,9.418478072558486,8.043149815258083,0.3981807833546293,Ears converted into black powdery spore mass,Vitavax 200 WP,2.5 g/kg seed
2022,2,Sheikhupura,Wheat,Ustilago tritici,Loose Smut,کال کنگی,Medium,16.378731254047704,63.40691618289359,19.593907650850543,6.378731254047704,0.32969042533572773,Ears converted into black powdery spore mass,Vitavax 200 WP,2.5 g/kg seed
2022,2,Sargodha,Wheat,Ustilago tritici,Loose Smut,کال کنگی,Medium,17.992373583442077,59.998517775338115,8.059793697822412,7.9923735834420775,0.3427034115132297,Ears converted into black powdery spore mass,Vitavax 200 WP,2.5 g/kg seed
2022,2,Rahim Yar Khan,Wheat,Ustilago tritici,Loose Smut,کال کنگی,Medium,14.624696162034386,67.84795783993275,1.3868176917940822,4.624696162034386,0.3150018313090588,Ears converted into black powdery spore mass,Vitavax 200 WP,2.5 g/kg seed
2022,8,Lahore,Rice,Magnaporthe oryzae,Rice Blast,دھان کا بلاسٹ,High,27.037293679146625,88.77972390594574,81.57862993429768,17.037293679146625,0.7620201485709871,Spindle-shaped lesions with grey center and brown margin,Tricyclazole 75 WP,120 g/acre
2022,8,Faisalabad,Rice,Magnaporthe oryzae,Rice Blast,دھان کا بلاسٹ,High,29.350131969784492,84.28961526334382,73.69023835633237,19.350131969784492,0.7853686767179372,Spindle-shaped lesions with grey center and brown margin,Tricyclazole 75 WP,120 g/acre
2022,8,Multan,Rice,Magnaporthe oryzae,Rice Blast,دھان کا بلاسٹ,High,27.20300611598753,82.3693500332975,78.09922615633779,17.20300611598753,0.7113314072145109,Spindle-shaped lesions with grey center and brown margin,Tricyclazole 75 WP,120 g/acre
2022,8,Gujranwala,Rice,Magnaporthe oryzae,Rice Blast,دھان کا بلاسٹ,High,30.278494493309633,88.06096665371429,86.72230148024215,20.278494493309633,0.8464614266349242,Spindle-shaped lesions with grey center and brown margin,Tricyclazole 75 WP,120 g/acre
2022,8,Bahawalpur,Rice,Magnaporthe oryzae,Rice Blast,دھان کا بلاسٹ,High,27.764752177655954,85.93870195207214,85.50044148025897,17.764752177655954,0.7574815117995939,Spindle-shaped lesions with grey center and brown margin,Tricyclazole 75 WP,120 g/acre
2022,8,Sahiwal,Rice,Magnaporthe oryzae,Rice Blast,دھان کا بلاسٹ,High,28.604855381795932,86.9392577924674,82.89498230947405,18.604855381795932,0.7894872686203825,Spindle-shaped lesions with grey center and brown margin,Tricyclazole 75 WP,120 g/acre
2022,8,Rawalpindi,Rice,Magnaporthe oryzae,Rice Blast,دھان کا بلاسٹ,High,28.547864996364286,82.47867356715679,72.26546815577447,18.547864996364286,0.7474889009759974,Spindle-shaped lesions with grey center and brown margin,Tricyclazole 75 WP,120 g/acre
2022,8,Sheikhupura,Rice,Magnaporthe oryzae,Rice Blast,دھان کا بلاسٹ,High,28.768291257464256,84.36581908681211,66.25081793166265,18.768291257464256,0.7704953827504597,Spindle-shaped lesions with grey center and brown margin,Tricyclazole 75 WP,120 g/acre
2022,8,Sargodha,Rice,Magnaporthe oryzae,Rice Blast,دھان کا بلاسٹ,High,29.75751559882615,83.74243678421087,81.54007633535689,19.75751559882615,0.7911005932983707,Spindle-shaped lesions with grey center and brown margin,Tricyclazole 75 WP,120 g/acre
2022,8,Rahim Yar Khan,Rice,Magnaporthe oryzae,Rice Blast,دھان کا بلاسٹ,High,26.88939098493444,87.7113441936715,81.67282582945569,16.88939098493444,0.7487316278850134,Spindle-shaped lesions with grey center and brown margin,Tricyclazole 75 WP,120 g/acre
2022,9,Lahore,Rice,Xanthomonas oryzae,Bacterial Leaf Blight,بیکٹیریل بلائیٹ,Critical,29.46113051155408,86.7823277307962,51.476673336600506,19.46113051155408,0.8116525344042684,Water-soaked lesions turning straw-colored from leaf tip,Copper Oxychloride + Kasugamycin,250 g/acre
2022,9,Faisalabad,Rice,Xanthomonas oryzae,Bacterial Leaf Blight,بیکٹیریل بلائیٹ,Critical,28.35467528617094,90.69187990317161,53.30501217512829,18.35467528617094,0.8163615256339185,Water-soaked lesions turning straw-colored from leaf tip,Copper Oxychloride + Kasugamycin,250 g/acre
2022,9,Multan,Rice,Xanthomonas oryzae,Bacterial Leaf Blight,بیکٹیریل بلائیٹ,Critical,27.790407582298034,85.42131261287977,67.17443409571658,17.790407582298034,0.753616855151373,Water-soaked lesions turning straw-colored from leaf tip,Copper Oxychloride + Kasugamycin,250 g/acre
2022,9,Gujranwala,Rice,Xanthomonas oryzae,Bacterial Leaf Blight,بیکٹیریل بلائیٹ,Critical,29.834599472344305,90.2819937394488,69.41437645271,19.834599472344305,0.8550879754860796,Water-soaked lesions turning straw-colored from leaf tip,Copper Oxychloride + Kasugamycin,250 g/acre
2022,9,Bahawalpur,Rice,Xanthomonas oryzae,Bacterial Leaf Blight,بیکٹیریل بلائیٹ,Critical,27.718844492421344,92.95437800880985,72.05806765323902,17.718844492421344,0.817964428227286,Water-soaked lesions turning straw-colored from leaf tip,Copper Oxychloride + Kasugamycin,250 g/acre
2022,9,Sahiwal,Rice,Xanthomonas oryzae,Bacterial Leaf Blight,بیکٹیریل بلائیٹ,Critical,29.68648097860453,83.52406964881213,66.43844769130266,19.68648097860453,0.7871541920270163,Water-soaked lesions turning straw-colored from leaf tip,Copper Oxychloride + Kasugamycin,250 g/acre
2022,9,Rawalpindi,Rice,Xanthomonas oryzae,Bacterial Leaf Blight,بیکٹیریل بلائیٹ,Critical,31.39747570295826,91.50687114135921,73.91275747970803,21.39747570295826,0.9120904010522406,Water-soaked lesions turning straw-colored from leaf tip,Copper Oxychloride + Kasugamycin,250 g/acre
2022,9,Sheikhupura,Rice,Xanthomonas oryzae,Bacterial Leaf Blight,بیکٹیریل بلائیٹ,Critical,28.49716384495076,87.79496970250878,50.05007625226571,18.49716384495076,0.7942563924999619,Water-soaked lesions turning straw-colored from leaf tip,Copper Oxychloride + Kasugamycin,250 g/acre
2022,9,Sargodha,Rice,Xanthomonas oryzae,Bacterial Leaf Blight,بیکٹیریل بلائیٹ,Critical,32.479058133845214,88.67335150646491,53.87267649008614,22.479058133845214,0.9142942661909096,Water-soaked lesions turning straw-colored from leaf tip,Copper Oxychloride + Kasugamycin,250 g/acre
2022,9,Rahim Yar Khan,Rice,Xanthomonas oryzae,Bacterial Leaf Blight,بیکٹیریل بلائیٹ,Critical,30.66217276053792,87.3344713290529,56.0731468237403,20.66217276053792,0.8501157612195764,Water-soaked lesions turning straw-colored from leaf tip,Copper Oxychloride + Kasugamycin,250 g/acre
2022,7,Lahore,Cotton,Cotton leaf curl virus,Cotton Leaf Curl Virus (CLCuV),کپاس کا پتہ مروڑ وائرس,Critical,37.991300723378906,63.587901985117725,8.828995765519814,27.991300723378906,0.766916541804873,"Upward/downward leaf curling, thickened veins, enation",Vector Control (Polo 500 SC for Whitefly),200 ml/acre
2022,7,Faisalabad,Cotton,Cotton leaf curl virus,Cotton Leaf Curl Virus (CLCuV),کپاس کا پتہ مروڑ وائرس,Critical,36.83401722043077,63.85189634283362,10.95087845652481,26.834017220430773,0.7466418569679664,"Upward/downward leaf curling, thickened veins, enation",Vector Control (Polo 500 SC for Whitefly),200 ml/acre
2022,7,Multan,Cotton,Cotton leaf curl virus,Cotton Leaf Curl Virus (CLCuV),کپاس کا پتہ مروڑ وائرس,Critical,34.29359934429033,65.4568652469118,18.20846838352902,24.293599344290328,0.7126195273367604,"Upward/downward leaf curling, thickened veins, enation",Vector Control (Polo 500 SC for Whitefly),200 ml/acre
2022,7,Gujranwala,Cotton,Cotton leaf curl virus,Cotton Leaf Curl Virus (CLCuV),کپاس کا پتہ مروڑ وائرس,Critical,34.96948074553475,67.5126718132632,22.800099858218335,24.969480745534753,0.7494866911280997,"Upward/downward leaf curling, thickened veins, enation",Vector Control (Polo 500 SC for Whitefly),200 ml/acre
2022,7,Bahawalpur,Cotton,Cotton leaf curl virus,Cotton Leaf Curl Virus (CLCuV),کپاس کا پتہ مروڑ وائرس,Critical,37.00410567762196,58.01615885960373,13.172663942796879,27.004105677621958,0.6815352614128507,"Upward/downward leaf curling, thickened veins, enation",Vector Control (Polo 500 SC for Whitefly),200 ml/acre
2022,7,Sahiwal,Cotton,Cotton leaf curl virus,Cotton Leaf Curl Virus (CLCuV),کپاس کا پتہ مروڑ وائرس,Critical,35.125171674250424,60.403177392940606,9.240911205133404,25.125171674250424,0.6735466589197591,"Upward/downward leaf curling, thickened veins, enation",Vector Control (Polo 500 SC for Whitefly),200 ml/acre
2022,7,Rawalpindi,Cotton,Cotton leaf curl virus,Cotton Leaf Curl Virus (CLCuV),کپاس کا پتہ مروڑ وائرس,Critical,36.341268177602466,56.74965771416077,21.181633983210357,26.341268177602466,0.6547157238023692,"Upward/downward leaf curling, thickened veins, enation",Vector Control (Polo 500 SC for Whitefly),200 ml/acre
2022,7,Sheikhupura,Cotton,Cotton leaf curl virus,Cotton Leaf Curl Virus (CLCuV),کپاس کا پتہ مروڑ وائرس,Critical,35.34018461634203,67.31338878917563,17.874025461429724,25.34018461634203,0.755196059352722,"Upward/downward leaf curling, thickened veins, enation",Vector Control (Polo 500 SC for Whitefly),200 ml/acre
2022,7,Sargodha,Cotton,Cotton leaf curl virus,Cotton Leaf Curl Virus (CLCuV),کپاس کا پتہ مروڑ وائرس,Critical,34.63833886662791,63.74739590216447,27.789047297052377,24.63833886662791,0.7009853654362731,"Upward/downward leaf curling, thickened veins, enation",Vector Control (Polo 500 SC for Whitefly),200 ml/acre
2022,7,Rahim Yar Khan,Cotton,Cotton leaf curl virus,Cotton Leaf Curl Virus (CLCuV),کپاس کا پتہ مروڑ وائرس,Critical,37.48804646785677,59.055197214956586,10.246080944929199,27.48804646785677,0.702813961067536,"Upward/downward leaf curling, thickened veins, enation",Vector Control (Polo 500 SC for Whitefly),200 ml/acre
2022,8,Lahore,Cotton,Xanthomonas citri pv. malvacearum,Bacterial Blight (Angular Leaf Spot),بیکٹیریل بلائیٹ,High,32.106275588087684,70.44941855790276,36.931740542749196,22.106275588087684,0.7180534753144651,Angular water-soaked spots bounded by leaf veins,Copper Hydroxide 77 WP,500 g/acre
2022,8,Faisalabad,Cotton,Xanthomonas citri pv. malvacearum,Bacterial Blight (Angular Leaf Spot),بیکٹیریل بلائیٹ,High,34.97717113812222,66.60448130455998,53.66622834225288,24.977171138122223,0.7395670924303037,Angular water-soaked spots bounded by leaf veins,Copper Hydroxide 77 WP,500 g/acre
2022,8,Multan,Cotton,Xanthomonas citri pv. malvacearum,Bacterial Blight (Angular Leaf Spot),بیکٹیریل بلائیٹ,High,33.14248289644178,68.26245992846269,45.08522543471513,23.142482896441777,0.7182182256025768,Angular water-soaked spots bounded by leaf veins,Copper Hydroxide 77 WP,500 g/acre
2022,8,Gujranwala,Cotton,Xanthomonas citri pv. malvacearum,Bacterial Blight (Angular Leaf Spot),بیکٹیریل بلائیٹ,High,35.05884495652357,67.29031814526681,44.54768950305986,25.058844956523572,0.748927247914303,Angular water-soaked spots bounded by leaf veins,Copper Hydroxide 77 WP,500 g/acre
2022,8,Bahawalpur,Cotton,Xanthomonas citri pv. malvacearum,Bacterial Blight (Angular Leaf Spot),بیکٹیریل بلائیٹ,High,32.170865601515004,73.1862560815707,46.585056405754756,22.170865601515004,0.7474492724692925,Angular water-soaked spots bounded by leaf veins,Copper Hydroxide 77 WP,500 g/acre
2022,8,Sahiwal,Cotton,Xanthomonas citri pv. malvacearum,Bacterial Blight (Angular Leaf Spot),بیکٹیریل بلائیٹ,High,36.2879699589833,68.28944053051607,39.07262662960181,26.287969958983297,0.7866937036467124,Angular water-soaked spots bounded by leaf veins,Copper Hydroxide 77 WP,500 g/acre
2022,8,Rawalpindi,Cotton,Xanthomonas citri pv. malvacearum,Bacterial Blight (Angular Leaf Spot),بیکٹیریل بلائیٹ,High,34.033522664240785,67.8273691969101,54.53039717515319,24.033522664240785,0.7328267640694817,Angular water-soaked spots bounded by leaf veins,Copper Hydroxide 77 WP,500 g/acre
2022,8,Sheikhupura,Cotton,Xanthomonas citri pv. malvacearum,Bacterial Blight (Angular Leaf Spot),بیکٹیریل بلائیٹ,High,36.25272434006807,75.44859019600779,37.22178865313797,26.25272434006807,0.8683228388008357,Angular water-soaked spots bounded by leaf veins,Copper Hydroxide 77 WP,500 g/acre
2022,8,Sargodha,Cotton,Xanthomonas citri pv. malvacearum,Bacterial Blight (Angular Leaf Spot),بیکٹیریل بلائیٹ,High,31.733275015680256,76.74152181000781,44.541104503530796,21.733275015680256,0.7730983545139055,Angular water-soaked spots bounded by leaf veins,Copper Hydroxide 77 WP,500 g/acre
2022,8,Rahim Yar Khan,Cotton,Xanthomonas citri pv. malvacearum,Bacterial Blight (Angular Leaf Spot),بیکٹیریل بلائیٹ,High,34.45131713936487,75.68513989454094,44.673399414526706,24.451317139364868,0.8277627800774685,Angular water-soaked spots bounded by leaf veins,Copper Hydroxide 77 WP,500 g/acre
2022,7,Lahore,Sugarcane,Colletotrichum falcatum,Sugarcane Red Rot,کماد کا ریڈ راٹ,Critical,33.587400617506425,71.05059217682067,21.365229790885994,23.587400617506425,0.7575887947790299,Red discoloration of internal cane stalk with white cross-bands,Carbendazim 50 WP,500 g/acre sett dip
2022,7,Faisalabad,Sugarcane,Colletotrichum falcatum,Sugarcane Red Rot,کماد کا ریڈ راٹ,Critical,35.86316993052526,77.95738039864598,21.95225807337154,25.86316993052526,0.887555168436584,Red discoloration of internal cane stalk with white cross-bands,Carbendazim 50 WP,500 g/acre sett dip
2022,7,Multan,Sugarcane,Colletotrichum falcatum,Sugarcane Red Rot,کماد کا ریڈ راٹ,Critical,35.78990356212425,69.00735330678259,22.098549437274933,25.789903562124252,0.7840528634689478,Red discoloration of internal cane stalk with white cross-bands,Carbendazim 50 WP,500 g/acre sett dip
2022,7,Gujranwala,Sugarcane,Colletotrichum falcatum,Sugarcane Red Rot,کماد کا ریڈ راٹ,Critical,34.77340310081801,79.59405164659839,32.567242351149915,24.77340310081801,0.87865271185222,Red discoloration of internal cane stalk with white cross-bands,Carbendazim 50 WP,500 g/acre sett dip
2022,7,Bahawalpur,Sugarcane,Colletotrichum falcatum,Sugarcane Red Rot,کماد کا ریڈ راٹ,Critical,36.46437201070551,78.99311434941865,39.487527381389825,26.46437201070551,0.9144235898163178,Red discoloration of internal cane stalk with white cross-bands,Carbendazim 50 WP,500 g/acre sett dip
2022,7,Sahiwal,Sugarcane,Colletotrichum falcatum,Sugarcane Red Rot,کماد کا ریڈ راٹ,Critical,34.38906753328178,71.60634604613153,40.44254695723639,24.389067533281782,0.7817382444418927,Red discoloration of internal cane stalk with white cross-bands,Carbendazim 50 WP,500 g/acre sett dip
2022,7,Rawalpindi,Sugarcane,Colletotrichum falcatum,Sugarcane Red Rot,کماد کا ریڈ راٹ,Critical,32.625164347652486,69.7074227358284,33.40215335207332,22.625164347652486,0.7219733723833933,Red discoloration of internal cane stalk with white cross-bands,Carbendazim 50 WP,500 g/acre sett dip
2022,7,Sheikhupura,Sugarcane,Colletotrichum falcatum,Sugarcane Red Rot,کماد کا ریڈ راٹ,Critical,33.15426336779998,79.2857558317878,31.479043410806867,23.154263367799977,0.8344955016387858,Red discoloration of internal cane stalk with white cross-bands,Carbendazim 50 WP,500 g/acre sett dip
2022,7,Sargodha,Sugarcane,Colletotrichum falcatum,Sugarcane Red Rot,کماد کا ریڈ راٹ,Critical,34.44891938808136,79.75446387272478,20.30582045650752,24.448919388081357,0.8722079672352835,Red discoloration of internal cane stalk with white cross-bands,Carbendazim 50 WP,500 g/acre sett dip
2022,7,Rahim Yar Khan,Sugarcane,Colletotrichum falcatum,Sugarcane Red Rot,کماد کا ریڈ راٹ,Critical,36.157264215002265,78.71539026938913,37.357405580905564,26.157264215002265,0.9035343377007369,Red discoloration of internal cane stalk with white cross-bands,Carbendazim 50 WP,500 g/acre sett dip
2022,8,Lahore,Maize,Exserohilum turcicum,Northern Corn Leaf Blight,مکئی کا بلائیٹ,High,29.78169835021386,81.76383420933017,54.473925648817996,19.78169835021386,0.7730367766283073,Long elliptical greyish-green lesions on foliage,Score 250 EC (Difenoconazole),125 ml/acre
2022,8,Faisalabad,Maize,Exserohilum turcicum,Northern Corn Leaf Blight,مکئی کا بلائیٹ,High,33.49032201849195,83.9448515668687,30.926366995507124,23.490322018491952,0.8924889240536323,Long elliptical greyish-green lesions on foliage,Score 250 EC (Difenoconazole),125 ml/acre
2022,8,Multan,Maize,Exserohilum turcicum,Northern Corn Leaf Blight,مکئی کا بلائیٹ,High,33.00590825129502,78.7616809736107,40.20990586509301,23.00590825129502,0.8252701002961152,Long elliptical greyish-green lesions on foliage,Score 250 EC (Difenoconazole),125 ml/acre
2022,8,Gujranwala,Maize,Exserohilum turcicum,Northern Corn Leaf Blight,مکئی کا بلائیٹ,High,32.69016102336271,79.3773358933954,34.50312425957021,22.690161023362712,0.8237644101462364,Long elliptical greyish-green lesions on foliage,Score 250 EC (Difenoconazole),125 ml/acre
2022,8,Bahawalpur,Maize,Exserohilum turcicum,Northern Corn Leaf Blight,مکئی کا بلائیٹ,High,33.83827608933739,81.75990685770277,42.09584989680239,23.83827608933739,0.8782902543776051,Long elliptical greyish-green lesions on foliage,Score 250 EC (Difenoconazole),125 ml/acre
2022,8,Sahiwal,Maize,Exserohilum turcicum,Northern Corn Leaf Blight,مکئی کا بلائیٹ,High,30.46066866311762,74.04565359818766,53.07768429945379,20.46066866311762,0.7160254349836118,Long elliptical greyish-green lesions on foliage,Score 250 EC (Difenoconazole),125 ml/acre
2022,8,Rawalpindi,Maize,Exserohilum turcicum,Northern Corn Leaf Blight,مکئی کا بلائیٹ,High,33.22252949245116,74.16260714991007,49.89407277347385,23.22252949245116,0.7821807629444307,Long elliptical greyish-green lesions on foliage,Score 250 EC (Difenoconazole),125 ml/acre
2022,8,Sheikhupura,Maize,Exserohilum turcicum,Northern Corn Leaf Blight,مکئی کا بلائیٹ,High,29.717984660557704,80.47976404516554,48.90234212040494,19.717984660557704,0.7592686963109628,Long elliptical greyish-green lesions on foliage,Score 250 EC (Difenoconazole),125 ml/acre
2022,8,Sargodha,Maize,Exserohilum turcicum,Northern Corn Leaf Blight,مکئی کا بلائیٹ,High,33.54705740106795,73.7925993006335,52.219499106099626,23.547057401067953,0.7858808141309076,Long elliptical greyish-green lesions on foliage,Score 250 EC (Difenoconazole),125 ml/acre
2022,8,Rahim Yar Khan,Maize,Exserohilum turcicum,Northern Corn Leaf Blight,مکئی کا بلائیٹ,High,31.732411278675265,73.7273270353871,43.310635363628144,21.732411278675265,0.7427129726870786,Long elliptical greyish-green lesions on foliage,Score 250 EC (Difenoconazole),125 ml/acre
2022,1,Lahore,Vegetables,Phytophthora infestans,Late Blight of Potato/Tomato,پچھیتا جھلساؤ,Critical,14.430524429298096,89.88126193761508,20.98190888684354,4.430524429298096,0.98,Dark water-soaked necrotic lesions on leaf tips and tubers,Acrobat MZ (Dimethomorph+Mancozeb),250 g/acre
2022,1,Faisalabad,Vegetables,Phytophthora infestans,Late Blight of Potato/Tomato,پچھیتا جھلساؤ,Critical,12.875275653748476,90.19722914681212,25.401582419081464,2.875275653748476,0.98,Dark water-soaked necrotic lesions on leaf tips and tubers,Acrobat MZ (Dimethomorph+Mancozeb),250 g/acre
2022,1,Multan,Vegetables,Phytophthora infestans,Late Blight of Potato/Tomato,پچھیتا جھلساؤ,Critical,16.007446411669484,86.605786067865,38.23319831486464,6.007446411669484,0.98,Dark water-soaked necrotic lesions on leaf tips and tubers,Acrobat MZ (Dimethomorph+Mancozeb),250 g/acre
2022,1,Gujranwala,Vegetables,Phytophthora infestans,Late Blight of Potato/Tomato,پچھیتا جھلساؤ,Critical,11.58003719167504,86.52017383474751,19.826390206771364,1.5800371916750393,0.862879592748081,Dark water-soaked necrotic lesions on leaf tips and tubers,Acrobat MZ (Dimethomorph+Mancozeb),250 g/acre
2022,1,Bahawalpur,Vegetables,Phytophthora infestans,Late Blight of Potato/Tomato,پچھیتا جھلساؤ,Critical,12.55698817811884,87.47314317178832,17.295570201270685,2.5569881781188393,0.8928998135752413,Dark water-soaked necrotic lesions on leaf tips and tubers,Acrobat MZ (Dimethomorph+Mancozeb),250 g/acre
2022,1,Sahiwal,Vegetables,Phytophthora infestans,Late Blight of Potato/Tomato,پچھیتا جھلساؤ,Critical,13.606084030924256,82.65745498805616,18.908369522398196,3.606084030924256,0.9002587346642719,Dark water-soaked necrotic lesions on leaf tips and tubers,Acrobat MZ (Dimethomorph+Mancozeb),250 g/acre
2022,1,Rawalpindi,Vegetables,Phytophthora infestans,Late Blight of Potato/Tomato,پچھیتا جھلساؤ,Critical,12.205292128089132,88.06515584210955,35.51013469768887,2.205292128089132,0.98,Dark water-soaked necrotic lesions on leaf tips and tubers,Acrobat MZ (Dimethomorph+Mancozeb),250 g/acre
2022,1,Sheikhupura,Vegetables,Phytophthora infestans,Late Blight of Potato/Tomato,پچھیتا جھلساؤ,Critical,13.820913235562784,81.79601331747932,21.08887403742855,3.8209132355627844,0.914714173718391,Dark water-soaked necrotic lesions on leaf tips and tubers,Acrobat MZ (Dimethomorph+Mancozeb),250 g/acre
2022,1,Sargodha,Vegetables,Phytophthora infestans,Late Blight of Potato/Tomato,پچھیتا جھلساؤ,Critical,13.15232118125525,86.99659246511911,18.477987053743924,3.1523211812552496,0.9200880681000432,Dark water-soaked necrotic lesions on leaf tips and tubers,Acrobat MZ (Dimethomorph+Mancozeb),250 g/acre
2022,1,Rahim Yar Khan,Vegetables,Phytophthora infestans,Late Blight of Potato/Tomato,پچھیتا جھلساؤ,Critical,13.88857175077701,90.9919661037139,23.244005251237283,3.8885717507770092,0.98,Dark water-soaked necrotic lesions on leaf tips and tubers,Acrobat MZ (Dimethomorph+Mancozeb),250 g/acre
2022,3,Lahore,Vegetables,Alternaria solani,Early Blight,اگیتا جھلساؤ,Medium,24.11731764694198,64.50233414500666,27.119534856718555,14.11731764694198,0.4938486608077198,Target-board concentric ring spots on lower leaves,Antracol 70 WP (Propineb),500 g/acre
2022,3,Faisalabad,Vegetables,Alternaria solani,Early Blight,اگیتا جھلساؤ,Medium,25.21481002651962,70.49775205864964,25.760820923953943,15.214810026519618,0.5643134683985819,Target-board concentric ring spots on lower leaves,Antracol 70 WP (Propineb),500 g/acre
2022,3,Multan,Vegetables,Alternaria solani,Early Blight,اگیتا جھلساؤ,Medium,24.773603572223834,72.95525393552127,10.244789016041274,14.773603572223834,0.5737665204792148,Target-board concentric ring spots on lower leaves,Antracol 70 WP (Propineb),500 g/acre
2022,3,Gujranwala,Vegetables,Alternaria solani,Early Blight,اگیتا جھلساؤ,Medium,26.187497332380904,69.12630561034192,14.82262749384628,16.187497332380904,0.5746809345295797,Target-board concentric ring spots on lower leaves,Antracol 70 WP (Propineb),500 g/acre
2022,3,Bahawalpur,Vegetables,Alternaria solani,Early Blight,اگیتا جھلساؤ,Medium,25.685458626409456,62.093393357492744,22.72817144951741,15.685458626409456,0.5063165987483326,Target-board concentric ring spots on lower leaves,Antracol 70 WP (Propineb),500 g/acre
2022,3,Sahiwal,Vegetables,Alternaria solani,Early Blight,اگیتا جھلساؤ,Medium,22.238851976472773,71.01932733869543,19.196833352949803,12.238851976472773,0.5013931136996552,Target-board concentric ring spots on lower leaves,Antracol 70 WP (Propineb),500 g/acre
2022,3,Rawalpindi,Vegetables,Alternaria solani,Early Blight,اگیتا جھلساؤ,Medium,25.354607042050667,64.9951804750888,6.402890904231571,15.354607042050667,0.5231515112930287,Target-board concentric ring spots on lower leaves,Antracol 70 WP (Propineb),500 g/acre
2022,3,Sheikhupura,Vegetables,Alternaria solani,Early Blight,اگیتا جھلساؤ,Medium,26.20675893712575,73.04124777340806,24.885840591465776,16.20675893712575,0.607674404083993,Target-board concentric ring spots on lower leaves,Antracol 70 WP (Propineb),500 g/acre
2022,3,Sargodha,Vegetables,Alternaria solani,Early Blight,اگیتا جھلساؤ,Medium,26.486374538062805,66.84788440565686,27.950375137233745,16.486374538062805,0.5620819376017001,Target-board concentric ring spots on lower leaves,Antracol 70 WP (Propineb),500 g/acre
2022,3,Rahim Yar Khan,Vegetables,Alternaria solani,Early Blight,اگیتا جھلساؤ,Medium,25.64557977278605,71.86021212693728,14.569790037470163,15.64557977278605,0.5850466039970469,Target-board concentric ring spots on lower leaves,Antracol 70 WP (Propineb),500 g/acre
2022,4,Lahore,Vegetables,Erysiphe cichoracearum,Powdery Mildew,سفوفی پھپھوندی,Medium,26.828940749025755,63.53086771095512,8.468575843007939,16.828940749025755,0.5411002811274312,White powdery fungal growth covering leaf surface,Topas 100 EC (Penconazole),100 ml/acre
2022,4,Faisalabad,Vegetables,Erysiphe cichoracearum,Powdery Mildew,سفوفی پھپھوندی,Medium,25.04590642424311,55.81957454968827,1.7520538833168358,15.04590642424311,0.44382598121033484,White powdery fungal growth covering leaf surface,Topas 100 EC (Penconazole),100 ml/acre
2022,4,Multan,Vegetables,Erysiphe cichoracearum,Powdery Mildew,سفوفی پھپھوندی,Medium,25.15604777436112,57.414967029992674,0.0,15.15604777436112,0.4585186201809093,White powdery fungal growth covering leaf surface,Topas 100 EC (Penconazole),100 ml/acre
2022,4,Gujranwala,Vegetables,Erysiphe cichoracearum,Powdery Mildew,سفوفی پھپھوندی,Medium,27.86798796400597,61.84244326077224,0.4208562742726061,17.86798796400597,0.5471188776050548,White powdery fungal growth covering leaf surface,Topas 100 EC (Penconazole),100 ml/acre
2022,4,Bahawalpur,Vegetables,Erysiphe cichoracearum,Powdery Mildew,سفوفی پھپھوندی,Medium,29.270100687771677,57.46385114540604,17.080466029425416,19.270100687771677,0.5339595901375106,White powdery fungal growth covering leaf surface,Topas 100 EC (Penconazole),100 ml/acre
2022,4,Sahiwal,Vegetables,Erysiphe cichoracearum,Powdery Mildew,سفوفی پھپھوندی,Medium,29.232934983801805,55.95114443838073,1.9298489277475364,19.232934983801805,0.5192432278211072,White powdery fungal growth covering leaf surface,Topas 100 EC (Penconazole),100 ml/acre
2022,4,Rawalpindi,Vegetables,Erysiphe cichoracearum,Powdery Mildew,سفوفی پھپھوندی,Medium,27.49936210130506,60.85287219027818,17.16129872956996,17.49936210130506,0.5312429102428242,White powdery fungal growth covering leaf surface,Topas 100 EC (Penconazole),100 ml/acre
2022,4,Sheikhupura,Vegetables,Erysiphe cichoracearum,Powdery Mildew,سفوفی پھپھوندی,Medium,24.65011045068342,56.20549332071545,0.3946518060005726,14.650110450683421,0.43983225977485235,White powdery fungal growth covering leaf surface,Topas 100 EC (Penconazole),100 ml/acre
2022,4,Sargodha,Vegetables,Erysiphe cichoracearum,Powdery Mildew,سفوفی پھپھوندی,Medium,28.625943958992735,58.558138454891036,3.0161649196424545,18.625943958992735,0.5321530126198883,White powdery fungal growth covering leaf surface,Topas 100 EC (Penconazole),100 ml/acre
2022,4,Rahim Yar Khan,Vegetables,Erysiphe cichoracearum,Powdery Mildew,سفوفی پھپھوندی,Medium,27.0288057282385,63.71355618122615,1.3180208963198679,17.0288057282385,0.5466988356436733,White powdery fungal growth covering leaf surface,Topas 100 EC (Penconazole),100 ml/acre
2023,2,Lahore,Wheat,Puccinia striiformis,Wheat Yellow Rust,پیلی کنگی,High,14.424286959473577,79.07692420668519,42.00278075427484,4.4242869594735765,0.98,Yellow pustules in linear stripes on leaves,Tilt 250 EC (Propiconazole),200-250 ml/acre
2023,2,Faisalabad,Wheat,Puccinia striiformis,Wheat Yellow Rust,پیلی کنگی,High,13.992698880783461,77.54652485500635,28.785812785183342,3.992698880783461,0.931864893809861,Yellow pustules in linear stripes on leaves,Tilt 250 EC (Propiconazole),200-250 ml/acre
2023,2,Multan,Wheat,Puccinia striiformis,Wheat Yellow Rust,پیلی کنگی,High,13.578697199849293,73.27898277750968,26.00613922203513,3.5786971998492927,0.8588224422490265,Yellow pustules in linear stripes on leaves,Tilt 250 EC (Propiconazole),200-250 ml/acre
2023,2,Gujranwala,Wheat,Puccinia striiformis,Wheat Yellow Rust,پیلی کنگی,High,17.376332995465003,81.62575272646193,34.055178452962615,7.3763329954650025,0.9551238823372978,Yellow pustules in linear stripes on leaves,Tilt 250 EC (Propiconazole),200-250 ml/acre
2023,2,Bahawalpur,Wheat,Puccinia striiformis,Wheat Yellow Rust,پیلی کنگی,High,16.89319029164709,76.63838824960527,46.52073933037974,6.893190291647091,0.98,Yellow pustules in linear stripes on leaves,Tilt 250 EC (Propiconazole),200-250 ml/acre
2023,2,Sahiwal,Wheat,Puccinia striiformis,Wheat Yellow Rust,پیلی کنگی,High,17.111844284761588,79.81814652259841,26.30362587953695,7.111844284761588,0.896919199928649,Yellow pustules in linear stripes on leaves,Tilt 250 EC (Propiconazole),200-250 ml/acre
2023,2,Rawalpindi,Wheat,Puccinia striiformis,Wheat Yellow Rust,پیلی کنگی,High,13.275630474484611,81.07014629760059,33.0247220564089,3.275630474484611,0.9673231450014637,Yellow pustules in linear stripes on leaves,Tilt 250 EC (Propiconazole),200-250 ml/acre
2023,2,Sheikhupura,Wheat,Puccinia striiformis,Wheat Yellow Rust,پیلی کنگی,High,13.963266087361944,79.4653653728451,31.884459404629865,3.9632660873619443,0.9697692440795278,Yellow pustules in linear stripes on leaves,Tilt 250 EC (Propiconazole),200-250 ml/acre
2023,2,Sargodha,Wheat,Puccinia striiformis,Wheat Yellow Rust,پیلی کنگی,High,16.967546421214145,80.98106292790295,43.03723257029287,6.967546421214145,0.98,Yellow pustules in linear stripes on leaves,Tilt 250 EC (Propiconazole),200-250 ml/acre
2023,2,Rahim Yar Khan,Wheat,Puccinia striiformis,Wheat Yellow Rust,پیلی کنگی,High,14.581455821485477,72.03151130864364,36.0315264674184,4.581455821485477,0.946821485114149,Yellow pustules in linear stripes on leaves,Tilt 250 EC (Propiconazole),200-250 ml/acre
2023,3,Lahore,Wheat,Puccinia triticina,Wheat Brown / Leaf Rust,بھوری کنگی,Medium,21.891916082329725,75.36869059818042,14.801259454340201,11.891916082329725,0.616255291357224,Round brown pustules scattered on upper leaf surface,Nativo 75 WG (Tebuconazole+Trifloxystrobin),65 g/acre
2023,3,Faisalabad,Wheat,Puccinia triticina,Wheat Brown / Leaf Rust,بھوری کنگی,Medium,20.949491043598545,64.00163938169784,34.39124042574663,10.949491043598545,0.6962107934990611,Round brown pustules scattered on upper leaf surface,Nativo 75 WG (Tebuconazole+Trifloxystrobin),65 g/acre
2023,3,Multan,Wheat,Puccinia triticina,Wheat Brown / Leaf Rust,بھوری کنگی,Medium,21.31438279195384,74.24038465480533,23.592687243712966,11.31438279195384,0.6866056066581079,Round brown pustules scattered on upper leaf surface,Nativo 75 WG (Tebuconazole+Trifloxystrobin),65 g/acre
2023,3,Gujranwala,Wheat,Puccinia triticina,Wheat Brown / Leaf Rust,بھوری کنگی,Medium,22.170410922572835,72.68982406989021,10.108966353774795,12.170410922572835,0.5573750276919589,Round brown pustules scattered on upper leaf surface,Nativo 75 WG (Tebuconazole+Trifloxystrobin),65 g/acre
2023,3,Bahawalpur,Wheat,Puccinia triticina,Wheat Brown / Leaf Rust,بھوری کنگی,Medium,20.138082832840887,69.68878695833949,18.647892077452653,10.138082832840887,0.6584495319578595,Round brown pustules scattered on upper leaf surface,Nativo 75 WG (Tebuconazole+Trifloxystrobin),65 g/acre
2023,3,Sahiwal,Wheat,Puccinia triticina,Wheat Brown / Leaf Rust,بھوری کنگی,Medium,20.958279268533037,64.1300029500037,32.699803897728614,10.958279268533037,0.6856148734843022,Round brown pustules scattered on upper leaf surface,Nativo 75 WG (Tebuconazole+Trifloxystrobin),65 g/acre
2023,3,Rawalpindi,Wheat,Puccinia triticina,Wheat Brown / Leaf Rust,بھوری کنگی,Medium,18.70809473889828,66.76113834009661,14.349331029631973,8.708094738898279,0.6507478512461917,Round brown pustules scattered on upper leaf surface,Nativo 75 WG (Tebuconazole+Trifloxystrobin),65 g/acre
2023,3,Sheikhupura,Wheat,Puccinia triticina,Wheat Brown / Leaf Rust,بھوری کنگی,Medium,17.91010858864973,64.6896469115483,21.42944940297481,7.910108588649731,0.7041895119198536,Round brown pustules scattered on upper leaf surface,Nativo 75 WG (Tebuconazole+Trifloxystrobin),65 g/acre
2023,3,Sargodha,Wheat,Puccinia triticina,Wheat Brown / Leaf Rust,بھوری کنگی,Medium,19.57759829747531,74.833790160406,10.127737331091856,9.577598297475308,0.660147500281688,Round brown pustules scattered on upper leaf surface,Nativo 75 WG (Tebuconazole+Trifloxystrobin),65 g/acre
2023,3,Rahim Yar Khan,Wheat,Puccinia triticina,Wheat Brown / Leaf Rust,بھوری کنگی,Medium,17.514535656217006,64.83618627440184,19.274273042506188,7.5145356562170065,0.7027511517243122,Round brown pustules scattered on upper leaf surface,Nativo 75 WG (Tebuconazole+Trifloxystrobin),65 g/acre
2023,2,Lahore,Wheat,Ustilago tritici,Loose Smut,کال کنگی,Medium,16.18797783432165,62.58958776901389,1.5106313929742132,6.18797783432165,0.3216504315759131,Ears converted into black powdery spore mass,Vitavax 200 WP,2.5 g/kg seed
2023,2,Faisalabad,Wheat,Ustilago tritici,Loose Smut,کال کنگی,Medium,16.916618210519825,60.82272343405881,16.285204620581883,6.916618210519825,0.3266396161454,Ears converted into black powdery spore mass,Vitavax 200 WP,2.5 g/kg seed
2023,2,Multan,Wheat,Ustilago tritici,Loose Smut,کال کنگی,Medium,18.234418969491756,65.71030668478869,16.919537658314052,8.234418969491756,0.38037754371562915,Ears converted into black powdery spore mass,Vitavax 200 WP,2.5 g/kg seed
2023,2,Gujranwala,Wheat,Ustilago tritici,Loose Smut,کال کنگی,Medium,15.110279584764431,59.65533420031208,13.149389788125601,5.110279584764431,0.2861615169807222,Ears converted into black powdery spore mass,Vitavax 200 WP,2.5 g/kg seed
2023,2,Bahawalpur,Wheat,Ustilago tritici,Loose Smut,کال کنگی,Medium,16.452436394815017,61.55020862492631,16.776301617140582,6.452436394815017,0.3214764738060936,Ears converted into black powdery spore mass,Vitavax 200 WP,2.5 g/kg seed
2023,2,Sahiwal,Wheat,Ustilago tritici,Loose Smut,کال کنگی,Medium,15.72281879072894,69.3817930017631,19.725271827784013,5.72281879072894,0.3463102726166941,Ears converted into black powdery spore mass,Vitavax 200 WP,2.5 g/kg seed
2023,2,Rawalpindi,Wheat,Ustilago tritici,Loose Smut,کال کنگی,Medium,14.305769339606424,62.40800944145415,23.396497375731077,4.3057693396064245,0.2834268533375946,Ears converted into black powdery spore mass,Vitavax 200 WP,2.5 g/kg seed
2023,2,Sheikhupura,Wheat,Ustilago tritici,Loose Smut,کال کنگی,Medium,16.982911774030715,59.10811184279635,20.959312612185972,6.982911774030715,0.318675507478016,Ears converted into black powdery spore mass,Vitavax 200 WP,2.5 g/kg seed
2023,2,Sargodha,Wheat,Ustilago tritici,Loose Smut,کال کنگی,Medium,17.449515994753394,67.3295321772982,24.738671378277672,7.449515994753394,0.37297388845937407,Ears converted into black powdery spore mass,Vitavax 200 WP,2.5 g/kg seed
2023,2,Rahim Yar Khan,Wheat,Ustilago tritici,Loose Smut,کال کنگی,Medium,16.59526696207439,68.37172568147008,23.147247010180568,6.5952669620743904,0.36020540963229003,Ears converted into black powdery spore mass,Vitavax 200 WP,2.5 g/kg seed
2023,8,Lahore,Rice,Magnaporthe oryzae,Rice Blast,دھان کا بلاسٹ,High,30.856126372185905,79.46994249029355,76.07054729465344,20.856126372185905,0.778455424847887,Spindle-shaped lesions with grey center and brown margin,Tricyclazole 75 WP,120 g/acre
2023,8,Faisalabad,Rice,Magnaporthe oryzae,Rice Blast,دھان کا بلاسٹ,High,28.45024316712937,83.83881647180476,75.56571146611066,18.45024316712937,0.7572173699895799,Spindle-shaped lesions with grey center and brown margin,Tricyclazole 75 WP,120 g/acre
2023,8,Multan,Rice,Magnaporthe oryzae,Rice Blast,دھان کا بلاسٹ,High,26.22613392339718,83.88094476210206,79.92189673625798,16.22613392339718,0.6983723463339587,Spindle-shaped lesions with grey center and brown margin,Tricyclazole 75 WP,120 g/acre
2023,8,Gujranwala,Rice,Magnaporthe oryzae,Rice Blast,دھان کا بلاسٹ,High,28.95519098470723,80.48764894635275,78.45940184817205,18.95519098470723,0.7398524594132424,Spindle-shaped lesions with grey center and brown margin,Tricyclazole 75 WP,120 g/acre
2023,8,Bahawalpur,Rice,Magnaporthe oryzae,Rice Blast,دھان کا بلاسٹ,High,27.196478267186603,83.06415861364951,73.92109166873033,17.196478267186603,0.7171595506407173,Spindle-shaped lesions with grey center and brown margin,Tricyclazole 75 WP,120 g/acre
2023,8,Sahiwal,Rice,Magnaporthe oryzae,Rice Blast,دھان کا بلاسٹ,High,28.377037668759066,79.64063222824598,74.52465198982837,18.377037668759066,0.717449276414198,Spindle-shaped lesions with grey center and brown margin,Tricyclazole 75 WP,120 g/acre
2023,8,Rawalpindi,Rice,Magnaporthe oryzae,Rice Blast,دھان کا بلاسٹ,High,26.058601573226007,86.71281235171475,83.11145705526457,16.058601573226007,0.7173379772594429,Spindle-shaped lesions with grey center and brown margin,Tricyclazole 75 WP,120 g/acre
2023,8,Sheikhupura,Rice,Magnaporthe oryzae,Rice Blast,دھان کا بلاسٹ,High,27.619166194829678,85.87543005818395,71.83059537967866,17.619166194829678,0.7529548491522078,Spindle-shaped lesions with grey center and brown margin,Tricyclazole 75 WP,120 g/acre
2023,8,Sargodha,Rice,Magnaporthe oryzae,Rice Blast,دھان کا بلاسٹ,High,29.644021425516964,82.06372560305314,77.40276195822162,19.644021425516964,0.7722853460427468,Spindle-shaped lesions with grey center and brown margin,Tricyclazole 75 WP,120 g/acre
2023,8,Rahim Yar Khan,Rice,Magnaporthe oryzae,Rice Blast,دھان کا بلاسٹ,High,27.135117343098244,86.86121251673003,81.29689264184773,17.135117343098244,0.7482505378429408,Spindle-shaped lesions with grey center and brown margin,Tricyclazole 75 WP,120 g/acre
2023,9,Lahore,Rice,Xanthomonas oryzae,Bacterial Leaf Blight,بیکٹیریل بلائیٹ,Critical,31.361872072049987,88.17354753085066,71.88506893660538,21.361872072049987,0.8778690532702722,Water-soaked lesions turning straw-colored from leaf tip,Copper Oxychloride + Kasugamycin,250 g/acre
2023,9,Faisalabad,Rice,Xanthomonas oryzae,Bacterial Leaf Blight,بیکٹیریل بلائیٹ,Critical,30.855035248500812,87.9881274611611,74.61289358073198,20.855035248500812,0.8618656426233993,Water-soaked lesions turning straw-colored from leaf tip,Copper Oxychloride + Kasugamycin,250 g/acre
2023,9,Multan,Rice,Xanthomonas oryzae,Bacterial Leaf Blight,بیکٹیریل بلائیٹ,Critical,30.311119488350624,93.3132389539475,59.68451484673902,20.311119488350624,0.8979138843740054,Water-soaked lesions turning straw-colored from leaf tip,Copper Oxychloride + Kasugamycin,250 g/acre
2023,9,Gujranwala,Rice,Xanthomonas oryzae,Bacterial Leaf Blight,بیکٹیریل بلائیٹ,Critical,31.708000489423206,85.2629349705903,72.06393099648331,21.708000489423206,0.858259423421313,Water-soaked lesions turning straw-colored from leaf tip,Copper Oxychloride + Kasugamycin,250 g/acre
2023,9,Bahawalpur,Rice,Xanthomonas oryzae,Bacterial Leaf Blight,بیکٹیریل بلائیٹ,Critical,30.34927428125834,83.39997163601481,68.3555470992523,20.34927428125834,0.8035328934065331,Water-soaked lesions turning straw-colored from leaf tip,Copper Oxychloride + Kasugamycin,250 g/acre
2023,9,Sahiwal,Rice,Xanthomonas oryzae,Bacterial Leaf Blight,بیکٹیریل بلائیٹ,Critical,30.232464474752934,85.33129835157045,52.32772195115871,20.232464474752934,0.8189763320629834,Water-soaked lesions turning straw-colored from leaf tip,Copper Oxychloride + Kasugamycin,250 g/acre
2023,9,Rawalpindi,Rice,Xanthomonas oryzae,Bacterial Leaf Blight,بیکٹیریل بلائیٹ,Critical,32.499172279406935,91.79280612230372,61.94096495027876,22.499172279406935,0.9470445143425232,Water-soaked lesions turning straw-colored from leaf tip,Copper Oxychloride + Kasugamycin,250 g/acre
2023,9,Sheikhupura,Rice,Xanthomonas oryzae,Bacterial Leaf Blight,بیکٹیریل بلائیٹ,Critical,29.324891528595582,82.90099145504992,57.80913209257141,19.324891528595582,0.7717658990578946,Water-soaked lesions turning straw-colored from leaf tip,Copper Oxychloride + Kasugamycin,250 g/acre
2023,9,Sargodha,Rice,Xanthomonas oryzae,Bacterial Leaf Blight,بیکٹیریل بلائیٹ,Critical,29.8289857034328,92.44333067245557,54.25849325338401,19.8289857034328,0.8753939012718692,Water-soaked lesions turning straw-colored from leaf tip,Copper Oxychloride + Kasugamycin,250 g/acre
2023,9,Rahim Yar Khan,Rice,Xanthomonas oryzae,Bacterial Leaf Blight,بیکٹیریل بلائیٹ,Critical,28.86262917550313,88.62740798102809,67.06435271321078,18.86262917550313,0.812069844870616,Water-soaked lesions turning straw-colored from leaf tip,Copper Oxychloride + Kasugamycin,250 g/acre
2023,7,Lahore,Cotton,Cotton leaf curl virus,Cotton Leaf Curl Virus (CLCuV),کپاس کا پتہ مروڑ وائرس,Critical,35.57570064755488,66.92361258673918,7.516920701007672,25.575700647554882,0.7558267960757996,"Upward/downward leaf curling, thickened veins, enation",Vector Control (Polo 500 SC for Whitefly),200 ml/acre
2023,7,Faisalabad,Cotton,Cotton leaf curl virus,Cotton Leaf Curl Virus (CLCuV),کپاس کا پتہ مروڑ وائرس,Critical,37.570826115640685,65.50442804225735,29.115626435001488,27.570826115640685,0.7812874526286184,"Upward/downward leaf curling, thickened veins, enation",Vector Control (Polo 500 SC for Whitefly),200 ml/acre
2023,7,Multan,Cotton,Cotton leaf curl virus,Cotton Leaf Curl Virus (CLCuV),کپاس کا پتہ مروڑ وائرس,Critical,36.292615433358506,62.43103743557011,25.58964722209123,26.292615433358506,0.7192970262713506,"Upward/downward leaf curling, thickened veins, enation",Vector Control (Polo 500 SC for Whitefly),200 ml/acre
2023,7,Gujranwala,Cotton,Cotton leaf curl virus,Cotton Leaf Curl Virus (CLCuV),کپاس کا پتہ مروڑ وائرس,Critical,34.298419570218535,65.5159141662695,11.878124349358401,24.298419570218535,0.7133626389209954,"Upward/downward leaf curling, thickened veins, enation",Vector Control (Polo 500 SC for Whitefly),200 ml/acre
2023,7,Bahawalpur,Cotton,Cotton leaf curl virus,Cotton Leaf Curl Virus (CLCuV),کپاس کا پتہ مروڑ وائرس,Critical,37.42610673557919,60.150904661266495,16.14215150601094,27.42610673557919,0.7146711676489548,"Upward/downward leaf curling, thickened veins, enation",Vector Control (Polo 500 SC for Whitefly),200 ml/acre
2023,7,Sahiwal,Cotton,Cotton leaf curl virus,Cotton Leaf Curl Virus (CLCuV),کپاس کا پتہ مروڑ وائرس,Critical,34.431011626727674,59.70747033496863,16.01905916152359,24.431011626727674,0.6526313032716834,"Upward/downward leaf curling, thickened veins, enation",Vector Control (Polo 500 SC for Whitefly),200 ml/acre
2023,7,Rawalpindi,Cotton,Cotton leaf curl virus,Cotton Leaf Curl Virus (CLCuV),کپاس کا پتہ مروڑ وائرس,Critical,36.26290562109283,56.469764001727995,27.91587972384195,26.262905621092827,0.6500818166476341,"Upward/downward leaf curling, thickened veins, enation",Vector Control (Polo 500 SC for Whitefly),200 ml/acre
2023,7,Sheikhupura,Cotton,Cotton leaf curl virus,Cotton Leaf Curl Virus (CLCuV),کپاس کا پتہ مروڑ وائرس,Critical,34.18568992577449,58.5738224063759,13.125415990925433,24.18568992577449,0.6356782636672218,"Upward/downward leaf curling, thickened veins, enation",Vector Control (Polo 500 SC for Whitefly),200 ml/acre
2023,7,Sargodha,Cotton,Cotton leaf curl virus,Cotton Leaf Curl Virus (CLCuV),کپاس کا پتہ مروڑ وائرس,Critical,36.84414989902158,56.00127288858492,18.00168347175579,26.84414989902158,0.655021997727948,"Upward/downward leaf curling, thickened veins, enation",Vector Control (Polo 500 SC for Whitefly),200 ml/acre
2023,7,Rahim Yar Khan,Cotton,Cotton leaf curl virus,Cotton Leaf Curl Virus (CLCuV),کپاس کا پتہ مروڑ وائرس,Critical,37.43776280030376,56.907489196606775,14.982509644755345,27.43776280030376,0.6763457403502898,"Upward/downward leaf curling, thickened veins, enation",Vector Control (Polo 500 SC for Whitefly),200 ml/acre
2023,8,Lahore,Cotton,Xanthomonas citri pv. malvacearum,Bacterial Blight (Angular Leaf Spot),بیکٹیریل بلائیٹ,High,34.17021586134877,76.53178559915244,45.235273077048674,24.170215861348773,0.8301928997388897,Angular water-soaked spots bounded by leaf veins,Copper Hydroxide 77 WP,500 g/acre
2023,8,Faisalabad,Cotton,Xanthomonas citri pv. malvacearum,Bacterial Blight (Angular Leaf Spot),بیکٹیریل بلائیٹ,High,35.107194783313105,75.27744069117821,45.212918692256274,25.107194783313105,0.8389777057569819,Angular water-soaked spots bounded by leaf veins,Copper Hydroxide 77 WP,500 g/acre
2023,8,Multan,Cotton,Xanthomonas citri pv. malvacearum,Bacterial Blight (Angular Leaf Spot),بیکٹیریل بلائیٹ,High,32.95114159433082,76.30794054143021,47.159264041498105,22.95114159433082,0.7982329376356966,Angular water-soaked spots bounded by leaf veins,Copper Hydroxide 77 WP,500 g/acre
2023,8,Gujranwala,Cotton,Xanthomonas citri pv. malvacearum,Bacterial Blight (Angular Leaf Spot),بیکٹیریل بلائیٹ,High,32.63253505854091,69.00735412670474,37.343321744338034,22.63253505854091,0.7148840961386794,Angular water-soaked spots bounded by leaf veins,Copper Hydroxide 77 WP,500 g/acre
2023,8,Bahawalpur,Cotton,Xanthomonas citri pv. malvacearum,Bacterial Blight (Angular Leaf Spot),بیکٹیریل بلائیٹ,High,32.8570122965849,71.16989269775112,50.917654660235335,22.857012296584898,0.7423587427036942,Angular water-soaked spots bounded by leaf veins,Copper Hydroxide 77 WP,500 g/acre
2023,8,Sahiwal,Cotton,Xanthomonas citri pv. malvacearum,Bacterial Blight (Angular Leaf Spot),بیکٹیریل بلائیٹ,High,34.73676844488794,69.96368197178957,42.03237349171158,24.736768444887943,0.7715276889542335,Angular water-soaked spots bounded by leaf veins,Copper Hydroxide 77 WP,500 g/acre
2023,8,Rawalpindi,Cotton,Xanthomonas citri pv. malvacearum,Bacterial Blight (Angular Leaf Spot),بیکٹیریل بلائیٹ,High,34.07254828703422,69.34033434664374,48.32691236991155,24.072548287034223,0.75003234611591,Angular water-soaked spots bounded by leaf veins,Copper Hydroxide 77 WP,500 g/acre
2023,8,Sheikhupura,Cotton,Xanthomonas citri pv. malvacearum,Bacterial Blight (Angular Leaf Spot),بیکٹیریل بلائیٹ,High,34.414385977674534,77.34085006578249,47.70430666314643,24.414385977674534,0.8449644019064424,Angular water-soaked spots bounded by leaf veins,Copper Hydroxide 77 WP,500 g/acre
2023,8,Sargodha,Cotton,Xanthomonas citri pv. malvacearum,Bacterial Blight (Angular Leaf Spot),بیکٹیریل بلائیٹ,High,35.139957334473,73.97659811307838,44.151625557815294,25.139957334473003,0.8252490480771525,Angular water-soaked spots bounded by leaf veins,Copper Hydroxide 77 WP,500 g/acre
2023,8,Rahim Yar Khan,Cotton,Xanthomonas citri pv. malvacearum,Bacterial Blight (Angular Leaf Spot),بیکٹیریل بلائیٹ,High,32.246665683145004,77.86948846632993,35.69604253958345,22.246665683145004,0.7971528131718276,Angular water-soaked spots bounded by leaf veins,Copper Hydroxide 77 WP,500 g/acre
2023,7,Lahore,Sugarcane,Colletotrichum falcatum,Sugarcane Red Rot,کماد کا ریڈ راٹ,Critical,33.63542458134012,72.70885327641435,34.69105490392721,23.635424581340118,0.7763787780236695,Red discoloration of internal cane stalk with white cross-bands,Carbendazim 50 WP,500 g/acre sett dip
2023,7,Faisalabad,Sugarcane,Colletotrichum falcatum,Sugarcane Red Rot,کماد کا ریڈ راٹ,Critical,33.484382695490254,74.83464504357144,36.70830603181102,23.484382695490254,0.795489490006387,Red discoloration of internal cane stalk with white cross-bands,Carbendazim 50 WP,500 g/acre sett dip
2023,7,Multan,Sugarcane,Colletotrichum falcatum,Sugarcane Red Rot,کماد کا ریڈ راٹ,Critical,36.94530272819216,69.97370017288492,37.38678504955071,26.94530272819216,0.8206982653647573,Red discoloration of internal cane stalk with white cross-bands,Carbendazim 50 WP,500 g/acre sett dip
2023,7,Gujranwala,Sugarcane,Colletotrichum falcatum,Sugarcane Red Rot,کماد کا ریڈ راٹ,Critical,33.35148141972629,74.70089829052391,35.45659976968082,23.35148141972629,0.7909160702772291,Red discoloration of internal cane stalk with white cross-bands,Carbendazim 50 WP,500 g/acre sett dip
2023,7,Bahawalpur,Sugarcane,Colletotrichum falcatum,Sugarcane Red Rot,کماد کا ریڈ راٹ,Critical,33.19313583715927,69.34648575380164,34.709745489325115,23.193135837159268,0.7307388322081168,Red discoloration of internal cane stalk with white cross-bands,Carbendazim 50 WP,500 g/acre sett dip
2023,7,Sahiwal,Sugarcane,Colletotrichum falcatum,Sugarcane Red Rot,کماد کا ریڈ راٹ,Critical,34.78567316202521,78.53213322664469,20.70593900732242,24.785673162025212,0.8672359108376769,Red discoloration of internal cane stalk with white cross-bands,Carbendazim 50 WP,500 g/acre sett dip
2023,7,Rawalpindi,Sugarcane,Colletotrichum falcatum,Sugarcane Red Rot,کماد کا ریڈ راٹ,Critical,33.06010403125314,74.89412697953608,37.48061169189451,23.06010403125314,0.7860341680232843,Red discoloration of internal cane stalk with white cross-bands,Carbendazim 50 WP,500 g/acre sett dip
2023,7,Sheikhupura,Sugarcane,Colletotrichum falcatum,Sugarcane Red Rot,کماد کا ریڈ راٹ,Critical,35.72470971489959,73.83800160081577,34.98296896745824,25.72470971489959,0.8374098962277571,Red discoloration of internal cane stalk with white cross-bands,Carbendazim 50 WP,500 g/acre sett dip
2023,7,Sargodha,Sugarcane,Colletotrichum falcatum,Sugarcane Red Rot,کماد کا ریڈ راٹ,Critical,35.52868189457514,70.34437885883392,40.22435286302506,25.528681894575143,0.7934104950942817,Red discoloration of internal cane stalk with white cross-bands,Carbendazim 50 WP,500 g/acre sett dip
2023,7,Rahim Yar Khan,Sugarcane,Colletotrichum falcatum,Sugarcane Red Rot,کماد کا ریڈ راٹ,Critical,36.52840515512545,70.88303575036467,20.39089418371289,26.528405155125448,0.821982301115734,Red discoloration of internal cane stalk with white cross-bands,Carbendazim 50 WP,500 g/acre sett dip
2023,8,Lahore,Maize,Exserohilum turcicum,Northern Corn Leaf Blight,مکئی کا بلائیٹ,High,32.88329520396067,79.51289687792637,32.97414676036904,22.88329520396067,0.8300463684314081,Long elliptical greyish-green lesions on foliage,Score 250 EC (Difenoconazole),125 ml/acre
2023,8,Faisalabad,Maize,Exserohilum turcicum,Northern Corn Leaf Blight,مکئی کا بلائیٹ,High,31.096236129313223,77.16542987235488,38.476012396577254,21.096236129313223,0.7617633105811771,Long elliptical greyish-green lesions on foliage,Score 250 EC (Difenoconazole),125 ml/acre
2023,8,Multan,Maize,Exserohilum turcicum,Northern Corn Leaf Blight,مکئی کا بلائیٹ,High,32.37967805616568,78.22951827339632,53.3640130973253,22.37967805616568,0.8041417829147629,Long elliptical greyish-green lesions on foliage,Score 250 EC (Difenoconazole),125 ml/acre
2023,8,Gujranwala,Maize,Exserohilum turcicum,Northern Corn Leaf Blight,مکئی کا بلائیٹ,High,30.327411211009693,72.50222674507432,44.32332961963008,20.327411211009693,0.6980332838767409,Long elliptical greyish-green lesions on foliage,Score 250 EC (Difenoconazole),125 ml/acre
2023,8,Bahawalpur,Maize,Exserohilum turcicum,Northern Corn Leaf Blight,مکئی کا بلائیٹ,High,29.781315803323384,73.9112022443814,45.99686661408019,19.781315803323384,0.6987850334740401,Long elliptical greyish-green lesions on foliage,Score 250 EC (Difenoconazole),125 ml/acre
2023,8,Sahiwal,Maize,Exserohilum turcicum,Northern Corn Leaf Blight,مکئی کا بلائیٹ,High,32.14008499328639,75.23219535729011,31.75810709922033,22.140084993286393,0.7676092549253429,Long elliptical greyish-green lesions on foliage,Score 250 EC (Difenoconazole),125 ml/acre
2023,8,Rawalpindi,Maize,Exserohilum turcicum,Northern Corn Leaf Blight,مکئی کا بلائیٹ,High,32.34307163550539,83.50147531685018,38.413119554226974,22.34307163550539,0.857363237410562,Long elliptical greyish-green lesions on foliage,Score 250 EC (Difenoconazole),125 ml/acre
2023,8,Sheikhupura,Maize,Exserohilum turcicum,Northern Corn Leaf Blight,مکئی کا بلائیٹ,High,33.41812166651778,76.79687681071182,50.55006114586443,23.418121666517777,0.8147324993234747,Long elliptical greyish-green lesions on foliage,Score 250 EC (Difenoconazole),125 ml/acre
2023,8,Sargodha,Maize,Exserohilum turcicum,Northern Corn Leaf Blight,مکئی کا بلائیٹ,High,33.84545309645227,78.01523414385412,50.603687961748825,23.845453096452268,0.8382415708014463,Long elliptical greyish-green lesions on foliage,Score 250 EC (Difenoconazole),125 ml/acre
2023,8,Rahim Yar Khan,Maize,Exserohilum turcicum,Northern Corn Leaf Blight,مکئی کا بلائیٹ,High,33.73820499049207,74.46135254248945,44.03566565742,23.738204990492072,0.7975213891897801,Long elliptical greyish-green lesions on foliage,Score 250 EC (Difenoconazole),125 ml/acre
2023,1,Lahore,Vegetables,Phytophthora infestans,Late Blight of Potato/Tomato,پچھیتا جھلساؤ,Critical,15.804129507101521,87.85828807417292,24.38631309868556,5.804129507101521,0.98,Dark water-soaked necrotic lesions on leaf tips and tubers,Acrobat MZ (Dimethomorph+Mancozeb),250 g/acre
2023,1,Faisalabad,Vegetables,Phytophthora infestans,Late Blight of Potato/Tomato,پچھیتا جھلساؤ,Critical,14.889788258154894,87.83988512913825,34.33579398156914,4.889788258154894,0.98,Dark water-soaked necrotic lesions on leaf tips and tubers,Acrobat MZ (Dimethomorph+Mancozeb),250 g/acre
2023,1,Multan,Vegetables,Phytophthora infestans,Late Blight of Potato/Tomato,پچھیتا جھلساؤ,Critical,14.324539843183148,90.03190800551508,21.712339036015933,4.324539843183148,0.98,Dark water-soaked necrotic lesions on leaf tips and tubers,Acrobat MZ (Dimethomorph+Mancozeb),250 g/acre
2023,1,Gujranwala,Vegetables,Phytophthora infestans,Late Blight of Potato/Tomato,پچھیتا جھلساؤ,Critical,14.684904511118006,89.56414107112262,16.03989958827752,4.684904511118006,0.98,Dark water-soaked necrotic lesions on leaf tips and tubers,Acrobat MZ (Dimethomorph+Mancozeb),250 g/acre
2023,1,Bahawalpur,Vegetables,Phytophthora infestans,Late Blight of Potato/Tomato,پچھیتا جھلساؤ,Critical,12.75119303301007,83.86033882271501,31.274129387880958,2.75119303301007,0.9613768049651484,Dark water-soaked necrotic lesions on leaf tips and tubers,Acrobat MZ (Dimethomorph+Mancozeb),250 g/acre
2023,1,Sahiwal,Vegetables,Phytophthora infestans,Late Blight of Potato/Tomato,پچھیتا جھلساؤ,Critical,14.896564689068644,80.56455033825321,19.21531213632662,4.896564689068644,0.9299597573303389,Dark water-soaked necrotic lesions on leaf tips and tubers,Acrobat MZ (Dimethomorph+Mancozeb),250 g/acre
2023,1,Rawalpindi,Vegetables,Phytophthora infestans,Late Blight of Potato/Tomato,پچھیتا جھلساؤ,Critical,13.040587353670379,87.7377331544674,15.70174979720236,3.0405873536703787,0.9039127435700425,Dark water-soaked necrotic lesions on leaf tips and tubers,Acrobat MZ (Dimethomorph+Mancozeb),250 g/acre
2023,1,Sheikhupura,Vegetables,Phytophthora infestans,Late Blight of Potato/Tomato,پچھیتا جھلساؤ,Critical,15.823217063259374,86.02208725874864,21.270063748659673,5.823217063259374,0.9698327293746469,Dark water-soaked necrotic lesions on leaf tips and tubers,Acrobat MZ (Dimethomorph+Mancozeb),250 g/acre
2023,1,Sargodha,Vegetables,Phytophthora infestans,Late Blight of Potato/Tomato,پچھیتا جھلساؤ,Critical,12.41098065367696,84.5938640710586,22.137451389629803,2.41098065367696,0.8939693087656064,Dark water-soaked necrotic lesions on leaf tips and tubers,Acrobat MZ (Dimethomorph+Mancozeb),250 g/acre
2023,1,Rahim Yar Khan,Vegetables,Phytophthora infestans,Late Blight of Potato/Tomato,پچھیتا جھلساؤ,Critical,15.795814568646602,79.61138806367394,19.813069119019445,5.795814568646602,0.8994028706190281,Dark water-soaked necrotic lesions on leaf tips and tubers,Acrobat MZ (Dimethomorph+Mancozeb),250 g/acre
2023,3,Lahore,Vegetables,Alternaria solani,Early Blight,اگیتا جھلساؤ,Medium,25.87802515313555,72.28296423198096,20.563459721256887,15.87802515313555,0.5938223385836191,Target-board concentric ring spots on lower leaves,Antracol 70 WP (Propineb),500 g/acre
2023,3,Faisalabad,Vegetables,Alternaria solani,Early Blight,اگیتا جھلساؤ,Medium,24.734461856590244,72.44684419740888,7.878609376058483,14.734461856590244,0.5688678426765543,Target-board concentric ring spots on lower leaves,Antracol 70 WP (Propineb),500 g/acre
2023,3,Multan,Vegetables,Alternaria solani,Early Blight,اگیتا جھلساؤ,Medium,23.873453107813408,68.20767460126164,10.929829652676027,13.873453107813408,0.5169373718051478,Target-board concentric ring spots on lower leaves,Antracol 70 WP (Propineb),500 g/acre
2023,3,Gujranwala,Vegetables,Alternaria solani,Early Blight,اگیتا جھلساؤ,Medium,23.4853595506195,68.0653974612161,17.503468304179627,13.4853595506195,0.5074731213753916,Target-board concentric ring spots on lower leaves,Antracol 70 WP (Propineb),500 g/acre
2023,3,Bahawalpur,Vegetables,Alternaria solani,Early Blight,اگیتا جھلساؤ,Medium,21.88353782574529,71.65060562147414,28.33860060258352,11.88353782574529,0.49776785344605945,Target-board concentric ring spots on lower leaves,Antracol 70 WP (Propineb),500 g/acre
2023,3,Sahiwal,Vegetables,Alternaria solani,Early Blight,اگیتا جھلساؤ,Medium,25.480559875792963,69.7867445844183,15.00621266119649,15.480559875792963,0.564509626641251,Target-board concentric ring spots on lower leaves,Antracol 70 WP (Propineb),500 g/acre
2023,3,Rawalpindi,Vegetables,Alternaria solani,Early Blight,اگیتا جھلساؤ,Medium,24.310400817933704,71.0640197686925,16.574381146974638,14.310400817933704,0.5484427950191998,Target-board concentric ring spots on lower leaves,Antracol 70 WP (Propineb),500 g/acre
2023,3,Sheikhupura,Vegetables,Alternaria solani,Early Blight,اگیتا جھلساؤ,Medium,25.63599833885349,73.19369806403861,26.849608551315296,15.63599833885349,0.5956804831695993,Target-board concentric ring spots on lower leaves,Antracol 70 WP (Propineb),500 g/acre
2023,3,Sargodha,Vegetables,Alternaria solani,Early Blight,اگیتا جھلساؤ,Medium,23.01417837609667,66.18726837778985,15.606463983895079,13.01417837609667,0.4835700319596946,Target-board concentric ring spots on lower leaves,Antracol 70 WP (Propineb),500 g/acre
2023,3,Rahim Yar Khan,Vegetables,Alternaria solani,Early Blight,اگیتا جھلساؤ,Medium,23.252195418859014,65.19227955349564,6.503779959644502,13.252195418859014,0.48122654729484676,Target-board concentric ring spots on lower leaves,Antracol 70 WP (Propineb),500 g/acre
2023,4,Lahore,Vegetables,Erysiphe cichoracearum,Powdery Mildew,سفوفی پھپھوندی,Medium,28.950506524230732,59.52308111938404,19.229313330856385,18.950506524230732,0.5470550312028707,White powdery fungal growth covering leaf surface,Topas 100 EC (Penconazole),100 ml/acre
2023,4,Faisalabad,Vegetables,Erysiphe cichoracearum,Powdery Mildew,سفوفی پھپھوندی,Medium,24.82925728055666,65.62338419588085,8.628696254018918,14.82925728055666,0.5172634570858227,White powdery fungal growth covering leaf surface,Topas 100 EC (Penconazole),100 ml/acre
2023,4,Multan,Vegetables,Erysiphe cichoracearum,Powdery Mildew,سفوفی پھپھوندی,Medium,27.03530248336611,60.17275669644934,0.0,17.03530248336611,0.5164408503322228,White powdery fungal growth covering leaf surface,Topas 100 EC (Penconazole),100 ml/acre
2023,4,Gujranwala,Vegetables,Erysiphe cichoracearum,Powdery Mildew,سفوفی پھپھوندی,Medium,25.949211036282414,58.53526764179284,12.808916813457305,15.949211036282414,0.48220444860385897,White powdery fungal growth covering leaf surface,Topas 100 EC (Penconazole),100 ml/acre
2023,4,Bahawalpur,Vegetables,Erysiphe cichoracearum,Powdery Mildew,سفوفی پھپھوندی,Medium,25.165279272951388,55.486991216569564,3.3388187322921326,15.165279272951388,0.44328432697802345,White powdery fungal growth covering leaf surface,Topas 100 EC (Penconazole),100 ml/acre
2023,4,Sahiwal,Vegetables,Erysiphe cichoracearum,Powdery Mildew,سفوفی پھپھوندی,Medium,25.308879957009133,60.39722189697414,19.812264275973035,15.308879957009133,0.4852654091197974,White powdery fungal growth covering leaf surface,Topas 100 EC (Penconazole),100 ml/acre
2023,4,Rawalpindi,Vegetables,Erysiphe cichoracearum,Powdery Mildew,سفوفی پھپھوندی,Medium,28.04672217190994,65.33513727259077,1.9109014512167972,18.04672217190994,0.5817258549676035,White powdery fungal growth covering leaf surface,Topas 100 EC (Penconazole),100 ml/acre
2023,4,Sheikhupura,Vegetables,Erysiphe cichoracearum,Powdery Mildew,سفوفی پھپھوندی,Medium,24.841630818071476,56.6434184370364,2.3202511692360774,14.841630818071476,0.4467031393925085,White powdery fungal growth covering leaf surface,Topas 100 EC (Penconazole),100 ml/acre
2023,4,Sargodha,Vegetables,Erysiphe cichoracearum,Powdery Mildew,سفوفی پھپھوندی,Medium,25.756497036235764,65.93836052058755,0.0,15.756497036235764,0.5391559324834154,White powdery fungal growth covering leaf surface,Topas 100 EC (Penconazole),100 ml/acre
2023,4,Rahim Yar Khan,Vegetables,Erysiphe cichoracearum,Powdery Mildew,سفوفی پھپھوندی,Medium,26.928658301546236,61.67255532589382,11.689339014444009,16.928658301546236,0.5272251330013333,White powdery fungal growth covering leaf surface,Topas 100 EC (Penconazole),100 ml/acre
2024,2,Lahore,Wheat,Puccinia striiformis,Wheat Yellow Rust,پیلی کنگی,High,13.740830381580253,78.75252723937834,34.93925710581413,3.7408303815802526,0.9753796577930296,Yellow pustules in linear stripes on leaves,Tilt 250 EC (Propiconazole),200-250 ml/acre
2024,2,Faisalabad,Wheat,Puccinia striiformis,Wheat Yellow Rust,پیلی کنگی,High,17.560929204398185,73.34314206434206,43.62918357062428,7.560929204398185,0.938916919695356,Yellow pustules in linear stripes on leaves,Tilt 250 EC (Propiconazole),200-250 ml/acre
2024,2,Multan,Wheat,Puccinia striiformis,Wheat Yellow Rust,پیلی کنگی,High,13.302358084483249,72.87079850922945,41.513149762041174,3.3023580844832487,0.949231170490852,Yellow pustules in linear stripes on leaves,Tilt 250 EC (Propiconazole),200-250 ml/acre
2024,2,Gujranwala,Wheat,Puccinia striiformis,Wheat Yellow Rust,پیلی کنگی,High,13.304294712067367,78.1691399362326,26.856162406527574,3.3042947120673674,0.9004816530075027,Yellow pustules in linear stripes on leaves,Tilt 250 EC (Propiconazole),200-250 ml/acre
2024,2,Bahawalpur,Wheat,Puccinia striiformis,Wheat Yellow Rust,پیلی کنگی,High,17.5140859193938,74.64766397799526,33.40323789268888,7.5140859193938,0.8838600556148248,Yellow pustules in linear stripes on leaves,Tilt 250 EC (Propiconazole),200-250 ml/acre
2024,2,Sahiwal,Wheat,Puccinia striiformis,Wheat Yellow Rust,پیلی کنگی,High,13.27748068465864,81.88481241687569,34.79471049240409,3.2774806846586397,0.98,Yellow pustules in linear stripes on leaves,Tilt 250 EC (Propiconazole),200-250 ml/acre
2024,2,Rawalpindi,Wheat,Puccinia striiformis,Wheat Yellow Rust,پیلی کنگی,High,16.351611231536733,78.35947745303689,27.203309417393026,6.351611231536733,0.9168085570904705,Yellow pustules in linear stripes on leaves,Tilt 250 EC (Propiconazole),200-250 ml/acre
2024,2,Sheikhupura,Wheat,Puccinia striiformis,Wheat Yellow Rust,پیلی کنگی,High,13.195281481746738,77.58475112011337,31.341807706611483,3.195281481746738,0.9211480608752682,Yellow pustules in linear stripes on leaves,Tilt 250 EC (Propiconazole),200-250 ml/acre
2024,2,Sargodha,Wheat,Puccinia striiformis,Wheat Yellow Rust,پیلی کنگی,High,13.404363757787872,76.66748096590683,42.448250170043195,3.4043637577878716,0.98,Yellow pustules in linear stripes on leaves,Tilt 250 EC (Propiconazole),200-250 ml/acre
2024,2,Rahim Yar Khan,Wheat,Puccinia striiformis,Wheat Yellow Rust,پیلی کنگی,High,13.509182236035612,83.7246718066503,42.25295911799105,3.5091822360356115,0.98,Yellow pustules in linear stripes on leaves,Tilt 250 EC (Propiconazole),200-250 ml/acre
2024,3,Lahore,Wheat,Puccinia triticina,Wheat Brown / Leaf Rust,بھوری کنگی,Medium,18.798088057079227,74.10882864334586,25.58747921403493,8.798088057079227,0.7837297280144083,Round brown pustules scattered on upper leaf surface,Nativo 75 WG (Tebuconazole+Trifloxystrobin),65 g/acre
2024,3,Faisalabad,Wheat,Puccinia triticina,Wheat Brown / Leaf Rust,بھوری کنگی,Medium,21.74106105817194,64.04552472771434,25.203245135528967,11.74106105817194,0.6122337939266472,Round brown pustules scattered on upper leaf surface,Nativo 75 WG (Tebuconazole+Trifloxystrobin),65 g/acre
2024,3,Multan,Wheat,Puccinia triticina,Wheat Brown / Leaf Rust,بھوری کنگی,Medium,20.260472322249814,66.22057930646761,33.2167541368765,10.260472322249814,0.7253092185506611,Round brown pustules scattered on upper leaf surface,Nativo 75 WG (Tebuconazole+Trifloxystrobin),65 g/acre
2024,3,Gujranwala,Wheat,Puccinia triticina,Wheat Brown / Leaf Rust,بھوری کنگی,Medium,18.566064373661604,74.00308968034999,17.017240475547844,8.566064373661604,0.7335247204359489,Round brown pustules scattered on upper leaf surface,Nativo 75 WG (Tebuconazole+Trifloxystrobin),65 g/acre
2024,3,Bahawalpur,Wheat,Puccinia triticina,Wheat Brown / Leaf Rust,بھوری کنگی,Medium,22.171861558982037,74.53293004938088,23.119762677332176,12.171861558982037,0.6564883899035452,Round brown pustules scattered on upper leaf surface,Nativo 75 WG (Tebuconazole+Trifloxystrobin),65 g/acre
2024,3,Sahiwal,Wheat,Puccinia triticina,Wheat Brown / Leaf Rust,بھوری کنگی,Medium,18.610506002887696,73.81420568311019,18.323609893375238,8.610506002887696,0.7391600776124263,Round brown pustules scattered on upper leaf surface,Nativo 75 WG (Tebuconazole+Trifloxystrobin),65 g/acre
2024,3,Rawalpindi,Wheat,Puccinia triticina,Wheat Brown / Leaf Rust,بھوری کنگی,Medium,21.055318473191527,66.57396184315765,16.599934946461815,11.055318473191527,0.5931665145977976,Round brown pustules scattered on upper leaf surface,Nativo 75 WG (Tebuconazole+Trifloxystrobin),65 g/acre
2024,3,Sheikhupura,Wheat,Puccinia triticina,Wheat Brown / Leaf Rust,بھوری کنگی,Medium,17.892310180818857,72.77875578219641,25.757246358160867,7.892310180818857,0.8038212897720475,Round brown pustules scattered on upper leaf surface,Nativo 75 WG (Tebuconazole+Trifloxystrobin),65 g/acre
2024,3,Sargodha,Wheat,Puccinia triticina,Wheat Brown / Leaf Rust,بھوری کنگی,Medium,18.915587422299428,64.86908308986446,25.872360923244052,8.915587422299428,0.7057184343978006,Round brown pustules scattered on upper leaf surface,Nativo 75 WG (Tebuconazole+Trifloxystrobin),65 g/acre
2024,3,Rahim Yar Khan,Wheat,Puccinia triticina,Wheat Brown / Leaf Rust,بھوری کنگی,Medium,20.74357807113207,64.93371942937775,18.997110544801437,10.74357807113207,0.6064610129295978,Round brown pustules scattered on upper leaf surface,Nativo 75 WG (Tebuconazole+Trifloxystrobin),65 g/acre
2024,2,Lahore,Wheat,Ustilago tritici,Loose Smut,کال کنگی,Medium,14.306719891170927,67.82668634582333,0.5641356058618285,4.306719891170927,0.3080563183161912,Ears converted into black powdery spore mass,Vitavax 200 WP,2.5 g/kg seed
2024,2,Faisalabad,Wheat,Ustilago tritici,Loose Smut,کال کنگی,Medium,15.229496882104977,63.961846205949215,3.54904915811374,5.229496882104977,0.3092402340848196,Ears converted into black powdery spore mass,Vitavax 200 WP,2.5 g/kg seed
2024,2,Multan,Wheat,Ustilago tritici,Loose Smut,کال کنگی,Medium,17.593089181400135,59.23062728544373,16.033009852326582,7.593089181400135,0.33080943114383604,Ears converted into black powdery spore mass,Vitavax 200 WP,2.5 g/kg seed
2024,2,Gujranwala,Wheat,Ustilago tritici,Loose Smut,کال کنگی,Medium,18.17328277328896,62.34744001419327,5.715204509695681,8.17328277328896,0.35970084367257305,Ears converted into black powdery spore mass,Vitavax 200 WP,2.5 g/kg seed
2024,2,Bahawalpur,Wheat,Ustilago tritici,Loose Smut,کال کنگی,Medium,14.018740084012808,66.71387018744782,12.591649782259443,4.0187400840128085,0.2969029860813974,Ears converted into black powdery spore mass,Vitavax 200 WP,2.5 g/kg seed
2024,2,Sahiwal,Wheat,Ustilago tritici,Loose Smut,کال کنگی,Medium,15.130043116830556,64.46101457490542,16.672299744708535,5.1300431168305565,0.3096183904358609,Ears converted into black powdery spore mass,Vitavax 200 WP,2.5 g/kg seed
2024,2,Rawalpindi,Wheat,Ustilago tritici,Loose Smut,کال کنگی,Medium,18.328105003575374,70.31168898222552,16.541981001161822,8.328105003575374,0.40910476782379784,Ears converted into black powdery spore mass,Vitavax 200 WP,2.5 g/kg seed
2024,2,Sheikhupura,Wheat,Ustilago tritici,Loose Smut,کال کنگی,Medium,17.10979085327292,62.8125577569411,18.411557377269528,7.109790853272919,0.3411776908509168,Ears converted into black powdery spore mass,Vitavax 200 WP,2.5 g/kg seed
2024,2,Sargodha,Wheat,Ustilago tritici,Loose Smut,کال کنگی,Medium,15.749402722414366,62.14262920234898,18.606763451443157,5.7494027224143665,0.3107013630277655,Ears converted into black powdery spore mass,Vitavax 200 WP,2.5 g/kg seed
2024,2,Rahim Yar Khan,Wheat,Ustilago tritici,Loose Smut,کال کنگی,Medium,17.69778682002506,70.05967248617823,22.05255283040693,7.697786820025058,0.39361941217179597,Ears converted into black powdery spore mass,Vitavax 200 WP,2.5 g/kg seed
2024,8,Lahore,Rice,Magnaporthe oryzae,Rice Blast,دھان کا بلاسٹ,High,29.05680706925676,84.31814448928324,70.60334770651849,19.05680706925676,0.7777828751945455,Spindle-shaped lesions with grey center and brown margin,Tricyclazole 75 WP,120 g/acre
2024,8,Faisalabad,Rice,Magnaporthe oryzae,Rice Blast,دھان کا بلاسٹ,High,27.304811058035583,81.06244546528853,67.86603311500876,17.304811058035583,0.7026650023276243,Spindle-shaped lesions with grey center and brown margin,Tricyclazole 75 WP,120 g/acre
2024,8,Multan,Rice,Magnaporthe oryzae,Rice Blast,دھان کا بلاسٹ,High,27.743068008093974,81.26616820227373,66.32797402560115,17.743068008093974,0.7157374067278998,Spindle-shaped lesions with grey center and brown margin,Tricyclazole 75 WP,120 g/acre
2024,8,Gujranwala,Rice,Magnaporthe oryzae,Rice Blast,دھان کا بلاسٹ,High,28.111047193356782,88.49532732133586,67.74138574244468,18.111047193356782,0.7897448643560725,Spindle-shaped lesions with grey center and brown margin,Tricyclazole 75 WP,120 g/acre
2024,8,Bahawalpur,Rice,Magnaporthe oryzae,Rice Blast,دھان کا بلاسٹ,High,26.807355844922423,88.96850126845453,66.88418857564298,16.807355844922423,0.7571461182517119,Spindle-shaped lesions with grey center and brown margin,Tricyclazole 75 WP,120 g/acre
2024,8,Sahiwal,Rice,Magnaporthe oryzae,Rice Blast,دھان کا بلاسٹ,High,26.411759392912554,79.75054388011968,72.47248461610614,16.411759392912554,0.6686832306081383,Spindle-shaped lesions with grey center and brown margin,Tricyclazole 75 WP,120 g/acre
2024,8,Rawalpindi,Rice,Magnaporthe oryzae,Rice Blast,دھان کا بلاسٹ,High,27.02732640617221,80.37151328277423,78.87418153913801,17.02732640617221,0.6895959121433475,Spindle-shaped lesions with grey center and brown margin,Tricyclazole 75 WP,120 g/acre
2024,8,Sheikhupura,Rice,Magnaporthe oryzae,Rice Blast,دھان کا بلاسٹ,High,26.8803377152337,82.32003952058547,73.53558579305826,16.8803377152337,0.7024731628713404,Spindle-shaped lesions with grey center and brown margin,Tricyclazole 75 WP,120 g/acre
2024,8,Sargodha,Rice,Magnaporthe oryzae,Rice Blast,دھان کا بلاسٹ,High,28.9794577955635,89.06777541583013,76.63524177440998,18.9794577955635,0.8194082027326277,Spindle-shaped lesions with grey center and brown margin,Tricyclazole 75 WP,120 g/acre
2024,8,Rahim Yar Khan,Rice,Magnaporthe oryzae,Rice Blast,دھان کا بلاسٹ,High,28.72540754020008,79.71331131002621,80.52732820199616,18.72540754020008,0.726919794844236,Spindle-shaped lesions with grey center and brown margin,Tricyclazole 75 WP,120 g/acre
2024,9,Lahore,Rice,Xanthomonas oryzae,Bacterial Leaf Blight,بیکٹیریل بلائیٹ,Critical,29.465060012647033,82.74132636238855,58.65827625102279,19.465060012647033,0.7739613164424739,Water-soaked lesions turning straw-colored from leaf tip,Copper Oxychloride + Kasugamycin,250 g/acre
2024,9,Faisalabad,Rice,Xanthomonas oryzae,Bacterial Leaf Blight,بیکٹیریل بلائیٹ,Critical,30.55822879665619,87.90576781862991,54.731414107038816,20.55822879665619,0.8527760525547395,Water-soaked lesions turning straw-colored from leaf tip,Copper Oxychloride + Kasugamycin,250 g/acre
2024,9,Multan,Rice,Xanthomonas oryzae,Bacterial Leaf Blight,بیکٹیریل بلائیٹ,Critical,32.40339929541782,87.32057967975048,55.68573698370215,22.40339929541782,0.8982487651016833,Water-soaked lesions turning straw-colored from leaf tip,Copper Oxychloride + Kasugamycin,250 g/acre
2024,9,Gujranwala,Rice,Xanthomonas oryzae,Bacterial Leaf Blight,بیکٹیریل بلائیٹ,Critical,27.567014486017534,82.60815672973293,61.93423221371563,17.567014486017534,0.7229397629307156,Water-soaked lesions turning straw-colored from leaf tip,Copper Oxychloride + Kasugamycin,250 g/acre
2024,9,Bahawalpur,Rice,Xanthomonas oryzae,Bacterial Leaf Blight,بیکٹیریل بلائیٹ,Critical,31.594197865019694,85.49915011720746,55.99242555319947,21.594197865019694,0.8575482749504999,Water-soaked lesions turning straw-colored from leaf tip,Copper Oxychloride + Kasugamycin,250 g/acre
2024,9,Sahiwal,Rice,Xanthomonas oryzae,Bacterial Leaf Blight,بیکٹیریل بلائیٹ,Critical,27.61065926661456,92.72802358279675,53.221450941777746,17.61065926661456,0.8127878932099051,Water-soaked lesions turning straw-colored from leaf tip,Copper Oxychloride + Kasugamycin,250 g/acre
2024,9,Rawalpindi,Rice,Xanthomonas oryzae,Bacterial Leaf Blight,بیکٹیریل بلائیٹ,Critical,31.076335279437004,82.83780167785982,59.03016057393336,21.076335279437004,0.8172366027786288,Water-soaked lesions turning straw-colored from leaf tip,Copper Oxychloride + Kasugamycin,250 g/acre
2024,9,Sheikhupura,Rice,Xanthomonas oryzae,Bacterial Leaf Blight,بیکٹیریل بلائیٹ,Critical,27.697604451030852,86.64735172167201,60.873533110219945,17.697604451030852,0.7618806586400694,Water-soaked lesions turning straw-colored from leaf tip,Copper Oxychloride + Kasugamycin,250 g/acre
2024,9,Sargodha,Rice,Xanthomonas oryzae,Bacterial Leaf Blight,بیکٹیریل بلائیٹ,Critical,29.287087572473027,87.99992214306408,72.52648344851144,19.287087572473027,0.8181782305316591,Water-soaked lesions turning straw-colored from leaf tip,Copper Oxychloride + Kasugamycin,250 g/acre
2024,9,Rahim Yar Khan,Rice,Xanthomonas oryzae,Bacterial Leaf Blight,بیکٹیریل بلائیٹ,Critical,31.218009863495194,89.12710210412213,72.61185081602025,21.218009863495194,0.8832923024099136,Water-soaked lesions turning straw-colored from leaf tip,Copper Oxychloride + Kasugamycin,250 g/acre
2024,7,Lahore,Cotton,Cotton leaf curl virus,Cotton Leaf Curl Virus (CLCuV),کپاس کا پتہ مروڑ وائرس,Critical,37.665883125120345,62.03286860999125,10.550663952056059,27.665883125120345,0.7417532631682149,"Upward/downward leaf curling, thickened veins, enation",Vector Control (Polo 500 SC for Whitefly),200 ml/acre
2024,7,Faisalabad,Cotton,Cotton leaf curl virus,Cotton Leaf Curl Virus (CLCuV),کپاس کا پتہ مروڑ وائرس,Critical,37.457365147097406,62.879947473141236,12.838932152538302,27.457365147097406,0.7477197310894464,"Upward/downward leaf curling, thickened veins, enation",Vector Control (Polo 500 SC for Whitefly),200 ml/acre
2024,7,Multan,Cotton,Cotton leaf curl virus,Cotton Leaf Curl Virus (CLCuV),کپاس کا پتہ مروڑ وائرس,Critical,35.9816262203297,67.32920803508296,15.265410299221678,25.9816262203297,0.7690839356283092,"Upward/downward leaf curling, thickened veins, enation",Vector Control (Polo 500 SC for Whitefly),200 ml/acre
2024,7,Gujranwala,Cotton,Cotton leaf curl virus,Cotton Leaf Curl Virus (CLCuV),کپاس کا پتہ مروڑ وائرس,Critical,34.481890692708355,66.10303873359253,18.821386424634177,24.481890692708355,0.7236056368468584,"Upward/downward leaf curling, thickened veins, enation",Vector Control (Polo 500 SC for Whitefly),200 ml/acre
2024,7,Bahawalpur,Cotton,Cotton leaf curl virus,Cotton Leaf Curl Virus (CLCuV),کپاس کا پتہ مروڑ وائرس,Critical,34.16091255705947,66.72490272758179,16.807856091881835,24.16091255705947,0.7236138309381652,"Upward/downward leaf curling, thickened veins, enation",Vector Control (Polo 500 SC for Whitefly),200 ml/acre
2024,7,Sahiwal,Cotton,Cotton leaf curl virus,Cotton Leaf Curl Virus (CLCuV),کپاس کا پتہ مروڑ وائرس,Critical,37.55792876468394,67.92773304269068,6.5981997195460735,27.557928764683943,0.8099126853218553,"Upward/downward leaf curling, thickened veins, enation",Vector Control (Polo 500 SC for Whitefly),200 ml/acre
2024,7,Rawalpindi,Cotton,Cotton leaf curl virus,Cotton Leaf Curl Virus (CLCuV),کپاس کا پتہ مروڑ وائرس,Critical,35.43640097575694,67.44838040394806,23.87050906897498,25.43640097575694,0.7587707470348223,"Upward/downward leaf curling, thickened veins, enation",Vector Control (Polo 500 SC for Whitefly),200 ml/acre
2024,7,Sheikhupura,Cotton,Cotton leaf curl virus,Cotton Leaf Curl Virus (CLCuV),کپاس کا پتہ مروڑ وائرس,Critical,35.003200982769656,57.91960006814929,9.165610496375235,25.003200982769656,0.6436099688974822,"Upward/downward leaf curling, thickened veins, enation",Vector Control (Polo 500 SC for Whitefly),200 ml/acre
2024,7,Sargodha,Cotton,Cotton leaf curl virus,Cotton Leaf Curl Virus (CLCuV),کپاس کا پتہ مروڑ وائرس,Critical,36.67632507746277,56.23281778850148,28.929206217994384,26.67632507746277,0.6547343191215274,"Upward/downward leaf curling, thickened veins, enation",Vector Control (Polo 500 SC for Whitefly),200 ml/acre
2024,7,Rahim Yar Khan,Cotton,Cotton leaf curl virus,Cotton Leaf Curl Virus (CLCuV),کپاس کا پتہ مروڑ وائرس,Critical,35.76328367544022,58.74500393843864,28.556130853735088,25.76328367544022,0.666956901703249,"Upward/downward leaf curling, thickened veins, enation",Vector Control (Polo 500 SC for Whitefly),200 ml/acre
2024,8,Lahore,Cotton,Xanthomonas citri pv. malvacearum,Bacterial Blight (Angular Leaf Spot),بیکٹیریل بلائیٹ,High,35.60165789961247,74.54840035604386,40.947063638045506,25.60165789961247,0.8425544909330863,Angular water-soaked spots bounded by leaf veins,Copper Hydroxide 77 WP,500 g/acre
2024,8,Faisalabad,Cotton,Xanthomonas citri pv. malvacearum,Bacterial Blight (Angular Leaf Spot),بیکٹیریل بلائیٹ,High,33.759404356294546,77.75346458407688,38.6392324101119,23.759404356294546,0.8333049685703742,Angular water-soaked spots bounded by leaf veins,Copper Hydroxide 77 WP,500 g/acre
2024,8,Multan,Cotton,Xanthomonas citri pv. malvacearum,Bacterial Blight (Angular Leaf Spot),بیکٹیریل بلائیٹ,High,34.74505544442207,67.71844206272792,53.65546899725429,24.74505544442207,0.7469463568505921,Angular water-soaked spots bounded by leaf veins,Copper Hydroxide 77 WP,500 g/acre
2024,8,Gujranwala,Cotton,Xanthomonas citri pv. malvacearum,Bacterial Blight (Angular Leaf Spot),بیکٹیریل بلائیٹ,High,36.45961194426779,75.22124582662745,52.11334330566625,26.45961194426779,0.8706468040645112,Angular water-soaked spots bounded by leaf veins,Copper Hydroxide 77 WP,500 g/acre
2024,8,Bahawalpur,Cotton,Xanthomonas citri pv. malvacearum,Bacterial Blight (Angular Leaf Spot),بیکٹیریل بلائیٹ,High,36.21243737362994,69.53823535331881,59.99261918015126,26.21243737362994,0.7994123786681895,Angular water-soaked spots bounded by leaf veins,Copper Hydroxide 77 WP,500 g/acre
2024,8,Sahiwal,Cotton,Xanthomonas citri pv. malvacearum,Bacterial Blight (Angular Leaf Spot),بیکٹیریل بلائیٹ,High,32.74442823874242,73.65289597823138,36.285306407437254,22.744428238742422,0.7656260212491295,Angular water-soaked spots bounded by leaf veins,Copper Hydroxide 77 WP,500 g/acre
2024,8,Rawalpindi,Cotton,Xanthomonas citri pv. malvacearum,Bacterial Blight (Angular Leaf Spot),بیکٹیریل بلائیٹ,High,36.049583899651786,72.44562462628996,40.65953504895566,26.049583899651786,0.8290903565486093,Angular water-soaked spots bounded by leaf veins,Copper Hydroxide 77 WP,500 g/acre
2024,8,Sheikhupura,Cotton,Xanthomonas citri pv. malvacearum,Bacterial Blight (Angular Leaf Spot),بیکٹیریل بلائیٹ,High,32.36871137505591,76.1862509466205,51.1625267985825,22.36871137505591,0.7828732595678537,Angular water-soaked spots bounded by leaf veins,Copper Hydroxide 77 WP,500 g/acre
2024,8,Sargodha,Cotton,Xanthomonas citri pv. malvacearum,Bacterial Blight (Angular Leaf Spot),بیکٹیریل بلائیٹ,High,32.15597648892334,71.95668589435562,45.86718204365013,22.155976488923343,0.7345515872507116,Angular water-soaked spots bounded by leaf veins,Copper Hydroxide 77 WP,500 g/acre
2024,8,Rahim Yar Khan,Cotton,Xanthomonas citri pv. malvacearum,Bacterial Blight (Angular Leaf Spot),بیکٹیریل بلائیٹ,High,32.463231961416696,72.84266442921442,47.126680777843454,22.463231961416696,0.7507010514454682,Angular water-soaked spots bounded by leaf veins,Copper Hydroxide 77 WP,500 g/acre
2024,7,Lahore,Sugarcane,Colletotrichum falcatum,Sugarcane Red Rot,کماد کا ریڈ راٹ,Critical,36.82160020307826,78.77270041474907,40.44750564181548,26.821600203078262,0.9208053592345229,Red discoloration of internal cane stalk with white cross-bands,Carbendazim 50 WP,500 g/acre sett dip
2024,7,Faisalabad,Sugarcane,Colletotrichum falcatum,Sugarcane Red Rot,کماد کا ریڈ راٹ,Critical,33.730101894531266,72.34989342822303,36.41917538143532,23.730101894531266,0.7747204055214097,Red discoloration of internal cane stalk with white cross-bands,Carbendazim 50 WP,500 g/acre sett dip
2024,7,Multan,Sugarcane,Colletotrichum falcatum,Sugarcane Red Rot,کماد کا ریڈ راٹ,Critical,34.88630709649036,72.98915138997323,43.83324559758323,24.886307096490363,0.8083561746358198,Red discoloration of internal cane stalk with white cross-bands,Carbendazim 50 WP,500 g/acre sett dip
2024,7,Gujranwala,Sugarcane,Colletotrichum falcatum,Sugarcane Red Rot,کماد کا ریڈ راٹ,Critical,32.87305735212063,70.45259125950892,35.830362101529964,22.873057352120632,0.7352355787553491,Red discoloration of internal cane stalk with white cross-bands,Carbendazim 50 WP,500 g/acre sett dip
2024,7,Bahawalpur,Sugarcane,Colletotrichum falcatum,Sugarcane Red Rot,کماد کا ریڈ راٹ,Critical,37.37502467643538,72.4081695113935,25.679103373791918,27.37502467643538,0.8591292451631263,Red discoloration of internal cane stalk with white cross-bands,Carbendazim 50 WP,500 g/acre sett dip
2024,7,Sahiwal,Sugarcane,Colletotrichum falcatum,Sugarcane Red Rot,کماد کا ریڈ راٹ,Critical,35.53503726353933,76.91614108901655,20.63015719619217,25.53503726353933,0.867688234846302,Red discoloration of internal cane stalk with white cross-bands,Carbendazim 50 WP,500 g/acre sett dip
2024,7,Rawalpindi,Sugarcane,Colletotrichum falcatum,Sugarcane Red Rot,کماد کا ریڈ راٹ,Critical,35.9688856704347,71.56674690036266,26.756690333997454,25.9688856704347,0.8171987736711369,Red discoloration of internal cane stalk with white cross-bands,Carbendazim 50 WP,500 g/acre sett dip
2024,7,Sheikhupura,Sugarcane,Colletotrichum falcatum,Sugarcane Red Rot,کماد کا ریڈ راٹ,Critical,34.859483783723576,78.27848505225683,32.788141066258774,24.859483783723576,0.8662690731090779,Red discoloration of internal cane stalk with white cross-bands,Carbendazim 50 WP,500 g/acre sett dip
2024,7,Sargodha,Sugarcane,Colletotrichum falcatum,Sugarcane Red Rot,کماد کا ریڈ راٹ,Critical,36.67872339986897,74.6802455781424,29.11701984846466,26.67872339986897,0.8695797050777692,Red discoloration of internal cane stalk with white cross-bands,Carbendazim 50 WP,500 g/acre sett dip
2024,7,Rahim Yar Khan,Sugarcane,Colletotrichum falcatum,Sugarcane Red Rot,کماد کا ریڈ راٹ,Critical,34.17255540244508,73.79656302484936,39.11807717361724,24.172555402445077,0.8005768693576809,Red discoloration of internal cane stalk with white cross-bands,Carbendazim 50 WP,500 g/acre sett dip
2024,8,Lahore,Maize,Exserohilum turcicum,Northern Corn Leaf Blight,مکئی کا بلائیٹ,High,32.49124827937801,82.09560522122055,43.50381148623681,22.491248279378013,0.8467900609169774,Long elliptical greyish-green lesions on foliage,Score 250 EC (Difenoconazole),125 ml/acre
2024,8,Faisalabad,Maize,Exserohilum turcicum,Northern Corn Leaf Blight,مکئی کا بلائیٹ,High,32.454535150867024,77.1041341842187,52.806660098667294,22.454535150867024,0.794405978780601,Long elliptical greyish-green lesions on foliage,Score 250 EC (Difenoconazole),125 ml/acre
2024,8,Multan,Maize,Exserohilum turcicum,Northern Corn Leaf Blight,مکئی کا بلائیٹ,High,32.71263090080697,78.65697422861375,46.72699713423127,22.71263090080697,0.8168497034015643,Long elliptical greyish-green lesions on foliage,Score 250 EC (Difenoconazole),125 ml/acre
2024,8,Gujranwala,Maize,Exserohilum turcicum,Northern Corn Leaf Blight,مکئی کا بلائیٹ,High,31.621458968166852,83.92397610926369,31.70299828247833,21.621458968166852,0.842475735550634,Long elliptical greyish-green lesions on foliage,Score 250 EC (Difenoconazole),125 ml/acre
2024,8,Bahawalpur,Maize,Exserohilum turcicum,Northern Corn Leaf Blight,مکئی کا بلائیٹ,High,29.608846171508493,77.01829193294687,40.629413264338616,19.608846171508493,0.7239437327730024,Long elliptical greyish-green lesions on foliage,Score 250 EC (Difenoconazole),125 ml/acre
2024,8,Sahiwal,Maize,Exserohilum turcicum,Northern Corn Leaf Blight,مکئی کا بلائیٹ,High,30.707348908631154,74.51513427320533,48.6572270709477,20.707348908631154,0.726400707016132,Long elliptical greyish-green lesions on foliage,Score 250 EC (Difenoconazole),125 ml/acre
2024,8,Rawalpindi,Maize,Exserohilum turcicum,Northern Corn Leaf Blight,مکئی کا بلائیٹ,High,33.54401193939992,78.21890580647145,46.13438124674715,23.544011939399923,0.8329447334155797,Long elliptical greyish-green lesions on foliage,Score 250 EC (Difenoconazole),125 ml/acre
2024,8,Sheikhupura,Maize,Exserohilum turcicum,Northern Corn Leaf Blight,مکئی کا بلائیٹ,High,30.278553383592026,76.33777339242006,36.250923592109416,20.278553383592026,0.7337769355069657,Long elliptical greyish-green lesions on foliage,Score 250 EC (Difenoconazole),125 ml/acre
2024,8,Sargodha,Maize,Exserohilum turcicum,Northern Corn Leaf Blight,مکئی کا بلائیٹ,High,33.50728473045249,73.18945127873405,37.733411502410156,23.50728473045249,0.7785332645276578,Long elliptical greyish-green lesions on foliage,Score 250 EC (Difenoconazole),125 ml/acre
2024,8,Rahim Yar Khan,Maize,Exserohilum turcicum,Northern Corn Leaf Blight,مکئی کا بلائیٹ,High,33.52807607202915,76.4082122818521,47.1858889372578,23.52807607202915,0.8132763028297426,Long elliptical greyish-green lesions on foliage,Score 250 EC (Difenoconazole),125 ml/acre
2024,1,Lahore,Vegetables,Phytophthora infestans,Late Blight of Potato/Tomato,پچھیتا جھلساؤ,Critical,13.585173550467095,79.55640191476184,20.149019571089106,3.585173550467095,0.8787278609888145,Dark water-soaked necrotic lesions on leaf tips and tubers,Acrobat MZ (Dimethomorph+Mancozeb),250 g/acre
2024,1,Faisalabad,Vegetables,Phytophthora infestans,Late Blight of Potato/Tomato,پچھیتا جھلساؤ,Critical,13.344215748849379,84.13005157203736,15.974682211351999,3.344215748849379,0.8844796632923554,Dark water-soaked necrotic lesions on leaf tips and tubers,Acrobat MZ (Dimethomorph+Mancozeb),250 g/acre
2024,1,Multan,Vegetables,Phytophthora infestans,Late Blight of Potato/Tomato,پچھیتا جھلساؤ,Critical,14.53711491995147,83.74791217088857,29.194788046314898,4.53711491995147,0.98,Dark water-soaked necrotic lesions on leaf tips and tubers,Acrobat MZ (Dimethomorph+Mancozeb),250 g/acre
2024,1,Gujranwala,Vegetables,Phytophthora infestans,Late Blight of Potato/Tomato,پچھیتا جھلساؤ,Critical,16.057123176658635,86.95489947147547,33.91058670468503,6.057123176658635,0.98,Dark water-soaked necrotic lesions on leaf tips and tubers,Acrobat MZ (Dimethomorph+Mancozeb),250 g/acre
2024,1,Bahawalpur,Vegetables,Phytophthora infestans,Late Blight of Potato/Tomato,پچھیتا جھلساؤ,Critical,12.971162728851581,90.18812580986031,21.902113027018274,2.9711627288515814,0.9647239671917247,Dark water-soaked necrotic lesions on leaf tips and tubers,Acrobat MZ (Dimethomorph+Mancozeb),250 g/acre
2024,1,Sahiwal,Vegetables,Phytophthora infestans,Late Blight of Potato/Tomato,پچھیتا جھلساؤ,Critical,15.910382411711232,81.86949863590615,21.242473052304387,5.9103824117112325,0.9264330408227216,Dark water-soaked necrotic lesions on leaf tips and tubers,Acrobat MZ (Dimethomorph+Mancozeb),250 g/acre
2024,1,Rawalpindi,Vegetables,Phytophthora infestans,Late Blight of Potato/Tomato,پچھیتا جھلساؤ,Critical,16.064388893276515,84.59582521167295,30.39553724952237,6.064388893276515,0.98,Dark water-soaked necrotic lesions on leaf tips and tubers,Acrobat MZ (Dimethomorph+Mancozeb),250 g/acre
2024,1,Sheikhupura,Vegetables,Phytophthora infestans,Late Blight of Potato/Tomato,پچھیتا جھلساؤ,Critical,13.25661144159317,80.7742818241772,32.64184047055026,3.2566114415931704,0.9613455613428044,Dark water-soaked necrotic lesions on leaf tips and tubers,Acrobat MZ (Dimethomorph+Mancozeb),250 g/acre
2024,1,Sargodha,Vegetables,Phytophthora infestans,Late Blight of Potato/Tomato,پچھیتا جھلساؤ,Critical,16.291483164531503,90.93804141513505,33.73292850177549,6.291483164531503,0.98,Dark water-soaked necrotic lesions on leaf tips and tubers,Acrobat MZ (Dimethomorph+Mancozeb),250 g/acre
2024,1,Rahim Yar Khan,Vegetables,Phytophthora infestans,Late Blight of Potato/Tomato,پچھیتا جھلساؤ,Critical,16.140667289326192,83.1481269364981,23.115207315251027,6.140667289326192,0.9424715839370157,Dark water-soaked necrotic lesions on leaf tips and tubers,Acrobat MZ (Dimethomorph+Mancozeb),250 g/acre
2024,3,Lahore,Vegetables,Alternaria solani,Early Blight,اگیتا جھلساؤ,Medium,25.24819333768512,67.49416358034507,20.281642154580844,15.24819333768512,0.5409859337275866,Target-board concentric ring spots on lower leaves,Antracol 70 WP (Propineb),500 g/acre
2024,3,Faisalabad,Vegetables,Alternaria solani,Early Blight,اگیتا جھلساؤ,Medium,24.007231741692532,69.82314245179963,12.605346288348365,14.007231741692532,0.532146146594782,Target-board concentric ring spots on lower leaves,Antracol 70 WP (Propineb),500 g/acre
2024,3,Multan,Vegetables,Alternaria solani,Early Blight,اگیتا جھلساؤ,Medium,22.582748105355222,64.77877207506216,22.671219452555004,12.582748105355222,0.4644072039191581,Target-board concentric ring spots on lower leaves,Antracol 70 WP (Propineb),500 g/acre
2024,3,Gujranwala,Vegetables,Alternaria solani,Early Blight,اگیتا جھلساؤ,Medium,25.889283414765007,73.76984222258484,16.278975666599038,15.889283414765007,0.6063010643692055,Target-board concentric ring spots on lower leaves,Antracol 70 WP (Propineb),500 g/acre
2024,3,Bahawalpur,Vegetables,Alternaria solani,Early Blight,اگیتا جھلساؤ,Medium,21.94320502098805,68.59137825738742,14.114458732839243,11.94320502098805,0.47781418278539495,Target-board concentric ring spots on lower leaves,Antracol 70 WP (Propineb),500 g/acre
2024,3,Sahiwal,Vegetables,Alternaria solani,Early Blight,اگیتا جھلساؤ,Medium,24.48553685435271,69.22879365035621,16.49076150838182,14.48553685435271,0.5381283105740241,Target-board concentric ring spots on lower leaves,Antracol 70 WP (Propineb),500 g/acre
2024,3,Rawalpindi,Vegetables,Alternaria solani,Early Blight,اگیتا جھلساؤ,Medium,21.98813266572637,65.5122735300289,16.848461376607887,11.988132665726368,0.4572992259084538,Target-board concentric ring spots on lower leaves,Antracol 70 WP (Propineb),500 g/acre
2024,3,Sheikhupura,Vegetables,Alternaria solani,Early Blight,اگیتا جھلساؤ,Medium,23.682472928799342,71.92632956561333,16.517250817317283,13.682472928799342,0.5407597945414405,Target-board concentric ring spots on lower leaves,Antracol 70 WP (Propineb),500 g/acre
2024,3,Sargodha,Vegetables,Alternaria solani,Early Blight,اگیتا جھلساؤ,Medium,22.11294247965563,62.246314979584895,17.826934267141294,12.11294247965563,0.4369679945124087,Target-board concentric ring spots on lower leaves,Antracol 70 WP (Propineb),500 g/acre
2024,3,Rahim Yar Khan,Vegetables,Alternaria solani,Early Blight,اگیتا جھلساؤ,Medium,23.627618961007794,67.90050007084885,7.825669559224222,13.627618961007794,0.5093102041066347,Target-board concentric ring spots on lower leaves,Antracol 70 WP (Propineb),500 g/acre
2024,4,Lahore,Vegetables,Erysiphe cichoracearum,Powdery Mildew,سفوفی پھپھوندی,Medium,26.85749851575428,62.070430746469846,17.28879504050981,16.85749851575428,0.5292242862366802,White powdery fungal growth covering leaf surface,Topas 100 EC (Penconazole),100 ml/acre
2024,4,Faisalabad,Vegetables,Erysiphe cichoracearum,Powdery Mildew,سفوفی پھپھوندی,Medium,27.22696883718078,58.219738265075335,0.0,17.22696883718078,0.5032212696673103,White powdery fungal growth covering leaf surface,Topas 100 EC (Penconazole),100 ml/acre
2024,4,Multan,Vegetables,Erysiphe cichoracearum,Powdery Mildew,سفوفی پھپھوندی,Medium,24.733736420591523,54.02089697016653,16.583310214154185,14.733736420591523,0.42417099265524766,White powdery fungal growth covering leaf surface,Topas 100 EC (Penconazole),100 ml/acre
2024,4,Gujranwala,Vegetables,Erysiphe cichoracearum,Powdery Mildew,سفوفی پھپھوندی,Medium,27.54788404265772,65.39937148400001,0.0,17.54788404265772,0.5719410482869615,White powdery fungal growth covering leaf surface,Topas 100 EC (Penconazole),100 ml/acre
2024,4,Bahawalpur,Vegetables,Erysiphe cichoracearum,Powdery Mildew,سفوفی پھپھوندی,Medium,28.251003154593764,60.516864297290994,2.0866004340998687,18.251003154593764,0.5427498806885367,White powdery fungal growth covering leaf surface,Topas 100 EC (Penconazole),100 ml/acre
2024,4,Sahiwal,Vegetables,Erysiphe cichoracearum,Powdery Mildew,سفوفی پھپھوندی,Medium,27.511991143573884,65.87079400330516,0.0,17.511991143573884,0.5753132384886068,White powdery fungal growth covering leaf surface,Topas 100 EC (Penconazole),100 ml/acre
2024,4,Rawalpindi,Vegetables,Erysiphe cichoracearum,Powdery Mildew,سفوفی پھپھوندی,Medium,24.785676384680922,61.68438703708735,0.37392754122988947,14.785676384680922,0.48536166828211236,White powdery fungal growth covering leaf surface,Topas 100 EC (Penconazole),100 ml/acre
2024,4,Sheikhupura,Vegetables,Erysiphe cichoracearum,Powdery Mildew,سفوفی پھپھوندی,Medium,25.494591868802367,63.65574444245974,2.6874470863155855,15.494591868802367,0.5151991189413636,White powdery fungal growth covering leaf surface,Topas 100 EC (Penconazole),100 ml/acre
2024,4,Sargodha,Vegetables,Erysiphe cichoracearum,Powdery Mildew,سفوفی پھپھوندی,Medium,26.460603890623855,62.453771852975684,11.741129058501517,16.460603890623855,0.5246236566593596,White powdery fungal growth covering leaf surface,Topas 100 EC (Penconazole),100 ml/acre
2024,4,Rahim Yar Khan,Vegetables,Erysiphe cichoracearum,Powdery Mildew,سفوفی پھپھوندی,Medium,27.25895474088879,58.713919022661436,0.0,17.25895474088879,0.5080889083488691,White powdery fungal growth covering leaf surface,Topas 100 EC (Penconazole),100 ml/acre
2025,2,Lahore,Wheat,Puccinia striiformis,Wheat Yellow Rust,پیلی کنگی,High,16.041813011518837,79.84219080992496,43.736162951363106,6.041813011518837,0.98,Yellow pustules in linear stripes on leaves,Tilt 250 EC (Propiconazole),200-250 ml/acre
2025,2,Faisalabad,Wheat,Puccinia striiformis,Wheat Yellow Rust,پیلی کنگی,High,16.21504412874051,82.5032833137595,42.633492029336225,6.215044128740509,0.98,Yellow pustules in linear stripes on leaves,Tilt 250 EC (Propiconazole),200-250 ml/acre
2025,2,Multan,Wheat,Puccinia striiformis,Wheat Yellow Rust,پیلی کنگی,High,15.577502369806894,82.6175068725011,42.50361511602854,5.5775023698068935,0.98,Yellow pustules in linear stripes on leaves,Tilt 250 EC (Propiconazole),200-250 ml/acre
2025,2,Gujranwala,Wheat,Puccinia striiformis,Wheat Yellow Rust,پیلی کنگی,High,13.762238500012916,73.44389730670241,43.08157171503949,3.7622385000129164,0.98,Yellow pustules in linear stripes on leaves,Tilt 250 EC (Propiconazole),200-250 ml/acre
2025,2,Bahawalpur,Wheat,Puccinia striiformis,Wheat Yellow Rust,پیلی کنگی,High,15.557654595718773,83.57022486017101,35.898295477335964,5.557654595718773,0.98,Yellow pustules in linear stripes on leaves,Tilt 250 EC (Propiconazole),200-250 ml/acre
2025,2,Sahiwal,Wheat,Puccinia striiformis,Wheat Yellow Rust,پیلی کنگی,High,14.298470762997486,82.51897936005027,33.60544136342451,4.298470762997486,0.98,Yellow pustules in linear stripes on leaves,Tilt 250 EC (Propiconazole),200-250 ml/acre
2025,2,Rawalpindi,Wheat,Puccinia striiformis,Wheat Yellow Rust,پیلی کنگی,High,13.36763945136356,80.56489782689609,27.051652083682413,3.3676394513635604,0.9262156160309871,Yellow pustules in linear stripes on leaves,Tilt 250 EC (Propiconazole),200-250 ml/acre
2025,2,Sheikhupura,Wheat,Puccinia striiformis,Wheat Yellow Rust,پیلی کنگی,High,14.097250505119753,82.44744369867469,22.820071176433622,4.097250505119753,0.942776704760026,Yellow pustules in linear stripes on leaves,Tilt 250 EC (Propiconazole),200-250 ml/acre
2025,2,Sargodha,Wheat,Puccinia striiformis,Wheat Yellow Rust,پیلی کنگی,High,15.786572769081086,79.36153776754983,31.97769589625549,5.786572769081086,0.9784256422018889,Yellow pustules in linear stripes on leaves,Tilt 250 EC (Propiconazole),200-250 ml/acre
2025,2,Rahim Yar Khan,Wheat,Puccinia striiformis,Wheat Yellow Rust,پیلی کنگی,High,13.33101279921718,72.89109671176399,40.3674071333879,3.3310127992171807,0.942729602190397,Yellow pustules in linear stripes on leaves,Tilt 250 EC (Propiconazole),200-250 ml/acre
2025,3,Lahore,Wheat,Puccinia triticina,Wheat Brown / Leaf Rust,بھوری کنگی,Medium,20.268862740024282,70.5553056272882,28.452144597302315,10.268862740024282,0.7262584652864227,Round brown pustules scattered on upper leaf surface,Nativo 75 WG (Tebuconazole+Trifloxystrobin),65 g/acre
2025,3,Faisalabad,Wheat,Puccinia triticina,Wheat Brown / Leaf Rust,بھوری کنگی,Medium,21.23448767392653,65.43518482386791,29.903405454345627,11.23448767392653,0.6682738604075702,Round brown pustules scattered on upper leaf surface,Nativo 75 WG (Tebuconazole+Trifloxystrobin),65 g/acre
2025,3,Multan,Wheat,Puccinia triticina,Wheat Brown / Leaf Rust,بھوری کنگی,Medium,18.370204765627903,74.20068561865675,28.83046176198857,8.370204765627903,0.8205410690157996,Round brown pustules scattered on upper leaf surface,Nativo 75 WG (Tebuconazole+Trifloxystrobin),65 g/acre
2025,3,Gujranwala,Wheat,Puccinia triticina,Wheat Brown / Leaf Rust,بھوری کنگی,Medium,20.32533509412693,74.73381062340025,29.070807852520748,10.325335094126931,0.7602423171762788,Round brown pustules scattered on upper leaf surface,Nativo 75 WG (Tebuconazole+Trifloxystrobin),65 g/acre
2025,3,Bahawalpur,Wheat,Puccinia triticina,Wheat Brown / Leaf Rust,بھوری کنگی,Medium,20.252168764766548,67.36701907206412,23.41869063645627,10.252168764766548,0.6689661798065342,Round brown pustules scattered on upper leaf surface,Nativo 75 WG (Tebuconazole+Trifloxystrobin),65 g/acre
2025,3,Sahiwal,Wheat,Puccinia triticina,Wheat Brown / Leaf Rust,بھوری کنگی,Medium,19.043738002514207,71.68644086520216,16.286427413090074,9.043738002514207,0.693676416318862,Round brown pustules scattered on upper leaf surface,Nativo 75 WG (Tebuconazole+Trifloxystrobin),65 g/acre
2025,3,Rawalpindi,Wheat,Puccinia triticina,Wheat Brown / Leaf Rust,بھوری کنگی,Medium,20.070332800989625,73.91020107450655,34.2510987900735,10.070332800989625,0.797102070783824,Round brown pustules scattered on upper leaf surface,Nativo 75 WG (Tebuconazole+Trifloxystrobin),65 g/acre
2025,3,Sheikhupura,Wheat,Puccinia triticina,Wheat Brown / Leaf Rust,بھوری کنگی,Medium,21.922383870295647,72.30616320104016,15.524147412113273,11.922383870295647,0.5990418490612273,Round brown pustules scattered on upper leaf surface,Nativo 75 WG (Tebuconazole+Trifloxystrobin),65 g/acre
2025,3,Sargodha,Wheat,Puccinia triticina,Wheat Brown / Leaf Rust,بھوری کنگی,Medium,21.05362891285289,65.86639301741877,12.377468913483725,11.05362891285289,0.5599391617994226,Round brown pustules scattered on upper leaf surface,Nativo 75 WG (Tebuconazole+Trifloxystrobin),65 g/acre
2025,3,Rahim Yar Khan,Wheat,Puccinia triticina,Wheat Brown / Leaf Rust,بھوری کنگی,Medium,20.83610223592059,75.09471983897947,24.366679463266596,10.836102235920588,0.7141824270730426,Round brown pustules scattered on upper leaf surface,Nativo 75 WG (Tebuconazole+Trifloxystrobin),65 g/acre
2025,2,Lahore,Wheat,Ustilago tritici,Loose Smut,کال کنگی,Medium,13.918411044024351,60.08245378679415,13.559098478121626,3.918411044024351,0.2654769169327614,Ears converted into black powdery spore mass,Vitavax 200 WP,2.5 g/kg seed
2025,2,Faisalabad,Wheat,Ustilago tritici,Loose Smut,کال کنگی,Medium,17.44006465126042,68.6454130149319,13.504392731364545,7.440064651260421,0.38005728285488444,Ears converted into black powdery spore mass,Vitavax 200 WP,2.5 g/kg seed
2025,2,Multan,Wheat,Ustilago tritici,Loose Smut,کال کنگی,Medium,17.13334466463501,65.01657122856099,9.165764105037628,7.133344664635011,0.3536353408799135,Ears converted into black powdery spore mass,Vitavax 200 WP,2.5 g/kg seed
2025,2,Gujranwala,Wheat,Ustilago tritici,Loose Smut,کال کنگی,Medium,15.033356112768152,66.19694813217237,12.45823604687416,5.033356112768152,0.3159245380474253,Ears converted into black powdery spore mass,Vitavax 200 WP,2.5 g/kg seed
2025,2,Bahawalpur,Wheat,Ustilago tritici,Loose Smut,کال کنگی,Medium,15.863265352335446,62.787689908616514,16.713750035368868,5.863265352335446,0.31619612250175816,Ears converted into black powdery spore mass,Vitavax 200 WP,2.5 g/kg seed
2025,2,Sahiwal,Wheat,Ustilago tritici,Loose Smut,کال کنگی,Medium,17.965555344333204,65.14367986031212,19.803974376956482,7.965555344333204,0.3715372653536386,Ears converted into black powdery spore mass,Vitavax 200 WP,2.5 g/kg seed
2025,2,Rawalpindi,Wheat,Ustilago tritici,Loose Smut,کال کنگی,Medium,14.791271872494852,70.75142839991953,23.426079963342303,4.7912718724948515,0.33222336915255973,Ears converted into black powdery spore mass,Vitavax 200 WP,2.5 g/kg seed
2025,2,Sheikhupura,Wheat,Ustilago tritici,Loose Smut,کال کنگی,Medium,17.108405815274644,64.14443664155617,14.267629435897003,7.108405815274644,0.34838382630346526,Ears converted into black powdery spore mass,Vitavax 200 WP,2.5 g/kg seed
2025,2,Sargodha,Wheat,Ustilago tritici,Loose Smut,کال کنگی,Medium,15.867264346409334,62.14558391502725,18.66143055278968,5.867264346409334,0.3130413993465718,Ears converted into black powdery spore mass,Vitavax 200 WP,2.5 g/kg seed
2025,2,Rahim Yar Khan,Wheat,Ustilago tritici,Loose Smut,کال کنگی,Medium,15.23246718072775,66.12864435551633,24.826411728890857,5.232467180727751,0.31977854122267296,Ears converted into black powdery spore mass,Vitavax 200 WP,2.5 g/kg seed
2025,8,Lahore,Rice,Magnaporthe oryzae,Rice Blast,دھان کا بلاسٹ,High,28.584193623267446,79.43887457406261,74.53842422901448,18.584193623267446,0.7208559276315756,Spindle-shaped lesions with grey center and brown margin,Tricyclazole 75 WP,120 g/acre
2025,8,Faisalabad,Rice,Magnaporthe oryzae,Rice Blast,دھان کا بلاسٹ,High,30.348445273660374,90.82590567763954,69.42389924304483,20.348445273660374,0.875055564409042,Spindle-shaped lesions with grey center and brown margin,Tricyclazole 75 WP,120 g/acre
2025,8,Multan,Rice,Magnaporthe oryzae,Rice Blast,دھان کا بلاسٹ,High,30.02411065118539,82.50784492123087,88.32493378667905,20.02411065118539,0.7864205287320254,Spindle-shaped lesions with grey center and brown margin,Tricyclazole 75 WP,120 g/acre
2025,8,Gujranwala,Rice,Magnaporthe oryzae,Rice Blast,دھان کا بلاسٹ,High,30.15929853913996,80.40169307986017,84.40666892477645,20.15929853913996,0.7697964014754941,Spindle-shaped lesions with grey center and brown margin,Tricyclazole 75 WP,120 g/acre
2025,8,Bahawalpur,Rice,Magnaporthe oryzae,Rice Blast,دھان کا بلاسٹ,High,30.07594311629314,82.54818717415593,78.53502259473012,20.07594311629314,0.78816335930255,Spindle-shaped lesions with grey center and brown margin,Tricyclazole 75 WP,120 g/acre
2025,8,Sahiwal,Rice,Magnaporthe oryzae,Rice Blast,دھان کا بلاسٹ,High,30.335026863299966,88.26962866563325,88.24316750035788,20.335026863299966,0.8500512878684119,Spindle-shaped lesions with grey center and brown margin,Tricyclazole 75 WP,120 g/acre
2025,8,Rawalpindi,Rice,Magnaporthe oryzae,Rice Blast,دھان کا بلاسٹ,High,29.73923184075317,79.10529727988438,75.18786315501674,19.73923184075317,0.7468351668692644,Spindle-shaped lesions with grey center and brown margin,Tricyclazole 75 WP,120 g/acre
2025,8,Sheikhupura,Rice,Magnaporthe oryzae,Rice Blast,دھان کا بلاسٹ,High,29.90457347064934,86.69719397644263,72.93051654513899,19.90457347064934,0.8230611450691003,Spindle-shaped lesions with grey center and brown margin,Tricyclazole 75 WP,120 g/acre
2025,8,Sargodha,Rice,Magnaporthe oryzae,Rice Blast,دھان کا بلاسٹ,High,29.525095707422278,79.6690436403077,86.47181487861124,19.525095707422278,0.746741631237742,Spindle-shaped lesions with grey center and brown margin,Tricyclazole 75 WP,120 g/acre
2025,8,Rahim Yar Khan,Rice,Magnaporthe oryzae,Rice Blast,دھان کا بلاسٹ,High,27.855210771700335,80.58988549734387,66.14670663631617,17.855210771700335,0.7126502370145109,Spindle-shaped lesions with grey center and brown margin,Tricyclazole 75 WP,120 g/acre
2025,9,Lahore,Rice,Xanthomonas oryzae,Bacterial Leaf Blight,بیکٹیریل بلائیٹ,Critical,29.67327058979424,91.97007005159423,58.35742601240968,19.67327058979424,0.8663659602550119,Water-soaked lesions turning straw-colored from leaf tip,Copper Oxychloride + Kasugamycin,250 g/acre
2025,9,Faisalabad,Rice,Xanthomonas oryzae,Bacterial Leaf Blight,بیکٹیریل بلائیٹ,Critical,29.70146423331063,93.23841594635242,65.63836011399982,19.70146423331063,0.8791484052067066,Water-soaked lesions turning straw-colored from leaf tip,Copper Oxychloride + Kasugamycin,250 g/acre
2025,9,Multan,Rice,Xanthomonas oryzae,Bacterial Leaf Blight,بیکٹیریل بلائیٹ,Critical,32.29530597208915,82.87625913344434,71.28669524283146,22.295305972089153,0.849687030646582,Water-soaked lesions turning straw-colored from leaf tip,Copper Oxychloride + Kasugamycin,250 g/acre
2025,9,Gujranwala,Rice,Xanthomonas oryzae,Bacterial Leaf Blight,بیکٹیریل بلائیٹ,Critical,31.68881875530949,82.92152579761493,54.811783962697135,21.68881875530949,0.8341857783855048,Water-soaked lesions turning straw-colored from leaf tip,Copper Oxychloride + Kasugamycin,250 g/acre
2025,9,Bahawalpur,Rice,Xanthomonas oryzae,Bacterial Leaf Blight,بیکٹیریل بلائیٹ,Critical,31.174669682609476,86.12219598805477,64.3198487159398,21.174669682609476,0.8523273054820832,Water-soaked lesions turning straw-colored from leaf tip,Copper Oxychloride + Kasugamycin,250 g/acre
2025,9,Sahiwal,Rice,Xanthomonas oryzae,Bacterial Leaf Blight,بیکٹیریل بلائیٹ,Critical,28.912643069712153,89.97373791767191,73.68883578757882,18.912643069712153,0.8258344666861823,Water-soaked lesions turning straw-colored from leaf tip,Copper Oxychloride + Kasugamycin,250 g/acre
2025,9,Rawalpindi,Rice,Xanthomonas oryzae,Bacterial Leaf Blight,بیکٹیریل بلائیٹ,Critical,30.821976960997482,82.14592313946326,70.23038255570003,20.821976960997482,0.8037776985537798,Water-soaked lesions turning straw-colored from leaf tip,Copper Oxychloride + Kasugamycin,250 g/acre
2025,9,Sheikhupura,Rice,Xanthomonas oryzae,Bacterial Leaf Blight,بیکٹیریل بلائیٹ,Critical,30.729462978178,92.48595055165598,73.05081315344928,20.729462978178,0.9022360614218138,Water-soaked lesions turning straw-colored from leaf tip,Copper Oxychloride + Kasugamycin,250 g/acre
2025,9,Sargodha,Rice,Xanthomonas oryzae,Bacterial Leaf Blight,بیکٹیریل بلائیٹ,Critical,30.305314159013115,90.04541627663208,73.37881038854043,20.305314159013115,0.8663030567753803,Water-soaked lesions turning straw-colored from leaf tip,Copper Oxychloride + Kasugamycin,250 g/acre
2025,9,Rahim Yar Khan,Rice,Xanthomonas oryzae,Bacterial Leaf Blight,بیکٹیریل بلائیٹ,Critical,31.015347831210942,93.53957976666935,69.6564643909117,21.015347831210942,0.9210040007773179,Water-soaked lesions turning straw-colored from leaf tip,Copper Oxychloride + Kasugamycin,250 g/acre
2025,7,Lahore,Cotton,Cotton leaf curl virus,Cotton Leaf Curl Virus (CLCuV),کپاس کا پتہ مروڑ وائرس,Critical,37.10307429735491,59.08673845812687,29.462286349049585,27.103074297354908,0.695968141904844,"Upward/downward leaf curling, thickened veins, enation",Vector Control (Polo 500 SC for Whitefly),200 ml/acre
2025,7,Faisalabad,Cotton,Cotton leaf curl virus,Cotton Leaf Curl Virus (CLCuV),کپاس کا پتہ مروڑ وائرس,Critical,37.57479676610184,64.27262379016986,26.995534437401684,27.57479676610184,0.7666764369967475,"Upward/downward leaf curling, thickened veins, enation",Vector Control (Polo 500 SC for Whitefly),200 ml/acre
2025,7,Multan,Cotton,Cotton leaf curl virus,Cotton Leaf Curl Virus (CLCuV),کپاس کا پتہ مروڑ وائرس,Critical,36.21363961081101,66.49228164629271,22.07985156461277,26.213639610811008,0.7644214363299643,"Upward/downward leaf curling, thickened veins, enation",Vector Control (Polo 500 SC for Whitefly),200 ml/acre
2025,7,Gujranwala,Cotton,Cotton leaf curl virus,Cotton Leaf Curl Virus (CLCuV),کپاس کا پتہ مروڑ وائرس,Critical,36.24592197509257,65.83911905383263,14.808299482305442,26.24592197509257,0.7575871657568407,"Upward/downward leaf curling, thickened veins, enation",Vector Control (Polo 500 SC for Whitefly),200 ml/acre
2025,7,Bahawalpur,Cotton,Cotton leaf curl virus,Cotton Leaf Curl Virus (CLCuV),کپاس کا پتہ مروڑ وائرس,Critical,38.473137849400544,56.25224859248614,7.654400411653277,28.473137849400544,0.6870477823611006,"Upward/downward leaf curling, thickened veins, enation",Vector Control (Polo 500 SC for Whitefly),200 ml/acre
2025,7,Sahiwal,Cotton,Cotton leaf curl virus,Cotton Leaf Curl Virus (CLCuV),کپاس کا پتہ مروڑ وائرس,Critical,34.227876728100895,66.72572465228937,22.666194501416985,24.227876728100895,0.7250412311084964,"Upward/downward leaf curling, thickened veins, enation",Vector Control (Polo 500 SC for Whitefly),200 ml/acre
2025,7,Rawalpindi,Cotton,Cotton leaf curl virus,Cotton Leaf Curl Virus (CLCuV),کپاس کا پتہ مروڑ وائرس,Critical,34.45546808683464,61.09170669525867,6.434461040454449,24.455468086834642,0.6682359842567451,"Upward/downward leaf curling, thickened veins, enation",Vector Control (Polo 500 SC for Whitefly),200 ml/acre
2025,7,Sheikhupura,Cotton,Cotton leaf curl virus,Cotton Leaf Curl Virus (CLCuV),کپاس کا پتہ مروڑ وائرس,Critical,38.78202836479419,63.87590749971727,11.436552525419852,28.782028364794193,0.7864245258669859,"Upward/downward leaf curling, thickened veins, enation",Vector Control (Polo 500 SC for Whitefly),200 ml/acre
2025,7,Sargodha,Cotton,Cotton leaf curl virus,Cotton Leaf Curl Virus (CLCuV),کپاس کا پتہ مروڑ وائرس,Critical,34.72332946707545,64.78144528383514,7.829606934957457,24.72332946707545,0.7141039580774377,"Upward/downward leaf curling, thickened veins, enation",Vector Control (Polo 500 SC for Whitefly),200 ml/acre
2025,7,Rahim Yar Khan,Cotton,Cotton leaf curl virus,Cotton Leaf Curl Virus (CLCuV),کپاس کا پتہ مروڑ وائرس,Critical,36.063887784647186,65.01720546449772,8.621709747972996,26.063887784647186,0.7443724450612684,"Upward/downward leaf curling, thickened veins, enation",Vector Control (Polo 500 SC for Whitefly),200 ml/acre
2025,8,Lahore,Cotton,Xanthomonas citri pv. malvacearum,Bacterial Blight (Angular Leaf Spot),بیکٹیریل بلائیٹ,High,32.432952497275345,73.2937897597459,43.831391469410384,22.432952497275345,0.7546457148009921,Angular water-soaked spots bounded by leaf veins,Copper Hydroxide 77 WP,500 g/acre
2025,8,Faisalabad,Cotton,Xanthomonas citri pv. malvacearum,Bacterial Blight (Angular Leaf Spot),بیکٹیریل بلائیٹ,High,36.28661514281725,66.34067457683713,46.67190953662927,26.286615142817247,0.7642154052966887,Angular water-soaked spots bounded by leaf veins,Copper Hydroxide 77 WP,500 g/acre
2025,8,Multan,Cotton,Xanthomonas citri pv. malvacearum,Bacterial Blight (Angular Leaf Spot),بیکٹیریل بلائیٹ,High,34.95012652542896,67.32481107347985,58.42871973028531,24.950126525428963,0.7469875127995942,Angular water-soaked spots bounded by leaf veins,Copper Hydroxide 77 WP,500 g/acre
2025,8,Gujranwala,Cotton,Xanthomonas citri pv. malvacearum,Bacterial Blight (Angular Leaf Spot),بیکٹیریل بلائیٹ,High,32.86443774218697,69.6219214353072,37.27864749675292,22.864437742186972,0.7263762865085988,Angular water-soaked spots bounded by leaf veins,Copper Hydroxide 77 WP,500 g/acre
2025,8,Bahawalpur,Cotton,Xanthomonas citri pv. malvacearum,Bacterial Blight (Angular Leaf Spot),بیکٹیریل بلائیٹ,High,32.75376340761825,75.73450994903588,49.634612879602884,22.75376340761825,0.7874889589405181,Angular water-soaked spots bounded by leaf veins,Copper Hydroxide 77 WP,500 g/acre
2025,8,Sahiwal,Cotton,Xanthomonas citri pv. malvacearum,Bacterial Blight (Angular Leaf Spot),بیکٹیریل بلائیٹ,High,36.44011325146596,70.88761222818081,56.218900881841606,26.44011325146596,0.8200484500701309,Angular water-soaked spots bounded by leaf veins,Copper Hydroxide 77 WP,500 g/acre
2025,8,Rawalpindi,Cotton,Xanthomonas citri pv. malvacearum,Bacterial Blight (Angular Leaf Spot),بیکٹیریل بلائیٹ,High,33.9089314436977,76.36544928639994,49.33368265974368,23.908931443697703,0.8220542173078442,Angular water-soaked spots bounded by leaf veins,Copper Hydroxide 77 WP,500 g/acre
2025,8,Sheikhupura,Cotton,Xanthomonas citri pv. malvacearum,Bacterial Blight (Angular Leaf Spot),بیکٹیریل بلائیٹ,High,32.62136903310042,73.54768776398336,55.79906269064509,22.62136903310042,0.7616591314540144,Angular water-soaked spots bounded by leaf veins,Copper Hydroxide 77 WP,500 g/acre
2025,8,Sargodha,Cotton,Xanthomonas citri pv. malvacearum,Bacterial Blight (Angular Leaf Spot),بیکٹیریل بلائیٹ,High,32.14434323316423,68.42524114286583,51.92728564635166,22.14434323316423,0.6982490276534317,Angular water-soaked spots bounded by leaf veins,Copper Hydroxide 77 WP,500 g/acre
2025,8,Rahim Yar Khan,Cotton,Xanthomonas citri pv. malvacearum,Bacterial Blight (Angular Leaf Spot),بیکٹیریل بلائیٹ,High,31.503439570320282,75.39716118816983,43.84048200218849,21.503439570320282,0.7540539400841924,Angular water-soaked spots bounded by leaf veins,Copper Hydroxide 77 WP,500 g/acre
2025,7,Lahore,Sugarcane,Colletotrichum falcatum,Sugarcane Red Rot,کماد کا ریڈ راٹ,Critical,36.504695837638195,80.97240694893935,22.480337519251606,26.504695837638195,0.9383724085436483,Red discoloration of internal cane stalk with white cross-bands,Carbendazim 50 WP,500 g/acre sett dip
2025,7,Faisalabad,Sugarcane,Colletotrichum falcatum,Sugarcane Red Rot,کماد کا ریڈ راٹ,Critical,33.42012350269539,76.87724509725265,20.751003033028745,23.42012350269539,0.8156339764117991,Red discoloration of internal cane stalk with white cross-bands,Carbendazim 50 WP,500 g/acre sett dip
2025,7,Multan,Sugarcane,Colletotrichum falcatum,Sugarcane Red Rot,کماد کا ریڈ راٹ,Critical,36.66357023050499,76.34233667427782,31.58901426363299,26.663570230504988,0.8885659118153146,Red discoloration of internal cane stalk with white cross-bands,Carbendazim 50 WP,500 g/acre sett dip
2025,7,Gujranwala,Sugarcane,Colletotrichum falcatum,Sugarcane Red Rot,کماد کا ریڈ راٹ,Critical,36.370980125293,69.86011175089664,31.80347438154638,26.370980125293002,0.806628805092892,Red discoloration of internal cane stalk with white cross-bands,Carbendazim 50 WP,500 g/acre sett dip
2025,7,Bahawalpur,Sugarcane,Colletotrichum falcatum,Sugarcane Red Rot,کماد کا ریڈ راٹ,Critical,33.83696120080212,69.65369219469203,25.14654567217718,23.836961200802122,0.748212469931558,Red discoloration of internal cane stalk with white cross-bands,Carbendazim 50 WP,500 g/acre sett dip
2025,7,Sahiwal,Sugarcane,Colletotrichum falcatum,Sugarcane Red Rot,کماد کا ریڈ راٹ,Critical,35.42051751352208,70.65792577991428,38.83717444958367,25.42051751352208,0.7945207293830466,Red discoloration of internal cane stalk with white cross-bands,Carbendazim 50 WP,500 g/acre sett dip
2025,7,Rawalpindi,Sugarcane,Colletotrichum falcatum,Sugarcane Red Rot,کماد کا ریڈ راٹ,Critical,35.58310110376639,79.92366516874085,29.51999137369153,25.58310110376639,0.902835510565993,Red discoloration of internal cane stalk with white cross-bands,Carbendazim 50 WP,500 g/acre sett dip
2025,7,Sheikhupura,Sugarcane,Colletotrichum falcatum,Sugarcane Red Rot,کماد کا ریڈ راٹ,Critical,34.229682743065084,70.65985121302221,20.148609646396082,24.229682743065084,0.7678299332361691,Red discoloration of internal cane stalk with white cross-bands,Carbendazim 50 WP,500 g/acre sett dip
2025,7,Sargodha,Sugarcane,Colletotrichum falcatum,Sugarcane Red Rot,کماد کا ریڈ راٹ,Critical,36.33019797263717,71.48444698930409,43.781215735131354,26.330197972637173,0.8244584479637793,Red discoloration of internal cane stalk with white cross-bands,Carbendazim 50 WP,500 g/acre sett dip
2025,7,Rahim Yar Khan,Sugarcane,Colletotrichum falcatum,Sugarcane Red Rot,کماد کا ریڈ راٹ,Critical,34.56934036867663,79.0433634478155,22.59052899776144,24.569340368676627,0.8674529952103324,Red discoloration of internal cane stalk with white cross-bands,Carbendazim 50 WP,500 g/acre sett dip
2025,8,Lahore,Maize,Exserohilum turcicum,Northern Corn Leaf Blight,مکئی کا بلائیٹ,High,30.248587792680226,75.79348203403143,53.9347239406358,20.248587792680226,0.7278240620378829,Long elliptical greyish-green lesions on foliage,Score 250 EC (Difenoconazole),125 ml/acre
2025,8,Faisalabad,Maize,Exserohilum turcicum,Northern Corn Leaf Blight,مکئی کا بلائیٹ,High,30.637756102987815,78.98512887367406,46.62527600329355,20.637756102987815,0.768230829903075,Long elliptical greyish-green lesions on foliage,Score 250 EC (Difenoconazole),125 ml/acre
2025,8,Multan,Maize,Exserohilum turcicum,Northern Corn Leaf Blight,مکئی کا بلائیٹ,High,32.47112040537603,76.65035641808126,44.360087596506254,22.471120405376027,0.7901342705925409,Long elliptical greyish-green lesions on foliage,Score 250 EC (Difenoconazole),125 ml/acre
2025,8,Gujranwala,Maize,Exserohilum turcicum,Northern Corn Leaf Blight,مکئی کا بلائیٹ,High,29.811142027025262,78.94488764683022,52.51016455536474,19.811142027025262,0.7471229390308596,Long elliptical greyish-green lesions on foliage,Score 250 EC (Difenoconazole),125 ml/acre
2025,8,Bahawalpur,Maize,Exserohilum turcicum,Northern Corn Leaf Blight,مکئی کا بلائیٹ,High,32.08072332783951,75.61945486917945,45.03143136097833,22.080723327839507,0.7701354951937118,Long elliptical greyish-green lesions on foliage,Score 250 EC (Difenoconazole),125 ml/acre
2025,8,Sahiwal,Maize,Exserohilum turcicum,Northern Corn Leaf Blight,مکئی کا بلائیٹ,High,31.960453618929314,73.39435312795177,38.481661429488526,21.960453618929314,0.7446720060435627,Long elliptical greyish-green lesions on foliage,Score 250 EC (Difenoconazole),125 ml/acre
2025,8,Rawalpindi,Maize,Exserohilum turcicum,Northern Corn Leaf Blight,مکئی کا بلائیٹ,High,31.599729496456973,78.58576140089164,44.98054063518629,21.599729496456973,0.7883456516004081,Long elliptical greyish-green lesions on foliage,Score 250 EC (Difenoconazole),125 ml/acre
2025,8,Sheikhupura,Maize,Exserohilum turcicum,Northern Corn Leaf Blight,مکئی کا بلائیٹ,High,32.36738305727129,73.8971518478116,52.71311054521955,22.36738305727129,0.7593198160950669,Long elliptical greyish-green lesions on foliage,Score 250 EC (Difenoconazole),125 ml/acre
2025,8,Sargodha,Maize,Exserohilum turcicum,Northern Corn Leaf Blight,مکئی کا بلائیٹ,High,31.4280381773235,79.70456726464667,30.884672450379227,21.4280381773235,0.7952248199683697,Long elliptical greyish-green lesions on foliage,Score 250 EC (Difenoconazole),125 ml/acre
2025,8,Rahim Yar Khan,Maize,Exserohilum turcicum,Northern Corn Leaf Blight,مکئی کا بلائیٹ,High,30.671487411677607,81.50112740656114,31.85015852997912,20.671487411677607,0.7935748581866262,Long elliptical greyish-green lesions on foliage,Score 250 EC (Difenoconazole),125 ml/acre
2025,1,Lahore,Vegetables,Phytophthora infestans,Late Blight of Potato/Tomato,پچھیتا جھلساؤ,Critical,15.969179251383345,80.46046817858547,18.61243416294981,5.969179251383345,0.8932418415167588,Dark water-soaked necrotic lesions on leaf tips and tubers,Acrobat MZ (Dimethomorph+Mancozeb),250 g/acre
2025,1,Faisalabad,Vegetables,Phytophthora infestans,Late Blight of Potato/Tomato,پچھیتا جھلساؤ,Critical,12.759435230232409,82.496117334866,25.18968919604601,2.759435230232409,0.9088752100451271,Dark water-soaked necrotic lesions on leaf tips and tubers,Acrobat MZ (Dimethomorph+Mancozeb),250 g/acre
2025,1,Multan,Vegetables,Phytophthora infestans,Late Blight of Potato/Tomato,پچھیتا جھلساؤ,Critical,15.477681895712632,80.92815081877366,18.7241061987339,5.477681895712632,0.9165371044370401,Dark water-soaked necrotic lesions on leaf tips and tubers,Acrobat MZ (Dimethomorph+Mancozeb),250 g/acre
2025,1,Gujranwala,Vegetables,Phytophthora infestans,Late Blight of Potato/Tomato,پچھیتا جھلساؤ,Critical,15.903796717469554,82.90286461585455,31.682939806091788,5.903796717469554,0.98,Dark water-soaked necrotic lesions on leaf tips and tubers,Acrobat MZ (Dimethomorph+Mancozeb),250 g/acre
2025,1,Bahawalpur,Vegetables,Phytophthora infestans,Late Blight of Potato/Tomato,پچھیتا جھلساؤ,Critical,12.391453222644852,82.52742227011244,39.54835109026814,2.391453222644852,0.98,Dark water-soaked necrotic lesions on leaf tips and tubers,Acrobat MZ (Dimethomorph+Mancozeb),250 g/acre
2025,1,Sahiwal,Vegetables,Phytophthora infestans,Late Blight of Potato/Tomato,پچھیتا جھلساؤ,Critical,11.92046443669778,82.45170793768621,38.42311483126202,1.9204644366977792,0.9652561933205274,Dark water-soaked necrotic lesions on leaf tips and tubers,Acrobat MZ (Dimethomorph+Mancozeb),250 g/acre
2025,1,Rawalpindi,Vegetables,Phytophthora infestans,Late Blight of Potato/Tomato,پچھیتا جھلساؤ,Critical,15.447346447558633,88.15324659909383,29.515027592360127,5.447346447558633,0.98,Dark water-soaked necrotic lesions on leaf tips and tubers,Acrobat MZ (Dimethomorph+Mancozeb),250 g/acre
2025,1,Sheikhupura,Vegetables,Phytophthora infestans,Late Blight of Potato/Tomato,پچھیتا جھلساؤ,Critical,13.684503942558607,88.96640167248609,15.581399481052994,3.6845039425586066,0.9403423084266219,Dark water-soaked necrotic lesions on leaf tips and tubers,Acrobat MZ (Dimethomorph+Mancozeb),250 g/acre
2025,1,Sargodha,Vegetables,Phytophthora infestans,Late Blight of Potato/Tomato,پچھیتا جھلساؤ,Critical,12.034807780333391,88.24721318048776,32.86841958264601,2.0348077803333915,0.98,Dark water-soaked necrotic lesions on leaf tips and tubers,Acrobat MZ (Dimethomorph+Mancozeb),250 g/acre
2025,1,Rahim Yar Khan,Vegetables,Phytophthora infestans,Late Blight of Potato/Tomato,پچھیتا جھلساؤ,Critical,12.588175006827964,82.834708389325,34.292034391574035,2.5881750068279636,0.9661502737785203,Dark water-soaked necrotic lesions on leaf tips and tubers,Acrobat MZ (Dimethomorph+Mancozeb),250 g/acre
2025,3,Lahore,Vegetables,Alternaria solani,Early Blight,اگیتا جھلساؤ,Medium,25.842038019905722,64.4504831074415,16.834435884483526,15.842038019905722,0.5287402650361253,Target-board concentric ring spots on lower leaves,Antracol 70 WP (Propineb),500 g/acre
2025,3,Faisalabad,Vegetables,Alternaria solani,Early Blight,اگیتا جھلساؤ,Medium,23.413478683743442,70.68583603063304,27.087205740848066,13.413478683743442,0.525397242903432,Target-board concentric ring spots on lower leaves,Antracol 70 WP (Propineb),500 g/acre
2025,3,Multan,Vegetables,Alternaria solani,Early Blight,اگیتا جھلساؤ,Medium,23.235972471252005,68.68710303933463,10.831161372714721,13.235972471252005,0.5066703604292156,Target-board concentric ring spots on lower leaves,Antracol 70 WP (Propineb),500 g/acre
2025,3,Gujranwala,Vegetables,Alternaria solani,Early Blight,اگیتا جھلساؤ,Medium,25.754226569038195,65.26790785889665,29.698564960205815,15.754226569038195,0.5336268211698835,Target-board concentric ring spots on lower leaves,Antracol 70 WP (Propineb),500 g/acre
2025,3,Bahawalpur,Vegetables,Alternaria solani,Early Blight,اگیتا جھلساؤ,Medium,22.74686111362711,63.228590019646866,11.486254268577433,12.746861113627109,0.45658792240869095,Target-board concentric ring spots on lower leaves,Antracol 70 WP (Propineb),500 g/acre
2025,3,Sahiwal,Vegetables,Alternaria solani,Early Blight,اگیتا جھلساؤ,Medium,24.49093906578169,70.83799896586767,15.175009986887762,14.490939065781689,0.5507584495920543,Target-board concentric ring spots on lower leaves,Antracol 70 WP (Propineb),500 g/acre
2025,3,Rawalpindi,Vegetables,Alternaria solani,Early Blight,اگیتا جھلساؤ,Medium,21.90861305698581,66.49567742498634,27.93356442792623,11.90861305698581,0.4624851005289436,Target-board concentric ring spots on lower leaves,Antracol 70 WP (Propineb),500 g/acre
2025,3,Sheikhupura,Vegetables,Alternaria solani,Early Blight,اگیتا جھلساؤ,Medium,22.305938167939942,69.64616418456325,19.13799941604002,12.305938167939942,0.4931819149000194,Target-board concentric ring spots on lower leaves,Antracol 70 WP (Propineb),500 g/acre
2025,3,Sargodha,Vegetables,Alternaria solani,Early Blight,اگیتا جھلساؤ,Medium,24.618645571467866,72.51974209021216,6.718360696675209,14.618645571467866,0.5667739134772043,Target-board concentric ring spots on lower leaves,Antracol 70 WP (Propineb),500 g/acre
2025,3,Rahim Yar Khan,Vegetables,Alternaria solani,Early Blight,اگیتا جھلساؤ,Medium,25.280300111621372,67.138395783891,20.34857661139178,15.280300111621372,0.5388186648982792,Target-board concentric ring spots on lower leaves,Antracol 70 WP (Propineb),500 g/acre
2025,4,Lahore,Vegetables,Erysiphe cichoracearum,Powdery Mildew,سفوفی پھپھوندی,Medium,26.552395519379402,54.770594469760496,0.0,16.552395519379402,0.46167951974368726,White powdery fungal growth covering leaf surface,Topas 100 EC (Penconazole),100 ml/acre
2025,4,Faisalabad,Vegetables,Erysiphe cichoracearum,Powdery Mildew,سفوفی پھپھوندی,Medium,25.162570211546104,59.32630060156512,12.481083723184415,15.162570211546104,0.47390546167561026,White powdery fungal growth covering leaf surface,Topas 100 EC (Penconazole),100 ml/acre
2025,4,Multan,Vegetables,Erysiphe cichoracearum,Powdery Mildew,سفوفی پھپھوندی,Medium,27.379041183871752,64.35670201035968,1.2102828979972715,17.379041183871752,0.5593729507300951,White powdery fungal growth covering leaf surface,Topas 100 EC (Penconazole),100 ml/acre
2025,4,Gujranwala,Vegetables,Erysiphe cichoracearum,Powdery Mildew,سفوفی پھپھوندی,Medium,27.03732592860075,62.56272207950164,4.755702662604266,17.03732592860075,0.5369932405853817,White powdery fungal growth covering leaf surface,Topas 100 EC (Penconazole),100 ml/acre
2025,4,Bahawalpur,Vegetables,Erysiphe cichoracearum,Powdery Mildew,سفوفی پھپھوندی,Medium,29.004644690622516,62.04523943881216,2.9702621201244384,19.004644690622516,0.5713016268785225,White powdery fungal growth covering leaf surface,Topas 100 EC (Penconazole),100 ml/acre
2025,4,Sahiwal,Vegetables,Erysiphe cichoracearum,Powdery Mildew,سفوفی پھپھوندی,Medium,24.928126198659196,57.0168337177741,0.0,14.928126198659196,0.45121359567131414,White powdery fungal growth covering leaf surface,Topas 100 EC (Penconazole),100 ml/acre
2025,4,Rawalpindi,Vegetables,Erysiphe cichoracearum,Powdery Mildew,سفوفی پھپھوندی,Medium,28.75574093297022,55.53050889470304,11.617553348768503,18.75574093297022,0.5069272786197077,White powdery fungal growth covering leaf surface,Topas 100 EC (Penconazole),100 ml/acre
2025,4,Sheikhupura,Vegetables,Erysiphe cichoracearum,Powdery Mildew,سفوفی پھپھوندی,Medium,26.385165026390673,61.46058907739574,5.62868936747981,16.385165026390673,0.5148088207702447,White powdery fungal growth covering leaf surface,Topas 100 EC (Penconazole),100 ml/acre
2025,4,Sargodha,Vegetables,Erysiphe cichoracearum,Powdery Mildew,سفوفی پھپھوندی,Medium,28.714494518032325,55.65193389391935,0.0,18.714494518032325,0.5073070319729664,White powdery fungal growth covering leaf surface,Topas 100 EC (Penconazole),100 ml/acre
2025,4,Rahim Yar Khan,Vegetables,Erysiphe cichoracearum,Powdery Mildew,سفوفی پھپھوندی,Medium,27.500908533700553,55.09123644495597,4.873390008262856,17.500908533700553,0.48097112840673156,White powdery fungal growth covering leaf surface,Topas 100 EC (Penconazole),100 ml/acre
2026,2,Lahore,Wheat,Puccinia striiformis,Wheat Yellow Rust,پیلی کنگی,High,17.448861806136406,72.89816283378892,44.22348513692205,7.4488618061364065,0.9426605322653188,Yellow pustules in linear stripes on leaves,Tilt 250 EC (Propiconazole),200-250 ml/acre
2026,2,Faisalabad,Wheat,Puccinia striiformis,Wheat Yellow Rust,پیلی کنگی,High,17.974912815081616,83.0170182852333,34.81596590832439,7.974912815081616,0.9500182624381599,Yellow pustules in linear stripes on leaves,Tilt 250 EC (Propiconazole),200-250 ml/acre
2026,2,Multan,Wheat,Puccinia striiformis,Wheat Yellow Rust,پیلی کنگی,High,17.401361559386157,78.62259627154013,34.81671157977554,7.401361559386157,0.9325186094355956,Yellow pustules in linear stripes on leaves,Tilt 250 EC (Propiconazole),200-250 ml/acre
2026,2,Gujranwala,Wheat,Puccinia striiformis,Wheat Yellow Rust,پیلی کنگی,High,13.959612337630729,77.099683550582,26.83539187605801,3.9596123376307286,0.9134387391316914,Yellow pustules in linear stripes on leaves,Tilt 250 EC (Propiconazole),200-250 ml/acre
2026,2,Bahawalpur,Wheat,Puccinia striiformis,Wheat Yellow Rust,پیلی کنگی,High,13.136510926674475,80.19949435310035,42.767930587120766,3.1365109266744753,0.98,Yellow pustules in linear stripes on leaves,Tilt 250 EC (Propiconazole),200-250 ml/acre
2026,2,Sahiwal,Wheat,Puccinia striiformis,Wheat Yellow Rust,پیلی کنگی,High,13.44444911994951,78.74652609895733,34.17202387389254,3.4444491199495104,0.9595995589484849,Yellow pustules in linear stripes on leaves,Tilt 250 EC (Propiconazole),200-250 ml/acre
2026,2,Rawalpindi,Wheat,Puccinia striiformis,Wheat Yellow Rust,پیلی کنگی,High,16.52754694588305,80.10542348982558,41.990960403417844,6.527546945883049,0.98,Yellow pustules in linear stripes on leaves,Tilt 250 EC (Propiconazole),200-250 ml/acre
2026,2,Sheikhupura,Wheat,Puccinia striiformis,Wheat Yellow Rust,پیلی کنگی,High,17.833963997180266,73.0778763117484,43.41081230522712,7.833963997180266,0.9260477828229886,Yellow pustules in linear stripes on leaves,Tilt 250 EC (Propiconazole),200-250 ml/acre
2026,2,Sargodha,Wheat,Puccinia striiformis,Wheat Yellow Rust,پیلی کنگی,High,14.961024683647034,73.48885460751966,23.816594630937452,4.961024683647034,0.8923639111798954,Yellow pustules in linear stripes on leaves,Tilt 250 EC (Propiconazole),200-250 ml/acre
2026,2,Rahim Yar Khan,Wheat,Puccinia striiformis,Wheat Yellow Rust,پیلی کنگی,High,17.326933950292517,81.16184870565914,34.42726236594767,7.326933950292517,0.9552889053045592,Yellow pustules in linear stripes on leaves,Tilt 250 EC (Propiconazole),200-250 ml/acre
2026,3,Lahore,Wheat,Puccinia triticina,Wheat Brown / Leaf Rust,بھوری کنگی,Medium,18.52917249700044,64.18987936979744,22.493707934584833,8.529172497000442,0.6888854116599042,Round brown pustules scattered on upper leaf surface,Nativo 75 WG (Tebuconazole+Trifloxystrobin),65 g/acre
2026,3,Faisalabad,Wheat,Puccinia triticina,Wheat Brown / Leaf Rust,بھوری کنگی,Medium,18.045290918551736,66.38295383281485,20.38206139741423,8.045290918551736,0.7078211265289205,Round brown pustules scattered on upper leaf surface,Nativo 75 WG (Tebuconazole+Trifloxystrobin),65 g/acre
2026,3,Multan,Wheat,Puccinia triticina,Wheat Brown / Leaf Rust,بھوری کنگی,Medium,21.304738444259442,74.643704221843,13.819267166359388,11.304738444259442,0.6246522937989846,Round brown pustules scattered on upper leaf surface,Nativo 75 WG (Tebuconazole+Trifloxystrobin),65 g/acre
2026,3,Gujranwala,Wheat,Puccinia triticina,Wheat Brown / Leaf Rust,بھوری کنگی,Medium,21.864048020886816,70.40674202751879,22.077384242519933,11.864048020886816,0.6315794099505879,Round brown pustules scattered on upper leaf surface,Nativo 75 WG (Tebuconazole+Trifloxystrobin),65 g/acre
2026,3,Bahawalpur,Wheat,Puccinia triticina,Wheat Brown / Leaf Rust,بھوری کنگی,Medium,21.68558701276939,70.98625334753585,27.929916181564685,11.685587012769389,0.6803416231105883,Round brown pustules scattered on upper leaf surface,Nativo 75 WG (Tebuconazole+Trifloxystrobin),65 g/acre
2026,3,Sahiwal,Wheat,Puccinia triticina,Wheat Brown / Leaf Rust,بھوری کنگی,Medium,21.517374294447933,68.30405049549996,31.255740425539265,11.517374294447933,0.689065261016453,Round brown pustules scattered on upper leaf surface,Nativo 75 WG (Tebuconazole+Trifloxystrobin),65 g/acre
2026,3,Rawalpindi,Wheat,Puccinia triticina,Wheat Brown / Leaf Rust,بھوری کنگی,Medium,21.18961079273452,74.97428471204599,33.45131667482988,11.18961079273452,0.7618145150293725,Round brown pustules scattered on upper leaf surface,Nativo 75 WG (Tebuconazole+Trifloxystrobin),65 g/acre
2026,3,Sheikhupura,Wheat,Puccinia triticina,Wheat Brown / Leaf Rust,بھوری کنگی,Medium,21.077091386484554,66.34806734019111,33.15011778697851,11.077091386484554,0.7012072456743561,Round brown pustules scattered on upper leaf surface,Nativo 75 WG (Tebuconazole+Trifloxystrobin),65 g/acre
2026,3,Sargodha,Wheat,Puccinia triticina,Wheat Brown / Leaf Rust,بھوری کنگی,Medium,19.927788358146618,70.39776833930662,33.226565734233404,9.927788358146618,0.7678038928658627,Round brown pustules scattered on upper leaf surface,Nativo 75 WG (Tebuconazole+Trifloxystrobin),65 g/acre
2026,3,Rahim Yar Khan,Wheat,Puccinia triticina,Wheat Brown / Leaf Rust,بھوری کنگی,Medium,21.48025864408227,72.29008189070842,15.346760563852133,11.48025864408227,0.6122769068841234,Round brown pustules scattered on upper leaf surface,Nativo 75 WG (Tebuconazole+Trifloxystrobin),65 g/acre
2026,2,Lahore,Wheat,Ustilago tritici,Loose Smut,کال کنگی,Medium,15.426281942662767,69.92082959436527,16.003164827607183,5.426281942662767,0.34241854951985945,Ears converted into black powdery spore mass,Vitavax 200 WP,2.5 g/kg seed
2026,2,Faisalabad,Wheat,Ustilago tritici,Loose Smut,کال کنگی,Medium,15.83297262283073,70.96537867313803,17.546719564358032,5.832972622830731,0.3566961580001937,Ears converted into black powdery spore mass,Vitavax 200 WP,2.5 g/kg seed
2026,2,Multan,Wheat,Ustilago tritici,Loose Smut,کال کنگی,Medium,16.733067931165074,69.76318998889198,20.1276403119633,6.733067931165074,0.3705879991044142,Ears converted into black powdery spore mass,Vitavax 200 WP,2.5 g/kg seed
2026,2,Gujranwala,Wheat,Ustilago tritici,Loose Smut,کال کنگی,Medium,14.623988245127862,61.34919427552837,18.250844686659416,4.623988245127862,0.2848158399788547,Ears converted into black powdery spore mass,Vitavax 200 WP,2.5 g/kg seed
2026,2,Bahawalpur,Wheat,Ustilago tritici,Loose Smut,کال کنگی,Medium,18.406532122191102,59.73125118234903,23.802139504809322,8.406532122191102,0.3490302201862135,Ears converted into black powdery spore mass,Vitavax 200 WP,2.5 g/kg seed
2026,2,Sahiwal,Wheat,Ustilago tritici,Loose Smut,کال کنگی,Medium,13.971385747539728,63.480819094601166,19.432103705039104,3.9713857475397276,0.281560320996971,Ears converted into black powdery spore mass,Vitavax 200 WP,2.5 g/kg seed
2026,2,Rawalpindi,Wheat,Ustilago tritici,Loose Smut,کال کنگی,Medium,14.623267231441064,61.75782173088497,1.2440159250699363,4.623267231441064,0.2866987716833108,Ears converted into black powdery spore mass,Vitavax 200 WP,2.5 g/kg seed
2026,2,Sheikhupura,Wheat,Ustilago tritici,Loose Smut,کال کنگی,Medium,14.816671664366014,59.536507518166374,4.059930655413901,4.816671664366014,0.28004218537769204,Ears converted into black powdery spore mass,Vitavax 200 WP,2.5 g/kg seed
2026,2,Sargodha,Wheat,Ustilago tritici,Loose Smut,کال کنگی,Medium,13.925158912934261,61.43691597139746,1.4877435400996237,3.9251589129342612,0.2715932755626345,Ears converted into black powdery spore mass,Vitavax 200 WP,2.5 g/kg seed
2026,2,Rahim Yar Khan,Wheat,Ustilago tritici,Loose Smut,کال کنگی,Medium,13.795025408722939,67.4937488803668,19.86859102248481,3.795025408722939,0.2955803113443255,Ears converted into black powdery spore mass,Vitavax 200 WP,2.5 g/kg seed
2026,8,Lahore,Rice,Magnaporthe oryzae,Rice Blast,دھان کا بلاسٹ,High,30.176356607633064,82.87410072880242,73.01776878497957,20.176356607633064,0.7939169578188079,Spindle-shaped lesions with grey center and brown margin,Tricyclazole 75 WP,120 g/acre
2026,8,Faisalabad,Rice,Magnaporthe oryzae,Rice Blast,دھان کا بلاسٹ,High,29.962618618176247,89.52108261357169,77.59429160467452,19.962618618176247,0.851519383059269,Spindle-shaped lesions with grey center and brown margin,Tricyclazole 75 WP,120 g/acre
2026,8,Multan,Rice,Magnaporthe oryzae,Rice Blast,دھان کا بلاسٹ,High,30.39660058395914,80.79365065310516,76.25972171220721,20.39660058395914,0.7796356598801165,Spindle-shaped lesions with grey center and brown margin,Tricyclazole 75 WP,120 g/acre
2026,8,Gujranwala,Rice,Magnaporthe oryzae,Rice Blast,دھان کا بلاسٹ,High,27.558594717152268,86.54218404359136,65.44340846121354,17.558594717152268,0.7571368177760432,Spindle-shaped lesions with grey center and brown margin,Tricyclazole 75 WP,120 g/acre
2026,8,Bahawalpur,Rice,Magnaporthe oryzae,Rice Blast,دھان کا بلاسٹ,High,28.957015156348028,82.03913227132239,77.37145461563435,18.957015156348028,0.7541613957442295,Spindle-shaped lesions with grey center and brown margin,Tricyclazole 75 WP,120 g/acre
2026,8,Sahiwal,Rice,Magnaporthe oryzae,Rice Blast,دھان کا بلاسٹ,High,29.486699772570933,83.96109928235471,84.36113746685123,19.486699772570933,0.7859478498774014,Spindle-shaped lesions with grey center and brown margin,Tricyclazole 75 WP,120 g/acre
2026,8,Rawalpindi,Rice,Magnaporthe oryzae,Rice Blast,دھان کا بلاسٹ,High,29.337958738183413,90.23768641516138,85.4977386373771,19.337958738183413,0.8404411176752821,Spindle-shaped lesions with grey center and brown margin,Tricyclazole 75 WP,120 g/acre
2026,8,Sheikhupura,Rice,Magnaporthe oryzae,Rice Blast,دھان کا بلاسٹ,High,26.199352979689444,86.65549040465274,65.04358787173037,16.199352979689444,0.7207358034093931,Spindle-shaped lesions with grey center and brown margin,Tricyclazole 75 WP,120 g/acre
2026,8,Sargodha,Rice,Magnaporthe oryzae,Rice Blast,دھان کا بلاسٹ,High,30.861446366153388,89.10282513864271,88.30299604126131,20.861446366153388,0.8729657330441162,Spindle-shaped lesions with grey center and brown margin,Tricyclazole 75 WP,120 g/acre
2026,8,Rahim Yar Khan,Rice,Magnaporthe oryzae,Rice Blast,دھان کا بلاسٹ,High,26.690923136275536,89.3905867946199,83.38411557738328,16.690923136275536,0.7574340575370688,Spindle-shaped lesions with grey center and brown margin,Tricyclazole 75 WP,120 g/acre
2026,9,Lahore,Rice,Xanthomonas oryzae,Bacterial Leaf Blight,بیکٹیریل بلائیٹ,Critical,30.457570614176333,90.480462420733,62.92283677170513,20.457570614176333,0.8748619280580329,Water-soaked lesions turning straw-colored from leaf tip,Copper Oxychloride + Kasugamycin,250 g/acre
2026,9,Faisalabad,Rice,Xanthomonas oryzae,Bacterial Leaf Blight,بیکٹیریل بلائیٹ,Critical,31.95619467824862,84.5259775929147,55.55122537313548,21.95619467824862,0.8575011413741153,Water-soaked lesions turning straw-colored from leaf tip,Copper Oxychloride + Kasugamycin,250 g/acre
2026,9,Multan,Rice,Xanthomonas oryzae,Bacterial Leaf Blight,بیکٹیریل بلائیٹ,Critical,29.829632522953432,91.10182642056702,70.84831320675428,19.829632522953432,0.8627092077128267,Water-soaked lesions turning straw-colored from leaf tip,Copper Oxychloride + Kasugamycin,250 g/acre
2026,9,Gujranwala,Rice,Xanthomonas oryzae,Bacterial Leaf Blight,بیکٹیریل بلائیٹ,Critical,29.257840720245074,87.78623587224186,57.227263610217605,19.257840720245074,0.8153764147872752,Water-soaked lesions turning straw-colored from leaf tip,Copper Oxychloride + Kasugamycin,250 g/acre
2026,9,Bahawalpur,Rice,Xanthomonas oryzae,Bacterial Leaf Blight,بیکٹیریل بلائیٹ,Critical,29.877450093845205,83.01703147172633,54.70127317944664,19.877450093845205,0.7874086395986287,Water-soaked lesions turning straw-colored from leaf tip,Copper Oxychloride + Kasugamycin,250 g/acre
2026,9,Sahiwal,Rice,Xanthomonas oryzae,Bacterial Leaf Blight,بیکٹیریل بلائیٹ,Critical,30.531284276760378,93.73923788903215,54.211467669332336,20.531284276760378,0.9085648634529866,Water-soaked lesions turning straw-colored from leaf tip,Copper Oxychloride + Kasugamycin,250 g/acre
2026,9,Rawalpindi,Rice,Xanthomonas oryzae,Bacterial Leaf Blight,بیکٹیریل بلائیٹ,Critical,30.471082773604397,88.30835773782172,67.95606353265356,20.471082773604397,0.8542385010254712,Water-soaked lesions turning straw-colored from leaf tip,Copper Oxychloride + Kasugamycin,250 g/acre
2026,9,Sheikhupura,Rice,Xanthomonas oryzae,Bacterial Leaf Blight,بیکٹیریل بلائیٹ,Critical,29.29253118020012,92.12827964742307,59.04006152655552,19.29253118020012,0.8567207949683607,Water-soaked lesions turning straw-colored from leaf tip,Copper Oxychloride + Kasugamycin,250 g/acre
2026,9,Sargodha,Rice,Xanthomonas oryzae,Bacterial Leaf Blight,بیکٹیریل بلائیٹ,Critical,31.91296911367626,92.26882814985652,61.68348224748778,21.91296911367626,0.9347848453655473,Water-soaked lesions turning straw-colored from leaf tip,Copper Oxychloride + Kasugamycin,250 g/acre
2026,9,Rahim Yar Khan,Rice,Xanthomonas oryzae,Bacterial Leaf Blight,بیکٹیریل بلائیٹ,Critical,31.509855582481904,93.60047482180741,52.92878906123389,21.509855582481904,0.9362976012974239,Water-soaked lesions turning straw-colored from leaf tip,Copper Oxychloride + Kasugamycin,250 g/acre
2026,7,Lahore,Cotton,Cotton leaf curl virus,Cotton Leaf Curl Virus (CLCuV),کپاس کا پتہ مروڑ وائرس,Critical,37.36787969137617,64.90440834502499,26.086313828931985,27.367879691376167,0.7699492452307445,"Upward/downward leaf curling, thickened veins, enation",Vector Control (Polo 500 SC for Whitefly),200 ml/acre
2026,7,Faisalabad,Cotton,Cotton leaf curl virus,Cotton Leaf Curl Virus (CLCuV),کپاس کا پتہ مروڑ وائرس,Critical,34.52482749188793,64.09643442404584,13.701425941947752,24.524827491887933,0.7025137591540602,"Upward/downward leaf curling, thickened veins, enation",Vector Control (Polo 500 SC for Whitefly),200 ml/acre
2026,7,Multan,Cotton,Cotton leaf curl virus,Cotton Leaf Curl Virus (CLCuV),کپاس کا پتہ مروڑ وائرس,Critical,34.87028175761412,56.06407185898438,21.077131154916227,24.870281757614123,0.6206253911752097,"Upward/downward leaf curling, thickened veins, enation",Vector Control (Polo 500 SC for Whitefly),200 ml/acre
2026,7,Gujranwala,Cotton,Cotton leaf curl virus,Cotton Leaf Curl Virus (CLCuV),کپاس کا پتہ مروڑ وائرس,Critical,36.4062983995242,61.39858840589943,18.85447751355985,26.406298399524204,0.7096175653380133,"Upward/downward leaf curling, thickened veins, enation",Vector Control (Polo 500 SC for Whitefly),200 ml/acre
2026,7,Bahawalpur,Cotton,Cotton leaf curl virus,Cotton Leaf Curl Virus (CLCuV),کپاس کا پتہ مروڑ وائرس,Critical,34.34268250136174,65.80978112510843,29.256444192736275,24.342682501361743,0.7174871170360976,"Upward/downward leaf curling, thickened veins, enation",Vector Control (Polo 500 SC for Whitefly),200 ml/acre
2026,7,Sahiwal,Cotton,Cotton leaf curl virus,Cotton Leaf Curl Virus (CLCuV),کپاس کا پتہ مروڑ وائرس,Critical,37.34867443455927,59.451089783759144,27.969088578900838,27.34867443455927,0.7048950467026581,"Upward/downward leaf curling, thickened veins, enation",Vector Control (Polo 500 SC for Whitefly),200 ml/acre
2026,7,Rawalpindi,Cotton,Cotton leaf curl virus,Cotton Leaf Curl Virus (CLCuV),کپاس کا پتہ مروڑ وائرس,Critical,34.14008350193056,61.617854172381,20.595797098277068,24.14008350193056,0.6678218052872597,"Upward/downward leaf curling, thickened veins, enation",Vector Control (Polo 500 SC for Whitefly),200 ml/acre
2026,7,Sheikhupura,Cotton,Cotton leaf curl virus,Cotton Leaf Curl Virus (CLCuV),کپاس کا پتہ مروڑ وائرس,Critical,36.04362365512,57.05826711671629,12.577041128541389,26.04362365512,0.6528846686883273,"Upward/downward leaf curling, thickened veins, enation",Vector Control (Polo 500 SC for Whitefly),200 ml/acre
2026,7,Sargodha,Cotton,Cotton leaf curl virus,Cotton Leaf Curl Virus (CLCuV),کپاس کا پتہ مروڑ وائرس,Critical,36.28459405392612,58.436804013586425,14.216207056834735,26.28459405392612,0.6731287972831187,"Upward/downward leaf curling, thickened veins, enation",Vector Control (Polo 500 SC for Whitefly),200 ml/acre
2026,7,Rahim Yar Khan,Cotton,Cotton leaf curl virus,Cotton Leaf Curl Virus (CLCuV),کپاس کا پتہ مروڑ وائرس,Critical,34.37400144083278,63.77379410217827,28.12830796375806,24.374001440832778,0.6959239651922695,"Upward/downward leaf curling, thickened veins, enation",Vector Control (Polo 500 SC for Whitefly),200 ml/acre
2026,8,Lahore,Cotton,Xanthomonas citri pv. malvacearum,Bacterial Blight (Angular Leaf Spot),بیکٹیریل بلائیٹ,High,34.960978935380886,66.92672823835142,52.08870814018772,24.960978935380886,0.7428012495730048,Angular water-soaked spots bounded by leaf veins,Copper Hydroxide 77 WP,500 g/acre
2026,8,Faisalabad,Cotton,Xanthomonas citri pv. malvacearum,Bacterial Blight (Angular Leaf Spot),بیکٹیریل بلائیٹ,High,34.76227659996391,69.09069812103704,46.87399080318594,24.76227659996391,0.7624603043073321,Angular water-soaked spots bounded by leaf veins,Copper Hydroxide 77 WP,500 g/acre
2026,8,Multan,Cotton,Xanthomonas citri pv. malvacearum,Bacterial Blight (Angular Leaf Spot),بیکٹیریل بلائیٹ,High,31.896155651827257,66.93832774415645,47.62792756606652,21.896155651827257,0.6778016891430606,Angular water-soaked spots bounded by leaf veins,Copper Hydroxide 77 WP,500 g/acre
2026,8,Gujranwala,Cotton,Xanthomonas citri pv. malvacearum,Bacterial Blight (Angular Leaf Spot),بیکٹیریل بلائیٹ,High,35.799107671816856,73.93572393136675,48.56922555137404,25.799107671816856,0.8402644259722936,Angular water-soaked spots bounded by leaf veins,Copper Hydroxide 77 WP,500 g/acre
2026,8,Bahawalpur,Cotton,Xanthomonas citri pv. malvacearum,Bacterial Blight (Angular Leaf Spot),بیکٹیریل بلائیٹ,High,34.293002755344084,75.416834534564,36.536962009252775,24.293002755344084,0.8210380046009944,Angular water-soaked spots bounded by leaf veins,Copper Hydroxide 77 WP,500 g/acre
2026,8,Sahiwal,Cotton,Xanthomonas citri pv. malvacearum,Bacterial Blight (Angular Leaf Spot),بیکٹیریل بلائیٹ,High,32.90041909599577,76.80052673786079,37.47948041069137,22.900419095995773,0.8021490528472537,Angular water-soaked spots bounded by leaf veins,Copper Hydroxide 77 WP,500 g/acre
2026,8,Rawalpindi,Cotton,Xanthomonas citri pv. malvacearum,Bacterial Blight (Angular Leaf Spot),بیکٹیریل بلائیٹ,High,35.53245141285663,76.28121930677457,58.714862924874055,25.53245141285663,0.8604630853115647,Angular water-soaked spots bounded by leaf veins,Copper Hydroxide 77 WP,500 g/acre
2026,8,Sheikhupura,Cotton,Xanthomonas citri pv. malvacearum,Bacterial Blight (Angular Leaf Spot),بیکٹیریل بلائیٹ,High,31.81309076822104,75.39123179577176,38.23042153136449,21.81309076822104,0.7614057461101205,Angular water-soaked spots bounded by leaf veins,Copper Hydroxide 77 WP,500 g/acre
2026,8,Sargodha,Cotton,Xanthomonas citri pv. malvacearum,Bacterial Blight (Angular Leaf Spot),بیکٹیریل بلائیٹ,High,32.878867702374095,71.53262538918989,50.27893345371962,22.878867702374095,0.7466386433570351,Angular water-soaked spots bounded by leaf veins,Copper Hydroxide 77 WP,500 g/acre
2026,8,Rahim Yar Khan,Cotton,Xanthomonas citri pv. malvacearum,Bacterial Blight (Angular Leaf Spot),بیکٹیریل بلائیٹ,High,33.74498356201933,70.66054503471247,36.769557478399435,23.74498356201933,0.7569647398983171,Angular water-soaked spots bounded by leaf veins,Copper Hydroxide 77 WP,500 g/acre
2026,7,Lahore,Sugarcane,Colletotrichum falcatum,Sugarcane Red Rot,کماد کا ریڈ راٹ,Critical,33.085002316089366,72.02527543925336,37.75902303608865,23.085002316089366,0.7564940967379911,Red discoloration of internal cane stalk with white cross-bands,Carbendazim 50 WP,500 g/acre sett dip
2026,7,Faisalabad,Sugarcane,Colletotrichum falcatum,Sugarcane Red Rot,کماد کا ریڈ راٹ,Critical,36.03544388262543,69.69245124388611,30.018214249899188,26.03544388262543,0.7972693383624339,Red discoloration of internal cane stalk with white cross-bands,Carbendazim 50 WP,500 g/acre sett dip
2026,7,Multan,Sugarcane,Colletotrichum falcatum,Sugarcane Red Rot,کماد کا ریڈ راٹ,Critical,36.80119461865158,69.22578196169164,37.558322645278466,26.80119461865158,0.80875919828589,Red discoloration of internal cane stalk with white cross-bands,Carbendazim 50 WP,500 g/acre sett dip
2026,7,Gujranwala,Sugarcane,Colletotrichum falcatum,Sugarcane Red Rot,کماد کا ریڈ راٹ,Critical,34.23835805118325,80.09798940394757,39.20259206291796,24.238358051183248,0.8706106794895996,Red discoloration of internal cane stalk with white cross-bands,Carbendazim 50 WP,500 g/acre sett dip
2026,7,Bahawalpur,Sugarcane,Colletotrichum falcatum,Sugarcane Red Rot,کماد کا ریڈ راٹ,Critical,32.911529412009855,78.81536342893435,27.343568023973482,22.911529412009855,0.8234711592411488,Red discoloration of internal cane stalk with white cross-bands,Carbendazim 50 WP,500 g/acre sett dip
2026,7,Sahiwal,Sugarcane,Colletotrichum falcatum,Sugarcane Red Rot,کماد کا ریڈ راٹ,Critical,35.83151728881076,70.55302740844046,42.222014112689365,25.83151728881076,0.8025466734487217,Red discoloration of internal cane stalk with white cross-bands,Carbendazim 50 WP,500 g/acre sett dip
2026,7,Rawalpindi,Sugarcane,Colletotrichum falcatum,Sugarcane Red Rot,کماد کا ریڈ راٹ,Critical,34.33805131744115,79.87377522255545,35.6718951489068,24.33805131744115,0.8707015214317043,Red discoloration of internal cane stalk with white cross-bands,Carbendazim 50 WP,500 g/acre sett dip
2026,7,Sheikhupura,Sugarcane,Colletotrichum falcatum,Sugarcane Red Rot,کماد کا ریڈ راٹ,Critical,32.64652728380666,73.48983488730329,27.209299391687008,22.646527283806662,0.7616469522954901,Red discoloration of internal cane stalk with white cross-bands,Carbendazim 50 WP,500 g/acre sett dip
2026,7,Sargodha,Sugarcane,Colletotrichum falcatum,Sugarcane Red Rot,کماد کا ریڈ راٹ,Critical,35.91292510668658,72.93351745262473,21.278854317981686,25.91292510668658,0.831509825410581,Red discoloration of internal cane stalk with white cross-bands,Carbendazim 50 WP,500 g/acre sett dip
2026,7,Rahim Yar Khan,Sugarcane,Colletotrichum falcatum,Sugarcane Red Rot,کماد کا ریڈ راٹ,Critical,37.17593839688559,80.47314200096606,33.75780158848737,27.17593839688559,0.9497347840100765,Red discoloration of internal cane stalk with white cross-bands,Carbendazim 50 WP,500 g/acre sett dip
2026,8,Lahore,Maize,Exserohilum turcicum,Northern Corn Leaf Blight,مکئی کا بلائیٹ,High,30.27134409956604,82.92768490072508,48.46649397017576,20.27134409956604,0.7969309476222971,Long elliptical greyish-green lesions on foliage,Score 250 EC (Difenoconazole),125 ml/acre
2026,8,Faisalabad,Maize,Exserohilum turcicum,Northern Corn Leaf Blight,مکئی کا بلائیٹ,High,32.53621599155792,74.14105196733088,42.901333104332146,22.536215991557917,0.7657997716350469,Long elliptical greyish-green lesions on foliage,Score 250 EC (Difenoconazole),125 ml/acre
2026,8,Multan,Maize,Exserohilum turcicum,Northern Corn Leaf Blight,مکئی کا بلائیٹ,High,32.09338517942801,75.1769121329058,51.767739817874734,22.09338517942801,0.7659306659305907,Long elliptical greyish-green lesions on foliage,Score 250 EC (Difenoconazole),125 ml/acre
2026,8,Gujranwala,Maize,Exserohilum turcicum,Northern Corn Leaf Blight,مکئی کا بلائیٹ,High,32.557190432807005,76.60737292518769,52.608246932624205,22.557190432807005,0.7917843901213966,Long elliptical greyish-green lesions on foliage,Score 250 EC (Difenoconazole),125 ml/acre
2026,8,Bahawalpur,Maize,Exserohilum turcicum,Northern Corn Leaf Blight,مکئی کا بلائیٹ,High,33.15782218710077,78.18922387923797,46.449435707141035,23.15782218710077,0.8230426610587892,Long elliptical greyish-green lesions on foliage,Score 250 EC (Difenoconazole),125 ml/acre
2026,8,Sahiwal,Maize,Exserohilum turcicum,Northern Corn Leaf Blight,مکئی کا بلائیٹ,High,31.710905614555976,83.71306501254574,43.14857751741833,21.710905614555976,0.8427355883549289,Long elliptical greyish-green lesions on foliage,Score 250 EC (Difenoconazole),125 ml/acre
2026,8,Rawalpindi,Maize,Exserohilum turcicum,Northern Corn Leaf Blight,مکئی کا بلائیٹ,High,32.025321902498874,82.33526694341447,48.98932086929804,22.025321902498874,0.837083627870166,Long elliptical greyish-green lesions on foliage,Score 250 EC (Difenoconazole),125 ml/acre
2026,8,Sheikhupura,Maize,Exserohilum turcicum,Northern Corn Leaf Blight,مکئی کا بلائیٹ,High,32.5547807255183,73.12337569697017,54.6688089307443,22.5547807255183,0.7557191941982723,Long elliptical greyish-green lesions on foliage,Score 250 EC (Difenoconazole),125 ml/acre
2026,8,Sargodha,Maize,Exserohilum turcicum,Northern Corn Leaf Blight,مکئی کا بلائیٹ,High,33.46116514620226,76.44422890308115,38.48178924496625,23.461165146202262,0.8120358627936782,Long elliptical greyish-green lesions on foliage,Score 250 EC (Difenoconazole),125 ml/acre
2026,8,Rahim Yar Khan,Maize,Exserohilum turcicum,Northern Corn Leaf Blight,مکئی کا بلائیٹ,High,33.52447387268902,76.02863282029413,33.39738084564368,23.524473872689022,0.809149179225466,Long elliptical greyish-green lesions on foliage,Score 250 EC (Difenoconazole),125 ml/acre
2026,1,Lahore,Vegetables,Phytophthora infestans,Late Blight of Potato/Tomato,پچھیتا جھلساؤ,Critical,13.115666717031182,82.37224216805022,19.819420305885597,3.115666717031182,0.8852988187909405,Dark water-soaked necrotic lesions on leaf tips and tubers,Acrobat MZ (Dimethomorph+Mancozeb),250 g/acre
2026,1,Faisalabad,Vegetables,Phytophthora infestans,Late Blight of Potato/Tomato,پچھیتا جھلساؤ,Critical,12.64192538276967,82.30795967290078,37.73170172673652,2.6419253827696707,0.98,Dark water-soaked necrotic lesions on leaf tips and tubers,Acrobat MZ (Dimethomorph+Mancozeb),250 g/acre
2026,1,Multan,Vegetables,Phytophthora infestans,Late Blight of Potato/Tomato,پچھیتا جھلساؤ,Critical,16.05414650129452,90.28763392146897,38.795763346034825,6.054146501294522,0.98,Dark water-soaked necrotic lesions on leaf tips and tubers,Acrobat MZ (Dimethomorph+Mancozeb),250 g/acre
2026,1,Gujranwala,Vegetables,Phytophthora infestans,Late Blight of Potato/Tomato,پچھیتا جھلساؤ,Critical,15.396698245397575,83.76448147505975,38.54654476860028,5.396698245397575,0.98,Dark water-soaked necrotic lesions on leaf tips and tubers,Acrobat MZ (Dimethomorph+Mancozeb),250 g/acre
2026,1,Bahawalpur,Vegetables,Phytophthora infestans,Late Blight of Potato/Tomato,پچھیتا جھلساؤ,Critical,11.709987380184563,85.68594899445836,26.58688214484826,1.7099873801845629,0.905965437486316,Dark water-soaked necrotic lesions on leaf tips and tubers,Acrobat MZ (Dimethomorph+Mancozeb),250 g/acre
2026,1,Sahiwal,Vegetables,Phytophthora infestans,Late Blight of Potato/Tomato,پچھیتا جھلساؤ,Critical,12.636258908239572,79.64916821564958,21.212496930439677,2.636258908239572,0.8523310502522136,Dark water-soaked necrotic lesions on leaf tips and tubers,Acrobat MZ (Dimethomorph+Mancozeb),250 g/acre
2026,1,Rawalpindi,Vegetables,Phytophthora infestans,Late Blight of Potato/Tomato,پچھیتا جھلساؤ,Critical,14.26609342089265,87.61995607629173,28.92970880175676,4.26609342089265,0.98,Dark water-soaked necrotic lesions on leaf tips and tubers,Acrobat MZ (Dimethomorph+Mancozeb),250 g/acre
2026,1,Sheikhupura,Vegetables,Phytophthora infestans,Late Blight of Potato/Tomato,پچھیتا جھلساؤ,Critical,14.726551403502931,81.50077106043275,39.11047457447853,4.726551403502931,0.98,Dark water-soaked necrotic lesions on leaf tips and tubers,Acrobat MZ (Dimethomorph+Mancozeb),250 g/acre
2026,1,Sargodha,Vegetables,Phytophthora infestans,Late Blight of Potato/Tomato,پچھیتا جھلساؤ,Critical,15.75069226511456,84.62765724468795,34.62750357658267,5.75069226511456,0.98,Dark water-soaked necrotic lesions on leaf tips and tubers,Acrobat MZ (Dimethomorph+Mancozeb),250 g/acre
2026,1,Rahim Yar Khan,Vegetables,Phytophthora infestans,Late Blight of Potato/Tomato,پچھیتا جھلساؤ,Critical,13.939021693019727,85.18518235961704,19.950388224043184,3.9390216930197273,0.9437727615020436,Dark water-soaked necrotic lesions on leaf tips and tubers,Acrobat MZ (Dimethomorph+Mancozeb),250 g/acre
2026,3,Lahore,Vegetables,Alternaria solani,Early Blight,اگیتا جھلساؤ,Medium,26.212861202403296,72.27204574135254,17.23498803800603,16.212861202403296,0.601414953597402,Target-board concentric ring spots on lower leaves,Antracol 70 WP (Propineb),500 g/acre
2026,3,Faisalabad,Vegetables,Alternaria solani,Early Blight,اگیتا جھلساؤ,Medium,21.90760788887145,70.23991350829525,9.628173433709566,11.90760788887145,0.4885042804088817,Target-board concentric ring spots on lower leaves,Antracol 70 WP (Propineb),500 g/acre
2026,3,Multan,Vegetables,Alternaria solani,Early Blight,اگیتا جھلساؤ,Medium,23.708039483135536,65.67296875909928,14.01660691745704,13.708039483135536,0.49427851946522294,Target-board concentric ring spots on lower leaves,Antracol 70 WP (Propineb),500 g/acre
2026,3,Gujranwala,Vegetables,Alternaria solani,Early Blight,اگیتا جھلساؤ,Medium,23.41158751564302,70.53850715483136,7.354942424160214,13.41158751564302,0.5242598201517924,Target-board concentric ring spots on lower leaves,Antracol 70 WP (Propineb),500 g/acre
2026,3,Bahawalpur,Vegetables,Alternaria solani,Early Blight,اگیتا جھلساؤ,Medium,22.19283657948667,64.71479292677064,16.081666137359978,12.19283657948667,0.4559380392695684,Target-board concentric ring spots on lower leaves,Antracol 70 WP (Propineb),500 g/acre
2026,3,Sahiwal,Vegetables,Alternaria solani,Early Blight,اگیتا جھلساؤ,Medium,21.86004271696245,64.7494454038893,12.852721174063646,11.86004271696245,0.4493414737868724,Target-board concentric ring spots on lower leaves,Antracol 70 WP (Propineb),500 g/acre
2026,3,Rawalpindi,Vegetables,Alternaria solani,Early Blight,اگیتا جھلساؤ,Medium,22.099115124109677,73.99449579801637,20.824398184942332,12.099115124109677,0.519115200378036,Target-board concentric ring spots on lower leaves,Antracol 70 WP (Propineb),500 g/acre
2026,3,Sheikhupura,Vegetables,Alternaria solani,Early Blight,اگیتا جھلساؤ,Medium,25.31432295522586,63.56775044374292,18.275761295370586,15.314322955225862,0.5108490680222573,Target-board concentric ring spots on lower leaves,Antracol 70 WP (Propineb),500 g/acre
2026,3,Sargodha,Vegetables,Alternaria solani,Early Blight,اگیتا جھلساؤ,Medium,24.863182918965993,67.1964734434589,27.32454428645844,14.863182918965993,0.5303867335663999,Target-board concentric ring spots on lower leaves,Antracol 70 WP (Propineb),500 g/acre
2026,3,Rahim Yar Khan,Vegetables,Alternaria solani,Early Blight,اگیتا جھلساؤ,Medium,21.629638586080894,70.80986702519886,7.8853997915301,11.629638586080894,0.48621962923285655,Target-board concentric ring spots on lower leaves,Antracol 70 WP (Propineb),500 g/acre
2026,4,Lahore,Vegetables,Erysiphe cichoracearum,Powdery Mildew,سفوفی پھپھوندی,Medium,27.11227611029131,55.921946498595794,0.0,17.11227611029131,0.4813242076491643,White powdery fungal growth covering leaf surface,Topas 100 EC (Penconazole),100 ml/acre
2026,4,Faisalabad,Vegetables,Erysiphe cichoracearum,Powdery Mildew,سفوفی پھپھوندی,Medium,26.502057349000154,54.48751857139931,15.642618312904549,16.502057349000154,0.4584226482488684,White powdery fungal growth covering leaf surface,Topas 100 EC (Penconazole),100 ml/acre
2026,4,Multan,Vegetables,Erysiphe cichoracearum,Powdery Mildew,سفوفی پھپھوندی,Medium,27.98224561495878,56.19882053144365,14.555911961444071,17.98224561495878,0.4992283172640776,White powdery fungal growth covering leaf surface,Topas 100 EC (Penconazole),100 ml/acre
2026,4,Gujranwala,Vegetables,Erysiphe cichoracearum,Powdery Mildew,سفوفی پھپھوندی,Medium,27.875154919614108,65.08090478660492,4.111865255045814,17.875154919614108,0.5759175565826247,White powdery fungal growth covering leaf surface,Topas 100 EC (Penconazole),100 ml/acre
2026,4,Bahawalpur,Vegetables,Erysiphe cichoracearum,Powdery Mildew,سفوفی پھپھوندی,Medium,25.530121289179736,56.22158491179769,17.130387723330823,15.530121289179736,0.45566472440257544,White powdery fungal growth covering leaf surface,Topas 100 EC (Penconazole),100 ml/acre
2026,4,Sahiwal,Vegetables,Erysiphe cichoracearum,Powdery Mildew,سفوفی پھپھوندی,Medium,25.87965196194174,63.32769264708528,4.3024265813087545,15.87965196194174,0.5202852842093283,White powdery fungal growth covering leaf surface,Topas 100 EC (Penconazole),100 ml/acre
2026,4,Rawalpindi,Vegetables,Erysiphe cichoracearum,Powdery Mildew,سفوفی پھپھوندی,Medium,24.50570302769333,60.23498065385034,19.8963377598341,14.505703027693329,0.468603348502257,White powdery fungal growth covering leaf surface,Topas 100 EC (Penconazole),100 ml/acre
2026,4,Sheikhupura,Vegetables,Erysiphe cichoracearum,Powdery Mildew,سفوفی پھپھوندی,Medium,24.70237133874499,62.967712836616904,12.852661241401297,14.702371338744989,0.49379423010843504,White powdery fungal growth covering leaf surface,Topas 100 EC (Penconazole),100 ml/acre
2026,4,Sargodha,Vegetables,Erysiphe cichoracearum,Powdery Mildew,سفوفی پھپھوندی,Medium,26.173146977339634,57.09621452676747,19.53959320917159,16.173146977339634,0.47440876655834896,White powdery fungal growth covering leaf surface,Topas 100 EC (Penconazole),100 ml/acre
2026,4,Rahim Yar Khan,Vegetables,Erysiphe cichoracearum,Powdery Mildew,سفوفی پھپھوندی,Medium,25.703766156678427,57.20556656855448,12.039922867873472,15.703766156678427,0.4667931764883891,White powdery fungal growth covering leaf surface,Topas 100 EC (Penconazole),100 ml/acre
