year,month,district,normalized_district,t2m_mean_c,rh2m_mean_percent,precip_total_mm,grid_points_used,polygon_point_count,fallback_point_count,no_coverage_flag,source_provider,source_files_covered
2022,1,Attock,Attock District,9.2477,71.5784,151.0000,1,1,0,False,nasa_power_merra2,2022-PRECTOTCORR.json|2022-RH2M.json|2022-T2M.json
2022,1,Bahawalnagar,Bahawalnagar District,13.6766,55.0922,114.0300,3,3,0,False,nasa_power_merra2,2022-PRECTOTCORR.json|2022-RH2M.json|2022-T2M.json
2022,1,Bahawalpur,Bahawalpur District,14.4875,50.0456,246.3000,8,8,0,False,nasa_power_merra2,2022-PRECTOTCORR.json|2022-RH2M.json|2022-T2M.json
2022,1,Bhakkar,Bhakkar District,7.8582,63.5887,2027.9100,21,0,21,False,nasa_power_merra2,2022-PRECTOTCORR.json|2022-RH2M.json|2022-T2M.json
2022,1,Chakwal,Chakwal District,9.6488,71.8784,394.1000,3,3,0,False,nasa_power_merra2,2022-PRECTOTCORR.json|2022-RH2M.json|2022-T2M.json
2022,1,Dera Ghazi Khan,Dera Ghazi Khan District,11.9650,54.5773,141.1200,4,4,0,False,nasa_power_merra2,2022-PRECTOTCORR.json|2022-RH2M.json|2022-T2M.json
2022,1,Faisalabad,Faisalabad District,12.7577,60.4471,146.5500,2,2,0,False,nasa_power_merra2,2022-PRECTOTCORR.json|2022-RH2M.json|2022-T2M.json
2022,1,Gujranwala,Gujranwala District,11.6810,73.7748,141.2000,1,1,0,False,nasa_power_merra2,2022-PRECTOTCORR.json|2022-RH2M.json|2022-T2M.json
2022,1,Gujrat,Gujrat District,,,,0,0,0,True,nasa_power_merra2,
2022,1,Hafizabad,Hafizabad District,11.7939,71.0935,126.5000,1,1,0,False,nasa_power_merra2,2022-PRECTOTCORR.json|2022-RH2M.json|2022-T2M.json
2022,1,Jhang,Jhang District,7.5070,66.6741,899.8500,7,0,7,False,nasa_power_merra2,2022-PRECTOTCORR.json|2022-RH2M.json|2022-T2M.json
2022,1,Jhelum,Jhelum District,11.3310,68.6910,172.5400,1,1,0,False,nasa_power_merra2,2022-PRECTOTCORR.json|2022-RH2M.json|2022-T2M.json
2022,1,Kasur,Kasur District,12.5216,64.5585,181.2300,2,2,0,False,nasa_power_merra2,2022-PRECTOTCORR.json|2022-RH2M.json|2022-T2M.json
2022,1,Khanewal,Khanewal District,13.3097,58.1690,38.7700,1,1,0,False,nasa_power_merra2,2022-PRECTOTCORR.json|2022-RH2M.json|2022-T2M.json
2022,1,Khushab,Khushab District,10.9818,65.4548,275.1200,3,3,0,False,nasa_power_merra2,2022-PRECTOTCORR.json|2022-RH2M.json|2022-T2M.json
2022,1,Lahore,Lahore District,11.9774,70.9313,119.5300,1,1,0,False,nasa_power_merra2,2022-PRECTOTCORR.json|2022-RH2M.json|2022-T2M.json
2022,1,Layyah,Layyah District,9.6974,57.1171,127.4400,3,0,3,False,nasa_power_merra2,2022-PRECTOTCORR.json|2022-RH2M.json|2022-T2M.json
2022,1,Lodhran,Lodhran District,,,,0,0,0,True,nasa_power_merra2,
2022,1,Mandi Bahauddin,Mandi Bahauddin District,11.5171,72.5010,149.7800,1,1,0,False,nasa_power_merra2,2022-PRECTOTCORR.json|2022-RH2M.json|2022-T2M.json
2022,1,Mianwali,Mianwali District,,,,0,0,0,True,nasa_power_merra2,
2022,1,Multan,Multan District,13.9452,55.7629,28.2800,1,1,0,False,nasa_power_merra2,2022-PRECTOTCORR.json|2022-RH2M.json|2022-T2M.json
2022,1,Muzaffargarh,Muzaffargarh District,14.0753,52.2245,178.8000,6,0,6,False,nasa_power_merra2,2022-PRECTOTCORR.json|2022-RH2M.json|2022-T2M.json
2022,1,Narowal,Narowal District,,,,0,0,0,True,nasa_power_merra2,
2022,1,Okara,Okara District,11.1564,62.9192,2617.8100,29,0,29,False,nasa_power_merra2,2022-PRECTOTCORR.json|2022-RH2M.json|2022-T2M.json
2022,1,Pakpattan,Pakpattan District,,,,0,0,0,True,nasa_power_merra2,
2022,1,Rahim Yar Khan,Rahim Yar Khan District,14.9439,48.5922,156.3900,5,5,0,False,nasa_power_merra2,2022-PRECTOTCORR.json|2022-RH2M.json|2022-T2M.json
2022,1,Rajanpur,Rajanpur District,13.4478,53.6787,100.7200,3,3,0,False,nasa_power_merra2,2022-PRECTOTCORR.json|2022-RH2M.json|2022-T2M.json
2022,1,Rawalpindi,Rawalpindi District,9.6935,69.5458,174.7200,1,1,0,False,nasa_power_merra2,2022-PRECTOTCORR.json|2022-RH2M.json|2022-T2M.json
2022,1,Sahiwal,Sahiwal District,13.2663,56.9660,102.1200,2,2,0,False,nasa_power_merra2,2022-PRECTOTCORR.json|2022-RH2M.json|2022-T2M.json
2022,1,Sargodha,Sargodha District,11.7855,66.6255,315.8400,3,3,0,False,nasa_power_merra2,2022-PRECTOTCORR.json|2022-RH2M.json|2022-T2M.json
2022,1,Sheikhupura,Sheikhupura District,,,,0,0,0,True,nasa_power_merra2,
2022,1,Sialkot,Sialkot District,11.9710,70.4923,167.0700,1,1,0,False,nasa_power_merra2,2022-PRECTOTCORR.json|2022-RH2M.json|2022-T2M.json
2022,1,Toba Tek Singh,Toba Tek Singh District,12.9497,57.7729,61.1300,1,1,0,False,nasa_power_merra2,2022-PRECTOTCORR.json|2022-RH2M.json|2022-T2M.json
2022,1,Vehari,Vehari District,13.5516,57.1902,75.2800,2,2,0,False,nasa_power_merra2,2022-PRECTOTCORR.json|2022-RH2M.json|2022-T2M.json
2022,2,Attock,Attock District,11.6525,67.1729,37.2400,1,1,0,False,nasa_power_merra2,2022-PRECTOTCORR.json|2022-RH2M.json|2022-T2M.json
2022,2,Bahawalnagar,Bahawalnagar District,17.5665,42.3189,5.6900,3,3,0,False,nasa_power_merra2,2022-PRECTOTCORR.json|2022-RH2M.json|2022-T2M.json
2022,2,Bahawalpur,Bahawalpur District,18.6432,35.4867,14.3900,8,8,0,False,nasa_power_merra2,2022-PRECTOTCORR.json|2022-RH2M.json|2022-T2M.json
2022,2,Bhakkar,Bhakkar District,10.5852,55.4084,409.0200,21,0,21,False,nasa_power_merra2,2022-PRECTOTCORR.json|2022-RH2M.json|2022-T2M.json
2022,2,Chakwal,Chakwal District,12.1576,66.4025,83.3100,3,3,0,False,nasa_power_merra2,2022-PRECTOTCORR.json|2022-RH2M.json|2022-T2M.json
2022,2,Dera Ghazi Khan,Dera Ghazi Khan District,15.4176,37.7097,12.1100,4,4,0,False,nasa_power_merra2,2022-PRECTOTCORR.json|2022-RH2M.json|2022-T2M.json
2022,2,Faisalabad,Faisalabad District,15.5641,53.4198,13.4700,2,2,0,False,nasa_power_merra2,2022-PRECTOTCORR.json|2022-RH2M.json|2022-T2M.json
2022,2,Gujranwala,Gujranwala District,13.9468,67.3111,31.3200,1,1,0,False,nasa_power_merra2,2022-PRECTOTCORR.json|2022-RH2M.json|2022-T2M.json
2022,2,Gujrat,Gujrat District,,,,0,0,0,True,nasa_power_merra2,
2022,2,Hafizabad,Hafizabad District,14.1964,64.5918,23.2900,1,1,0,False,nasa_power_merra2,2022-PRECTOTCORR.json|2022-RH2M.json|2022-T2M.json
2022,2,Jhang,Jhang District,9.9318,60.8304,315.2400,7,0,7,False,nasa_power_merra2,2022-PRECTOTCORR.json|2022-RH2M.json|2022-T2M.json
2022,2,Jhelum,Jhelum District,13.5689,63.2579,49.0300,1,1,0,False,nasa_power_merra2,2022-PRECTOTCORR.json|2022-RH2M.json|2022-T2M.json
2022,2,Kasur,Kasur District,15.2164,57.1786,24.7600,2,2,0,False,nasa_power_merra2,2022-PRECTOTCORR.json|2022-RH2M.json|2022-T2M.json
2022,2,Khanewal,Khanewal District,16.3700,46.8754,0.6000,1,1,0,False,nasa_power_merra2,2022-PRECTOTCORR.json|2022-RH2M.json|2022-T2M.json
2022,2,Khushab,Khushab District,13.7412,58.7630,39.3900,3,3,0,False,nasa_power_merra2,2022-PRECTOTCORR.json|2022-RH2M.json|2022-T2M.json
2022,2,Lahore,Lahore District,14.4154,63.7282,22.2100,1,1,0,False,nasa_power_merra2,2022-PRECTOTCORR.json|2022-RH2M.json|2022-T2M.json
2022,2,Layyah,Layyah District,12.7677,42.5487,16.0600,3,0,3,False,nasa_power_merra2,2022-PRECTOTCORR.json|2022-RH2M.json|2022-T2M.json
2022,2,Lodhran,Lodhran District,,,,0,0,0,True,nasa_power_merra2,
2022,2,Mandi Bahauddin,Mandi Bahauddin District,13.9389,65.5629,34.2900,1,1,0,False,nasa_power_merra2,2022-PRECTOTCORR.json|2022-RH2M.json|2022-T2M.json
2022,2,Mianwali,Mianwali District,,,,0,0,0,True,nasa_power_merra2,
2022,2,Multan,Multan District,17.5921,37.4107,0.8800,1,1,0,False,nasa_power_merra2,2022-PRECTOTCORR.json|2022-RH2M.json|2022-T2M.json
2022,2,Muzaffargarh,Muzaffargarh District,18.2606,37.5765,22.8200,6,0,6,False,nasa_power_merra2,2022-PRECTOTCORR.json|2022-RH2M.json|2022-T2M.json
2022,2,Narowal,Narowal District,,,,0,0,0,True,nasa_power_merra2,
2022,2,Okara,Okara District,14.3474,53.3251,777.2200,29,0,29,False,nasa_power_merra2,2022-PRECTOTCORR.json|2022-RH2M.json|2022-T2M.json
2022,2,Pakpattan,Pakpattan District,,,,0,0,0,True,nasa_power_merra2,
2022,2,Rahim Yar Khan,Rahim Yar Khan District,19.0391,32.8534,7.5200,5,5,0,False,nasa_power_merra2,2022-PRECTOTCORR.json|2022-RH2M.json|2022-T2M.json
2022,2,Rajanpur,Rajanpur District,17.5146,33.4252,5.5700,3,3,0,False,nasa_power_merra2,2022-PRECTOTCORR.json|2022-RH2M.json|2022-T2M.json
2022,2,Rawalpindi,Rawalpindi District,11.8093,64.7286,51.3300,1,1,0,False,nasa_power_merra2,2022-PRECTOTCORR.json|2022-RH2M.json|2022-T2M.json
2022,2,Sahiwal,Sahiwal District,16.3404,48.0777,3.4200,2,2,0,False,nasa_power_merra2,2022-PRECTOTCORR.json|2022-RH2M.json|2022-T2M.json
2022,2,Sargodha,Sargodha District,14.4856,60.0351,53.4200,3,3,0,False,nasa_power_merra2,2022-PRECTOTCORR.json|2022-RH2M.json|2022-T2M.json
2022,2,Sheikhupura,Sheikhupura District,,,,0,0,0,True,nasa_power_merra2,
2022,2,Sialkot,Sialkot District,14.1507,64.8936,46.4200,1,1,0,False,nasa_power_merra2,2022-PRECTOTCORR.json|2022-RH2M.json|2022-T2M.json
2022,2,Toba Tek Singh,Toba Tek Singh District,15.9046,49.7471,3.6600,1,1,0,False,nasa_power_merra2,2022-PRECTOTCORR.json|2022-RH2M.json|2022-T2M.json
2022,2,Vehari,Vehari District,16.8991,44.0254,1.2800,2,2,0,False,nasa_power_merra2,2022-PRECTOTCORR.json|2022-RH2M.json|2022-T2M.json
2022,3,Attock,Attock District,19.7342,61.9445,73.4900,1,1,0,False,nasa_power_merra2,2022-PRECTOTCORR.json|2022-RH2M.json|2022-T2M.json
2022,3,Bahawalnagar,Bahawalnagar District,27.3700,26.9890,8.0900,3,3,0,False,nasa_power_merra2,2022-PRECTOTCORR.json|2022-RH2M.json|2022-T2M.json
2022,3,Bahawalpur,Bahawalpur District,27.8635,26.0731,20.9700,8,8,0,False,nasa_power_merra2,2022-PRECTOTCORR.json|2022-RH2M.json|2022-T2M.json
2022,3,Bhakkar,Bhakkar District,19.4947,49.7266,858.9200,21,0,21,False,nasa_power_merra2,2022-PRECTOTCORR.json|2022-RH2M.json|2022-T2M.json
2022,3,Chakwal,Chakwal District,20.3681,60.0725,148.8400,3,3,0,False,nasa_power_merra2,2022-PRECTOTCORR.json|2022-RH2M.json|2022-T2M.json
2022,3,Dera Ghazi Khan,Dera Ghazi Khan District,24.7081,32.7251,82.0800,4,4,0,False,nasa_power_merra2,2022-PRECTOTCORR.json|2022-RH2M.json|2022-T2M.json
2022,3,Faisalabad,Faisalabad District,25.0240,40.3958,17.6800,2,2,0,False,nasa_power_merra2,2022-PRECTOTCORR.json|2022-RH2M.json|2022-T2M.json
2022,3,Gujranwala,Gujranwala District,22.8258,54.1058,8.0700,1,1,0,False,nasa_power_merra2,2022-PRECTOTCORR.json|2022-RH2M.json|2022-T2M.json
2022,3,Gujrat,Gujrat District,,,,0,0,0,True,nasa_power_merra2,
2022,3,Hafizabad,Hafizabad District,23.1429,51.7955,13.1300,1,1,0,False,nasa_power_merra2,2022-PRECTOTCORR.json|2022-RH2M.json|2022-T2M.json
2022,3,Jhang,Jhang District,19.1144,50.6874,346.7400,7,0,7,False,nasa_power_merra2,2022-PRECTOTCORR.json|2022-RH2M.json|2022-T2M.json
2022,3,Jhelum,Jhelum District,21.8894,55.7797,39.3300,1,1,0,False,nasa_power_merra2,2022-PRECTOTCORR.json|2022-RH2M.json|2022-T2M.json
2022,3,Kasur,Kasur District,24.7260,41.9621,10.1100,2,2,0,False,nasa_power_merra2,2022-PRECTOTCORR.json|2022-RH2M.json|2022-T2M.json
2022,3,Khanewal,Khanewal District,26.4410,33.2855,6.9200,1,1,0,False,nasa_power_merra2,2022-PRECTOTCORR.json|2022-RH2M.json|2022-T2M.json
2022,3,Khushab,Khushab District,22.7194,49.6185,86.2300,3,3,0,False,nasa_power_merra2,2022-PRECTOTCORR.json|2022-RH2M.json|2022-T2M.json
2022,3,Lahore,Lahore District,23.6248,48.7797,6.3600,1,1,0,False,nasa_power_merra2,2022-PRECTOTCORR.json|2022-RH2M.json|2022-T2M.json
2022,3,Layyah,Layyah District,21.9660,36.0656,64.1800,3,0,3,False,nasa_power_merra2,2022-PRECTOTCORR.json|2022-RH2M.json|2022-T2M.json
2022,3,Lodhran,Lodhran District,,,,0,0,0,True,nasa_power_merra2,
2022,3,Mandi Bahauddin,Mandi Bahauddin District,22.4610,55.5800,21.3300,1,1,0,False,nasa_power_merra2,2022-PRECTOTCORR.json|2022-RH2M.json|2022-T2M.json
2022,3,Mianwali,Mianwali District,,,,0,0,0,True,nasa_power_merra2,
2022,3,Multan,Multan District,27.2206,28.8848,6.9000,1,1,0,False,nasa_power_merra2,2022-PRECTOTCORR.json|2022-RH2M.json|2022-T2M.json
2022,3,Muzaffargarh,Muzaffargarh District,27.4657,27.8088,24.9500,6,0,6,False,nasa_power_merra2,2022-PRECTOTCORR.json|2022-RH2M.json|2022-T2M.json
2022,3,Narowal,Narowal District,,,,0,0,0,True,nasa_power_merra2,
2022,3,Okara,Okara District,23.7504,38.6097,215.4800,29,0,29,False,nasa_power_merra2,2022-PRECTOTCORR.json|2022-RH2M.json|2022-T2M.json
2022,3,Pakpattan,Pakpattan District,,,,0,0,0,True,nasa_power_merra2,
2022,3,Rahim Yar Khan,Rahim Yar Khan District,28.0563,26.0497,21.8000,5,5,0,False,nasa_power_merra2,2022-PRECTOTCORR.json|2022-RH2M.json|2022-T2M.json
2022,3,Rajanpur,Rajanpur District,26.6763,28.4046,44.9900,3,3,0,False,nasa_power_merra2,2022-PRECTOTCORR.json|2022-RH2M.json|2022-T2M.json
2022,3,Rawalpindi,Rawalpindi District,19.8400,60.3358,79.0300,1,1,0,False,nasa_power_merra2,2022-PRECTOTCORR.json|2022-RH2M.json|2022-T2M.json
2022,3,Sahiwal,Sahiwal District,26.2868,32.7129,8.2100,2,2,0,False,nasa_power_merra2,2022-PRECTOTCORR.json|2022-RH2M.json|2022-T2M.json
2022,3,Sargodha,Sargodha District,23.5251,48.2448,67.6200,3,3,0,False,nasa_power_merra2,2022-PRECTOTCORR.json|2022-RH2M.json|2022-T2M.json
2022,3,Sheikhupura,Sheikhupura District,,,,0,0,0,True,nasa_power_merra2,
2022,3,Sialkot,Sialkot District,22.9516,53.0097,12.7200,1,1,0,False,nasa_power_merra2,2022-PRECTOTCORR.json|2022-RH2M.json|2022-T2M.json
2022,3,Toba Tek Singh,Toba Tek Singh District,25.5694,37.4029,6.9700,1,1,0,False,nasa_power_merra2,2022-PRECTOTCORR.json|2022-RH2M.json|2022-T2M.json
2022,3,Vehari,Vehari District,27.0550,28.6271,8.4700,2,2,0,False,nasa_power_merra2,2022-PRECTOTCORR.json|2022-RH2M.json|2022-T2M.json
2022,4,Attock,Attock District,26.7137,42.4803,12.2000,1,1,0,False,nasa_power_merra2,2022-PRECTOTCORR.json|2022-RH2M.json|2022-T2M.json
2022,4,Bahawalnagar,Bahawalnagar District,33.7117,14.0212,0.0000,3,3,0,False,nasa_power_merra2,2022-PRECTOTCORR.json|2022-RH2M.json|2022-T2M.json
2022,4,Bahawalpur,Bahawalpur District,34.0637,14.4396,0.0000,8,8,0,False,nasa_power_merra2,2022-PRECTOTCORR.json|2022-RH2M.json|2022-T2M.json
2022,4,Bhakkar,Bhakkar District,26.1938,29.6131,256.2700,21,0,21,False,nasa_power_merra2,2022-PRECTOTCORR.json|2022-RH2M.json|2022-T2M.json
2022,4,Chakwal,Chakwal District,27.8010,36.2864,17.3300,3,3,0,False,nasa_power_merra2,2022-PRECTOTCORR.json|2022-RH2M.json|2022-T2M.json
2022,4,Dera Ghazi Khan,Dera Ghazi Khan District,31.3578,14.9572,1.6700,4,4,0,False,nasa_power_merra2,2022-PRECTOTCORR.json|2022-RH2M.json|2022-T2M.json
2022,4,Faisalabad,Faisalabad District,32.6218,18.1308,0.1900,2,2,0,False,nasa_power_merra2,2022-PRECTOTCORR.json|2022-RH2M.json|2022-T2M.json
2022,4,Gujranwala,Gujranwala District,31.1947,25.4130,0.6200,1,1,0,False,nasa_power_merra2,2022-PRECTOTCORR.json|2022-RH2M.json|2022-T2M.json
2022,4,Gujrat,Gujrat District,,,,0,0,0,True,nasa_power_merra2,
2022,4,Hafizabad,Hafizabad District,31.3327,24.7880,0.4400,1,1,0,False,nasa_power_merra2,2022-PRECTOTCORR.json|2022-RH2M.json|2022-T2M.json
2022,4,Jhang,Jhang District,25.4722,34.7790,172.7600,7,0,7,False,nasa_power_merra2,2022-PRECTOTCORR.json|2022-RH2M.json|2022-T2M.json
2022,4,Jhelum,Jhelum District,29.1193,34.4300,8.6300,1,1,0,False,nasa_power_merra2,2022-PRECTOTCORR.json|2022-RH2M.json|2022-T2M.json
2022,4,Kasur,Kasur District,32.5133,18.8523,0.2500,2,2,0,False,nasa_power_merra2,2022-PRECTOTCORR.json|2022-RH2M.json|2022-T2M.json
2022,4,Khanewal,Khanewal District,33.1057,16.4760,0.0000,1,1,0,False,nasa_power_merra2,2022-PRECTOTCORR.json|2022-RH2M.json|2022-T2M.json
2022,4,Khushab,Khushab District,30.3380,25.2489,4.8300,3,3,0,False,nasa_power_merra2,2022-PRECTOTCORR.json|2022-RH2M.json|2022-T2M.json
2022,4,Lahore,Lahore District,31.7993,22.4133,0.2500,1,1,0,False,nasa_power_merra2,2022-PRECTOTCORR.json|2022-RH2M.json|2022-T2M.json
2022,4,Layyah,Layyah District,28.5344,16.7087,3.3000,3,0,3,False,nasa_power_merra2,2022-PRECTOTCORR.json|2022-RH2M.json|2022-T2M.json
2022,4,Lodhran,Lodhran District,,,,0,0,0,True,nasa_power_merra2,
2022,4,Mandi Bahauddin,Mandi Bahauddin District,30.3900,30.1940,1.8800,1,1,0,False,nasa_power_merra2,2022-PRECTOTCORR.json|2022-RH2M.json|2022-T2M.json
2022,4,Mianwali,Mianwali District,,,,0,0,0,True,nasa_power_merra2,
2022,4,Multan,Multan District,33.7483,14.1650,0.0000,1,1,0,False,nasa_power_merra2,2022-PRECTOTCORR.json|2022-RH2M.json|2022-T2M.json
2022,4,Muzaffargarh,Muzaffargarh District,33.7206,15.1859,0.1500,6,0,6,False,nasa_power_merra2,2022-PRECTOTCORR.json|2022-RH2M.json|2022-T2M.json
2022,4,Narowal,Narowal District,,,,0,0,0,True,nasa_power_merra2,
2022,4,Okara,Okara District,30.4474,21.7315,166.0700,29,0,29,False,nasa_power_merra2,2022-PRECTOTCORR.json|2022-RH2M.json|2022-T2M.json
2022,4,Pakpattan,Pakpattan District,,,,0,0,0,True,nasa_power_merra2,
2022,4,Rahim Yar Khan,Rahim Yar Khan District,34.3971,14.5815,0.2700,5,5,0,False,nasa_power_merra2,2022-PRECTOTCORR.json|2022-RH2M.json|2022-T2M.json
2022,4,Rajanpur,Rajanpur District,33.1509,12.9474,0.1800,3,3,0,False,nasa_power_merra2,2022-PRECTOTCORR.json|2022-RH2M.json|2022-T2M.json
2022,4,Rawalpindi,Rawalpindi District,26.4460,42.0153,14.7900,1,1,0,False,nasa_power_merra2,2022-PRECTOTCORR.json|2022-RH2M.json|2022-T2M.json
2022,4,Sahiwal,Sahiwal District,33.2907,14.7880,0.0000,2,2,0,False,nasa_power_merra2,2022-PRECTOTCORR.json|2022-RH2M.json|2022-T2M.json
2022,4,Sargodha,Sargodha District,31.1176,25.1834,3.1500,3,3,0,False,nasa_power_merra2,2022-PRECTOTCORR.json|2022-RH2M.json|2022-T2M.json
2022,4,Sheikhupura,Sheikhupura District,,,,0,0,0,True,nasa_power_merra2,
2022,4,Sialkot,Sialkot District,30.7687,27.8760,3.4900,1,1,0,False,nasa_power_merra2,2022-PRECTOTCORR.json|2022-RH2M.json|2022-T2M.json
2022,4,Toba Tek Singh,Toba Tek Singh District,32.9230,16.3943,0.0200,1,1,0,False,nasa_power_merra2,2022-PRECTOTCORR.json|2022-RH2M.json|2022-T2M.json
2022,4,Vehari,Vehari District,33.5242,14.0433,0.0000,2,2,0,False,nasa_power_merra2,2022-PRECTOTCORR.json|2022-RH2M.json|2022-T2M.json
2022,5,Attock,Attock District,30.9616,34.2216,45.0800,1,1,0,False,nasa_power_merra2,2022-PRECTOTCORR.json|2022-RH2M.json|2022-T2M.json
2022,5,Bahawalnagar,Bahawalnagar District,36.4552,19.6487,40.1600,3,3,0,False,nasa_power_merra2,2022-PRECTOTCORR.json|2022-RH2M.json|2022-T2M.json
2022,5,Bahawalpur,Bahawalpur District,36.8956,18.9156,42.8200,8,8,0,False,nasa_power_merra2,2022-PRECTOTCORR.json|2022-RH2M.json|2022-T2M.json
2022,5,Bhakkar,Bhakkar District,28.5632,33.0261,2072.6000,21,0,21,False,nasa_power_merra2,2022-PRECTOTCORR.json|2022-RH2M.json|2022-T2M.json
2022,5,Chakwal,Chakwal District,31.9574,29.8976,122.2800,3,3,0,False,nasa_power_merra2,2022-PRECTOTCORR.json|2022-RH2M.json|2022-T2M.json
2022,5,Dera Ghazi Khan,Dera Ghazi Khan District,34.4719,17.0371,20.4200,4,4,0,False,nasa_power_merra2,2022-PRECTOTCORR.json|2022-RH2M.json|2022-T2M.json
2022,5,Faisalabad,Faisalabad District,35.9019,21.3890,30.3500,2,2,0,False,nasa_power_merra2,2022-PRECTOTCORR.json|2022-RH2M.json|2022-T2M.json
2022,5,Gujranwala,Gujranwala District,34.8777,24.7565,26.1500,1,1,0,False,nasa_power_merra2,2022-PRECTOTCORR.json|2022-RH2M.json|2022-T2M.json
2022,5,Gujrat,Gujrat District,,,,0,0,0,True,nasa_power_merra2,
2022,5,Hafizabad,Hafizabad District,35.1326,23.7558,19.5800,1,1,0,False,nasa_power_merra2,2022-PRECTOTCORR.json|2022-RH2M.json|2022-T2M.json
2022,5,Jhang,Jhang District,28.5852,35.0512,316.7500,7,0,7,False,nasa_power_merra2,2022-PRECTOTCORR.json|2022-RH2M.json|2022-T2M.json
2022,5,Jhelum,Jhelum District,33.0497,29.0300,40.3200,1,1,0,False,nasa_power_merra2,2022-PRECTOTCORR.json|2022-RH2M.json|2022-T2M.json
2022,5,Kasur,Kasur District,35.8881,21.5621,25.4100,2,2,0,False,nasa_power_merra2,2022-PRECTOTCORR.json|2022-RH2M.json|2022-T2M.json
2022,5,Khanewal,Khanewal District,36.4694,20.3661,8.4300,1,1,0,False,nasa_power_merra2,2022-PRECTOTCORR.json|2022-RH2M.json|2022-T2M.json
2022,5,Khushab,Khushab District,33.4682,26.2882,85.9700,3,3,0,False,nasa_power_merra2,2022-PRECTOTCORR.json|2022-RH2M.json|2022-T2M.json
2022,5,Lahore,Lahore District,35.4703,22.5416,15.1600,1,1,0,False,nasa_power_merra2,2022-PRECTOTCORR.json|2022-RH2M.json|2022-T2M.json
2022,5,Layyah,Layyah District,31.6552,18.5553,20.3500,3,0,3,False,nasa_power_merra2,2022-PRECTOTCORR.json|2022-RH2M.json|2022-T2M.json
2022,5,Lodhran,Lodhran District,,,,0,0,0,True,nasa_power_merra2,
2022,5,Mandi Bahauddin,Mandi Bahauddin District,34.4865,26.3552,29.1000,1,1,0,False,nasa_power_merra2,2022-PRECTOTCORR.json|2022-RH2M.json|2022-T2M.json
2022,5,Mianwali,Mianwali District,,,,0,0,0,True,nasa_power_merra2,
2022,5,Multan,Multan District,37.2239,17.7055,2.8000,1,1,0,False,nasa_power_merra2,2022-PRECTOTCORR.json|2022-RH2M.json|2022-T2M.json
2022,5,Muzaffargarh,Muzaffargarh District,36.5737,19.4227,23.1400,6,0,6,False,nasa_power_merra2,2022-PRECTOTCORR.json|2022-RH2M.json|2022-T2M.json
2022,5,Narowal,Narowal District,,,,0,0,0,True,nasa_power_merra2,
2022,5,Okara,Okara District,33.1950,26.2221,795.0900,29,0,29,False,nasa_power_merra2,2022-PRECTOTCORR.json|2022-RH2M.json|2022-T2M.json
2022,5,Pakpattan,Pakpattan District,,,,0,0,0,True,nasa_power_merra2,
2022,5,Rahim Yar Khan,Rahim Yar Khan District,37.2141,18.5103,24.1900,5,5,0,False,nasa_power_merra2,2022-PRECTOTCORR.json|2022-RH2M.json|2022-T2M.json
2022,5,Rajanpur,Rajanpur District,36.3920,15.3735,13.5000,3,3,0,False,nasa_power_merra2,2022-PRECTOTCORR.json|2022-RH2M.json|2022-T2M.json
2022,5,Rawalpindi,Rawalpindi District,30.6768,33.3842,48.1800,1,1,0,False,nasa_power_merra2,2022-PRECTOTCORR.json|2022-RH2M.json|2022-T2M.json
2022,5,Sahiwal,Sahiwal District,36.2644,20.3550,31.4200,2,2,0,False,nasa_power_merra2,2022-PRECTOTCORR.json|2022-RH2M.json|2022-T2M.json
2022,5,Sargodha,Sargodha District,34.8525,24.1345,59.6000,3,3,0,False,nasa_power_merra2,2022-PRECTOTCORR.json|2022-RH2M.json|2022-T2M.json
2022,5,Sheikhupura,Sheikhupura District,,,,0,0,0,True,nasa_power_merra2,
2022,5,Sialkot,Sialkot District,34.2013,27.4381,42.8800,1,1,0,False,nasa_power_merra2,2022-PRECTOTCORR.json|2022-RH2M.json|2022-T2M.json
2022,5,Toba Tek Singh,Toba Tek Singh District,36.1358,20.4403,13.9700,1,1,0,False,nasa_power_merra2,2022-PRECTOTCORR.json|2022-RH2M.json|2022-T2M.json
2022,5,Vehari,Vehari District,36.7215,19.1497,21.9500,2,2,0,False,nasa_power_merra2,2022-PRECTOTCORR.json|2022-RH2M.json|2022-T2M.json
2022,6,Attock,Attock District,32.9170,35.1203,133.7800,1,1,0,False,nasa_power_merra2,2022-PRECTOTCORR.json|2022-RH2M.json|2022-T2M.json
2022,6,Bahawalnagar,Bahawalnagar District,36.4326,30.8158,121.6900,3,3,0,False,nasa_power_merra2,2022-PRECTOTCORR.json|2022-RH2M.json|2022-T2M.json
2022,6,Bahawalpur,Bahawalpur District,36.3958,32.9639,382.1400,8,8,0,False,nasa_power_merra2,2022-PRECTOTCORR.json|2022-RH2M.json|2022-T2M.json
2022,6,Bhakkar,Bhakkar District,30.9343,31.8480,1515.3700,21,0,21,False,nasa_power_merra2,2022-PRECTOTCORR.json|2022-RH2M.json|2022-T2M.json
2022,6,Chakwal,Chakwal District,33.4120,34.3007,370.6400,3,3,0,False,nasa_power_merra2,2022-PRECTOTCORR.json|2022-RH2M.json|2022-T2M.json
2022,6,Dera Ghazi Khan,Dera Ghazi Khan District,34.3617,30.9026,352.3900,4,4,0,False,nasa_power_merra2,2022-PRECTOTCORR.json|2022-RH2M.json|2022-T2M.json
2022,6,Faisalabad,Faisalabad District,36.5455,28.3818,121.5300,2,2,0,False,nasa_power_merra2,2022-PRECTOTCORR.json|2022-RH2M.json|2022-T2M.json
2022,6,Gujranwala,Gujranwala District,35.6580,31.2010,88.1600,1,1,0,False,nasa_power_merra2,2022-PRECTOTCORR.json|2022-RH2M.json|2022-T2M.json
2022,6,Gujrat,Gujrat District,,,,0,0,0,True,nasa_power_merra2,
2022,6,Hafizabad,Hafizabad District,35.7237,30.8547,93.2400,1,1,0,False,nasa_power_merra2,2022-PRECTOTCORR.json|2022-RH2M.json|2022-T2M.json
2022,6,Jhang,Jhang District,29.8356,38.8693,783.3900,7,0,7,False,nasa_power_merra2,2022-PRECTOTCORR.json|2022-RH2M.json|2022-T2M.json
2022,6,Jhelum,Jhelum District,33.6020,35.9690,144.6000,1,1,0,False,nasa_power_merra2,2022-PRECTOTCORR.json|2022-RH2M.json|2022-T2M.json
2022,6,Kasur,Kasur District,36.4710,28.7998,111.9900,2,2,0,False,nasa_power_merra2,2022-PRECTOTCORR.json|2022-RH2M.json|2022-T2M.json
2022,6,Khanewal,Khanewal District,36.4807,31.6580,56.6900,1,1,0,False,nasa_power_merra2,2022-PRECTOTCORR.json|2022-RH2M.json|2022-T2M.json
2022,6,Khushab,Khushab District,34.8974,30.7872,289.4200,3,3,0,False,nasa_power_merra2,2022-PRECTOTCORR.json|2022-RH2M.json|2022-T2M.json
2022,6,Lahore,Lahore District,36.1837,29.3110,72.9200,1,1,0,False,nasa_power_merra2,2022-PRECTOTCORR.json|2022-RH2M.json|2022-T2M.json
2022,6,Layyah,Layyah District,32.0007,31.1441,227.1000,3,0,3,False,nasa_power_merra2,2022-PRECTOTCORR.json|2022-RH2M.json|2022-T2M.json
2022,6,Lodhran,Lodhran District,,,,0,0,0,True,nasa_power_merra2,
2022,6,Mandi Bahauddin,Mandi Bahauddin District,35.0673,33.3687,118.0900,1,1,0,False,nasa_power_merra2,2022-PRECTOTCORR.json|2022-RH2M.json|2022-T2M.json
2022,6,Mianwali,Mianwali District,,,,0,0,0,True,nasa_power_merra2,
2022,6,Multan,Multan District,36.3137,33.5607,58.9400,1,1,0,False,nasa_power_merra2,2022-PRECTOTCORR.json|2022-RH2M.json|2022-T2M.json
2022,6,Muzaffargarh,Muzaffargarh District,36.1533,32.9652,328.3700,6,0,6,False,nasa_power_merra2,2022-PRECTOTCORR.json|2022-RH2M.json|2022-T2M.json
2022,6,Narowal,Narowal District,,,,0,0,0,True,nasa_power_merra2,
2022,6,Okara,Okara District,33.7680,34.0959,1992.6900,29,0,29,False,nasa_power_merra2,2022-PRECTOTCORR.json|2022-RH2M.json|2022-T2M.json
2022,6,Pakpattan,Pakpattan District,,,,0,0,0,True,nasa_power_merra2,
2022,6,Rahim Yar Khan,Rahim Yar Khan District,36.4092,34.7135,255.2500,5,5,0,False,nasa_power_merra2,2022-PRECTOTCORR.json|2022-RH2M.json|2022-T2M.json
2022,6,Rajanpur,Rajanpur District,35.2096,33.7724,255.9000,3,3,0,False,nasa_power_merra2,2022-PRECTOTCORR.json|2022-RH2M.json|2022-T2M.json
2022,6,Rawalpindi,Rawalpindi District,31.9477,37.1143,156.1300,1,1,0,False,nasa_power_merra2,2022-PRECTOTCORR.json|2022-RH2M.json|2022-T2M.json
2022,6,Sahiwal,Sahiwal District,36.7133,28.8898,84.5900,2,2,0,False,nasa_power_merra2,2022-PRECTOTCORR.json|2022-RH2M.json|2022-T2M.json
2022,6,Sargodha,Sargodha District,35.7543,29.9228,292.7200,3,3,0,False,nasa_power_merra2,2022-PRECTOTCORR.json|2022-RH2M.json|2022-T2M.json
2022,6,Sheikhupura,Sheikhupura District,,,,0,0,0,True,nasa_power_merra2,
2022,6,Sialkot,Sialkot District,35.0627,32.9853,109.3800,1,1,0,False,nasa_power_merra2,2022-PRECTOTCORR.json|2022-RH2M.json|2022-T2M.json
2022,6,Toba Tek Singh,Toba Tek Singh District,36.6817,28.6927,56.5900,1,1,0,False,nasa_power_merra2,2022-PRECTOTCORR.json|2022-RH2M.json|2022-T2M.json
2022,6,Vehari,Vehari District,36.5393,30.9578,88.3900,2,2,0,False,nasa_power_merra2,2022-PRECTOTCORR.json|2022-RH2M.json|2022-T2M.json
2022,7,Attock,Attock District,29.3158,77.2155,459.5500,1,1,0,False,nasa_power_merra2,2022-PRECTOTCORR.json|2022-RH2M.json|2022-T2M.json
2022,7,Bahawalnagar,Bahawalnagar District,32.3366,68.0431,870.0900,3,3,0,False,nasa_power_merra2,2022-PRECTOTCORR.json|2022-RH2M.json|2022-T2M.json
2022,7,Bahawalpur,Bahawalpur District,32.5641,67.4058,2110.2000,8,8,0,False,nasa_power_merra2,2022-PRECTOTCORR.json|2022-RH2M.json|2022-T2M.json
2022,7,Bhakkar,Bhakkar District,29.2529,65.7974,3651.7600,21,0,21,False,nasa_power_merra2,2022-PRECTOTCORR.json|2022-RH2M.json|2022-T2M.json
2022,7,Chakwal,Chakwal District,29.7165,75.5752,1201.8900,3,3,0,False,nasa_power_merra2,2022-PRECTOTCORR.json|2022-RH2M.json|2022-T2M.json
2022,7,Dera Ghazi Khan,Dera Ghazi Khan District,30.7176,69.9247,916.2800,4,4,0,False,nasa_power_merra2,2022-PRECTOTCORR.json|2022-RH2M.json|2022-T2M.json
2022,7,Faisalabad,Faisalabad District,32.1481,68.3435,553.2100,2,2,0,False,nasa_power_merra2,2022-PRECTOTCORR.json|2022-RH2M.json|2022-T2M.json
2022,7,Gujranwala,Gujranwala District,31.4635,71.0068,357.8200,1,1,0,False,nasa_power_merra2,2022-PRECTOTCORR.json|2022-RH2M.json|2022-T2M.json
2022,7,Gujrat,Gujrat District,,,,0,0,0,True,nasa_power_merra2,
2022,7,Hafizabad,Hafizabad District,31.5732,70.7513,309.5100,1,1,0,False,nasa_power_merra2,2022-PRECTOTCORR.json|2022-RH2M.json|2022-T2M.json
2022,7,Jhang,Jhang District,27.4647,75.1135,2173.0500,7,0,7,False,nasa_power_merra2,2022-PRECTOTCORR.json|2022-RH2M.json|2022-T2M.json
2022,7,Jhelum,Jhelum District,29.7603,76.4790,577.3300,1,1,0,False,nasa_power_merra2,2022-PRECTOTCORR.json|2022-RH2M.json|2022-T2M.json
2022,7,Kasur,Kasur District,31.9989,68.4684,612.9600,2,2,0,False,nasa_power_merra2,2022-PRECTOTCORR.json|2022-RH2M.json|2022-T2M.json
2022,7,Khanewal,Khanewal District,32.5632,68.6048,259.7200,1,1,0,False,nasa_power_merra2,2022-PRECTOTCORR.json|2022-RH2M.json|2022-T2M.json
2022,7,Khushab,Khushab District,31.2223,68.8942,701.0500,3,3,0,False,nasa_power_merra2,2022-PRECTOTCORR.json|2022-RH2M.json|2022-T2M.json
2022,7,Lahore,Lahore District,31.9761,67.8487,281.0900,1,1,0,False,nasa_power_merra2,2022-PRECTOTCORR.json|2022-RH2M.json|2022-T2M.json
2022,7,Layyah,Layyah District,28.9923,69.7696,580.1200,3,0,3,False,nasa_power_merra2,2022-PRECTOTCORR.json|2022-RH2M.json|2022-T2M.json
2022,7,Lodhran,Lodhran District,,,,0,0,0,True,nasa_power_merra2,
2022,7,Mandi Bahauddin,Mandi Bahauddin District,31.0197,73.3900,461.8300,1,1,0,False,nasa_power_merra2,2022-PRECTOTCORR.json|2022-RH2M.json|2022-T2M.json
2022,7,Mianwali,Mianwali District,,,,0,0,0,True,nasa_power_merra2,
2022,7,Multan,Multan District,32.7155,68.6029,255.7800,1,1,0,False,nasa_power_merra2,2022-PRECTOTCORR.json|2022-RH2M.json|2022-T2M.json
2022,7,Muzaffargarh,Muzaffargarh District,32.5911,65.9895,1382.4100,6,0,6,False,nasa_power_merra2,2022-PRECTOTCORR.json|2022-RH2M.json|2022-T2M.json
2022,7,Narowal,Narowal District,,,,0,0,0,True,nasa_power_merra2,
2022,7,Okara,Okara District,30.0318,71.1962,9283.7900,29,0,29,False,nasa_power_merra2,2022-PRECTOTCORR.json|2022-RH2M.json|2022-T2M.json
2022,7,Pakpattan,Pakpattan District,,,,0,0,0,True,nasa_power_merra2,
2022,7,Rahim Yar Khan,Rahim Yar Khan District,32.2178,71.2419,1831.6700,5,5,0,False,nasa_power_merra2,2022-PRECTOTCORR.json|2022-RH2M.json|2022-T2M.json
2022,7,Rajanpur,Rajanpur District,31.1392,73.3565,1104.1000,3,3,0,False,nasa_power_merra2,2022-PRECTOTCORR.json|2022-RH2M.json|2022-T2M.json
2022,7,Rawalpindi,Rawalpindi District,28.6845,78.2739,573.2600,1,1,0,False,nasa_power_merra2,2022-PRECTOTCORR.json|2022-RH2M.json|2022-T2M.json
2022,7,Sahiwal,Sahiwal District,32.1608,69.4847,626.8800,2,2,0,False,nasa_power_merra2,2022-PRECTOTCORR.json|2022-RH2M.json|2022-T2M.json
2022,7,Sargodha,Sargodha District,31.5671,70.0819,845.4600,3,3,0,False,nasa_power_merra2,2022-PRECTOTCORR.json|2022-RH2M.json|2022-T2M.json
2022,7,Sheikhupura,Sheikhupura District,,,,0,0,0,True,nasa_power_merra2,
2022,7,Sialkot,Sialkot District,30.8345,73.5913,482.2400,1,1,0,False,nasa_power_merra2,2022-PRECTOTCORR.json|2022-RH2M.json|2022-T2M.json
2022,7,Toba Tek Singh,Toba Tek Singh District,32.2968,68.5961,285.9100,1,1,0,False,nasa_power_merra2,2022-PRECTOTCORR.json|2022-RH2M.json|2022-T2M.json
2022,7,Vehari,Vehari District,32.3771,69.3761,557.3400,2,2,0,False,nasa_power_merra2,2022-PRECTOTCORR.json|2022-RH2M.json|2022-T2M.json
2022,8,Attock,Attock District,28.6455,77.0487,206.8900,1,1,0,False,nasa_power_merra2,2022-PRECTOTCORR.json|2022-RH2M.json|2022-T2M.json
2022,8,Bahawalnagar,Bahawalnagar District,30.6467,71.1560,266.6900,3,3,0,False,nasa_power_merra2,2022-PRECTOTCORR.json|2022-RH2M.json|2022-T2M.json
2022,8,Bahawalpur,Bahawalpur District,30.9119,70.1585,1040.5600,8,8,0,False,nasa_power_merra2,2022-PRECTOTCORR.json|2022-RH2M.json|2022-T2M.json
2022,8,Bhakkar,Bhakkar District,27.5118,69.1812,4780.0000,21,0,21,False,nasa_power_merra2,2022-PRECTOTCORR.json|2022-RH2M.json|2022-T2M.json
2022,8,Chakwal,Chakwal District,29.0258,76.4859,581.0000,3,3,0,False,nasa_power_merra2,2022-PRECTOTCORR.json|2022-RH2M.json|2022-T2M.json
2022,8,Dera Ghazi Khan,Dera Ghazi Khan District,28.9075,75.3410,754.0900,4,4,0,False,nasa_power_merra2,2022-PRECTOTCORR.json|2022-RH2M.json|2022-T2M.json
2022,8,Faisalabad,Faisalabad District,30.1777,76.2910,297.0600,2,2,0,False,nasa_power_merra2,2022-PRECTOTCORR.json|2022-RH2M.json|2022-T2M.json
2022,8,Gujranwala,Gujranwala District,29.4226,80.9523,235.8900,1,1,0,False,nasa_power_merra2,2022-PRECTOTCORR.json|2022-RH2M.json|2022-T2M.json
2022,8,Gujrat,Gujrat District,,,,0,0,0,True,nasa_power_merra2,
2022,8,Hafizabad,Hafizabad District,29.8829,78.4323,192.8800,1,1,0,False,nasa_power_merra2,2022-PRECTOTCORR.json|2022-RH2M.json|2022-T2M.json
2022,8,Jhang,Jhang District,26.4405,76.4458,1393.9600,7,0,7,False,nasa_power_merra2,2022-PRECTOTCORR.json|2022-RH2M.json|2022-T2M.json
2022,8,Jhelum,Jhelum District,29.1271,78.1942,227.7700,1,1,0,False,nasa_power_merra2,2022-PRECTOTCORR.json|2022-RH2M.json|2022-T2M.json
2022,8,Kasur,Kasur District,29.5744,78.6627,318.7200,2,2,0,False,nasa_power_merra2,2022-PRECTOTCORR.json|2022-RH2M.json|2022-T2M.json
2022,8,Khanewal,Khanewal District,30.5926,75.4303,132.8200,1,1,0,False,nasa_power_merra2,2022-PRECTOTCORR.json|2022-RH2M.json|2022-T2M.json
2022,8,Khushab,Khushab District,30.2296,71.7844,671.7000,3,3,0,False,nasa_power_merra2,2022-PRECTOTCORR.json|2022-RH2M.json|2022-T2M.json
2022,8,Lahore,Lahore District,29.5706,79.2423,205.2900,1,1,0,False,nasa_power_merra2,2022-PRECTOTCORR.json|2022-RH2M.json|2022-T2M.json
2022,8,Layyah,Layyah District,27.1712,74.8131,578.2900,3,0,3,False,nasa_power_merra2,2022-PRECTOTCORR.json|2022-RH2M.json|2022-T2M.json
2022,8,Lodhran,Lodhran District,,,,0,0,0,True,nasa_power_merra2,
2022,8,Mandi Bahauddin,Mandi Bahauddin District,29.7852,78.7294,212.4400,1,1,0,False,nasa_power_merra2,2022-PRECTOTCORR.json|2022-RH2M.json|2022-T2M.json
2022,8,Mianwali,Mianwali District,,,,0,0,0,True,nasa_power_merra2,
2022,8,Multan,Multan District,30.3116,77.0210,134.0400,1,1,0,False,nasa_power_merra2,2022-PRECTOTCORR.json|2022-RH2M.json|2022-T2M.json
2022,8,Muzaffargarh,Muzaffargarh District,31.0189,68.0889,684.0200,6,0,6,False,nasa_power_merra2,2022-PRECTOTCORR.json|2022-RH2M.json|2022-T2M.json
2022,8,Narowal,Narowal District,,,,0,0,0,True,nasa_power_merra2,
2022,8,Okara,Okara District,28.4523,74.9602,3803.9900,29,0,29,False,nasa_power_merra2,2022-PRECTOTCORR.json|2022-RH2M.json|2022-T2M.json
2022,8,Pakpattan,Pakpattan District,,,,0,0,0,True,nasa_power_merra2,
2022,8,Rahim Yar Khan,Rahim Yar Khan District,29.9909,78.7256,1521.9700,5,5,0,False,nasa_power_merra2,2022-PRECTOTCORR.json|2022-RH2M.json|2022-T2M.json
2022,8,Rajanpur,Rajanpur District,28.8540,81.9851,829.7700,3,3,0,False,nasa_power_merra2,2022-PRECTOTCORR.json|2022-RH2M.json|2022-T2M.json
2022,8,Rawalpindi,Rawalpindi District,27.8774,79.2035,238.7000,1,1,0,False,nasa_power_merra2,2022-PRECTOTCORR.json|2022-RH2M.json|2022-T2M.json
2022,8,Sahiwal,Sahiwal District,30.1121,76.5711,223.8700,2,2,0,False,nasa_power_merra2,2022-PRECTOTCORR.json|2022-RH2M.json|2022-T2M.json
2022,8,Sargodha,Sargodha District,30.4227,74.4069,516.6400,3,3,0,False,nasa_power_merra2,2022-PRECTOTCORR.json|2022-RH2M.json|2022-T2M.json
2022,8,Sheikhupura,Sheikhupura District,,,,0,0,0,True,nasa_power_merra2,
2022,8,Sialkot,Sialkot District,29.3577,80.9929,252.1200,1,1,0,False,nasa_power_merra2,2022-PRECTOTCORR.json|2022-RH2M.json|2022-T2M.json
2022,8,Toba Tek Singh,Toba Tek Singh District,30.3035,76.3587,143.9700,1,1,0,False,nasa_power_merra2,2022-PRECTOTCORR.json|2022-RH2M.json|2022-T2M.json
2022,8,Vehari,Vehari District,30.3303,75.8598,203.3600,2,2,0,False,nasa_power_merra2,2022-PRECTOTCORR.json|2022-RH2M.json|2022-T2M.json
2022,9,Attock,Attock District,27.0910,77.2593,168.4200,1,1,0,False,nasa_power_merra2,2022-PRECTOTCORR.json|2022-RH2M.json|2022-T2M.json
2022,9,Bahawalnagar,Bahawalnagar District,31.3389,57.8123,30.5900,3,3,0,False,nasa_power_merra2,2022-PRECTOTCORR.json|2022-RH2M.json|2022-T2M.json
2022,9,Bahawalpur,Bahawalpur District,31.5452,58.9231,27.6200,8,8,0,False,nasa_power_merra2,2022-PRECTOTCORR.json|2022-RH2M.json|2022-T2M.json
2022,9,Bhakkar,Bhakkar District,25.8078,64.8812,1114.5800,21,0,21,False,nasa_power_merra2,2022-PRECTOTCORR.json|2022-RH2M.json|2022-T2M.json
2022,9,Chakwal,Chakwal District,27.4313,76.0640,428.3100,3,3,0,False,nasa_power_merra2,2022-PRECTOTCORR.json|2022-RH2M.json|2022-T2M.json
2022,9,Dera Ghazi Khan,Dera Ghazi Khan District,29.0411,61.1472,55.7000,4,4,0,False,nasa_power_merra2,2022-PRECTOTCORR.json|2022-RH2M.json|2022-T2M.json
2022,9,Faisalabad,Faisalabad District,30.7042,60.7550,72.7200,2,2,0,False,nasa_power_merra2,2022-PRECTOTCORR.json|2022-RH2M.json|2022-T2M.json
2022,9,Gujranwala,Gujranwala District,28.1817,76.8263,133.8600,1,1,0,False,nasa_power_merra2,2022-PRECTOTCORR.json|2022-RH2M.json|2022-T2M.json
2022,9,Gujrat,Gujrat District,,,,0,0,0,True,nasa_power_merra2,
2022,9,Hafizabad,Hafizabad District,28.7640,73.5543,112.1200,1,1,0,False,nasa_power_merra2,2022-PRECTOTCORR.json|2022-RH2M.json|2022-T2M.json
2022,9,Jhang,Jhang District,25.2569,71.8262,644.5600,7,0,7,False,nasa_power_merra2,2022-PRECTOTCORR.json|2022-RH2M.json|2022-T2M.json
2022,9,Jhelum,Jhelum District,27.6380,76.2427,193.9200,1,1,0,False,nasa_power_merra2,2022-PRECTOTCORR.json|2022-RH2M.json|2022-T2M.json
2022,9,Kasur,Kasur District,29.9203,64.8317,105.2200,2,2,0,False,nasa_power_merra2,2022-PRECTOTCORR.json|2022-RH2M.json|2022-T2M.json
2022,9,Khanewal,Khanewal District,31.2617,62.1640,11.9400,1,1,0,False,nasa_power_merra2,2022-PRECTOTCORR.json|2022-RH2M.json|2022-T2M.json
2022,9,Khushab,Khushab District,28.7313,70.3901,236.0700,3,3,0,False,nasa_power_merra2,2022-PRECTOTCORR.json|2022-RH2M.json|2022-T2M.json
2022,9,Lahore,Lahore District,28.9827,71.0547,84.6200,1,1,0,False,nasa_power_merra2,2022-PRECTOTCORR.json|2022-RH2M.json|2022-T2M.json
2022,9,Layyah,Layyah District,26.8447,61.7418,48.5800,3,0,3,False,nasa_power_merra2,2022-PRECTOTCORR.json|2022-RH2M.json|2022-T2M.json
2022,9,Lodhran,Lodhran District,,,,0,0,0,True,nasa_power_merra2,
2022,9,Mandi Bahauddin,Mandi Bahauddin District,28.2940,76.7917,171.5400,1,1,0,False,nasa_power_merra2,2022-PRECTOTCORR.json|2022-RH2M.json|2022-T2M.json
2022,9,Mianwali,Mianwali District,,,,0,0,0,True,nasa_power_merra2,
2022,9,Multan,Multan District,31.0193,64.5900,3.9500,1,1,0,False,nasa_power_merra2,2022-PRECTOTCORR.json|2022-RH2M.json|2022-T2M.json
2022,9,Muzaffargarh,Muzaffargarh District,31.7577,55.9323,42.7900,6,0,6,False,nasa_power_merra2,2022-PRECTOTCORR.json|2022-RH2M.json|2022-T2M.json
2022,9,Narowal,Narowal District,,,,0,0,0,True,nasa_power_merra2,
2022,9,Okara,Okara District,28.2709,65.9642,2121.4800,29,0,29,False,nasa_power_merra2,2022-PRECTOTCORR.json|2022-RH2M.json|2022-T2M.json
2022,9,Pakpattan,Pakpattan District,,,,0,0,0,True,nasa_power_merra2,
2022,9,Rahim Yar Khan,Rahim Yar Khan District,29.8416,72.1261,7.6200,5,5,0,False,nasa_power_merra2,2022-PRECTOTCORR.json|2022-RH2M.json|2022-T2M.json
2022,9,Rajanpur,Rajanpur District,29.0761,69.7842,20.8700,3,3,0,False,nasa_power_merra2,2022-PRECTOTCORR.json|2022-RH2M.json|2022-T2M.json
2022,9,Rawalpindi,Rawalpindi District,26.3140,78.2527,201.3600,1,1,0,False,nasa_power_merra2,2022-PRECTOTCORR.json|2022-RH2M.json|2022-T2M.json
2022,9,Sahiwal,Sahiwal District,31.2623,58.4418,31.6100,2,2,0,False,nasa_power_merra2,2022-PRECTOTCORR.json|2022-RH2M.json|2022-T2M.json
2022,9,Sargodha,Sargodha District,29.3590,69.7357,299.3100,3,3,0,False,nasa_power_merra2,2022-PRECTOTCORR.json|2022-RH2M.json|2022-T2M.json
2022,9,Sheikhupura,Sheikhupura District,,,,0,0,0,True,nasa_power_merra2,
2022,9,Sialkot,Sialkot District,27.8573,78.3853,181.5200,1,1,0,False,nasa_power_merra2,2022-PRECTOTCORR.json|2022-RH2M.json|2022-T2M.json
2022,9,Toba Tek Singh,Toba Tek Singh District,31.3207,58.2853,23.8800,1,1,0,False,nasa_power_merra2,2022-PRECTOTCORR.json|2022-RH2M.json|2022-T2M.json
2022,9,Vehari,Vehari District,31.1627,61.7088,18.0400,2,2,0,False,nasa_power_merra2,2022-PRECTOTCORR.json|2022-RH2M.json|2022-T2M.json
2022,10,Attock,Attock District,21.8752,65.9590,31.6200,1,1,0,False,nasa_power_merra2,2022-PRECTOTCORR.json|2022-RH2M.json|2022-T2M.json
2022,10,Bahawalnagar,Bahawalnagar District,28.1212,37.6810,0.2400,3,3,0,False,nasa_power_merra2,2022-PRECTOTCORR.json|2022-RH2M.json|2022-T2M.json
2022,10,Bahawalpur,Bahawalpur District,28.0680,40.3181,0.0400,8,8,0,False,nasa_power_merra2,2022-PRECTOTCORR.json|2022-RH2M.json|2022-T2M.json
2022,10,Bhakkar,Bhakkar District,21.1535,48.7288,195.6400,21,0,21,False,nasa_power_merra2,2022-PRECTOTCORR.json|2022-RH2M.json|2022-T2M.json
2022,10,Chakwal,Chakwal District,22.6832,62.2000,67.3700,3,3,0,False,nasa_power_merra2,2022-PRECTOTCORR.json|2022-RH2M.json|2022-T2M.json
2022,10,Dera Ghazi Khan,Dera Ghazi Khan District,24.9506,41.8180,0.0000,4,4,0,False,nasa_power_merra2,2022-PRECTOTCORR.json|2022-RH2M.json|2022-T2M.json
2022,10,Faisalabad,Faisalabad District,26.6331,43.6884,6.7800,2,2,0,False,nasa_power_merra2,2022-PRECTOTCORR.json|2022-RH2M.json|2022-T2M.json
2022,10,Gujranwala,Gujranwala District,23.6661,64.6284,19.8500,1,1,0,False,nasa_power_merra2,2022-PRECTOTCORR.json|2022-RH2M.json|2022-T2M.json
2022,10,Gujrat,Gujrat District,,,,0,0,0,True,nasa_power_merra2,
2022,10,Hafizabad,Hafizabad District,24.3755,59.3748,15.3800,1,1,0,False,nasa_power_merra2,2022-PRECTOTCORR.json|2022-RH2M.json|2022-T2M.json
2022,10,Jhang,Jhang District,20.7220,55.2859,142.7900,7,0,7,False,nasa_power_merra2,2022-PRECTOTCORR.json|2022-RH2M.json|2022-T2M.json
2022,10,Jhelum,Jhelum District,23.2932,62.7335,30.7000,1,1,0,False,nasa_power_merra2,2022-PRECTOTCORR.json|2022-RH2M.json|2022-T2M.json
2022,10,Kasur,Kasur District,25.9313,48.3826,9.7300,2,2,0,False,nasa_power_merra2,2022-PRECTOTCORR.json|2022-RH2M.json|2022-T2M.json
2022,10,Khanewal,Khanewal District,27.9745,38.4303,0.1200,1,1,0,False,nasa_power_merra2,2022-PRECTOTCORR.json|2022-RH2M.json|2022-T2M.json
2022,10,Khushab,Khushab District,24.4498,53.5682,29.8600,3,3,0,False,nasa_power_merra2,2022-PRECTOTCORR.json|2022-RH2M.json|2022-T2M.json
2022,10,Lahore,Lahore District,24.8855,56.0213,10.9900,1,1,0,False,nasa_power_merra2,2022-PRECTOTCORR.json|2022-RH2M.json|2022-T2M.json
2022,10,Layyah,Layyah District,22.5186,43.4323,0.1200,3,0,3,False,nasa_power_merra2,2022-PRECTOTCORR.json|2022-RH2M.json|2022-T2M.json
2022,10,Lodhran,Lodhran District,,,,0,0,0,True,nasa_power_merra2,
2022,10,Mandi Bahauddin,Mandi Bahauddin District,23.4097,65.9535,24.1900,1,1,0,False,nasa_power_merra2,2022-PRECTOTCORR.json|2022-RH2M.json|2022-T2M.json
2022,10,Mianwali,Mianwali District,,,,0,0,0,True,nasa_power_merra2,
2022,10,Multan,Multan District,27.9913,39.2423,0.0000,1,1,0,False,nasa_power_merra2,2022-PRECTOTCORR.json|2022-RH2M.json|2022-T2M.json
2022,10,Muzaffargarh,Muzaffargarh District,28.0902,37.9738,1.2000,6,0,6,False,nasa_power_merra2,2022-PRECTOTCORR.json|2022-RH2M.json|2022-T2M.json
2022,10,Narowal,Narowal District,,,,0,0,0,True,nasa_power_merra2,
2022,10,Okara,Okara District,24.2181,50.5243,396.6100,29,0,29,False,nasa_power_merra2,2022-PRECTOTCORR.json|2022-RH2M.json|2022-T2M.json
2022,10,Pakpattan,Pakpattan District,,,,0,0,0,True,nasa_power_merra2,
2022,10,Rahim Yar Khan,Rahim Yar Khan District,26.8825,50.0535,0.0000,5,5,0,False,nasa_power_merra2,2022-PRECTOTCORR.json|2022-RH2M.json|2022-T2M.json
2022,10,Rajanpur,Rajanpur District,25.7885,46.9419,0.0000,3,3,0,False,nasa_power_merra2,2022-PRECTOTCORR.json|2022-RH2M.json|2022-T2M.json
2022,10,Rawalpindi,Rawalpindi District,21.6042,65.4981,36.6700,1,1,0,False,nasa_power_merra2,2022-PRECTOTCORR.json|2022-RH2M.json|2022-T2M.json
2022,10,Sahiwal,Sahiwal District,27.6892,38.2342,1.0200,2,2,0,False,nasa_power_merra2,2022-PRECTOTCORR.json|2022-RH2M.json|2022-T2M.json
2022,10,Sargodha,Sargodha District,24.9324,54.7326,38.0900,3,3,0,False,nasa_power_merra2,2022-PRECTOTCORR.json|2022-RH2M.json|2022-T2M.json
2022,10,Sheikhupura,Sheikhupura District,,,,0,0,0,True,nasa_power_merra2,
2022,10,Sialkot,Sialkot District,23.4390,65.7481,29.5300,1,1,0,False,nasa_power_merra2,2022-PRECTOTCORR.json|2022-RH2M.json|2022-T2M.json
2022,10,Toba Tek Singh,Toba Tek Singh District,27.2345,40.3723,1.6100,1,1,0,False,nasa_power_merra2,2022-PRECTOTCORR.json|2022-RH2M.json|2022-T2M.json
2022,10,Vehari,Vehari District,28.3666,35.7223,0.1500,2,2,0,False,nasa_power_merra2,2022-PRECTOTCORR.json|2022-RH2M.json|2022-T2M.json
2022,11,Attock,Attock District,15.7600,65.2240,88.8600,1,1,0,False,nasa_power_merra2,2022-PRECTOTCORR.json|2022-RH2M.json|2022-T2M.json
2022,11,Bahawalnagar,Bahawalnagar District,22.4696,35.9471,9.3600,3,3,0,False,nasa_power_merra2,2022-PRECTOTCORR.json|2022-RH2M.json|2022-T2M.json
2022,11,Bahawalpur,Bahawalpur District,22.9278,37.3965,12.9800,8,8,0,False,nasa_power_merra2,2022-PRECTOTCORR.json|2022-RH2M.json|2022-T2M.json
2022,11,Bhakkar,Bhakkar District,15.1989,51.5521,928.9400,21,0,21,False,nasa_power_merra2,2022-PRECTOTCORR.json|2022-RH2M.json|2022-T2M.json
2022,11,Chakwal,Chakwal District,16.2392,63.8078,204.3000,3,3,0,False,nasa_power_merra2,2022-PRECTOTCORR.json|2022-RH2M.json|2022-T2M.json
2022,11,Dera Ghazi Khan,Dera Ghazi Khan District,19.7600,38.0889,17.5300,4,4,0,False,nasa_power_merra2,2022-PRECTOTCORR.json|2022-RH2M.json|2022-T2M.json
2022,11,Faisalabad,Faisalabad District,19.8670,46.9583,27.1400,2,2,0,False,nasa_power_merra2,2022-PRECTOTCORR.json|2022-RH2M.json|2022-T2M.json
2022,11,Gujranwala,Gujranwala District,18.0223,62.9177,23.0600,1,1,0,False,nasa_power_merra2,2022-PRECTOTCORR.json|2022-RH2M.json|2022-T2M.json
2022,11,Gujrat,Gujrat District,,,,0,0,0,True,nasa_power_merra2,
2022,11,Hafizabad,Hafizabad District,18.4257,58.6840,29.0700,1,1,0,False,nasa_power_merra2,2022-PRECTOTCORR.json|2022-RH2M.json|2022-T2M.json
2022,11,Jhang,Jhang District,14.6558,55.2195,431.6400,7,0,7,False,nasa_power_merra2,2022-PRECTOTCORR.json|2022-RH2M.json|2022-T2M.json
2022,11,Jhelum,Jhelum District,17.7917,61.2993,65.0600,1,1,0,False,nasa_power_merra2,2022-PRECTOTCORR.json|2022-RH2M.json|2022-T2M.json
2022,11,Kasur,Kasur District,19.9333,47.6213,12.1900,2,2,0,False,nasa_power_merra2,2022-PRECTOTCORR.json|2022-RH2M.json|2022-T2M.json
2022,11,Khanewal,Khanewal District,21.2840,41.0530,5.2900,1,1,0,False,nasa_power_merra2,2022-PRECTOTCORR.json|2022-RH2M.json|2022-T2M.json
2022,11,Khushab,Khushab District,17.9502,54.6254,121.7300,3,3,0,False,nasa_power_merra2,2022-PRECTOTCORR.json|2022-RH2M.json|2022-T2M.json
2022,11,Lahore,Lahore District,18.9603,55.5740,10.6900,1,1,0,False,nasa_power_merra2,2022-PRECTOTCORR.json|2022-RH2M.json|2022-T2M.json
2022,11,Layyah,Layyah District,16.9588,42.6656,20.4800,3,0,3,False,nasa_power_merra2,2022-PRECTOTCORR.json|2022-RH2M.json|2022-T2M.json
2022,11,Lodhran,Lodhran District,,,,0,0,0,True,nasa_power_merra2,
2022,11,Mandi Bahauddin,Mandi Bahauddin District,17.7560,64.5477,46.4200,1,1,0,False,nasa_power_merra2,2022-PRECTOTCORR.json|2022-RH2M.json|2022-T2M.json
2022,11,Mianwali,Mianwali District,,,,0,0,0,True,nasa_power_merra2,
2022,11,Multan,Multan District,22.4287,36.5947,2.0800,1,1,0,False,nasa_power_merra2,2022-PRECTOTCORR.json|2022-RH2M.json|2022-T2M.json
2022,11,Muzaffargarh,Muzaffargarh District,22.5123,36.5516,13.2100,6,0,6,False,nasa_power_merra2,2022-PRECTOTCORR.json|2022-RH2M.json|2022-T2M.json
2022,11,Narowal,Narowal District,,,,0,0,0,True,nasa_power_merra2,
2022,11,Okara,Okara District,19.0496,45.8365,507.4600,29,0,29,False,nasa_power_merra2,2022-PRECTOTCORR.json|2022-RH2M.json|2022-T2M.json
2022,11,Pakpattan,Pakpattan District,,,,0,0,0,True,nasa_power_merra2,
2022,11,Rahim Yar Khan,Rahim Yar Khan District,22.6707,41.6327,1.5000,5,5,0,False,nasa_power_merra2,2022-PRECTOTCORR.json|2022-RH2M.json|2022-T2M.json
2022,11,Rajanpur,Rajanpur District,21.3896,39.7812,2.3200,3,3,0,False,nasa_power_merra2,2022-PRECTOTCORR.json|2022-RH2M.json|2022-T2M.json
2022,11,Rawalpindi,Rawalpindi District,15.9897,63.9373,92.3900,1,1,0,False,nasa_power_merra2,2022-PRECTOTCORR.json|2022-RH2M.json|2022-T2M.json
2022,11,Sahiwal,Sahiwal District,21.2582,39.2930,10.2700,2,2,0,False,nasa_power_merra2,2022-PRECTOTCORR.json|2022-RH2M.json|2022-T2M.json
2022,11,Sargodha,Sargodha District,18.5841,55.6194,117.4100,3,3,0,False,nasa_power_merra2,2022-PRECTOTCORR.json|2022-RH2M.json|2022-T2M.json
2022,11,Sheikhupura,Sheikhupura District,,,,0,0,0,True,nasa_power_merra2,
2022,11,Sialkot,Sialkot District,18.1067,62.7100,40.8100,1,1,0,False,nasa_power_merra2,2022-PRECTOTCORR.json|2022-RH2M.json|2022-T2M.json
2022,11,Toba Tek Singh,Toba Tek Singh District,20.3080,44.1040,9.4100,1,1,0,False,nasa_power_merra2,2022-PRECTOTCORR.json|2022-RH2M.json|2022-T2M.json
2022,11,Vehari,Vehari District,22.1530,36.5517,7.0700,2,2,0,False,nasa_power_merra2,2022-PRECTOTCORR.json|2022-RH2M.json|2022-T2M.json
2022,12,Attock,Attock District,12.1748,62.5203,9.7300,1,1,0,False,nasa_power_merra2,2022-PRECTOTCORR.json|2022-RH2M.json|2022-T2M.json
2022,12,Bahawalnagar,Bahawalnagar District,17.3852,31.5229,1.6600,3,3,0,False,nasa_power_merra2,2022-PRECTOTCORR.json|2022-RH2M.json|2022-T2M.json
2022,12,Bahawalpur,Bahawalpur District,17.6827,33.6470,3.2200,8,8,0,False,nasa_power_merra2,2022-PRECTOTCORR.json|2022-RH2M.json|2022-T2M.json
2022,12,Bhakkar,Bhakkar District,11.3706,47.7316,133.9500,21,0,21,False,nasa_power_merra2,2022-PRECTOTCORR.json|2022-RH2M.json|2022-T2M.json
2022,12,Chakwal,Chakwal District,12.6229,60.0366,20.5700,3,3,0,False,nasa_power_merra2,2022-PRECTOTCORR.json|2022-RH2M.json|2022-T2M.json
2022,12,Dera Ghazi Khan,Dera Ghazi Khan District,15.4189,33.4658,11.5400,4,4,0,False,nasa_power_merra2,2022-PRECTOTCORR.json|2022-RH2M.json|2022-T2M.json
2022,12,Faisalabad,Faisalabad District,16.0345,39.2640,3.7700,2,2,0,False,nasa_power_merra2,2022-PRECTOTCORR.json|2022-RH2M.json|2022-T2M.json
2022,12,Gujranwala,Gujranwala District,14.3865,56.7294,3.7900,1,1,0,False,nasa_power_merra2,2022-PRECTOTCORR.json|2022-RH2M.json|2022-T2M.json
2022,12,Gujrat,Gujrat District,,,,0,0,0,True,nasa_power_merra2,
2022,12,Hafizabad,Hafizabad District,14.6123,53.8577,3.5600,1,1,0,False,nasa_power_merra2,2022-PRECTOTCORR.json|2022-RH2M.json|2022-T2M.json
2022,12,Jhang,Jhang District,11.3950,48.5733,87.8700,7,0,7,False,nasa_power_merra2,2022-PRECTOTCORR.json|2022-RH2M.json|2022-T2M.json
2022,12,Jhelum,Jhelum District,14.4426,56.8777,10.7200,1,1,0,False,nasa_power_merra2,2022-PRECTOTCORR.json|2022-RH2M.json|2022-T2M.json
2022,12,Kasur,Kasur District,15.9437,39.7465,1.9700,2,2,0,False,nasa_power_merra2,2022-PRECTOTCORR.json|2022-RH2M.json|2022-T2M.json
2022,12,Khanewal,Khanewal District,16.8552,36.0248,3.2600,1,1,0,False,nasa_power_merra2,2022-PRECTOTCORR.json|2022-RH2M.json|2022-T2M.json
2022,12,Khushab,Khushab District,14.0215,50.5046,10.8200,3,3,0,False,nasa_power_merra2,2022-PRECTOTCORR.json|2022-RH2M.json|2022-T2M.json
2022,12,Lahore,Lahore District,15.0952,47.9442,1.8000,1,1,0,False,nasa_power_merra2,2022-PRECTOTCORR.json|2022-RH2M.json|2022-T2M.json
2022,12,Layyah,Layyah District,12.8904,35.9377,6.9500,3,0,3,False,nasa_power_merra2,2022-PRECTOTCORR.json|2022-RH2M.json|2022-T2M.json
2022,12,Lodhran,Lodhran District,,,,0,0,0,True,nasa_power_merra2,
2022,12,Mandi Bahauddin,Mandi Bahauddin District,14.2187,60.2290,6.3600,1,1,0,False,nasa_power_merra2,2022-PRECTOTCORR.json|2022-RH2M.json|2022-T2M.json
2022,12,Mianwali,Mianwali District,,,,0,0,0,True,nasa_power_merra2,
2022,12,Multan,Multan District,17.3987,34.3177,1.9800,1,1,0,False,nasa_power_merra2,2022-PRECTOTCORR.json|2022-RH2M.json|2022-T2M.json
2022,12,Muzaffargarh,Muzaffargarh District,17.3397,33.4273,7.4200,6,0,6,False,nasa_power_merra2,2022-PRECTOTCORR.json|2022-RH2M.json|2022-T2M.json
2022,12,Narowal,Narowal District,,,,0,0,0,True,nasa_power_merra2,
2022,12,Okara,Okara District,14.7595,39.8467,117.6300,29,0,29,False,nasa_power_merra2,2022-PRECTOTCORR.json|2022-RH2M.json|2022-T2M.json
2022,12,Pakpattan,Pakpattan District,,,,0,0,0,True,nasa_power_merra2,
2022,12,Rahim Yar Khan,Rahim Yar Khan District,17.8945,36.1233,1.8200,5,5,0,False,nasa_power_merra2,2022-PRECTOTCORR.json|2022-RH2M.json|2022-T2M.json
2022,12,Rajanpur,Rajanpur District,16.9225,34.3847,5.2200,3,3,0,False,nasa_power_merra2,2022-PRECTOTCORR.json|2022-RH2M.json|2022-T2M.json
2022,12,Rawalpindi,Rawalpindi District,12.8990,59.1052,11.4800,1,1,0,False,nasa_power_merra2,2022-PRECTOTCORR.json|2022-RH2M.json|2022-T2M.json
2022,12,Sahiwal,Sahiwal District,17.0752,32.4213,3.1700,2,2,0,False,nasa_power_merra2,2022-PRECTOTCORR.json|2022-RH2M.json|2022-T2M.json
2022,12,Sargodha,Sargodha District,14.7528,50.3109,11.9400,3,3,0,False,nasa_power_merra2,2022-PRECTOTCORR.json|2022-RH2M.json|2022-T2M.json
2022,12,Sheikhupura,Sheikhupura District,,,,0,0,0,True,nasa_power_merra2,
2022,12,Sialkot,Sialkot District,14.6732,57.5168,7.8400,1,1,0,False,nasa_power_merra2,2022-PRECTOTCORR.json|2022-RH2M.json|2022-T2M.json
2022,12,Toba Tek Singh,Toba Tek Singh District,16.4932,36.4171,2.2000,1,1,0,False,nasa_power_merra2,2022-PRECTOTCORR.json|2022-RH2M.json|2022-T2M.json
2022,12,Vehari,Vehari District,17.2494,32.6032,3.6600,2,2,0,False,nasa_power_merra2,2022-PRECTOTCORR.json|2022-RH2M.json|2022-T2M.json
2023,1,Attock,Attock District,8.1677,64.9777,62.5300,1,1,0,False,nasa_power_merra2,2023-PRECTOTCORR.json|2023-RH2M.json|2023-T2M.json
2023,1,Bahawalnagar,Bahawalnagar District,12.9141,33.2233,5.6300,3,3,0,False,nasa_power_merra2,2023-PRECTOTCORR.json|2023-RH2M.json|2023-T2M.json
2023,1,Bahawalpur,Bahawalpur District,13.2698,32.4964,18.9200,8,8,0,False,nasa_power_merra2,2023-PRECTOTCORR.json|2023-RH2M.json|2023-T2M.json
2023,1,Bhakkar,Bhakkar District,7.0593,47.4172,774.5400,21,0,21,False,nasa_power_merra2,2023-PRECTOTCORR.json|2023-RH2M.json|2023-T2M.json
2023,1,Chakwal,Chakwal District,8.6617,61.3080,134.4100,3,3,0,False,nasa_power_merra2,2023-PRECTOTCORR.json|2023-RH2M.json|2023-T2M.json
2023,1,Dera Ghazi Khan,Dera Ghazi Khan District,11.2293,30.9828,20.2000,4,4,0,False,nasa_power_merra2,2023-PRECTOTCORR.json|2023-RH2M.json|2023-T2M.json
2023,1,Faisalabad,Faisalabad District,11.5648,44.2406,15.8800,2,2,0,False,nasa_power_merra2,2023-PRECTOTCORR.json|2023-RH2M.json|2023-T2M.json
2023,1,Gujranwala,Gujranwala District,11.0600,61.9719,36.5800,1,1,0,False,nasa_power_merra2,2023-PRECTOTCORR.json|2023-RH2M.json|2023-T2M.json
2023,1,Gujrat,Gujrat District,,,,0,0,0,True,nasa_power_merra2,
2023,1,Hafizabad,Hafizabad District,10.8400,59.3758,27.4600,1,1,0,False,nasa_power_merra2,2023-PRECTOTCORR.json|2023-RH2M.json|2023-T2M.json
2023,1,Jhang,Jhang District,7.0801,57.3070,523.0900,7,0,7,False,nasa_power_merra2,2023-PRECTOTCORR.json|2023-RH2M.json|2023-T2M.json
2023,1,Jhelum,Jhelum District,11.1597,62.2048,77.0100,1,1,0,False,nasa_power_merra2,2023-PRECTOTCORR.json|2023-RH2M.json|2023-T2M.json
2023,1,Kasur,Kasur District,11.9261,45.0010,17.2700,2,2,0,False,nasa_power_merra2,2023-PRECTOTCORR.json|2023-RH2M.json|2023-T2M.json
2023,1,Khanewal,Khanewal District,11.9697,38.3284,4.0100,1,1,0,False,nasa_power_merra2,2023-PRECTOTCORR.json|2023-RH2M.json|2023-T2M.json
2023,1,Khushab,Khushab District,9.8190,51.0928,60.2600,3,3,0,False,nasa_power_merra2,2023-PRECTOTCORR.json|2023-RH2M.json|2023-T2M.json
2023,1,Lahore,Lahore District,11.4426,53.9229,18.7300,1,1,0,False,nasa_power_merra2,2023-PRECTOTCORR.json|2023-RH2M.json|2023-T2M.json
2023,1,Layyah,Layyah District,8.7382,34.6187,15.7400,3,0,3,False,nasa_power_merra2,2023-PRECTOTCORR.json|2023-RH2M.json|2023-T2M.json
2023,1,Lodhran,Lodhran District,,,,0,0,0,True,nasa_power_merra2,
2023,1,Mandi Bahauddin,Mandi Bahauddin District,10.7323,64.8571,48.0700,1,1,0,False,nasa_power_merra2,2023-PRECTOTCORR.json|2023-RH2M.json|2023-T2M.json
2023,1,Mianwali,Mianwali District,,,,0,0,0,True,nasa_power_merra2,
2023,1,Multan,Multan District,12.7345,32.5400,3.9200,1,1,0,False,nasa_power_merra2,2023-PRECTOTCORR.json|2023-RH2M.json|2023-T2M.json
2023,1,Muzaffargarh,Muzaffargarh District,13.0926,33.3989,15.3400,6,0,6,False,nasa_power_merra2,2023-PRECTOTCORR.json|2023-RH2M.json|2023-T2M.json
2023,1,Narowal,Narowal District,,,,0,0,0,True,nasa_power_merra2,
2023,1,Okara,Okara District,10.9461,45.9498,1026.1500,29,0,29,False,nasa_power_merra2,2023-PRECTOTCORR.json|2023-RH2M.json|2023-T2M.json
2023,1,Pakpattan,Pakpattan District,,,,0,0,0,True,nasa_power_merra2,
2023,1,Rahim Yar Khan,Rahim Yar Khan District,13.6092,31.8940,17.8000,5,5,0,False,nasa_power_merra2,2023-PRECTOTCORR.json|2023-RH2M.json|2023-T2M.json
2023,1,Rajanpur,Rajanpur District,12.8772,28.8310,14.4900,3,3,0,False,nasa_power_merra2,2023-PRECTOTCORR.json|2023-RH2M.json|2023-T2M.json
2023,1,Rawalpindi,Rawalpindi District,9.3429,64.8516,75.6100,1,1,0,False,nasa_power_merra2,2023-PRECTOTCORR.json|2023-RH2M.json|2023-T2M.json
2023,1,Sahiwal,Sahiwal District,12.2227,36.5758,6.7800,2,2,0,False,nasa_power_merra2,2023-PRECTOTCORR.json|2023-RH2M.json|2023-T2M.json
2023,1,Sargodha,Sargodha District,10.7147,53.4242,70.7000,3,3,0,False,nasa_power_merra2,2023-PRECTOTCORR.json|2023-RH2M.json|2023-T2M.json
2023,1,Sheikhupura,Sheikhupura District,,,,0,0,0,True,nasa_power_merra2,
2023,1,Sialkot,Sialkot District,11.4794,63.7094,66.7600,1,1,0,False,nasa_power_merra2,2023-PRECTOTCORR.json|2023-RH2M.json|2023-T2M.json
2023,1,Toba Tek Singh,Toba Tek Singh District,11.6181,40.5023,5.5700,1,1,0,False,nasa_power_merra2,2023-PRECTOTCORR.json|2023-RH2M.json|2023-T2M.json
2023,1,Vehari,Vehari District,12.4613,33.7835,6.0200,2,2,0,False,nasa_power_merra2,2023-PRECTOTCORR.json|2023-RH2M.json|2023-T2M.json
2023,2,Attock,Attock District,13.7596,62.6846,18.4900,1,1,0,False,nasa_power_merra2,2023-PRECTOTCORR.json|2023-RH2M.json|2023-T2M.json
2023,2,Bahawalnagar,Bahawalnagar District,20.7698,26.5985,0.0000,3,3,0,False,nasa_power_merra2,2023-PRECTOTCORR.json|2023-RH2M.json|2023-T2M.json
2023,2,Bahawalpur,Bahawalpur District,21.5515,25.9906,0.0300,8,8,0,False,nasa_power_merra2,2023-PRECTOTCORR.json|2023-RH2M.json|2023-T2M.json
2023,2,Bhakkar,Bhakkar District,13.4730,48.4998,383.5300,21,0,21,False,nasa_power_merra2,2023-PRECTOTCORR.json|2023-RH2M.json|2023-T2M.json
2023,2,Chakwal,Chakwal District,14.4611,59.5189,30.5700,3,3,0,False,nasa_power_merra2,2023-PRECTOTCORR.json|2023-RH2M.json|2023-T2M.json
2023,2,Dera Ghazi Khan,Dera Ghazi Khan District,18.9146,27.9264,17.5900,4,4,0,False,nasa_power_merra2,2023-PRECTOTCORR.json|2023-RH2M.json|2023-T2M.json
2023,2,Faisalabad,Faisalabad District,18.7798,36.1254,1.0600,2,2,0,False,nasa_power_merra2,2023-PRECTOTCORR.json|2023-RH2M.json|2023-T2M.json
2023,2,Gujranwala,Gujranwala District,17.1068,50.3796,2.1000,1,1,0,False,nasa_power_merra2,2023-PRECTOTCORR.json|2023-RH2M.json|2023-T2M.json
2023,2,Gujrat,Gujrat District,,,,0,0,0,True,nasa_power_merra2,
2023,2,Hafizabad,Hafizabad District,17.3004,47.8421,1.7500,1,1,0,False,nasa_power_merra2,2023-PRECTOTCORR.json|2023-RH2M.json|2023-T2M.json
2023,2,Jhang,Jhang District,12.5953,52.4331,192.4300,7,0,7,False,nasa_power_merra2,2023-PRECTOTCORR.json|2023-RH2M.json|2023-T2M.json
2023,2,Jhelum,Jhelum District,16.3736,54.5939,14.3800,1,1,0,False,nasa_power_merra2,2023-PRECTOTCORR.json|2023-RH2M.json|2023-T2M.json
2023,2,Kasur,Kasur District,18.9557,35.2361,0.6700,2,2,0,False,nasa_power_merra2,2023-PRECTOTCORR.json|2023-RH2M.json|2023-T2M.json
2023,2,Khanewal,Khanewal District,19.5979,33.0275,0.3500,1,1,0,False,nasa_power_merra2,2023-PRECTOTCORR.json|2023-RH2M.json|2023-T2M.json
2023,2,Khushab,Khushab District,16.3942,49.3865,12.3700,3,3,0,False,nasa_power_merra2,2023-PRECTOTCORR.json|2023-RH2M.json|2023-T2M.json
2023,2,Lahore,Lahore District,18.1025,41.6179,0.7600,1,1,0,False,nasa_power_merra2,2023-PRECTOTCORR.json|2023-RH2M.json|2023-T2M.json
2023,2,Layyah,Layyah District,16.2612,31.8663,9.4300,3,0,3,False,nasa_power_merra2,2023-PRECTOTCORR.json|2023-RH2M.json|2023-T2M.json
2023,2,Lodhran,Lodhran District,,,,0,0,0,True,nasa_power_merra2,
2023,2,Mandi Bahauddin,Mandi Bahauddin District,16.6818,53.9396,4.8500,1,1,0,False,nasa_power_merra2,2023-PRECTOTCORR.json|2023-RH2M.json|2023-T2M.json
2023,2,Mianwali,Mianwali District,,,,0,0,0,True,nasa_power_merra2,
2023,2,Multan,Multan District,20.7871,27.7111,0.2600,1,1,0,False,nasa_power_merra2,2023-PRECTOTCORR.json|2023-RH2M.json|2023-T2M.json
2023,2,Muzaffargarh,Muzaffargarh District,21.2634,26.5048,3.9200,6,0,6,False,nasa_power_merra2,2023-PRECTOTCORR.json|2023-RH2M.json|2023-T2M.json
2023,2,Narowal,Narowal District,,,,0,0,0,True,nasa_power_merra2,
2023,2,Okara,Okara District,17.6617,36.5856,223.6300,29,0,29,False,nasa_power_merra2,2023-PRECTOTCORR.json|2023-RH2M.json|2023-T2M.json
2023,2,Pakpattan,Pakpattan District,,,,0,0,0,True,nasa_power_merra2,
2023,2,Rahim Yar Khan,Rahim Yar Khan District,22.0546,25.2940,0.0800,5,5,0,False,nasa_power_merra2,2023-PRECTOTCORR.json|2023-RH2M.json|2023-T2M.json
2023,2,Rajanpur,Rajanpur District,20.8450,24.8424,1.9900,3,3,0,False,nasa_power_merra2,2023-PRECTOTCORR.json|2023-RH2M.json|2023-T2M.json
2023,2,Rawalpindi,Rawalpindi District,14.2150,60.0343,18.5200,1,1,0,False,nasa_power_merra2,2023-PRECTOTCORR.json|2023-RH2M.json|2023-T2M.json
2023,2,Sahiwal,Sahiwal District,19.7164,30.6916,0.0700,2,2,0,False,nasa_power_merra2,2023-PRECTOTCORR.json|2023-RH2M.json|2023-T2M.json
2023,2,Sargodha,Sargodha District,17.3904,45.9025,8.4100,3,3,0,False,nasa_power_merra2,2023-PRECTOTCORR.json|2023-RH2M.json|2023-T2M.json
2023,2,Sheikhupura,Sheikhupura District,,,,0,0,0,True,nasa_power_merra2,
2023,2,Sialkot,Sialkot District,17.2107,52.0854,7.9300,1,1,0,False,nasa_power_merra2,2023-PRECTOTCORR.json|2023-RH2M.json|2023-T2M.json
2023,2,Toba Tek Singh,Toba Tek Singh District,19.0893,34.3396,0.2000,1,1,0,False,nasa_power_merra2,2023-PRECTOTCORR.json|2023-RH2M.json|2023-T2M.json
2023,2,Vehari,Vehari District,20.2171,28.7709,0.2300,2,2,0,False,nasa_power_merra2,2023-PRECTOTCORR.json|2023-RH2M.json|2023-T2M.json
2023,3,Attock,Attock District,18.0819,66.6200,89.2600,1,1,0,False,nasa_power_merra2,2023-PRECTOTCORR.json|2023-RH2M.json|2023-T2M.json
2023,3,Bahawalnagar,Bahawalnagar District,24.1509,40.1351,114.0500,3,3,0,False,nasa_power_merra2,2023-PRECTOTCORR.json|2023-RH2M.json|2023-T2M.json
2023,3,Bahawalpur,Bahawalpur District,25.0322,38.0096,214.4400,8,8,0,False,nasa_power_merra2,2023-PRECTOTCORR.json|2023-RH2M.json|2023-T2M.json
2023,3,Bhakkar,Bhakkar District,16.9539,59.3061,2204.1900,21,0,21,False,nasa_power_merra2,2023-PRECTOTCORR.json|2023-RH2M.json|2023-T2M.json
2023,3,Chakwal,Chakwal District,18.9501,62.7998,241.9700,3,3,0,False,nasa_power_merra2,2023-PRECTOTCORR.json|2023-RH2M.json|2023-T2M.json
2023,3,Dera Ghazi Khan,Dera Ghazi Khan District,20.9489,50.2710,364.2500,4,4,0,False,nasa_power_merra2,2023-PRECTOTCORR.json|2023-RH2M.json|2023-T2M.json
2023,3,Faisalabad,Faisalabad District,22.5539,46.5556,132.3400,2,2,0,False,nasa_power_merra2,2023-PRECTOTCORR.json|2023-RH2M.json|2023-T2M.json
2023,3,Gujranwala,Gujranwala District,21.3261,55.2048,65.1000,1,1,0,False,nasa_power_merra2,2023-PRECTOTCORR.json|2023-RH2M.json|2023-T2M.json
2023,3,Gujrat,Gujrat District,,,,0,0,0,True,nasa_power_merra2,
2023,3,Hafizabad,Hafizabad District,21.5500,53.0606,65.1500,1,1,0,False,nasa_power_merra2,2023-PRECTOTCORR.json|2023-RH2M.json|2023-T2M.json
2023,3,Jhang,Jhang District,16.4881,60.6422,534.3800,7,0,7,False,nasa_power_merra2,2023-PRECTOTCORR.json|2023-RH2M.json|2023-T2M.json
2023,3,Jhelum,Jhelum District,20.0242,60.1223,75.7800,1,1,0,False,nasa_power_merra2,2023-PRECTOTCORR.json|2023-RH2M.json|2023-T2M.json
2023,3,Kasur,Kasur District,22.7573,45.1308,132.5600,2,2,0,False,nasa_power_merra2,2023-PRECTOTCORR.json|2023-RH2M.json|2023-T2M.json
2023,3,Khanewal,Khanewal District,23.2216,46.3852,63.0400,1,1,0,False,nasa_power_merra2,2023-PRECTOTCORR.json|2023-RH2M.json|2023-T2M.json
2023,3,Khushab,Khushab District,20.4854,55.8943,223.2800,3,3,0,False,nasa_power_merra2,2023-PRECTOTCORR.json|2023-RH2M.json|2023-T2M.json
2023,3,Lahore,Lahore District,22.2552,48.5248,68.0000,1,1,0,False,nasa_power_merra2,2023-PRECTOTCORR.json|2023-RH2M.json|2023-T2M.json
2023,3,Layyah,Layyah District,18.4694,53.1131,315.9800,3,0,3,False,nasa_power_merra2,2023-PRECTOTCORR.json|2023-RH2M.json|2023-T2M.json
2023,3,Lodhran,Lodhran District,,,,0,0,0,True,nasa_power_merra2,
2023,3,Mandi Bahauddin,Mandi Bahauddin District,20.7461,59.1919,66.8400,1,1,0,False,nasa_power_merra2,2023-PRECTOTCORR.json|2023-RH2M.json|2023-T2M.json
2023,3,Mianwali,Mianwali District,,,,0,0,0,True,nasa_power_merra2,
2023,3,Multan,Multan District,24.2394,42.9768,45.8300,1,1,0,False,nasa_power_merra2,2023-PRECTOTCORR.json|2023-RH2M.json|2023-T2M.json
2023,3,Muzaffargarh,Muzaffargarh District,24.5628,39.1415,227.2600,6,0,6,False,nasa_power_merra2,2023-PRECTOTCORR.json|2023-RH2M.json|2023-T2M.json
2023,3,Narowal,Narowal District,,,,0,0,0,True,nasa_power_merra2,
2023,3,Okara,Okara District,21.2577,47.7461,1785.4500,29,0,29,False,nasa_power_merra2,2023-PRECTOTCORR.json|2023-RH2M.json|2023-T2M.json
2023,3,Pakpattan,Pakpattan District,,,,0,0,0,True,nasa_power_merra2,
2023,3,Rahim Yar Khan,Rahim Yar Khan District,25.3991,39.3131,130.0800,5,5,0,False,nasa_power_merra2,2023-PRECTOTCORR.json|2023-RH2M.json|2023-T2M.json
2023,3,Rajanpur,Rajanpur District,22.9943,45.8816,193.9700,3,3,0,False,nasa_power_merra2,2023-PRECTOTCORR.json|2023-RH2M.json|2023-T2M.json
2023,3,Rawalpindi,Rawalpindi District,17.8458,65.7468,92.1600,1,1,0,False,nasa_power_merra2,2023-PRECTOTCORR.json|2023-RH2M.json|2023-T2M.json
2023,3,Sahiwal,Sahiwal District,23.2050,43.5202,116.4200,2,2,0,False,nasa_power_merra2,2023-PRECTOTCORR.json|2023-RH2M.json|2023-T2M.json
2023,3,Sargodha,Sargodha District,21.3481,53.4671,202.3800,3,3,0,False,nasa_power_merra2,2023-PRECTOTCORR.json|2023-RH2M.json|2023-T2M.json
2023,3,Sheikhupura,Sheikhupura District,,,,0,0,0,True,nasa_power_merra2,
2023,3,Sialkot,Sialkot District,20.8374,58.8110,69.9000,1,1,0,False,nasa_power_merra2,2023-PRECTOTCORR.json|2023-RH2M.json|2023-T2M.json
2023,3,Toba Tek Singh,Toba Tek Singh District,22.8452,45.3558,65.8600,1,1,0,False,nasa_power_merra2,2023-PRECTOTCORR.json|2023-RH2M.json|2023-T2M.json
2023,3,Vehari,Vehari District,23.6779,43.0416,99.4300,2,2,0,False,nasa_power_merra2,2023-PRECTOTCORR.json|2023-RH2M.json|2023-T2M.json
2023,4,Attock,Attock District,22.5433,57.4053,65.0500,1,1,0,False,nasa_power_merra2,2023-PRECTOTCORR.json|2023-RH2M.json|2023-T2M.json
2023,4,Bahawalnagar,Bahawalnagar District,28.6452,34.9998,53.2200,3,3,0,False,nasa_power_merra2,2023-PRECTOTCORR.json|2023-RH2M.json|2023-T2M.json
2023,4,Bahawalpur,Bahawalpur District,29.3156,32.2261,194.1600,8,8,0,False,nasa_power_merra2,2023-PRECTOTCORR.json|2023-RH2M.json|2023-T2M.json
2023,4,Bhakkar,Bhakkar District,21.3357,51.5855,1166.0800,21,0,21,False,nasa_power_merra2,2023-PRECTOTCORR.json|2023-RH2M.json|2023-T2M.json
2023,4,Chakwal,Chakwal District,23.5964,52.7433,138.7800,3,3,0,False,nasa_power_merra2,2023-PRECTOTCORR.json|2023-RH2M.json|2023-T2M.json
2023,4,Dera Ghazi Khan,Dera Ghazi Khan District,25.2464,44.1335,145.7000,4,4,0,False,nasa_power_merra2,2023-PRECTOTCORR.json|2023-RH2M.json|2023-T2M.json
2023,4,Faisalabad,Faisalabad District,27.0785,41.2252,48.6200,2,2,0,False,nasa_power_merra2,2023-PRECTOTCORR.json|2023-RH2M.json|2023-T2M.json
2023,4,Gujranwala,Gujranwala District,25.7567,48.3927,41.1200,1,1,0,False,nasa_power_merra2,2023-PRECTOTCORR.json|2023-RH2M.json|2023-T2M.json
2023,4,Gujrat,Gujrat District,,,,0,0,0,True,nasa_power_merra2,
2023,4,Hafizabad,Hafizabad District,26.0043,47.2180,39.3500,1,1,0,False,nasa_power_merra2,2023-PRECTOTCORR.json|2023-RH2M.json|2023-T2M.json
2023,4,Jhang,Jhang District,20.7018,53.1955,649.7300,7,0,7,False,nasa_power_merra2,2023-PRECTOTCORR.json|2023-RH2M.json|2023-T2M.json
2023,4,Jhelum,Jhelum District,24.5267,51.0167,67.6900,1,1,0,False,nasa_power_merra2,2023-PRECTOTCORR.json|2023-RH2M.json|2023-T2M.json
2023,4,Kasur,Kasur District,27.0458,41.4762,39.0900,2,2,0,False,nasa_power_merra2,2023-PRECTOTCORR.json|2023-RH2M.json|2023-T2M.json
2023,4,Khanewal,Khanewal District,27.5760,43.5310,26.2900,1,1,0,False,nasa_power_merra2,2023-PRECTOTCORR.json|2023-RH2M.json|2023-T2M.json
2023,4,Khushab,Khushab District,25.2994,45.8278,93.0000,3,3,0,False,nasa_power_merra2,2023-PRECTOTCORR.json|2023-RH2M.json|2023-T2M.json
2023,4,Lahore,Lahore District,26.4013,44.2953,27.0200,1,1,0,False,nasa_power_merra2,2023-PRECTOTCORR.json|2023-RH2M.json|2023-T2M.json
2023,4,Layyah,Layyah District,22.6436,46.7798,94.2200,3,0,3,False,nasa_power_merra2,2023-PRECTOTCORR.json|2023-RH2M.json|2023-T2M.json
2023,4,Lodhran,Lodhran District,,,,0,0,0,True,nasa_power_merra2,
2023,4,Mandi Bahauddin,Mandi Bahauddin District,25.3790,50.5293,50.0000,1,1,0,False,nasa_power_merra2,2023-PRECTOTCORR.json|2023-RH2M.json|2023-T2M.json
2023,4,Mianwali,Mianwali District,,,,0,0,0,True,nasa_power_merra2,
2023,4,Multan,Multan District,28.4267,38.5143,19.7200,1,1,0,False,nasa_power_merra2,2023-PRECTOTCORR.json|2023-RH2M.json|2023-T2M.json
2023,4,Muzaffargarh,Muzaffargarh District,28.9014,33.7149,185.2100,6,0,6,False,nasa_power_merra2,2023-PRECTOTCORR.json|2023-RH2M.json|2023-T2M.json
2023,4,Narowal,Narowal District,,,,0,0,0,True,nasa_power_merra2,
2023,4,Okara,Okara District,25.3919,41.2777,1285.3600,29,0,29,False,nasa_power_merra2,2023-PRECTOTCORR.json|2023-RH2M.json|2023-T2M.json
2023,4,Pakpattan,Pakpattan District,,,,0,0,0,True,nasa_power_merra2,
2023,4,Rahim Yar Khan,Rahim Yar Khan District,29.2558,34.8339,243.4000,5,5,0,False,nasa_power_merra2,2023-PRECTOTCORR.json|2023-RH2M.json|2023-T2M.json
2023,4,Rajanpur,Rajanpur District,27.0506,40.7457,113.9400,3,3,0,False,nasa_power_merra2,2023-PRECTOTCORR.json|2023-RH2M.json|2023-T2M.json
2023,4,Rawalpindi,Rawalpindi District,22.3227,55.6640,74.5400,1,1,0,False,nasa_power_merra2,2023-PRECTOTCORR.json|2023-RH2M.json|2023-T2M.json
2023,4,Sahiwal,Sahiwal District,27.7882,39.4938,39.0500,2,2,0,False,nasa_power_merra2,2023-PRECTOTCORR.json|2023-RH2M.json|2023-T2M.json
2023,4,Sargodha,Sargodha District,26.1241,44.6913,107.0000,3,3,0,False,nasa_power_merra2,2023-PRECTOTCORR.json|2023-RH2M.json|2023-T2M.json
2023,4,Sheikhupura,Sheikhupura District,,,,0,0,0,True,nasa_power_merra2,
2023,4,Sialkot,Sialkot District,25.3747,50.1767,63.4100,1,1,0,False,nasa_power_merra2,2023-PRECTOTCORR.json|2023-RH2M.json|2023-T2M.json
2023,4,Toba Tek Singh,Toba Tek Singh District,27.4917,40.1253,24.7800,1,1,0,False,nasa_power_merra2,2023-PRECTOTCORR.json|2023-RH2M.json|2023-T2M.json
2023,4,Vehari,Vehari District,28.0628,39.9400,37.1500,2,2,0,False,nasa_power_merra2,2023-PRECTOTCORR.json|2023-RH2M.json|2023-T2M.json
2023,5,Attock,Attock District,26.2229,54.0674,73.5600,1,1,0,False,nasa_power_merra2,2023-PRECTOTCORR.json|2023-RH2M.json|2023-T2M.json
2023,5,Bahawalnagar,Bahawalnagar District,32.1132,36.5090,310.7000,3,3,0,False,nasa_power_merra2,2023-PRECTOTCORR.json|2023-RH2M.json|2023-T2M.json
2023,5,Bahawalpur,Bahawalpur District,32.7772,36.1313,583.8500,8,8,0,False,nasa_power_merra2,2023-PRECTOTCORR.json|2023-RH2M.json|2023-T2M.json
2023,5,Bhakkar,Bhakkar District,25.0713,45.7289,1450.8800,21,0,21,False,nasa_power_merra2,2023-PRECTOTCORR.json|2023-RH2M.json|2023-T2M.json
2023,5,Chakwal,Chakwal District,27.1322,49.5160,182.0800,3,3,0,False,nasa_power_merra2,2023-PRECTOTCORR.json|2023-RH2M.json|2023-T2M.json
2023,5,Dera Ghazi Khan,Dera Ghazi Khan District,29.5026,40.1524,342.0800,4,4,0,False,nasa_power_merra2,2023-PRECTOTCORR.json|2023-RH2M.json|2023-T2M.json
2023,5,Faisalabad,Faisalabad District,30.7497,39.4869,152.9300,2,2,0,False,nasa_power_merra2,2023-PRECTOTCORR.json|2023-RH2M.json|2023-T2M.json
2023,5,Gujranwala,Gujranwala District,29.4939,43.6513,66.9500,1,1,0,False,nasa_power_merra2,2023-PRECTOTCORR.json|2023-RH2M.json|2023-T2M.json
2023,5,Gujrat,Gujrat District,,,,0,0,0,True,nasa_power_merra2,
2023,5,Hafizabad,Hafizabad District,29.8639,42.4277,58.4900,1,1,0,False,nasa_power_merra2,2023-PRECTOTCORR.json|2023-RH2M.json|2023-T2M.json
2023,5,Jhang,Jhang District,23.9650,53.0640,729.0900,7,0,7,False,nasa_power_merra2,2023-PRECTOTCORR.json|2023-RH2M.json|2023-T2M.json
2023,5,Jhelum,Jhelum District,27.5184,50.1490,86.0900,1,1,0,False,nasa_power_merra2,2023-PRECTOTCORR.json|2023-RH2M.json|2023-T2M.json
2023,5,Kasur,Kasur District,30.7853,38.3919,139.5000,2,2,0,False,nasa_power_merra2,2023-PRECTOTCORR.json|2023-RH2M.json|2023-T2M.json
2023,5,Khanewal,Khanewal District,31.7884,38.6894,91.8700,1,1,0,False,nasa_power_merra2,2023-PRECTOTCORR.json|2023-RH2M.json|2023-T2M.json
2023,5,Khushab,Khushab District,29.0134,42.7478,177.5700,3,3,0,False,nasa_power_merra2,2023-PRECTOTCORR.json|2023-RH2M.json|2023-T2M.json
2023,5,Lahore,Lahore District,30.2116,40.0200,58.9500,1,1,0,False,nasa_power_merra2,2023-PRECTOTCORR.json|2023-RH2M.json|2023-T2M.json
2023,5,Layyah,Layyah District,26.8829,41.8398,258.8900,3,0,3,False,nasa_power_merra2,2023-PRECTOTCORR.json|2023-RH2M.json|2023-T2M.json
2023,5,Lodhran,Lodhran District,,,,0,0,0,True,nasa_power_merra2,
2023,5,Mandi Bahauddin,Mandi Bahauddin District,28.9745,46.3252,69.5200,1,1,0,False,nasa_power_merra2,2023-PRECTOTCORR.json|2023-RH2M.json|2023-T2M.json
2023,5,Mianwali,Mianwali District,,,,0,0,0,True,nasa_power_merra2,
2023,5,Multan,Multan District,32.6187,36.9545,61.5500,1,1,0,False,nasa_power_merra2,2023-PRECTOTCORR.json|2023-RH2M.json|2023-T2M.json
2023,5,Muzaffargarh,Muzaffargarh District,32.3416,36.6565,554.5800,6,0,6,False,nasa_power_merra2,2023-PRECTOTCORR.json|2023-RH2M.json|2023-T2M.json
2023,5,Narowal,Narowal District,,,,0,0,0,True,nasa_power_merra2,
2023,5,Okara,Okara District,28.6725,42.4178,2880.9200,29,0,29,False,nasa_power_merra2,2023-PRECTOTCORR.json|2023-RH2M.json|2023-T2M.json
2023,5,Pakpattan,Pakpattan District,,,,0,0,0,True,nasa_power_merra2,
2023,5,Rahim Yar Khan,Rahim Yar Khan District,33.0230,37.7908,272.3000,5,5,0,False,nasa_power_merra2,2023-PRECTOTCORR.json|2023-RH2M.json|2023-T2M.json
2023,5,Rajanpur,Rajanpur District,31.3888,38.3392,193.4000,3,3,0,False,nasa_power_merra2,2023-PRECTOTCORR.json|2023-RH2M.json|2023-T2M.json
2023,5,Rawalpindi,Rawalpindi District,25.7384,53.8506,85.7900,1,1,0,False,nasa_power_merra2,2023-PRECTOTCORR.json|2023-RH2M.json|2023-T2M.json
2023,5,Sahiwal,Sahiwal District,31.5323,37.5255,206.0000,2,2,0,False,nasa_power_merra2,2023-PRECTOTCORR.json|2023-RH2M.json|2023-T2M.json
2023,5,Sargodha,Sargodha District,29.9195,41.5947,172.2900,3,3,0,False,nasa_power_merra2,2023-PRECTOTCORR.json|2023-RH2M.json|2023-T2M.json
2023,5,Sheikhupura,Sheikhupura District,,,,0,0,0,True,nasa_power_merra2,
2023,5,Sialkot,Sialkot District,28.6713,47.2503,86.7700,1,1,0,False,nasa_power_merra2,2023-PRECTOTCORR.json|2023-RH2M.json|2023-T2M.json
2023,5,Toba Tek Singh,Toba Tek Singh District,31.0916,38.8719,86.7200,1,1,0,False,nasa_power_merra2,2023-PRECTOTCORR.json|2023-RH2M.json|2023-T2M.json
2023,5,Vehari,Vehari District,32.1839,36.5408,186.5600,2,2,0,False,nasa_power_merra2,2023-PRECTOTCORR.json|2023-RH2M.json|2023-T2M.json
2023,6,Attock,Attock District,31.9117,53.6033,144.4400,1,1,0,False,nasa_power_merra2,2023-PRECTOTCORR.json|2023-RH2M.json|2023-T2M.json
2023,6,Bahawalnagar,Bahawalnagar District,34.1214,49.7520,165.7100,3,3,0,False,nasa_power_merra2,2023-PRECTOTCORR.json|2023-RH2M.json|2023-T2M.json
2023,6,Bahawalpur,Bahawalpur District,34.9127,47.4159,455.7200,8,8,0,False,nasa_power_merra2,2023-PRECTOTCORR.json|2023-RH2M.json|2023-T2M.json
2023,6,Bhakkar,Bhakkar District,30.4417,45.8580,1696.5500,21,0,21,False,nasa_power_merra2,2023-PRECTOTCORR.json|2023-RH2M.json|2023-T2M.json
2023,6,Chakwal,Chakwal District,32.5761,51.2208,419.6200,3,3,0,False,nasa_power_merra2,2023-PRECTOTCORR.json|2023-RH2M.json|2023-T2M.json
2023,6,Dera Ghazi Khan,Dera Ghazi Khan District,33.4377,48.2516,314.3800,4,4,0,False,nasa_power_merra2,2023-PRECTOTCORR.json|2023-RH2M.json|2023-T2M.json
2023,6,Faisalabad,Faisalabad District,34.8487,45.2358,215.9700,2,2,0,False,nasa_power_merra2,2023-PRECTOTCORR.json|2023-RH2M.json|2023-T2M.json
2023,6,Gujranwala,Gujranwala District,33.3050,52.0390,228.0900,1,1,0,False,nasa_power_merra2,2023-PRECTOTCORR.json|2023-RH2M.json|2023-T2M.json
2023,6,Gujrat,Gujrat District,,,,0,0,0,True,nasa_power_merra2,
2023,6,Hafizabad,Hafizabad District,33.8360,49.9890,205.0200,1,1,0,False,nasa_power_merra2,2023-PRECTOTCORR.json|2023-RH2M.json|2023-T2M.json
2023,6,Jhang,Jhang District,28.4786,58.0384,827.2500,7,0,7,False,nasa_power_merra2,2023-PRECTOTCORR.json|2023-RH2M.json|2023-T2M.json
2023,6,Jhelum,Jhelum District,32.0163,55.4813,180.8400,1,1,0,False,nasa_power_merra2,2023-PRECTOTCORR.json|2023-RH2M.json|2023-T2M.json
2023,6,Kasur,Kasur District,34.0263,48.2798,316.6400,2,2,0,False,nasa_power_merra2,2023-PRECTOTCORR.json|2023-RH2M.json|2023-T2M.json
2023,6,Khanewal,Khanewal District,34.9820,48.3823,47.3000,1,1,0,False,nasa_power_merra2,2023-PRECTOTCORR.json|2023-RH2M.json|2023-T2M.json
2023,6,Khushab,Khushab District,33.8859,47.1563,360.5600,3,3,0,False,nasa_power_merra2,2023-PRECTOTCORR.json|2023-RH2M.json|2023-T2M.json
2023,6,Lahore,Lahore District,33.7830,49.1680,223.0800,1,1,0,False,nasa_power_merra2,2023-PRECTOTCORR.json|2023-RH2M.json|2023-T2M.json
2023,6,Layyah,Layyah District,31.1437,49.5650,254.4600,3,0,3,False,nasa_power_merra2,2023-PRECTOTCORR.json|2023-RH2M.json|2023-T2M.json
2023,6,Lodhran,Lodhran District,,,,0,0,0,True,nasa_power_merra2,
2023,6,Mandi Bahauddin,Mandi Bahauddin District,33.3263,52.9723,195.4400,1,1,0,False,nasa_power_merra2,2023-PRECTOTCORR.json|2023-RH2M.json|2023-T2M.json
2023,6,Mianwali,Mianwali District,,,,0,0,0,True,nasa_power_merra2,
2023,6,Multan,Multan District,35.4987,47.0340,56.2000,1,1,0,False,nasa_power_merra2,2023-PRECTOTCORR.json|2023-RH2M.json|2023-T2M.json
2023,6,Muzaffargarh,Muzaffargarh District,34.5249,47.8961,408.6400,6,0,6,False,nasa_power_merra2,2023-PRECTOTCORR.json|2023-RH2M.json|2023-T2M.json
2023,6,Narowal,Narowal District,,,,0,0,0,True,nasa_power_merra2,
2023,6,Okara,Okara District,31.4306,52.8501,2879.6600,29,0,29,False,nasa_power_merra2,2023-PRECTOTCORR.json|2023-RH2M.json|2023-T2M.json
2023,6,Pakpattan,Pakpattan District,,,,0,0,0,True,nasa_power_merra2,
2023,6,Rahim Yar Khan,Rahim Yar Khan District,35.8427,45.3888,191.5100,5,5,0,False,nasa_power_merra2,2023-PRECTOTCORR.json|2023-RH2M.json|2023-T2M.json
2023,6,Rajanpur,Rajanpur District,34.6748,47.6454,200.9600,3,3,0,False,nasa_power_merra2,2023-PRECTOTCORR.json|2023-RH2M.json|2023-T2M.json
2023,6,Rawalpindi,Rawalpindi District,30.7303,56.4723,181.0100,1,1,0,False,nasa_power_merra2,2023-PRECTOTCORR.json|2023-RH2M.json|2023-T2M.json
2023,6,Sahiwal,Sahiwal District,34.4433,48.3550,116.2600,2,2,0,False,nasa_power_merra2,2023-PRECTOTCORR.json|2023-RH2M.json|2023-T2M.json
2023,6,Sargodha,Sargodha District,34.5291,46.2476,438.5600,3,3,0,False,nasa_power_merra2,2023-PRECTOTCORR.json|2023-RH2M.json|2023-T2M.json
2023,6,Sheikhupura,Sheikhupura District,,,,0,0,0,True,nasa_power_merra2,
2023,6,Sialkot,Sialkot District,32.7680,54.2773,196.8400,1,1,0,False,nasa_power_merra2,2023-PRECTOTCORR.json|2023-RH2M.json|2023-T2M.json
2023,6,Toba Tek Singh,Toba Tek Singh District,35.0470,45.4260,79.9700,1,1,0,False,nasa_power_merra2,2023-PRECTOTCORR.json|2023-RH2M.json|2023-T2M.json
2023,6,Vehari,Vehari District,34.4300,50.5350,101.4400,2,2,0,False,nasa_power_merra2,2023-PRECTOTCORR.json|2023-RH2M.json|2023-T2M.json
2023,7,Attock,Attock District,30.0619,72.7874,344.0600,1,1,0,False,nasa_power_merra2,2023-PRECTOTCORR.json|2023-RH2M.json|2023-T2M.json
2023,7,Bahawalnagar,Bahawalnagar District,33.6745,60.6535,377.8900,3,3,0,False,nasa_power_merra2,2023-PRECTOTCORR.json|2023-RH2M.json|2023-T2M.json
2023,7,Bahawalpur,Bahawalpur District,34.3574,57.7160,949.1100,8,8,0,False,nasa_power_merra2,2023-PRECTOTCORR.json|2023-RH2M.json|2023-T2M.json
2023,7,Bhakkar,Bhakkar District,29.6893,59.6204,2980.8800,21,0,21,False,nasa_power_merra2,2023-PRECTOTCORR.json|2023-RH2M.json|2023-T2M.json
2023,7,Chakwal,Chakwal District,30.3460,72.0138,838.7500,3,3,0,False,nasa_power_merra2,2023-PRECTOTCORR.json|2023-RH2M.json|2023-T2M.json
2023,7,Dera Ghazi Khan,Dera Ghazi Khan District,32.8208,57.6048,550.3200,4,4,0,False,nasa_power_merra2,2023-PRECTOTCORR.json|2023-RH2M.json|2023-T2M.json
2023,7,Faisalabad,Faisalabad District,32.0779,68.2337,431.3800,2,2,0,False,nasa_power_merra2,2023-PRECTOTCORR.json|2023-RH2M.json|2023-T2M.json
2023,7,Gujranwala,Gujranwala District,30.1335,78.7071,466.5900,1,1,0,False,nasa_power_merra2,2023-PRECTOTCORR.json|2023-RH2M.json|2023-T2M.json
2023,7,Gujrat,Gujrat District,,,,0,0,0,True,nasa_power_merra2,
2023,7,Hafizabad,Hafizabad District,30.5097,77.2258,392.8200,1,1,0,False,nasa_power_merra2,2023-PRECTOTCORR.json|2023-RH2M.json|2023-T2M.json
2023,7,Jhang,Jhang District,27.6541,72.7119,1938.0900,7,0,7,False,nasa_power_merra2,2023-PRECTOTCORR.json|2023-RH2M.json|2023-T2M.json
2023,7,Jhelum,Jhelum District,29.8235,76.9768,402.3500,1,1,0,False,nasa_power_merra2,2023-PRECTOTCORR.json|2023-RH2M.json|2023-T2M.json
2023,7,Kasur,Kasur District,30.9974,74.3544,638.1900,2,2,0,False,nasa_power_merra2,2023-PRECTOTCORR.json|2023-RH2M.json|2023-T2M.json
2023,7,Khanewal,Khanewal District,34.8013,55.9610,108.7400,1,1,0,False,nasa_power_merra2,2023-PRECTOTCORR.json|2023-RH2M.json|2023-T2M.json
2023,7,Khushab,Khushab District,31.4181,67.7938,589.1300,3,3,0,False,nasa_power_merra2,2023-PRECTOTCORR.json|2023-RH2M.json|2023-T2M.json
2023,7,Lahore,Lahore District,30.2884,77.9661,433.6900,1,1,0,False,nasa_power_merra2,2023-PRECTOTCORR.json|2023-RH2M.json|2023-T2M.json
2023,7,Layyah,Layyah District,30.3784,60.3319,412.1800,3,0,3,False,nasa_power_merra2,2023-PRECTOTCORR.json|2023-RH2M.json|2023-T2M.json
2023,7,Lodhran,Lodhran District,,,,0,0,0,True,nasa_power_merra2,
2023,7,Mandi Bahauddin,Mandi Bahauddin District,30.6577,76.2148,404.2600,1,1,0,False,nasa_power_merra2,2023-PRECTOTCORR.json|2023-RH2M.json|2023-T2M.json
2023,7,Mianwali,Mianwali District,,,,0,0,0,True,nasa_power_merra2,
2023,7,Multan,Multan District,35.6494,52.9606,97.3400,1,1,0,False,nasa_power_merra2,2023-PRECTOTCORR.json|2023-RH2M.json|2023-T2M.json
2023,7,Muzaffargarh,Muzaffargarh District,33.8519,59.5543,809.6000,6,0,6,False,nasa_power_merra2,2023-PRECTOTCORR.json|2023-RH2M.json|2023-T2M.json
2023,7,Narowal,Narowal District,,,,0,0,0,True,nasa_power_merra2,
2023,7,Okara,Okara District,29.8279,72.4021,7410.3600,29,0,29,False,nasa_power_merra2,2023-PRECTOTCORR.json|2023-RH2M.json|2023-T2M.json
2023,7,Pakpattan,Pakpattan District,,,,0,0,0,True,nasa_power_merra2,
2023,7,Rahim Yar Khan,Rahim Yar Khan District,35.1823,54.8030,613.6700,5,5,0,False,nasa_power_merra2,2023-PRECTOTCORR.json|2023-RH2M.json|2023-T2M.json
2023,7,Rajanpur,Rajanpur District,33.9990,57.2303,459.5500,3,3,0,False,nasa_power_merra2,2023-PRECTOTCORR.json|2023-RH2M.json|2023-T2M.json
2023,7,Rawalpindi,Rawalpindi District,28.9713,76.2619,426.7800,1,1,0,False,nasa_power_merra2,2023-PRECTOTCORR.json|2023-RH2M.json|2023-T2M.json
2023,7,Sahiwal,Sahiwal District,33.5482,61.0666,292.5100,2,2,0,False,nasa_power_merra2,2023-PRECTOTCORR.json|2023-RH2M.json|2023-T2M.json
2023,7,Sargodha,Sargodha District,31.4496,71.3042,778.6800,3,3,0,False,nasa_power_merra2,2023-PRECTOTCORR.json|2023-RH2M.json|2023-T2M.json
2023,7,Sheikhupura,Sheikhupura District,,,,0,0,0,True,nasa_power_merra2,
2023,7,Sialkot,Sialkot District,30.0697,78.6000,446.3400,1,1,0,False,nasa_power_merra2,2023-PRECTOTCORR.json|2023-RH2M.json|2023-T2M.json
2023,7,Toba Tek Singh,Toba Tek Singh District,33.1435,62.9010,177.1800,1,1,0,False,nasa_power_merra2,2023-PRECTOTCORR.json|2023-RH2M.json|2023-T2M.json
2023,7,Vehari,Vehari District,34.7569,56.2221,219.3300,2,2,0,False,nasa_power_merra2,2023-PRECTOTCORR.json|2023-RH2M.json|2023-T2M.json
2023,8,Attock,Attock District,29.8442,74.5845,149.8900,1,1,0,False,nasa_power_merra2,2023-PRECTOTCORR.json|2023-RH2M.json|2023-T2M.json
2023,8,Bahawalnagar,Bahawalnagar District,34.6286,48.6061,14.2100,3,3,0,False,nasa_power_merra2,2023-PRECTOTCORR.json|2023-RH2M.json|2023-T2M.json
2023,8,Bahawalpur,Bahawalpur District,34.2721,49.9905,30.7900,8,8,0,False,nasa_power_merra2,2023-PRECTOTCORR.json|2023-RH2M.json|2023-T2M.json
2023,8,Bhakkar,Bhakkar District,30.8422,47.7191,1024.3500,21,0,21,False,nasa_power_merra2,2023-PRECTOTCORR.json|2023-RH2M.json|2023-T2M.json
2023,8,Chakwal,Chakwal District,30.9389,68.4659,317.5500,3,3,0,False,nasa_power_merra2,2023-PRECTOTCORR.json|2023-RH2M.json|2023-T2M.json
2023,8,Dera Ghazi Khan,Dera Ghazi Khan District,33.3092,45.5418,105.7800,4,4,0,False,nasa_power_merra2,2023-PRECTOTCORR.json|2023-RH2M.json|2023-T2M.json
2023,8,Faisalabad,Faisalabad District,34.3511,52.3365,62.6700,2,2,0,False,nasa_power_merra2,2023-PRECTOTCORR.json|2023-RH2M.json|2023-T2M.json
2023,8,Gujranwala,Gujranwala District,30.3506,76.9048,147.0700,1,1,0,False,nasa_power_merra2,2023-PRECTOTCORR.json|2023-RH2M.json|2023-T2M.json
2023,8,Gujrat,Gujrat District,,,,0,0,0,True,nasa_power_merra2,
2023,8,Hafizabad,Hafizabad District,31.1394,72.4213,92.1600,1,1,0,False,nasa_power_merra2,2023-PRECTOTCORR.json|2023-RH2M.json|2023-T2M.json
2023,8,Jhang,Jhang District,28.6474,66.0937,519.0200,7,0,7,False,nasa_power_merra2,2023-PRECTOTCORR.json|2023-RH2M.json|2023-T2M.json
2023,8,Jhelum,Jhelum District,30.4084,74.1290,131.9500,1,1,0,False,nasa_power_merra2,2023-PRECTOTCORR.json|2023-RH2M.json|2023-T2M.json
2023,8,Kasur,Kasur District,31.8998,66.4189,174.0500,2,2,0,False,nasa_power_merra2,2023-PRECTOTCORR.json|2023-RH2M.json|2023-T2M.json
2023,8,Khanewal,Khanewal District,35.5397,46.9339,28.3300,1,1,0,False,nasa_power_merra2,2023-PRECTOTCORR.json|2023-RH2M.json|2023-T2M.json
2023,8,Khushab,Khushab District,33.2680,56.2539,168.5800,3,3,0,False,nasa_power_merra2,2023-PRECTOTCORR.json|2023-RH2M.json|2023-T2M.json
2023,8,Lahore,Lahore District,30.5716,75.0035,135.5500,1,1,0,False,nasa_power_merra2,2023-PRECTOTCORR.json|2023-RH2M.json|2023-T2M.json
2023,8,Layyah,Layyah District,31.1769,45.6696,72.0300,3,0,3,False,nasa_power_merra2,2023-PRECTOTCORR.json|2023-RH2M.json|2023-T2M.json
2023,8,Lodhran,Lodhran District,,,,0,0,0,True,nasa_power_merra2,
2023,8,Mandi Bahauddin,Mandi Bahauddin District,31.0897,73.2610,119.2500,1,1,0,False,nasa_power_merra2,2023-PRECTOTCORR.json|2023-RH2M.json|2023-T2M.json
2023,8,Mianwali,Mianwali District,,,,0,0,0,True,nasa_power_merra2,
2023,8,Multan,Multan District,35.0542,47.9132,14.0400,1,1,0,False,nasa_power_merra2,2023-PRECTOTCORR.json|2023-RH2M.json|2023-T2M.json
2023,8,Muzaffargarh,Muzaffargarh District,33.8920,51.4955,69.5300,6,0,6,False,nasa_power_merra2,2023-PRECTOTCORR.json|2023-RH2M.json|2023-T2M.json
2023,8,Narowal,Narowal District,,,,0,0,0,True,nasa_power_merra2,
2023,8,Okara,Okara District,30.3717,65.2610,2242.1500,29,0,29,False,nasa_power_merra2,2023-PRECTOTCORR.json|2023-RH2M.json|2023-T2M.json
2023,8,Pakpattan,Pakpattan District,,,,0,0,0,True,nasa_power_merra2,
2023,8,Rahim Yar Khan,Rahim Yar Khan District,34.1423,51.4386,20.2500,5,5,0,False,nasa_power_merra2,2023-PRECTOTCORR.json|2023-RH2M.json|2023-T2M.json
2023,8,Rajanpur,Rajanpur District,33.3618,51.8260,43.3400,3,3,0,False,nasa_power_merra2,2023-PRECTOTCORR.json|2023-RH2M.json|2023-T2M.json
2023,8,Rawalpindi,Rawalpindi District,29.1942,75.9816,160.8100,1,1,0,False,nasa_power_merra2,2023-PRECTOTCORR.json|2023-RH2M.json|2023-T2M.json
2023,8,Sahiwal,Sahiwal District,35.1485,47.4929,30.5500,2,2,0,False,nasa_power_merra2,2023-PRECTOTCORR.json|2023-RH2M.json|2023-T2M.json
2023,8,Sargodha,Sargodha District,33.0780,60.4490,195.7400,3,3,0,False,nasa_power_merra2,2023-PRECTOTCORR.json|2023-RH2M.json|2023-T2M.json
2023,8,Sheikhupura,Sheikhupura District,,,,0,0,0,True,nasa_power_merra2,
2023,8,Sialkot,Sialkot District,30.3623,77.1265,161.1500,1,1,0,False,nasa_power_merra2,2023-PRECTOTCORR.json|2023-RH2M.json|2023-T2M.json
2023,8,Toba Tek Singh,Toba Tek Singh District,35.1016,48.4555,26.9600,1,1,0,False,nasa_power_merra2,2023-PRECTOTCORR.json|2023-RH2M.json|2023-T2M.json
2023,8,Vehari,Vehari District,35.2694,46.7000,27.1600,2,2,0,False,nasa_power_merra2,2023-PRECTOTCORR.json|2023-RH2M.json|2023-T2M.json
2023,9,Attock,Attock District,27.5193,73.6833,120.7000,1,1,0,False,nasa_power_merra2,2023-PRECTOTCORR.json|2023-RH2M.json|2023-T2M.json
2023,9,Bahawalnagar,Bahawalnagar District,33.4867,43.6806,80.7500,3,3,0,False,nasa_power_merra2,2023-PRECTOTCORR.json|2023-RH2M.json|2023-T2M.json
2023,9,Bahawalpur,Bahawalpur District,34.2262,39.8586,75.8100,8,8,0,False,nasa_power_merra2,2023-PRECTOTCORR.json|2023-RH2M.json|2023-T2M.json
2023,9,Bhakkar,Bhakkar District,28.6251,47.1198,510.6500,21,0,21,False,nasa_power_merra2,2023-PRECTOTCORR.json|2023-RH2M.json|2023-T2M.json
2023,9,Chakwal,Chakwal District,28.9393,66.2964,303.1200,3,3,0,False,nasa_power_merra2,2023-PRECTOTCORR.json|2023-RH2M.json|2023-T2M.json
2023,9,Dera Ghazi Khan,Dera Ghazi Khan District,32.4676,35.9163,10.0600,4,4,0,False,nasa_power_merra2,2023-PRECTOTCORR.json|2023-RH2M.json|2023-T2M.json
2023,9,Faisalabad,Faisalabad District,32.5125,49.9685,123.0800,2,2,0,False,nasa_power_merra2,2023-PRECTOTCORR.json|2023-RH2M.json|2023-T2M.json
2023,9,Gujranwala,Gujranwala District,28.5223,73.9667,148.0800,1,1,0,False,nasa_power_merra2,2023-PRECTOTCORR.json|2023-RH2M.json|2023-T2M.json
2023,9,Gujrat,Gujrat District,,,,0,0,0,True,nasa_power_merra2,
2023,9,Hafizabad,Hafizabad District,29.8010,66.3217,125.1700,1,1,0,False,nasa_power_merra2,2023-PRECTOTCORR.json|2023-RH2M.json|2023-T2M.json
2023,9,Jhang,Jhang District,26.8203,60.9637,468.6600,7,0,7,False,nasa_power_merra2,2023-PRECTOTCORR.json|2023-RH2M.json|2023-T2M.json
2023,9,Jhelum,Jhelum District,28.5857,70.6127,136.1800,1,1,0,False,nasa_power_merra2,2023-PRECTOTCORR.json|2023-RH2M.json|2023-T2M.json
2023,9,Kasur,Kasur District,30.4393,61.6240,219.8500,2,2,0,False,nasa_power_merra2,2023-PRECTOTCORR.json|2023-RH2M.json|2023-T2M.json
2023,9,Khanewal,Khanewal District,34.3640,39.0517,13.4300,1,1,0,False,nasa_power_merra2,2023-PRECTOTCORR.json|2023-RH2M.json|2023-T2M.json
2023,9,Khushab,Khushab District,31.1432,54.4228,158.8900,3,3,0,False,nasa_power_merra2,2023-PRECTOTCORR.json|2023-RH2M.json|2023-T2M.json
2023,9,Lahore,Lahore District,29.0113,70.7593,142.7000,1,1,0,False,nasa_power_merra2,2023-PRECTOTCORR.json|2023-RH2M.json|2023-T2M.json
2023,9,Layyah,Layyah District,29.8921,37.0416,10.0500,3,0,3,False,nasa_power_merra2,2023-PRECTOTCORR.json|2023-RH2M.json|2023-T2M.json
2023,9,Lodhran,Lodhran District,,,,0,0,0,True,nasa_power_merra2,
2023,9,Mandi Bahauddin,Mandi Bahauddin District,29.2810,70.0180,131.8500,1,1,0,False,nasa_power_merra2,2023-PRECTOTCORR.json|2023-RH2M.json|2023-T2M.json
2023,9,Mianwali,Mianwali District,,,,0,0,0,True,nasa_power_merra2,
2023,9,Multan,Multan District,35.1027,35.1310,2.9600,1,1,0,False,nasa_power_merra2,2023-PRECTOTCORR.json|2023-RH2M.json|2023-T2M.json
2023,9,Muzaffargarh,Muzaffargarh District,33.5964,42.9212,120.4100,6,0,6,False,nasa_power_merra2,2023-PRECTOTCORR.json|2023-RH2M.json|2023-T2M.json
2023,9,Narowal,Narowal District,,,,0,0,0,True,nasa_power_merra2,
2023,9,Okara,Okara District,29.0734,60.6770,2450.3400,29,0,29,False,nasa_power_merra2,2023-PRECTOTCORR.json|2023-RH2M.json|2023-T2M.json
2023,9,Pakpattan,Pakpattan District,,,,0,0,0,True,nasa_power_merra2,
2023,9,Rahim Yar Khan,Rahim Yar Khan District,34.8964,37.3609,3.3900,5,5,0,False,nasa_power_merra2,2023-PRECTOTCORR.json|2023-RH2M.json|2023-T2M.json
2023,9,Rajanpur,Rajanpur District,34.1420,33.7768,3.5800,3,3,0,False,nasa_power_merra2,2023-PRECTOTCORR.json|2023-RH2M.json|2023-T2M.json
2023,9,Rawalpindi,Rawalpindi District,26.9150,74.8563,144.9700,1,1,0,False,nasa_power_merra2,2023-PRECTOTCORR.json|2023-RH2M.json|2023-T2M.json
2023,9,Sahiwal,Sahiwal District,33.4265,44.2368,69.8000,2,2,0,False,nasa_power_merra2,2023-PRECTOTCORR.json|2023-RH2M.json|2023-T2M.json
2023,9,Sargodha,Sargodha District,31.4154,56.3909,257.9100,3,3,0,False,nasa_power_merra2,2023-PRECTOTCORR.json|2023-RH2M.json|2023-T2M.json
2023,9,Sheikhupura,Sheikhupura District,,,,0,0,0,True,nasa_power_merra2,
2023,9,Sialkot,Sialkot District,28.5360,73.8260,148.6000,1,1,0,False,nasa_power_merra2,2023-PRECTOTCORR.json|2023-RH2M.json|2023-T2M.json
2023,9,Toba Tek Singh,Toba Tek Singh District,33.2747,44.8490,42.4000,1,1,0,False,nasa_power_merra2,2023-PRECTOTCORR.json|2023-RH2M.json|2023-T2M.json
2023,9,Vehari,Vehari District,34.3370,38.8853,35.7300,2,2,0,False,nasa_power_merra2,2023-PRECTOTCORR.json|2023-RH2M.json|2023-T2M.json
2023,10,Attock,Attock District,22.1758,62.5716,45.6300,1,1,0,False,nasa_power_merra2,2023-PRECTOTCORR.json|2023-RH2M.json|2023-T2M.json
2023,10,Bahawalnagar,Bahawalnagar District,28.1610,39.5558,74.3200,3,3,0,False,nasa_power_merra2,2023-PRECTOTCORR.json|2023-RH2M.json|2023-T2M.json
2023,10,Bahawalpur,Bahawalpur District,29.0310,36.3756,201.6500,8,8,0,False,nasa_power_merra2,2023-PRECTOTCORR.json|2023-RH2M.json|2023-T2M.json
2023,10,Bhakkar,Bhakkar District,22.3769,43.1108,452.5500,21,0,21,False,nasa_power_merra2,2023-PRECTOTCORR.json|2023-RH2M.json|2023-T2M.json
2023,10,Chakwal,Chakwal District,23.1131,59.0345,140.9700,3,3,0,False,nasa_power_merra2,2023-PRECTOTCORR.json|2023-RH2M.json|2023-T2M.json
2023,10,Dera Ghazi Khan,Dera Ghazi Khan District,26.3845,31.2835,64.3400,4,4,0,False,nasa_power_merra2,2023-PRECTOTCORR.json|2023-RH2M.json|2023-T2M.json
2023,10,Faisalabad,Faisalabad District,26.0382,48.7134,82.9300,2,2,0,False,nasa_power_merra2,2023-PRECTOTCORR.json|2023-RH2M.json|2023-T2M.json
2023,10,Gujranwala,Gujranwala District,23.0281,67.3761,82.5800,1,1,0,False,nasa_power_merra2,2023-PRECTOTCORR.json|2023-RH2M.json|2023-T2M.json
2023,10,Gujrat,Gujrat District,,,,0,0,0,True,nasa_power_merra2,
2023,10,Hafizabad,Hafizabad District,23.8200,62.3594,77.2500,1,1,0,False,nasa_power_merra2,2023-PRECTOTCORR.json|2023-RH2M.json|2023-T2M.json
2023,10,Jhang,Jhang District,20.9843,54.2111,355.6100,7,0,7,False,nasa_power_merra2,2023-PRECTOTCORR.json|2023-RH2M.json|2023-T2M.json
2023,10,Jhelum,Jhelum District,23.4794,60.2365,82.2700,1,1,0,False,nasa_power_merra2,2023-PRECTOTCORR.json|2023-RH2M.json|2023-T2M.json
2023,10,Kasur,Kasur District,24.5710,58.2058,118.7900,2,2,0,False,nasa_power_merra2,2023-PRECTOTCORR.json|2023-RH2M.json|2023-T2M.json
2023,10,Khanewal,Khanewal District,28.1626,37.5990,16.6500,1,1,0,False,nasa_power_merra2,2023-PRECTOTCORR.json|2023-RH2M.json|2023-T2M.json
2023,10,Khushab,Khushab District,24.8088,51.2897,109.6200,3,3,0,False,nasa_power_merra2,2023-PRECTOTCORR.json|2023-RH2M.json|2023-T2M.json
2023,10,Lahore,Lahore District,23.4532,65.3194,72.6800,1,1,0,False,nasa_power_merra2,2023-PRECTOTCORR.json|2023-RH2M.json|2023-T2M.json
2023,10,Layyah,Layyah District,23.9292,32.7917,42.6900,3,0,3,False,nasa_power_merra2,2023-PRECTOTCORR.json|2023-RH2M.json|2023-T2M.json
2023,10,Lodhran,Lodhran District,,,,0,0,0,True,nasa_power_merra2,
2023,10,Mandi Bahauddin,Mandi Bahauddin District,23.5106,64.0416,82.5900,1,1,0,False,nasa_power_merra2,2023-PRECTOTCORR.json|2023-RH2M.json|2023-T2M.json
2023,10,Mianwali,Mianwali District,,,,0,0,0,True,nasa_power_merra2,
2023,10,Multan,Multan District,28.6310,34.6739,18.9100,1,1,0,False,nasa_power_merra2,2023-PRECTOTCORR.json|2023-RH2M.json|2023-T2M.json
2023,10,Muzaffargarh,Muzaffargarh District,28.6807,37.2910,109.8000,6,0,6,False,nasa_power_merra2,2023-PRECTOTCORR.json|2023-RH2M.json|2023-T2M.json
2023,10,Narowal,Narowal District,,,,0,0,0,True,nasa_power_merra2,
2023,10,Okara,Okara District,24.0527,53.1834,1737.8800,29,0,29,False,nasa_power_merra2,2023-PRECTOTCORR.json|2023-RH2M.json|2023-T2M.json
2023,10,Pakpattan,Pakpattan District,,,,0,0,0,True,nasa_power_merra2,
2023,10,Rahim Yar Khan,Rahim Yar Khan District,29.5388,32.7670,96.0900,5,5,0,False,nasa_power_merra2,2023-PRECTOTCORR.json|2023-RH2M.json|2023-T2M.json
2023,10,Rajanpur,Rajanpur District,28.1289,29.7472,51.4000,3,3,0,False,nasa_power_merra2,2023-PRECTOTCORR.json|2023-RH2M.json|2023-T2M.json
2023,10,Rawalpindi,Rawalpindi District,21.7097,63.5994,59.1000,1,1,0,False,nasa_power_merra2,2023-PRECTOTCORR.json|2023-RH2M.json|2023-T2M.json
2023,10,Sahiwal,Sahiwal District,27.3211,41.5985,53.4700,2,2,0,False,nasa_power_merra2,2023-PRECTOTCORR.json|2023-RH2M.json|2023-T2M.json
2023,10,Sargodha,Sargodha District,24.8034,55.2587,159.3700,3,3,0,False,nasa_power_merra2,2023-PRECTOTCORR.json|2023-RH2M.json|2023-T2M.json
2023,10,Sheikhupura,Sheikhupura District,,,,0,0,0,True,nasa_power_merra2,
2023,10,Sialkot,Sialkot District,23.3852,64.4561,92.7700,1,1,0,False,nasa_power_merra2,2023-PRECTOTCORR.json|2023-RH2M.json|2023-T2M.json
2023,10,Toba Tek Singh,Toba Tek Singh District,26.9487,42.9681,31.4200,1,1,0,False,nasa_power_merra2,2023-PRECTOTCORR.json|2023-RH2M.json|2023-T2M.json
2023,10,Vehari,Vehari District,28.2568,37.6632,42.6100,2,2,0,False,nasa_power_merra2,2023-PRECTOTCORR.json|2023-RH2M.json|2023-T2M.json
2023,11,Attock,Attock District,17.6147,60.4343,63.2900,1,1,0,False,nasa_power_merra2,2023-PRECTOTCORR.json|2023-RH2M.json|2023-T2M.json
2023,11,Bahawalnagar,Bahawalnagar District,21.5492,44.9478,4.9000,3,3,0,False,nasa_power_merra2,2023-PRECTOTCORR.json|2023-RH2M.json|2023-T2M.json
2023,11,Bahawalpur,Bahawalpur District,22.3962,41.0841,16.4900,8,8,0,False,nasa_power_merra2,2023-PRECTOTCORR.json|2023-RH2M.json|2023-T2M.json
2023,11,Bhakkar,Bhakkar District,16.6830,48.2068,548.3000,21,0,21,False,nasa_power_merra2,2023-PRECTOTCORR.json|2023-RH2M.json|2023-T2M.json
2023,11,Chakwal,Chakwal District,17.9916,60.2873,144.2000,3,3,0,False,nasa_power_merra2,2023-PRECTOTCORR.json|2023-RH2M.json|2023-T2M.json
2023,11,Dera Ghazi Khan,Dera Ghazi Khan District,19.8671,42.4797,53.0900,4,4,0,False,nasa_power_merra2,2023-PRECTOTCORR.json|2023-RH2M.json|2023-T2M.json
2023,11,Faisalabad,Faisalabad District,20.1155,53.5180,27.6300,2,2,0,False,nasa_power_merra2,2023-PRECTOTCORR.json|2023-RH2M.json|2023-T2M.json
2023,11,Gujranwala,Gujranwala District,18.6947,66.7587,34.0900,1,1,0,False,nasa_power_merra2,2023-PRECTOTCORR.json|2023-RH2M.json|2023-T2M.json
2023,11,Gujrat,Gujrat District,,,,0,0,0,True,nasa_power_merra2,
2023,11,Hafizabad,Hafizabad District,19.0687,63.1843,30.3600,1,1,0,False,nasa_power_merra2,2023-PRECTOTCORR.json|2023-RH2M.json|2023-T2M.json
2023,11,Jhang,Jhang District,15.9028,54.2664,300.5000,7,0,7,False,nasa_power_merra2,2023-PRECTOTCORR.json|2023-RH2M.json|2023-T2M.json
2023,11,Jhelum,Jhelum District,19.1843,58.0023,50.4800,1,1,0,False,nasa_power_merra2,2023-PRECTOTCORR.json|2023-RH2M.json|2023-T2M.json
2023,11,Kasur,Kasur District,19.5050,59.8610,23.7800,2,2,0,False,nasa_power_merra2,2023-PRECTOTCORR.json|2023-RH2M.json|2023-T2M.json
2023,11,Khanewal,Khanewal District,21.3753,45.3770,3.6200,1,1,0,False,nasa_power_merra2,2023-PRECTOTCORR.json|2023-RH2M.json|2023-T2M.json
2023,11,Khushab,Khushab District,19.1044,55.2923,92.1000,3,3,0,False,nasa_power_merra2,2023-PRECTOTCORR.json|2023-RH2M.json|2023-T2M.json
2023,11,Lahore,Lahore District,18.9953,64.8333,21.4200,1,1,0,False,nasa_power_merra2,2023-PRECTOTCORR.json|2023-RH2M.json|2023-T2M.json
2023,11,Layyah,Layyah District,17.4948,44.7650,38.7600,3,0,3,False,nasa_power_merra2,2023-PRECTOTCORR.json|2023-RH2M.json|2023-T2M.json
2023,11,Lodhran,Lodhran District,,,,0,0,0,True,nasa_power_merra2,
2023,11,Mandi Bahauddin,Mandi Bahauddin District,18.9673,63.7140,41.3000,1,1,0,False,nasa_power_merra2,2023-PRECTOTCORR.json|2023-RH2M.json|2023-T2M.json
2023,11,Mianwali,Mianwali District,,,,0,0,0,True,nasa_power_merra2,
2023,11,Multan,Multan District,22.1377,41.1050,2.9200,1,1,0,False,nasa_power_merra2,2023-PRECTOTCORR.json|2023-RH2M.json|2023-T2M.json
2023,11,Muzaffargarh,Muzaffargarh District,21.8536,43.4307,28.2000,6,0,6,False,nasa_power_merra2,2023-PRECTOTCORR.json|2023-RH2M.json|2023-T2M.json
2023,11,Narowal,Narowal District,,,,0,0,0,True,nasa_power_merra2,
2023,11,Okara,Okara District,18.6058,55.1701,542.7400,29,0,29,False,nasa_power_merra2,2023-PRECTOTCORR.json|2023-RH2M.json|2023-T2M.json
2023,11,Pakpattan,Pakpattan District,,,,0,0,0,True,nasa_power_merra2,
2023,11,Rahim Yar Khan,Rahim Yar Khan District,23.0205,39.0394,21.5600,5,5,0,False,nasa_power_merra2,2023-PRECTOTCORR.json|2023-RH2M.json|2023-T2M.json
2023,11,Rajanpur,Rajanpur District,21.5921,40.2720,35.8300,3,3,0,False,nasa_power_merra2,2023-PRECTOTCORR.json|2023-RH2M.json|2023-T2M.json
2023,11,Rawalpindi,Rawalpindi District,17.5663,60.2603,65.9600,1,1,0,False,nasa_power_merra2,2023-PRECTOTCORR.json|2023-RH2M.json|2023-T2M.json
2023,11,Sahiwal,Sahiwal District,20.8915,47.9568,8.2400,2,2,0,False,nasa_power_merra2,2023-PRECTOTCORR.json|2023-RH2M.json|2023-T2M.json
2023,11,Sargodha,Sargodha District,19.5087,57.3349,94.8300,3,3,0,False,nasa_power_merra2,2023-PRECTOTCORR.json|2023-RH2M.json|2023-T2M.json
2023,11,Sheikhupura,Sheikhupura District,,,,0,0,0,True,nasa_power_merra2,
2023,11,Sialkot,Sialkot District,19.1247,62.4917,47.6400,1,1,0,False,nasa_power_merra2,2023-PRECTOTCORR.json|2023-RH2M.json|2023-T2M.json
2023,11,Toba Tek Singh,Toba Tek Singh District,20.6117,49.4360,9.3000,1,1,0,False,nasa_power_merra2,2023-PRECTOTCORR.json|2023-RH2M.json|2023-T2M.json
2023,11,Vehari,Vehari District,21.6933,43.1423,2.7900,2,2,0,False,nasa_power_merra2,2023-PRECTOTCORR.json|2023-RH2M.json|2023-T2M.json
2023,12,Attock,Attock District,12.9361,53.6423,2.9200,1,1,0,False,nasa_power_merra2,2023-PRECTOTCORR.json|2023-RH2M.json|2023-T2M.json
2023,12,Bahawalnagar,Bahawalnagar District,16.7416,37.2059,0.0000,3,3,0,False,nasa_power_merra2,2023-PRECTOTCORR.json|2023-RH2M.json|2023-T2M.json
2023,12,Bahawalpur,Bahawalpur District,17.3138,35.0304,0.1500,8,8,0,False,nasa_power_merra2,2023-PRECTOTCORR.json|2023-RH2M.json|2023-T2M.json
2023,12,Bhakkar,Bhakkar District,12.6467,36.6184,30.1100,21,0,21,False,nasa_power_merra2,2023-PRECTOTCORR.json|2023-RH2M.json|2023-T2M.json
2023,12,Chakwal,Chakwal District,13.4332,51.3832,4.4100,3,3,0,False,nasa_power_merra2,2023-PRECTOTCORR.json|2023-RH2M.json|2023-T2M.json
2023,12,Dera Ghazi Khan,Dera Ghazi Khan District,15.7332,29.2148,0.0000,4,4,0,False,nasa_power_merra2,2023-PRECTOTCORR.json|2023-RH2M.json|2023-T2M.json
2023,12,Faisalabad,Faisalabad District,15.3584,45.0874,0.1100,2,2,0,False,nasa_power_merra2,2023-PRECTOTCORR.json|2023-RH2M.json|2023-T2M.json
2023,12,Gujranwala,Gujranwala District,13.8377,58.4152,0.4900,1,1,0,False,nasa_power_merra2,2023-PRECTOTCORR.json|2023-RH2M.json|2023-T2M.json
2023,12,Gujrat,Gujrat District,,,,0,0,0,True,nasa_power_merra2,
2023,12,Hafizabad,Hafizabad District,14.2565,54.1761,0.4100,1,1,0,False,nasa_power_merra2,2023-PRECTOTCORR.json|2023-RH2M.json|2023-T2M.json
2023,12,Jhang,Jhang District,11.8700,45.0064,20.4300,7,0,7,False,nasa_power_merra2,2023-PRECTOTCORR.json|2023-RH2M.json|2023-T2M.json
2023,12,Jhelum,Jhelum District,14.9003,50.4242,1.4700,1,1,0,False,nasa_power_merra2,2023-PRECTOTCORR.json|2023-RH2M.json|2023-T2M.json
2023,12,Kasur,Kasur District,14.8589,50.1094,0.0600,2,2,0,False,nasa_power_merra2,2023-PRECTOTCORR.json|2023-RH2M.json|2023-T2M.json
2023,12,Khanewal,Khanewal District,16.5445,37.4448,0.0000,1,1,0,False,nasa_power_merra2,2023-PRECTOTCORR.json|2023-RH2M.json|2023-T2M.json
2023,12,Khushab,Khushab District,14.5984,45.1754,1.7100,3,3,0,False,nasa_power_merra2,2023-PRECTOTCORR.json|2023-RH2M.json|2023-T2M.json
2023,12,Lahore,Lahore District,14.2039,55.2403,0.1700,1,1,0,False,nasa_power_merra2,2023-PRECTOTCORR.json|2023-RH2M.json|2023-T2M.json
2023,12,Layyah,Layyah District,13.5928,31.2380,0.0000,3,0,3,False,nasa_power_merra2,2023-PRECTOTCORR.json|2023-RH2M.json|2023-T2M.json
2023,12,Lodhran,Lodhran District,,,,0,0,0,True,nasa_power_merra2,
2023,12,Mandi Bahauddin,Mandi Bahauddin District,14.1239,56.7194,0.7800,1,1,0,False,nasa_power_merra2,2023-PRECTOTCORR.json|2023-RH2M.json|2023-T2M.json
2023,12,Mianwali,Mianwali District,,,,0,0,0,True,nasa_power_merra2,
2023,12,Multan,Multan District,17.0261,34.0200,0.0100,1,1,0,False,nasa_power_merra2,2023-PRECTOTCORR.json|2023-RH2M.json|2023-T2M.json
2023,12,Muzaffargarh,Muzaffargarh District,17.1655,35.9294,0.0200,6,0,6,False,nasa_power_merra2,2023-PRECTOTCORR.json|2023-RH2M.json|2023-T2M.json
2023,12,Narowal,Narowal District,,,,0,0,0,True,nasa_power_merra2,
2023,12,Okara,Okara District,14.2738,46.5323,17.9700,29,0,29,False,nasa_power_merra2,2023-PRECTOTCORR.json|2023-RH2M.json|2023-T2M.json
2023,12,Pakpattan,Pakpattan District,,,,0,0,0,True,nasa_power_merra2,
2023,12,Rahim Yar Khan,Rahim Yar Khan District,17.8305,32.6785,0.3400,5,5,0,False,nasa_power_merra2,2023-PRECTOTCORR.json|2023-RH2M.json|2023-T2M.json
2023,12,Rajanpur,Rajanpur District,17.1192,28.7448,0.1100,3,3,0,False,nasa_power_merra2,2023-PRECTOTCORR.json|2023-RH2M.json|2023-T2M.json
2023,12,Rawalpindi,Rawalpindi District,13.4810,51.6571,2.2100,1,1,0,False,nasa_power_merra2,2023-PRECTOTCORR.json|2023-RH2M.json|2023-T2M.json
2023,12,Sahiwal,Sahiwal District,16.1760,39.0310,0.0000,2,2,0,False,nasa_power_merra2,2023-PRECTOTCORR.json|2023-RH2M.json|2023-T2M.json
2023,12,Sargodha,Sargodha District,14.7867,48.0608,1.3400,3,3,0,False,nasa_power_merra2,2023-PRECTOTCORR.json|2023-RH2M.json|2023-T2M.json
2023,12,Sheikhupura,Sheikhupura District,,,,0,0,0,True,nasa_power_merra2,
2023,12,Sialkot,Sialkot District,14.3429,56.2265,0.9500,1,1,0,False,nasa_power_merra2,2023-PRECTOTCORR.json|2023-RH2M.json|2023-T2M.json
2023,12,Toba Tek Singh,Toba Tek Singh District,15.9235,41.2619,0.0200,1,1,0,False,nasa_power_merra2,2023-PRECTOTCORR.json|2023-RH2M.json|2023-T2M.json
2023,12,Vehari,Vehari District,16.6773,35.9148,0.0000,2,2,0,False,nasa_power_merra2,2023-PRECTOTCORR.json|2023-RH2M.json|2023-T2M.json
2024,1,Attock,Attock District,11.3135,55.1574,32.2400,1,1,0,False,nasa_power_merra2,2024-PRECTOTCORR.json|2024-RH2M.json|2024-T2M.json
2024,1,Bahawalnagar,Bahawalnagar District,14.1445,38.8316,0.1700,3,3,0,False,nasa_power_merra2,2024-PRECTOTCORR.json|2024-RH2M.json|2024-T2M.json
2024,1,Bahawalpur,Bahawalpur District,14.9122,38.3433,3.3300,8,8,0,False,nasa_power_merra2,2024-PRECTOTCORR.json|2024-RH2M.json|2024-T2M.json
2024,1,Bhakkar,Bhakkar District,10.3074,43.0640,501.2900,21,0,21,False,nasa_power_merra2,2024-PRECTOTCORR.json|2024-RH2M.json|2024-T2M.json
2024,1,Chakwal,Chakwal District,11.6884,51.2427,64.8700,3,3,0,False,nasa_power_merra2,2024-PRECTOTCORR.json|2024-RH2M.json|2024-T2M.json
2024,1,Dera Ghazi Khan,Dera Ghazi Khan District,13.4587,36.7929,5.1500,4,4,0,False,nasa_power_merra2,2024-PRECTOTCORR.json|2024-RH2M.json|2024-T2M.json
2024,1,Faisalabad,Faisalabad District,13.3016,42.2592,9.0500,2,2,0,False,nasa_power_merra2,2024-PRECTOTCORR.json|2024-RH2M.json|2024-T2M.json
2024,1,Gujranwala,Gujranwala District,11.8939,55.9694,6.4000,1,1,0,False,nasa_power_merra2,2024-PRECTOTCORR.json|2024-RH2M.json|2024-T2M.json
2024,1,Gujrat,Gujrat District,,,,0,0,0,True,nasa_power_merra2,
2024,1,Hafizabad,Hafizabad District,12.2739,51.9710,9.1700,1,1,0,False,nasa_power_merra2,2024-PRECTOTCORR.json|2024-RH2M.json|2024-T2M.json
2024,1,Jhang,Jhang District,9.8784,47.7028,137.9800,7,0,7,False,nasa_power_merra2,2024-PRECTOTCORR.json|2024-RH2M.json|2024-T2M.json
2024,1,Jhelum,Jhelum District,12.8529,51.7158,18.1800,1,1,0,False,nasa_power_merra2,2024-PRECTOTCORR.json|2024-RH2M.json|2024-T2M.json
2024,1,Kasur,Kasur District,12.8826,46.5842,11.3300,2,2,0,False,nasa_power_merra2,2024-PRECTOTCORR.json|2024-RH2M.json|2024-T2M.json
2024,1,Khanewal,Khanewal District,14.0481,39.2787,0.0500,1,1,0,False,nasa_power_merra2,2024-PRECTOTCORR.json|2024-RH2M.json|2024-T2M.json
2024,1,Khushab,Khushab District,12.2813,46.3434,26.8300,3,3,0,False,nasa_power_merra2,2024-PRECTOTCORR.json|2024-RH2M.json|2024-T2M.json
2024,1,Lahore,Lahore District,12.2503,52.1981,6.5600,1,1,0,False,nasa_power_merra2,2024-PRECTOTCORR.json|2024-RH2M.json|2024-T2M.json
2024,1,Layyah,Layyah District,11.4214,39.1873,2.9900,3,0,3,False,nasa_power_merra2,2024-PRECTOTCORR.json|2024-RH2M.json|2024-T2M.json
2024,1,Lodhran,Lodhran District,,,,0,0,0,True,nasa_power_merra2,
2024,1,Mandi Bahauddin,Mandi Bahauddin District,12.3242,55.4132,11.4800,1,1,0,False,nasa_power_merra2,2024-PRECTOTCORR.json|2024-RH2M.json|2024-T2M.json
2024,1,Mianwali,Mianwali District,,,,0,0,0,True,nasa_power_merra2,
2024,1,Multan,Multan District,14.9029,37.6806,0.6300,1,1,0,False,nasa_power_merra2,2024-PRECTOTCORR.json|2024-RH2M.json|2024-T2M.json
2024,1,Muzaffargarh,Muzaffargarh District,14.4225,39.5789,1.4400,6,0,6,False,nasa_power_merra2,2024-PRECTOTCORR.json|2024-RH2M.json|2024-T2M.json
2024,1,Narowal,Narowal District,,,,0,0,0,True,nasa_power_merra2,
2024,1,Okara,Okara District,11.8060,46.5577,198.4600,29,0,29,False,nasa_power_merra2,2024-PRECTOTCORR.json|2024-RH2M.json|2024-T2M.json
2024,1,Pakpattan,Pakpattan District,,,,0,0,0,True,nasa_power_merra2,
2024,1,Rahim Yar Khan,Rahim Yar Khan District,16.0702,36.1467,8.9300,5,5,0,False,nasa_power_merra2,2024-PRECTOTCORR.json|2024-RH2M.json|2024-T2M.json
2024,1,Rajanpur,Rajanpur District,15.0657,35.4269,7.1600,3,3,0,False,nasa_power_merra2,2024-PRECTOTCORR.json|2024-RH2M.json|2024-T2M.json
2024,1,Rawalpindi,Rawalpindi District,11.8584,53.0187,32.2500,1,1,0,False,nasa_power_merra2,2024-PRECTOTCORR.json|2024-RH2M.json|2024-T2M.json
2024,1,Sahiwal,Sahiwal District,13.9290,38.2145,1.9000,2,2,0,False,nasa_power_merra2,2024-PRECTOTCORR.json|2024-RH2M.json|2024-T2M.json
2024,1,Sargodha,Sargodha District,12.7451,46.8613,34.9700,3,3,0,False,nasa_power_merra2,2024-PRECTOTCORR.json|2024-RH2M.json|2024-T2M.json
2024,1,Sheikhupura,Sheikhupura District,,,,0,0,0,True,nasa_power_merra2,
2024,1,Sialkot,Sialkot District,12.3523,55.4119,9.7700,1,1,0,False,nasa_power_merra2,2024-PRECTOTCORR.json|2024-RH2M.json|2024-T2M.json
2024,1,Toba Tek Singh,Toba Tek Singh District,13.7910,38.8723,1.8700,1,1,0,False,nasa_power_merra2,2024-PRECTOTCORR.json|2024-RH2M.json|2024-T2M.json
2024,1,Vehari,Vehari District,14.2844,37.6179,0.4200,2,2,0,False,nasa_power_merra2,2024-PRECTOTCORR.json|2024-RH2M.json|2024-T2M.json
2024,2,Attock,Attock District,11.9738,53.0390,44.9300,1,1,0,False,nasa_power_merra2,2024-PRECTOTCORR.json|2024-RH2M.json|2024-T2M.json
2024,2,Bahawalnagar,Bahawalnagar District,16.9208,33.3292,12.5400,3,3,0,False,nasa_power_merra2,2024-PRECTOTCORR.json|2024-RH2M.json|2024-T2M.json
2024,2,Bahawalpur,Bahawalpur District,17.7064,31.7818,68.8200,8,8,0,False,nasa_power_merra2,2024-PRECTOTCORR.json|2024-RH2M.json|2024-T2M.json
2024,2,Bhakkar,Bhakkar District,10.4492,47.2747,1048.0400,21,0,21,False,nasa_power_merra2,2024-PRECTOTCORR.json|2024-RH2M.json|2024-T2M.json
2024,2,Chakwal,Chakwal District,12.5024,50.9389,98.6600,3,3,0,False,nasa_power_merra2,2024-PRECTOTCORR.json|2024-RH2M.json|2024-T2M.json
2024,2,Dera Ghazi Khan,Dera Ghazi Khan District,14.9304,34.6758,49.9500,4,4,0,False,nasa_power_merra2,2024-PRECTOTCORR.json|2024-RH2M.json|2024-T2M.json
2024,2,Faisalabad,Faisalabad District,15.3303,39.7988,16.0900,2,2,0,False,nasa_power_merra2,2024-PRECTOTCORR.json|2024-RH2M.json|2024-T2M.json
2024,2,Gujranwala,Gujranwala District,13.9597,53.4441,37.0400,1,1,0,False,nasa_power_merra2,2024-PRECTOTCORR.json|2024-RH2M.json|2024-T2M.json
2024,2,Gujrat,Gujrat District,,,,0,0,0,True,nasa_power_merra2,
2024,2,Hafizabad,Hafizabad District,14.0634,50.7110,25.7000,1,1,0,False,nasa_power_merra2,2024-PRECTOTCORR.json|2024-RH2M.json|2024-T2M.json
2024,2,Jhang,Jhang District,9.6869,50.6154,461.9600,7,0,7,False,nasa_power_merra2,2024-PRECTOTCORR.json|2024-RH2M.json|2024-T2M.json
2024,2,Jhelum,Jhelum District,13.6717,50.9348,61.9400,1,1,0,False,nasa_power_merra2,2024-PRECTOTCORR.json|2024-RH2M.json|2024-T2M.json
2024,2,Kasur,Kasur District,15.0967,43.4360,25.0900,2,2,0,False,nasa_power_merra2,2024-PRECTOTCORR.json|2024-RH2M.json|2024-T2M.json
2024,2,Khanewal,Khanewal District,16.3483,36.4762,6.1200,1,1,0,False,nasa_power_merra2,2024-PRECTOTCORR.json|2024-RH2M.json|2024-T2M.json
2024,2,Khushab,Khushab District,13.7154,44.8999,48.9300,3,3,0,False,nasa_power_merra2,2024-PRECTOTCORR.json|2024-RH2M.json|2024-T2M.json
2024,2,Lahore,Lahore District,14.3562,49.4155,23.4800,1,1,0,False,nasa_power_merra2,2024-PRECTOTCORR.json|2024-RH2M.json|2024-T2M.json
2024,2,Layyah,Layyah District,12.4799,36.3544,41.7700,3,0,3,False,nasa_power_merra2,2024-PRECTOTCORR.json|2024-RH2M.json|2024-T2M.json
2024,2,Lodhran,Lodhran District,,,,0,0,0,True,nasa_power_merra2,
2024,2,Mandi Bahauddin,Mandi Bahauddin District,13.9328,52.7252,39.9400,1,1,0,False,nasa_power_merra2,2024-PRECTOTCORR.json|2024-RH2M.json|2024-T2M.json
2024,2,Mianwali,Mianwali District,,,,0,0,0,True,nasa_power_merra2,
2024,2,Multan,Multan District,17.1852,34.4231,9.1400,1,1,0,False,nasa_power_merra2,2024-PRECTOTCORR.json|2024-RH2M.json|2024-T2M.json
2024,2,Muzaffargarh,Muzaffargarh District,17.3710,33.2446,33.8000,6,0,6,False,nasa_power_merra2,2024-PRECTOTCORR.json|2024-RH2M.json|2024-T2M.json
2024,2,Narowal,Narowal District,,,,0,0,0,True,nasa_power_merra2,
2024,2,Okara,Okara District,13.8953,44.0330,1005.0500,29,0,29,False,nasa_power_merra2,2024-PRECTOTCORR.json|2024-RH2M.json|2024-T2M.json
2024,2,Pakpattan,Pakpattan District,,,,0,0,0,True,nasa_power_merra2,
2024,2,Rahim Yar Khan,Rahim Yar Khan District,18.2070,32.2648,78.3700,5,5,0,False,nasa_power_merra2,2024-PRECTOTCORR.json|2024-RH2M.json|2024-T2M.json
2024,2,Rajanpur,Rajanpur District,16.7229,33.8754,45.4200,3,3,0,False,nasa_power_merra2,2024-PRECTOTCORR.json|2024-RH2M.json|2024-T2M.json
2024,2,Rawalpindi,Rawalpindi District,11.9466,52.3928,53.7300,1,1,0,False,nasa_power_merra2,2024-PRECTOTCORR.json|2024-RH2M.json|2024-T2M.json
2024,2,Sahiwal,Sahiwal District,16.2210,34.9733,9.7600,2,2,0,False,nasa_power_merra2,2024-PRECTOTCORR.json|2024-RH2M.json|2024-T2M.json
2024,2,Sargodha,Sargodha District,14.2221,45.7495,49.7500,3,3,0,False,nasa_power_merra2,2024-PRECTOTCORR.json|2024-RH2M.json|2024-T2M.json
2024,2,Sheikhupura,Sheikhupura District,,,,0,0,0,True,nasa_power_merra2,
2024,2,Sialkot,Sialkot District,14.1807,53.0824,60.4600,1,1,0,False,nasa_power_merra2,2024-PRECTOTCORR.json|2024-RH2M.json|2024-T2M.json
2024,2,Toba Tek Singh,Toba Tek Singh District,15.7797,36.6297,6.8700,1,1,0,False,nasa_power_merra2,2024-PRECTOTCORR.json|2024-RH2M.json|2024-T2M.json
2024,2,Vehari,Vehari District,16.6366,33.7867,11.0500,2,2,0,False,nasa_power_merra2,2024-PRECTOTCORR.json|2024-RH2M.json|2024-T2M.json
2024,3,Attock,Attock District,16.9058,60.6326,131.0200,1,1,0,False,nasa_power_merra2,2024-PRECTOTCORR.json|2024-RH2M.json|2024-T2M.json
2024,3,Bahawalnagar,Bahawalnagar District,23.3784,28.5917,12.9200,3,3,0,False,nasa_power_merra2,2024-PRECTOTCORR.json|2024-RH2M.json|2024-T2M.json
2024,3,Bahawalpur,Bahawalpur District,24.0943,28.4830,21.7100,8,8,0,False,nasa_power_merra2,2024-PRECTOTCORR.json|2024-RH2M.json|2024-T2M.json
2024,3,Bhakkar,Bhakkar District,15.4419,53.6337,1955.2900,21,0,21,False,nasa_power_merra2,2024-PRECTOTCORR.json|2024-RH2M.json|2024-T2M.json
2024,3,Chakwal,Chakwal District,17.8270,55.5328,269.9700,3,3,0,False,nasa_power_merra2,2024-PRECTOTCORR.json|2024-RH2M.json|2024-T2M.json
2024,3,Dera Ghazi Khan,Dera Ghazi Khan District,19.8709,41.7423,154.2000,4,4,0,False,nasa_power_merra2,2024-PRECTOTCORR.json|2024-RH2M.json|2024-T2M.json
2024,3,Faisalabad,Faisalabad District,21.4355,38.3161,80.2300,2,2,0,False,nasa_power_merra2,2024-PRECTOTCORR.json|2024-RH2M.json|2024-T2M.json
2024,3,Gujranwala,Gujranwala District,19.9013,51.0039,79.9900,1,1,0,False,nasa_power_merra2,2024-PRECTOTCORR.json|2024-RH2M.json|2024-T2M.json
2024,3,Gujrat,Gujrat District,,,,0,0,0,True,nasa_power_merra2,
2024,3,Hafizabad,Hafizabad District,20.1132,48.9806,76.1700,1,1,0,False,nasa_power_merra2,2024-PRECTOTCORR.json|2024-RH2M.json|2024-T2M.json
2024,3,Jhang,Jhang District,15.3735,53.9889,855.5700,7,0,7,False,nasa_power_merra2,2024-PRECTOTCORR.json|2024-RH2M.json|2024-T2M.json
2024,3,Jhelum,Jhelum District,18.8355,55.1706,109.3600,1,1,0,False,nasa_power_merra2,2024-PRECTOTCORR.json|2024-RH2M.json|2024-T2M.json
2024,3,Kasur,Kasur District,21.2318,39.3745,87.9500,2,2,0,False,nasa_power_merra2,2024-PRECTOTCORR.json|2024-RH2M.json|2024-T2M.json
2024,3,Khanewal,Khanewal District,22.3016,37.1145,18.3000,1,1,0,False,nasa_power_merra2,2024-PRECTOTCORR.json|2024-RH2M.json|2024-T2M.json
2024,3,Khushab,Khushab District,19.3974,47.7660,182.6100,3,3,0,False,nasa_power_merra2,2024-PRECTOTCORR.json|2024-RH2M.json|2024-T2M.json
2024,3,Lahore,Lahore District,20.4935,45.2761,64.2500,1,1,0,False,nasa_power_merra2,2024-PRECTOTCORR.json|2024-RH2M.json|2024-T2M.json
2024,3,Layyah,Layyah District,17.1790,45.0253,140.3300,3,0,3,False,nasa_power_merra2,2024-PRECTOTCORR.json|2024-RH2M.json|2024-T2M.json
2024,3,Lodhran,Lodhran District,,,,0,0,0,True,nasa_power_merra2,
2024,3,Mandi Bahauddin,Mandi Bahauddin District,19.5839,53.4881,88.2800,1,1,0,False,nasa_power_merra2,2024-PRECTOTCORR.json|2024-RH2M.json|2024-T2M.json
2024,3,Mianwali,Mianwali District,,,,0,0,0,True,nasa_power_merra2,
2024,3,Multan,Multan District,23.2371,34.4174,9.5500,1,1,0,False,nasa_power_merra2,2024-PRECTOTCORR.json|2024-RH2M.json|2024-T2M.json
2024,3,Muzaffargarh,Muzaffargarh District,23.6231,29.6891,47.4800,6,0,6,False,nasa_power_merra2,2024-PRECTOTCORR.json|2024-RH2M.json|2024-T2M.json
2024,3,Narowal,Narowal District,,,,0,0,0,True,nasa_power_merra2,
2024,3,Okara,Okara District,19.9865,39.8714,1499.6700,29,0,29,False,nasa_power_merra2,2024-PRECTOTCORR.json|2024-RH2M.json|2024-T2M.json
2024,3,Pakpattan,Pakpattan District,,,,0,0,0,True,nasa_power_merra2,
2024,3,Rahim Yar Khan,Rahim Yar Khan District,24.0736,31.9843,36.5000,5,5,0,False,nasa_power_merra2,2024-PRECTOTCORR.json|2024-RH2M.json|2024-T2M.json
2024,3,Rajanpur,Rajanpur District,21.9260,38.3913,73.0800,3,3,0,False,nasa_power_merra2,2024-PRECTOTCORR.json|2024-RH2M.json|2024-T2M.json
2024,3,Rawalpindi,Rawalpindi District,16.7313,60.4842,141.3000,1,1,0,False,nasa_power_merra2,2024-PRECTOTCORR.json|2024-RH2M.json|2024-T2M.json
2024,3,Sahiwal,Sahiwal District,22.3261,33.3018,32.8100,2,2,0,False,nasa_power_merra2,2024-PRECTOTCORR.json|2024-RH2M.json|2024-T2M.json
2024,3,Sargodha,Sargodha District,20.2070,46.2591,195.1500,3,3,0,False,nasa_power_merra2,2024-PRECTOTCORR.json|2024-RH2M.json|2024-T2M.json
2024,3,Sheikhupura,Sheikhupura District,,,,0,0,0,True,nasa_power_merra2,
2024,3,Sialkot,Sialkot District,19.7058,53.8458,101.1200,1,1,0,False,nasa_power_merra2,2024-PRECTOTCORR.json|2024-RH2M.json|2024-T2M.json
2024,3,Toba Tek Singh,Toba Tek Singh District,21.8197,36.5090,30.5700,1,1,0,False,nasa_power_merra2,2024-PRECTOTCORR.json|2024-RH2M.json|2024-T2M.json
2024,3,Vehari,Vehari District,22.9971,31.8440,16.8300,2,2,0,False,nasa_power_merra2,2024-PRECTOTCORR.json|2024-RH2M.json|2024-T2M.json
2024,4,Attock,Attock District,21.7660,59.9457,117.4200,1,1,0,False,nasa_power_merra2,2024-PRECTOTCORR.json|2024-RH2M.json|2024-T2M.json
2024,4,Bahawalnagar,Bahawalnagar District,29.2899,28.2363,43.6200,3,3,0,False,nasa_power_merra2,2024-PRECTOTCORR.json|2024-RH2M.json|2024-T2M.json
2024,4,Bahawalpur,Bahawalpur District,29.7895,27.7664,156.9100,8,8,0,False,nasa_power_merra2,2024-PRECTOTCORR.json|2024-RH2M.json|2024-T2M.json
2024,4,Bhakkar,Bhakkar District,20.0577,52.8680,2523.3900,21,0,21,False,nasa_power_merra2,2024-PRECTOTCORR.json|2024-RH2M.json|2024-T2M.json
2024,4,Chakwal,Chakwal District,22.8663,54.3354,270.2200,3,3,0,False,nasa_power_merra2,2024-PRECTOTCORR.json|2024-RH2M.json|2024-T2M.json
2024,4,Dera Ghazi Khan,Dera Ghazi Khan District,24.9086,38.2646,247.9100,4,4,0,False,nasa_power_merra2,2024-PRECTOTCORR.json|2024-RH2M.json|2024-T2M.json
2024,4,Faisalabad,Faisalabad District,27.0332,38.1715,69.0900,2,2,0,False,nasa_power_merra2,2024-PRECTOTCORR.json|2024-RH2M.json|2024-T2M.json
2024,4,Gujranwala,Gujranwala District,25.8870,46.4683,67.2900,1,1,0,False,nasa_power_merra2,2024-PRECTOTCORR.json|2024-RH2M.json|2024-T2M.json
2024,4,Gujrat,Gujrat District,,,,0,0,0,True,nasa_power_merra2,
2024,4,Hafizabad,Hafizabad District,25.9263,45.8660,60.1400,1,1,0,False,nasa_power_merra2,2024-PRECTOTCORR.json|2024-RH2M.json|2024-T2M.json
2024,4,Jhang,Jhang District,20.1330,54.0910,888.5200,7,0,7,False,nasa_power_merra2,2024-PRECTOTCORR.json|2024-RH2M.json|2024-T2M.json
2024,4,Jhelum,Jhelum District,24.0060,52.4307,121.8700,1,1,0,False,nasa_power_merra2,2024-PRECTOTCORR.json|2024-RH2M.json|2024-T2M.json
2024,4,Kasur,Kasur District,27.5470,36.4783,37.9500,2,2,0,False,nasa_power_merra2,2024-PRECTOTCORR.json|2024-RH2M.json|2024-T2M.json
2024,4,Khanewal,Khanewal District,27.6460,37.0070,36.5000,1,1,0,False,nasa_power_merra2,2024-PRECTOTCORR.json|2024-RH2M.json|2024-T2M.json
2024,4,Khushab,Khushab District,24.3916,46.9018,206.7300,3,3,0,False,nasa_power_merra2,2024-PRECTOTCORR.json|2024-RH2M.json|2024-T2M.json
2024,4,Lahore,Lahore District,26.8207,40.6227,33.9300,1,1,0,False,nasa_power_merra2,2024-PRECTOTCORR.json|2024-RH2M.json|2024-T2M.json
2024,4,Layyah,Layyah District,22.1221,42.2868,235.9400,3,0,3,False,nasa_power_merra2,2024-PRECTOTCORR.json|2024-RH2M.json|2024-T2M.json
2024,4,Lodhran,Lodhran District,,,,0,0,0,True,nasa_power_merra2,
2024,4,Mandi Bahauddin,Mandi Bahauddin District,25.1347,50.3030,90.6400,1,1,0,False,nasa_power_merra2,2024-PRECTOTCORR.json|2024-RH2M.json|2024-T2M.json
2024,4,Mianwali,Mianwali District,,,,0,0,0,True,nasa_power_merra2,
2024,4,Multan,Multan District,28.5447,33.3090,31.6500,1,1,0,False,nasa_power_merra2,2024-PRECTOTCORR.json|2024-RH2M.json|2024-T2M.json
2024,4,Muzaffargarh,Muzaffargarh District,29.3185,30.0014,160.4900,6,0,6,False,nasa_power_merra2,2024-PRECTOTCORR.json|2024-RH2M.json|2024-T2M.json
2024,4,Narowal,Narowal District,,,,0,0,0,True,nasa_power_merra2,
2024,4,Okara,Okara District,26.0939,37.1840,1546.9300,29,0,29,False,nasa_power_merra2,2024-PRECTOTCORR.json|2024-RH2M.json|2024-T2M.json
2024,4,Pakpattan,Pakpattan District,,,,0,0,0,True,nasa_power_merra2,
2024,4,Rahim Yar Khan,Rahim Yar Khan District,29.6949,27.9505,105.6600,5,5,0,False,nasa_power_merra2,2024-PRECTOTCORR.json|2024-RH2M.json|2024-T2M.json
2024,4,Rajanpur,Rajanpur District,27.2278,33.0098,131.6000,3,3,0,False,nasa_power_merra2,2024-PRECTOTCORR.json|2024-RH2M.json|2024-T2M.json
2024,4,Rawalpindi,Rawalpindi District,21.6733,58.6730,128.8600,1,1,0,False,nasa_power_merra2,2024-PRECTOTCORR.json|2024-RH2M.json|2024-T2M.json
2024,4,Sahiwal,Sahiwal District,28.1862,32.4382,39.7100,2,2,0,False,nasa_power_merra2,2024-PRECTOTCORR.json|2024-RH2M.json|2024-T2M.json
2024,4,Sargodha,Sargodha District,25.5747,45.2968,201.8300,3,3,0,False,nasa_power_merra2,2024-PRECTOTCORR.json|2024-RH2M.json|2024-T2M.json
2024,4,Sheikhupura,Sheikhupura District,,,,0,0,0,True,nasa_power_merra2,
2024,4,Sialkot,Sialkot District,25.2043,50.1917,119.5700,1,1,0,False,nasa_power_merra2,2024-PRECTOTCORR.json|2024-RH2M.json|2024-T2M.json
2024,4,Toba Tek Singh,Toba Tek Singh District,27.2253,36.6120,32.6600,1,1,0,False,nasa_power_merra2,2024-PRECTOTCORR.json|2024-RH2M.json|2024-T2M.json
2024,4,Vehari,Vehari District,28.5295,31.8222,44.8600,2,2,0,False,nasa_power_merra2,2024-PRECTOTCORR.json|2024-RH2M.json|2024-T2M.json
2024,5,Attock,Attock District,28.9603,45.2584,24.5000,1,1,0,False,nasa_power_merra2,2024-PRECTOTCORR.json|2024-RH2M.json|2024-T2M.json
2024,5,Bahawalnagar,Bahawalnagar District,36.8730,17.3056,9.0800,3,3,0,False,nasa_power_merra2,2024-PRECTOTCORR.json|2024-RH2M.json|2024-T2M.json
2024,5,Bahawalpur,Bahawalpur District,37.1683,17.6626,14.9400,8,8,0,False,nasa_power_merra2,2024-PRECTOTCORR.json|2024-RH2M.json|2024-T2M.json
2024,5,Bhakkar,Bhakkar District,27.8588,38.1695,299.5000,21,0,21,False,nasa_power_merra2,2024-PRECTOTCORR.json|2024-RH2M.json|2024-T2M.json
2024,5,Chakwal,Chakwal District,30.3739,38.4890,43.4000,3,3,0,False,nasa_power_merra2,2024-PRECTOTCORR.json|2024-RH2M.json|2024-T2M.json
2024,5,Dera Ghazi Khan,Dera Ghazi Khan District,33.4046,22.9773,9.7700,4,4,0,False,nasa_power_merra2,2024-PRECTOTCORR.json|2024-RH2M.json|2024-T2M.json
2024,5,Faisalabad,Faisalabad District,35.4300,21.9340,5.3700,2,2,0,False,nasa_power_merra2,2024-PRECTOTCORR.json|2024-RH2M.json|2024-T2M.json
2024,5,Gujranwala,Gujranwala District,33.5881,30.1058,5.0000,1,1,0,False,nasa_power_merra2,2024-PRECTOTCORR.json|2024-RH2M.json|2024-T2M.json
2024,5,Gujrat,Gujrat District,,,,0,0,0,True,nasa_power_merra2,
2024,5,Hafizabad,Hafizabad District,33.8800,29.1281,4.4100,1,1,0,False,nasa_power_merra2,2024-PRECTOTCORR.json|2024-RH2M.json|2024-T2M.json
2024,5,Jhang,Jhang District,27.7959,39.2266,131.2500,7,0,7,False,nasa_power_merra2,2024-PRECTOTCORR.json|2024-RH2M.json|2024-T2M.json
2024,5,Jhelum,Jhelum District,31.3800,37.7900,11.7000,1,1,0,False,nasa_power_merra2,2024-PRECTOTCORR.json|2024-RH2M.json|2024-T2M.json
2024,5,Kasur,Kasur District,35.6424,21.1294,7.3200,2,2,0,False,nasa_power_merra2,2024-PRECTOTCORR.json|2024-RH2M.json|2024-T2M.json
2024,5,Khanewal,Khanewal District,36.1639,20.4977,0.5400,1,1,0,False,nasa_power_merra2,2024-PRECTOTCORR.json|2024-RH2M.json|2024-T2M.json
2024,5,Khushab,Khushab District,32.7977,29.2820,19.1300,3,3,0,False,nasa_power_merra2,2024-PRECTOTCORR.json|2024-RH2M.json|2024-T2M.json
2024,5,Lahore,Lahore District,34.7629,24.5010,4.1800,1,1,0,False,nasa_power_merra2,2024-PRECTOTCORR.json|2024-RH2M.json|2024-T2M.json
2024,5,Layyah,Layyah District,30.1771,27.6819,12.2700,3,0,3,False,nasa_power_merra2,2024-PRECTOTCORR.json|2024-RH2M.json|2024-T2M.json
2024,5,Lodhran,Lodhran District,,,,0,0,0,True,nasa_power_merra2,
2024,5,Mandi Bahauddin,Mandi Bahauddin District,32.7565,34.3971,6.0300,1,1,0,False,nasa_power_merra2,2024-PRECTOTCORR.json|2024-RH2M.json|2024-T2M.json
2024,5,Mianwali,Mianwali District,,,,0,0,0,True,nasa_power_merra2,
2024,5,Multan,Multan District,36.8748,18.4665,0.2700,1,1,0,False,nasa_power_merra2,2024-PRECTOTCORR.json|2024-RH2M.json|2024-T2M.json
2024,5,Muzaffargarh,Muzaffargarh District,36.6337,19.0310,40.6200,6,0,6,False,nasa_power_merra2,2024-PRECTOTCORR.json|2024-RH2M.json|2024-T2M.json
2024,5,Narowal,Narowal District,,,,0,0,0,True,nasa_power_merra2,
2024,5,Okara,Okara District,33.1952,25.8806,238.1600,29,0,29,False,nasa_power_merra2,2024-PRECTOTCORR.json|2024-RH2M.json|2024-T2M.json
2024,5,Pakpattan,Pakpattan District,,,,0,0,0,True,nasa_power_merra2,
2024,5,Rahim Yar Khan,Rahim Yar Khan District,37.3163,18.1615,0.9400,5,5,0,False,nasa_power_merra2,2024-PRECTOTCORR.json|2024-RH2M.json|2024-T2M.json
2024,5,Rajanpur,Rajanpur District,35.6830,18.9633,3.0500,3,3,0,False,nasa_power_merra2,2024-PRECTOTCORR.json|2024-RH2M.json|2024-T2M.json
2024,5,Rawalpindi,Rawalpindi District,28.8187,44.3119,24.9300,1,1,0,False,nasa_power_merra2,2024-PRECTOTCORR.json|2024-RH2M.json|2024-T2M.json
2024,5,Sahiwal,Sahiwal District,36.3602,18.5189,2.4400,2,2,0,False,nasa_power_merra2,2024-PRECTOTCORR.json|2024-RH2M.json|2024-T2M.json
2024,5,Sargodha,Sargodha District,33.6574,28.8180,15.8500,3,3,0,False,nasa_power_merra2,2024-PRECTOTCORR.json|2024-RH2M.json|2024-T2M.json
2024,5,Sheikhupura,Sheikhupura District,,,,0,0,0,True,nasa_power_merra2,
2024,5,Sialkot,Sialkot District,32.5194,35.2416,7.5900,1,1,0,False,nasa_power_merra2,2024-PRECTOTCORR.json|2024-RH2M.json|2024-T2M.json
2024,5,Toba Tek Singh,Toba Tek Singh District,35.8042,20.4077,1.7000,1,1,0,False,nasa_power_merra2,2024-PRECTOTCORR.json|2024-RH2M.json|2024-T2M.json
2024,5,Vehari,Vehari District,36.6902,17.9213,1.1600,2,2,0,False,nasa_power_merra2,2024-PRECTOTCORR.json|2024-RH2M.json|2024-T2M.json
2024,6,Attock,Attock District,34.9577,28.7653,31.8800,1,1,0,False,nasa_power_merra2,2024-PRECTOTCORR.json|2024-RH2M.json|2024-T2M.json
2024,6,Bahawalnagar,Bahawalnagar District,38.1838,29.9411,85.6800,3,3,0,False,nasa_power_merra2,2024-PRECTOTCORR.json|2024-RH2M.json|2024-T2M.json
2024,6,Bahawalpur,Bahawalpur District,38.2966,30.8509,125.2900,8,8,0,False,nasa_power_merra2,2024-PRECTOTCORR.json|2024-RH2M.json|2024-T2M.json
2024,6,Bhakkar,Bhakkar District,32.4207,29.9161,640.1800,21,0,21,False,nasa_power_merra2,2024-PRECTOTCORR.json|2024-RH2M.json|2024-T2M.json
2024,6,Chakwal,Chakwal District,36.0820,25.3552,68.1600,3,3,0,False,nasa_power_merra2,2024-PRECTOTCORR.json|2024-RH2M.json|2024-T2M.json
2024,6,Dera Ghazi Khan,Dera Ghazi Khan District,36.7012,25.7301,88.0800,4,4,0,False,nasa_power_merra2,2024-PRECTOTCORR.json|2024-RH2M.json|2024-T2M.json
2024,6,Faisalabad,Faisalabad District,38.7928,24.7858,53.5400,2,2,0,False,nasa_power_merra2,2024-PRECTOTCORR.json|2024-RH2M.json|2024-T2M.json
2024,6,Gujranwala,Gujranwala District,38.1967,23.7970,30.6400,1,1,0,False,nasa_power_merra2,2024-PRECTOTCORR.json|2024-RH2M.json|2024-T2M.json
2024,6,Gujrat,Gujrat District,,,,0,0,0,True,nasa_power_merra2,
2024,6,Hafizabad,Hafizabad District,38.4573,23.5093,24.0600,1,1,0,False,nasa_power_merra2,2024-PRECTOTCORR.json|2024-RH2M.json|2024-T2M.json
2024,6,Jhang,Jhang District,31.7336,35.2725,267.7200,7,0,7,False,nasa_power_merra2,2024-PRECTOTCORR.json|2024-RH2M.json|2024-T2M.json
2024,6,Jhelum,Jhelum District,36.5710,26.3113,29.9800,1,1,0,False,nasa_power_merra2,2024-PRECTOTCORR.json|2024-RH2M.json|2024-T2M.json
2024,6,Kasur,Kasur District,38.4592,26.1142,75.9100,2,2,0,False,nasa_power_merra2,2024-PRECTOTCORR.json|2024-RH2M.json|2024-T2M.json
2024,6,Khanewal,Khanewal District,39.0763,26.1627,16.6200,1,1,0,False,nasa_power_merra2,2024-PRECTOTCORR.json|2024-RH2M.json|2024-T2M.json
2024,6,Khushab,Khushab District,37.3261,24.1601,47.1400,3,3,0,False,nasa_power_merra2,2024-PRECTOTCORR.json|2024-RH2M.json|2024-T2M.json
2024,6,Lahore,Lahore District,38.4443,24.2260,32.7800,1,1,0,False,nasa_power_merra2,2024-PRECTOTCORR.json|2024-RH2M.json|2024-T2M.json
2024,6,Layyah,Layyah District,33.9154,26.8062,79.1600,3,0,3,False,nasa_power_merra2,2024-PRECTOTCORR.json|2024-RH2M.json|2024-T2M.json
2024,6,Lodhran,Lodhran District,,,,0,0,0,True,nasa_power_merra2,
2024,6,Mandi Bahauddin,Mandi Bahauddin District,38.0560,24.1007,24.4100,1,1,0,False,nasa_power_merra2,2024-PRECTOTCORR.json|2024-RH2M.json|2024-T2M.json
2024,6,Mianwali,Mianwali District,,,,0,0,0,True,nasa_power_merra2,
2024,6,Multan,Multan District,39.1417,27.6230,9.4300,1,1,0,False,nasa_power_merra2,2024-PRECTOTCORR.json|2024-RH2M.json|2024-T2M.json
2024,6,Muzaffargarh,Muzaffargarh District,38.1597,29.9497,107.1700,6,0,6,False,nasa_power_merra2,2024-PRECTOTCORR.json|2024-RH2M.json|2024-T2M.json
2024,6,Narowal,Narowal District,,,,0,0,0,True,nasa_power_merra2,
2024,6,Okara,Okara District,35.3417,32.5554,1321.2700,29,0,29,False,nasa_power_merra2,2024-PRECTOTCORR.json|2024-RH2M.json|2024-T2M.json
2024,6,Pakpattan,Pakpattan District,,,,0,0,0,True,nasa_power_merra2,
2024,6,Rahim Yar Khan,Rahim Yar Khan District,38.5152,32.1987,69.9600,5,5,0,False,nasa_power_merra2,2024-PRECTOTCORR.json|2024-RH2M.json|2024-T2M.json
2024,6,Rajanpur,Rajanpur District,37.8063,28.5489,49.2600,3,3,0,False,nasa_power_merra2,2024-PRECTOTCORR.json|2024-RH2M.json|2024-T2M.json
2024,6,Rawalpindi,Rawalpindi District,34.5000,28.9413,36.8700,1,1,0,False,nasa_power_merra2,2024-PRECTOTCORR.json|2024-RH2M.json|2024-T2M.json
2024,6,Sahiwal,Sahiwal District,38.7533,26.7465,59.2200,2,2,0,False,nasa_power_merra2,2024-PRECTOTCORR.json|2024-RH2M.json|2024-T2M.json
2024,6,Sargodha,Sargodha District,38.3162,23.4863,57.4000,3,3,0,False,nasa_power_merra2,2024-PRECTOTCORR.json|2024-RH2M.json|2024-T2M.json
2024,6,Sheikhupura,Sheikhupura District,,,,0,0,0,True,nasa_power_merra2,
2024,6,Sialkot,Sialkot District,37.7020,24.3127,31.0100,1,1,0,False,nasa_power_merra2,2024-PRECTOTCORR.json|2024-RH2M.json|2024-T2M.json
2024,6,Toba Tek Singh,Toba Tek Singh District,38.9407,25.0040,24.5500,1,1,0,False,nasa_power_merra2,2024-PRECTOTCORR.json|2024-RH2M.json|2024-T2M.json
2024,6,Vehari,Vehari District,38.8550,27.5515,42.5500,2,2,0,False,nasa_power_merra2,2024-PRECTOTCORR.json|2024-RH2M.json|2024-T2M.json
2024,7,Attock,Attock District,33.2374,60.1294,611.0500,1,1,0,False,nasa_power_merra2,2024-PRECTOTCORR.json|2024-RH2M.json|2024-T2M.json
2024,7,Bahawalnagar,Bahawalnagar District,37.2156,47.3289,362.3300,3,3,0,False,nasa_power_merra2,2024-PRECTOTCORR.json|2024-RH2M.json|2024-T2M.json
2024,7,Bahawalpur,Bahawalpur District,37.7830,44.8098,809.8500,8,8,0,False,nasa_power_merra2,2024-PRECTOTCORR.json|2024-RH2M.json|2024-T2M.json
2024,7,Bhakkar,Bhakkar District,32.4403,50.9281,3863.8400,21,0,21,False,nasa_power_merra2,2024-PRECTOTCORR.json|2024-RH2M.json|2024-T2M.json
2024,7,Chakwal,Chakwal District,33.9595,57.7145,948.0800,3,3,0,False,nasa_power_merra2,2024-PRECTOTCORR.json|2024-RH2M.json|2024-T2M.json
2024,7,Dera Ghazi Khan,Dera Ghazi Khan District,35.5491,48.5935,514.8500,4,4,0,False,nasa_power_merra2,2024-PRECTOTCORR.json|2024-RH2M.json|2024-T2M.json
2024,7,Faisalabad,Faisalabad District,36.6798,48.5510,342.0700,2,2,0,False,nasa_power_merra2,2024-PRECTOTCORR.json|2024-RH2M.json|2024-T2M.json
2024,7,Gujranwala,Gujranwala District,34.2900,60.1613,293.0000,1,1,0,False,nasa_power_merra2,2024-PRECTOTCORR.json|2024-RH2M.json|2024-T2M.json
2024,7,Gujrat,Gujrat District,,,,0,0,0,True,nasa_power_merra2,
2024,7,Hafizabad,Hafizabad District,34.8248,57.6490,276.4000,1,1,0,False,nasa_power_merra2,2024-PRECTOTCORR.json|2024-RH2M.json|2024-T2M.json
2024,7,Jhang,Jhang District,31.0968,58.0185,2164.0800,7,0,7,False,nasa_power_merra2,2024-PRECTOTCORR.json|2024-RH2M.json|2024-T2M.json
2024,7,Jhelum,Jhelum District,33.6926,60.0765,397.9300,1,1,0,False,nasa_power_merra2,2024-PRECTOTCORR.json|2024-RH2M.json|2024-T2M.json
2024,7,Kasur,Kasur District,35.6958,53.5294,413.7800,2,2,0,False,nasa_power_merra2,2024-PRECTOTCORR.json|2024-RH2M.json|2024-T2M.json
2024,7,Khanewal,Khanewal District,37.6610,47.4187,109.9800,1,1,0,False,nasa_power_merra2,2024-PRECTOTCORR.json|2024-RH2M.json|2024-T2M.json
2024,7,Khushab,Khushab District,35.4985,51.6539,538.2000,3,3,0,False,nasa_power_merra2,2024-PRECTOTCORR.json|2024-RH2M.json|2024-T2M.json
2024,7,Lahore,Lahore District,34.9248,56.6694,261.2600,1,1,0,False,nasa_power_merra2,2024-PRECTOTCORR.json|2024-RH2M.json|2024-T2M.json
2024,7,Layyah,Layyah District,33.2465,50.8211,387.4600,3,0,3,False,nasa_power_merra2,2024-PRECTOTCORR.json|2024-RH2M.json|2024-T2M.json
2024,7,Lodhran,Lodhran District,,,,0,0,0,True,nasa_power_merra2,
2024,7,Mandi Bahauddin,Mandi Bahauddin District,34.6032,59.1900,317.2200,1,1,0,False,nasa_power_merra2,2024-PRECTOTCORR.json|2024-RH2M.json|2024-T2M.json
2024,7,Mianwali,Mianwali District,,,,0,0,0,True,nasa_power_merra2,
2024,7,Multan,Multan District,38.0497,45.9226,101.2800,1,1,0,False,nasa_power_merra2,2024-PRECTOTCORR.json|2024-RH2M.json|2024-T2M.json
2024,7,Muzaffargarh,Muzaffargarh District,37.1818,46.4201,651.1700,6,0,6,False,nasa_power_merra2,2024-PRECTOTCORR.json|2024-RH2M.json|2024-T2M.json
2024,7,Narowal,Narowal District,,,,0,0,0,True,nasa_power_merra2,
2024,7,Okara,Okara District,33.3798,56.8275,5065.8300,29,0,29,False,nasa_power_merra2,2024-PRECTOTCORR.json|2024-RH2M.json|2024-T2M.json
2024,7,Pakpattan,Pakpattan District,,,,0,0,0,True,nasa_power_merra2,
2024,7,Rahim Yar Khan,Rahim Yar Khan District,38.6674,41.7857,314.8500,5,5,0,False,nasa_power_merra2,2024-PRECTOTCORR.json|2024-RH2M.json|2024-T2M.json
2024,7,Rajanpur,Rajanpur District,36.9016,47.1581,316.7700,3,3,0,False,nasa_power_merra2,2024-PRECTOTCORR.json|2024-RH2M.json|2024-T2M.json
2024,7,Rawalpindi,Rawalpindi District,32.3590,62.1226,675.5100,1,1,0,False,nasa_power_merra2,2024-PRECTOTCORR.json|2024-RH2M.json|2024-T2M.json
2024,7,Sahiwal,Sahiwal District,37.1982,47.6390,273.8600,2,2,0,False,nasa_power_merra2,2024-PRECTOTCORR.json|2024-RH2M.json|2024-T2M.json
2024,7,Sargodha,Sargodha District,35.7997,52.0155,630.5200,3,3,0,False,nasa_power_merra2,2024-PRECTOTCORR.json|2024-RH2M.json|2024-T2M.json
2024,7,Sheikhupura,Sheikhupura District,,,,0,0,0,True,nasa_power_merra2,
2024,7,Sialkot,Sialkot District,34.1094,60.8477,304.2500,1,1,0,False,nasa_power_merra2,2024-PRECTOTCORR.json|2024-RH2M.json|2024-T2M.json
2024,7,Toba Tek Singh,Toba Tek Singh District,37.4148,46.1284,151.7700,1,1,0,False,nasa_power_merra2,2024-PRECTOTCORR.json|2024-RH2M.json|2024-T2M.json
2024,7,Vehari,Vehari District,37.3210,48.7311,235.5600,2,2,0,False,nasa_power_merra2,2024-PRECTOTCORR.json|2024-RH2M.json|2024-T2M.json
2024,8,Attock,Attock District,28.8548,82.2458,510.5100,1,1,0,False,nasa_power_merra2,2024-PRECTOTCORR.json|2024-RH2M.json|2024-T2M.json
2024,8,Bahawalnagar,Bahawalnagar District,33.0352,62.1218,432.4000,3,3,0,False,nasa_power_merra2,2024-PRECTOTCORR.json|2024-RH2M.json|2024-T2M.json
2024,8,Bahawalpur,Bahawalpur District,32.8685,63.9680,1443.9500,8,8,0,False,nasa_power_merra2,2024-PRECTOTCORR.json|2024-RH2M.json|2024-T2M.json
2024,8,Bhakkar,Bhakkar District,28.9201,68.2781,3679.5300,21,0,21,False,nasa_power_merra2,2024-PRECTOTCORR.json|2024-RH2M.json|2024-T2M.json
2024,8,Chakwal,Chakwal District,29.2814,80.5239,1180.0300,3,3,0,False,nasa_power_merra2,2024-PRECTOTCORR.json|2024-RH2M.json|2024-T2M.json
2024,8,Dera Ghazi Khan,Dera Ghazi Khan District,31.0473,68.9969,818.2600,4,4,0,False,nasa_power_merra2,2024-PRECTOTCORR.json|2024-RH2M.json|2024-T2M.json
2024,8,Faisalabad,Faisalabad District,31.6590,71.5379,453.6400,2,2,0,False,nasa_power_merra2,2024-PRECTOTCORR.json|2024-RH2M.json|2024-T2M.json
2024,8,Gujranwala,Gujranwala District,29.9358,81.6577,393.7400,1,1,0,False,nasa_power_merra2,2024-PRECTOTCORR.json|2024-RH2M.json|2024-T2M.json
2024,8,Gujrat,Gujrat District,,,,0,0,0,True,nasa_power_merra2,
2024,8,Hafizabad,Hafizabad District,30.1855,80.8700,365.9600,1,1,0,False,nasa_power_merra2,2024-PRECTOTCORR.json|2024-RH2M.json|2024-T2M.json
2024,8,Jhang,Jhang District,27.3200,76.3241,2178.2000,7,0,7,False,nasa_power_merra2,2024-PRECTOTCORR.json|2024-RH2M.json|2024-T2M.json
2024,8,Jhelum,Jhelum District,29.4245,80.5803,450.1800,1,1,0,False,nasa_power_merra2,2024-PRECTOTCORR.json|2024-RH2M.json|2024-T2M.json
2024,8,Kasur,Kasur District,30.8237,76.0135,521.2700,2,2,0,False,nasa_power_merra2,2024-PRECTOTCORR.json|2024-RH2M.json|2024-T2M.json
2024,8,Khanewal,Khanewal District,32.9561,66.5184,251.3100,1,1,0,False,nasa_power_merra2,2024-PRECTOTCORR.json|2024-RH2M.json|2024-T2M.json
2024,8,Khushab,Khushab District,30.8115,73.0487,728.4000,3,3,0,False,nasa_power_merra2,2024-PRECTOTCORR.json|2024-RH2M.json|2024-T2M.json
2024,8,Lahore,Lahore District,30.1910,80.1794,345.0300,1,1,0,False,nasa_power_merra2,2024-PRECTOTCORR.json|2024-RH2M.json|2024-T2M.json
2024,8,Layyah,Layyah District,29.2777,69.1881,496.1800,3,0,3,False,nasa_power_merra2,2024-PRECTOTCORR.json|2024-RH2M.json|2024-T2M.json
2024,8,Lodhran,Lodhran District,,,,0,0,0,True,nasa_power_merra2,
2024,8,Mandi Bahauddin,Mandi Bahauddin District,30.1810,80.3487,409.9600,1,1,0,False,nasa_power_merra2,2024-PRECTOTCORR.json|2024-RH2M.json|2024-T2M.json
2024,8,Mianwali,Mianwali District,,,,0,0,0,True,nasa_power_merra2,
2024,8,Multan,Multan District,33.0323,66.7684,211.2300,1,1,0,False,nasa_power_merra2,2024-PRECTOTCORR.json|2024-RH2M.json|2024-T2M.json
2024,8,Muzaffargarh,Muzaffargarh District,32.5637,64.1847,1087.6200,6,0,6,False,nasa_power_merra2,2024-PRECTOTCORR.json|2024-RH2M.json|2024-T2M.json
2024,8,Narowal,Narowal District,,,,0,0,0,True,nasa_power_merra2,
2024,8,Okara,Okara District,29.4914,73.2484,6036.1100,29,0,29,False,nasa_power_merra2,2024-PRECTOTCORR.json|2024-RH2M.json|2024-T2M.json
2024,8,Pakpattan,Pakpattan District,,,,0,0,0,True,nasa_power_merra2,
2024,8,Rahim Yar Khan,Rahim Yar Khan District,32.5277,68.2431,1170.6200,5,5,0,False,nasa_power_merra2,2024-PRECTOTCORR.json|2024-RH2M.json|2024-T2M.json
2024,8,Rajanpur,Rajanpur District,31.6603,70.5328,663.7200,3,3,0,False,nasa_power_merra2,2024-PRECTOTCORR.json|2024-RH2M.json|2024-T2M.json
2024,8,Rawalpindi,Rawalpindi District,28.4006,81.6735,595.7100,1,1,0,False,nasa_power_merra2,2024-PRECTOTCORR.json|2024-RH2M.json|2024-T2M.json
2024,8,Sahiwal,Sahiwal District,32.6947,65.5605,378.3100,2,2,0,False,nasa_power_merra2,2024-PRECTOTCORR.json|2024-RH2M.json|2024-T2M.json
2024,8,Sargodha,Sargodha District,30.8425,76.3562,869.4700,3,3,0,False,nasa_power_merra2,2024-PRECTOTCORR.json|2024-RH2M.json|2024-T2M.json
2024,8,Sheikhupura,Sheikhupura District,,,,0,0,0,True,nasa_power_merra2,
2024,8,Sialkot,Sialkot District,29.8084,81.1668,414.0300,1,1,0,False,nasa_power_merra2,2024-PRECTOTCORR.json|2024-RH2M.json|2024-T2M.json
2024,8,Toba Tek Singh,Toba Tek Singh District,32.2845,68.4765,232.2600,1,1,0,False,nasa_power_merra2,2024-PRECTOTCORR.json|2024-RH2M.json|2024-T2M.json
2024,8,Vehari,Vehari District,33.0245,65.0905,383.1700,2,2,0,False,nasa_power_merra2,2024-PRECTOTCORR.json|2024-RH2M.json|2024-T2M.json
2024,9,Attock,Attock District,27.6833,76.1377,60.1200,1,1,0,False,nasa_power_merra2,2024-PRECTOTCORR.json|2024-RH2M.json|2024-T2M.json
2024,9,Bahawalnagar,Bahawalnagar District,32.6756,55.6680,95.7000,3,3,0,False,nasa_power_merra2,2024-PRECTOTCORR.json|2024-RH2M.json|2024-T2M.json
2024,9,Bahawalpur,Bahawalpur District,33.3723,52.5243,124.7400,8,8,0,False,nasa_power_merra2,2024-PRECTOTCORR.json|2024-RH2M.json|2024-T2M.json
2024,9,Bhakkar,Bhakkar District,27.4195,59.2997,582.8200,21,0,21,False,nasa_power_merra2,2024-PRECTOTCORR.json|2024-RH2M.json|2024-T2M.json
2024,9,Chakwal,Chakwal District,28.3214,73.8643,187.3200,3,3,0,False,nasa_power_merra2,2024-PRECTOTCORR.json|2024-RH2M.json|2024-T2M.json
2024,9,Dera Ghazi Khan,Dera Ghazi Khan District,30.2222,57.5155,69.4200,4,4,0,False,nasa_power_merra2,2024-PRECTOTCORR.json|2024-RH2M.json|2024-T2M.json
2024,9,Faisalabad,Faisalabad District,31.0377,63.1857,99.2500,2,2,0,False,nasa_power_merra2,2024-PRECTOTCORR.json|2024-RH2M.json|2024-T2M.json
2024,9,Gujranwala,Gujranwala District,28.9503,76.8407,91.8800,1,1,0,False,nasa_power_merra2,2024-PRECTOTCORR.json|2024-RH2M.json|2024-T2M.json
2024,9,Gujrat,Gujrat District,,,,0,0,0,True,nasa_power_merra2,
2024,9,Hafizabad,Hafizabad District,29.2600,75.3253,84.1000,1,1,0,False,nasa_power_merra2,2024-PRECTOTCORR.json|2024-RH2M.json|2024-T2M.json
2024,9,Jhang,Jhang District,26.0755,69.5985,372.8400,7,0,7,False,nasa_power_merra2,2024-PRECTOTCORR.json|2024-RH2M.json|2024-T2M.json
2024,9,Jhelum,Jhelum District,28.7140,74.0397,99.0100,1,1,0,False,nasa_power_merra2,2024-PRECTOTCORR.json|2024-RH2M.json|2024-T2M.json
2024,9,Kasur,Kasur District,30.2343,68.0515,127.4400,2,2,0,False,nasa_power_merra2,2024-PRECTOTCORR.json|2024-RH2M.json|2024-T2M.json
2024,9,Khanewal,Khanewal District,31.5700,63.1077,17.5000,1,1,0,False,nasa_power_merra2,2024-PRECTOTCORR.json|2024-RH2M.json|2024-T2M.json
2024,9,Khushab,Khushab District,29.9652,65.7021,161.2700,3,3,0,False,nasa_power_merra2,2024-PRECTOTCORR.json|2024-RH2M.json|2024-T2M.json
2024,9,Lahore,Lahore District,29.3467,74.1333,76.2700,1,1,0,False,nasa_power_merra2,2024-PRECTOTCORR.json|2024-RH2M.json|2024-T2M.json
2024,9,Layyah,Layyah District,27.9992,57.4899,54.9900,3,0,3,False,nasa_power_merra2,2024-PRECTOTCORR.json|2024-RH2M.json|2024-T2M.json
2024,9,Lodhran,Lodhran District,,,,0,0,0,True,nasa_power_merra2,
2024,9,Mandi Bahauddin,Mandi Bahauddin District,29.2087,75.3270,97.2100,1,1,0,False,nasa_power_merra2,2024-PRECTOTCORR.json|2024-RH2M.json|2024-T2M.json
2024,9,Mianwali,Mianwali District,,,,0,0,0,True,nasa_power_merra2,
2024,9,Multan,Multan District,32.7077,57.9510,4.3000,1,1,0,False,nasa_power_merra2,2024-PRECTOTCORR.json|2024-RH2M.json|2024-T2M.json
2024,9,Muzaffargarh,Muzaffargarh District,32.7674,54.8433,173.9600,6,0,6,False,nasa_power_merra2,2024-PRECTOTCORR.json|2024-RH2M.json|2024-T2M.json
2024,9,Narowal,Narowal District,,,,0,0,0,True,nasa_power_merra2,
2024,9,Okara,Okara District,28.9090,67.4339,2405.0400,29,0,29,False,nasa_power_merra2,2024-PRECTOTCORR.json|2024-RH2M.json|2024-T2M.json
2024,9,Pakpattan,Pakpattan District,,,,0,0,0,True,nasa_power_merra2,
2024,9,Rahim Yar Khan,Rahim Yar Khan District,33.1044,55.2955,36.1400,5,5,0,False,nasa_power_merra2,2024-PRECTOTCORR.json|2024-RH2M.json|2024-T2M.json
2024,9,Rajanpur,Rajanpur District,31.5488,58.2590,32.3300,3,3,0,False,nasa_power_merra2,2024-PRECTOTCORR.json|2024-RH2M.json|2024-T2M.json
2024,9,Rawalpindi,Rawalpindi District,27.2673,75.7487,84.4700,1,1,0,False,nasa_power_merra2,2024-PRECTOTCORR.json|2024-RH2M.json|2024-T2M.json
2024,9,Sahiwal,Sahiwal District,31.7767,59.7543,72.3200,2,2,0,False,nasa_power_merra2,2024-PRECTOTCORR.json|2024-RH2M.json|2024-T2M.json
2024,9,Sargodha,Sargodha District,30.1526,68.4989,195.4500,3,3,0,False,nasa_power_merra2,2024-PRECTOTCORR.json|2024-RH2M.json|2024-T2M.json
2024,9,Sheikhupura,Sheikhupura District,,,,0,0,0,True,nasa_power_merra2,
2024,9,Sialkot,Sialkot District,28.8963,76.9320,104.6800,1,1,0,False,nasa_power_merra2,2024-PRECTOTCORR.json|2024-RH2M.json|2024-T2M.json
2024,9,Toba Tek Singh,Toba Tek Singh District,31.4740,61.0803,38.8500,1,1,0,False,nasa_power_merra2,2024-PRECTOTCORR.json|2024-RH2M.json|2024-T2M.json
2024,9,Vehari,Vehari District,31.9687,60.9488,42.9600,2,2,0,False,nasa_power_merra2,2024-PRECTOTCORR.json|2024-RH2M.json|2024-T2M.json
2024,10,Attock,Attock District,23.3587,64.0032,40.2100,1,1,0,False,nasa_power_merra2,2024-PRECTOTCORR.json|2024-RH2M.json|2024-T2M.json
2024,10,Bahawalnagar,Bahawalnagar District,30.6229,31.6760,5.7100,3,3,0,False,nasa_power_merra2,2024-PRECTOTCORR.json|2024-RH2M.json|2024-T2M.json
2024,10,Bahawalpur,Bahawalpur District,31.0579,31.7039,12.7900,8,8,0,False,nasa_power_merra2,2024-PRECTOTCORR.json|2024-RH2M.json|2024-T2M.json
2024,10,Bhakkar,Bhakkar District,23.6713,42.4688,335.0800,21,0,21,False,nasa_power_merra2,2024-PRECTOTCORR.json|2024-RH2M.json|2024-T2M.json
2024,10,Chakwal,Chakwal District,24.1226,61.8687,82.3900,3,3,0,False,nasa_power_merra2,2024-PRECTOTCORR.json|2024-RH2M.json|2024-T2M.json
2024,10,Dera Ghazi Khan,Dera Ghazi Khan District,27.1932,33.5945,14.5100,4,4,0,False,nasa_power_merra2,2024-PRECTOTCORR.json|2024-RH2M.json|2024-T2M.json
2024,10,Faisalabad,Faisalabad District,28.0848,45.1803,10.4900,2,2,0,False,nasa_power_merra2,2024-PRECTOTCORR.json|2024-RH2M.json|2024-T2M.json
2024,10,Gujranwala,Gujranwala District,25.2706,63.4590,16.0600,1,1,0,False,nasa_power_merra2,2024-PRECTOTCORR.json|2024-RH2M.json|2024-T2M.json
2024,10,Gujrat,Gujrat District,,,,0,0,0,True,nasa_power_merra2,
2024,10,Hafizabad,Hafizabad District,25.6448,61.0548,15.5200,1,1,0,False,nasa_power_merra2,2024-PRECTOTCORR.json|2024-RH2M.json|2024-T2M.json
2024,10,Jhang,Jhang District,22.4465,52.3720,137.9600,7,0,7,False,nasa_power_merra2,2024-PRECTOTCORR.json|2024-RH2M.json|2024-T2M.json
2024,10,Jhelum,Jhelum District,24.8226,60.1881,29.6300,1,1,0,False,nasa_power_merra2,2024-PRECTOTCORR.json|2024-RH2M.json|2024-T2M.json
2024,10,Kasur,Kasur District,27.7139,48.2668,10.8500,2,2,0,False,nasa_power_merra2,2024-PRECTOTCORR.json|2024-RH2M.json|2024-T2M.json
2024,10,Khanewal,Khanewal District,29.4394,37.3265,2.8700,1,1,0,False,nasa_power_merra2,2024-PRECTOTCORR.json|2024-RH2M.json|2024-T2M.json
2024,10,Khushab,Khushab District,26.2738,52.0598,36.5300,3,3,0,False,nasa_power_merra2,2024-PRECTOTCORR.json|2024-RH2M.json|2024-T2M.json
2024,10,Lahore,Lahore District,26.4523,56.5958,10.5100,1,1,0,False,nasa_power_merra2,2024-PRECTOTCORR.json|2024-RH2M.json|2024-T2M.json
2024,10,Layyah,Layyah District,24.8683,33.8786,12.5700,3,0,3,False,nasa_power_merra2,2024-PRECTOTCORR.json|2024-RH2M.json|2024-T2M.json
2024,10,Lodhran,Lodhran District,,,,0,0,0,True,nasa_power_merra2,
2024,10,Mandi Bahauddin,Mandi Bahauddin District,24.8690,64.5277,23.9500,1,1,0,False,nasa_power_merra2,2024-PRECTOTCORR.json|2024-RH2M.json|2024-T2M.json
2024,10,Mianwali,Mianwali District,,,,0,0,0,True,nasa_power_merra2,
2024,10,Multan,Multan District,30.6106,30.1510,1.7300,1,1,0,False,nasa_power_merra2,2024-PRECTOTCORR.json|2024-RH2M.json|2024-T2M.json
2024,10,Muzaffargarh,Muzaffargarh District,30.4365,34.6480,29.3700,6,0,6,False,nasa_power_merra2,2024-PRECTOTCORR.json|2024-RH2M.json|2024-T2M.json
2024,10,Narowal,Narowal District,,,,0,0,0,True,nasa_power_merra2,
2024,10,Okara,Okara District,26.6551,46.0913,179.8900,29,0,29,False,nasa_power_merra2,2024-PRECTOTCORR.json|2024-RH2M.json|2024-T2M.json
2024,10,Pakpattan,Pakpattan District,,,,0,0,0,True,nasa_power_merra2,
2024,10,Rahim Yar Khan,Rahim Yar Khan District,31.0766,31.3804,2.9300,5,5,0,False,nasa_power_merra2,2024-PRECTOTCORR.json|2024-RH2M.json|2024-T2M.json
2024,10,Rajanpur,Rajanpur District,29.1795,30.9663,5.2700,3,3,0,False,nasa_power_merra2,2024-PRECTOTCORR.json|2024-RH2M.json|2024-T2M.json
2024,10,Rawalpindi,Rawalpindi District,23.1448,62.8042,40.9700,1,1,0,False,nasa_power_merra2,2024-PRECTOTCORR.json|2024-RH2M.json|2024-T2M.json
2024,10,Sahiwal,Sahiwal District,29.4702,36.1376,4.1500,2,2,0,False,nasa_power_merra2,2024-PRECTOTCORR.json|2024-RH2M.json|2024-T2M.json
2024,10,Sargodha,Sargodha District,26.4701,54.4023,44.8800,3,3,0,False,nasa_power_merra2,2024-PRECTOTCORR.json|2024-RH2M.json|2024-T2M.json
2024,10,Sheikhupura,Sheikhupura District,,,,0,0,0,True,nasa_power_merra2,
2024,10,Sialkot,Sialkot District,25.1816,62.1581,20.8400,1,1,0,False,nasa_power_merra2,2024-PRECTOTCORR.json|2024-RH2M.json|2024-T2M.json
2024,10,Toba Tek Singh,Toba Tek Singh District,28.6819,40.7565,3.7900,1,1,0,False,nasa_power_merra2,2024-PRECTOTCORR.json|2024-RH2M.json|2024-T2M.json
2024,10,Vehari,Vehari District,30.3729,31.2619,3.3900,2,2,0,False,nasa_power_merra2,2024-PRECTOTCORR.json|2024-RH2M.json|2024-T2M.json
2024,11,Attock,Attock District,17.8953,56.7833,5.2400,1,1,0,False,nasa_power_merra2,2024-PRECTOTCORR.json|2024-RH2M.json|2024-T2M.json
2024,11,Bahawalnagar,Bahawalnagar District,24.0349,32.7763,0.0200,3,3,0,False,nasa_power_merra2,2024-PRECTOTCORR.json|2024-RH2M.json|2024-T2M.json
2024,11,Bahawalpur,Bahawalpur District,24.4824,33.1970,1.4000,8,8,0,False,nasa_power_merra2,2024-PRECTOTCORR.json|2024-RH2M.json|2024-T2M.json
2024,11,Bhakkar,Bhakkar District,17.8241,39.1827,215.4100,21,0,21,False,nasa_power_merra2,2024-PRECTOTCORR.json|2024-RH2M.json|2024-T2M.json
2024,11,Chakwal,Chakwal District,18.4994,54.7268,8.6700,3,3,0,False,nasa_power_merra2,2024-PRECTOTCORR.json|2024-RH2M.json|2024-T2M.json
2024,11,Dera Ghazi Khan,Dera Ghazi Khan District,21.3022,30.0041,29.4100,4,4,0,False,nasa_power_merra2,2024-PRECTOTCORR.json|2024-RH2M.json|2024-T2M.json
2024,11,Faisalabad,Faisalabad District,21.7480,42.0227,0.5400,2,2,0,False,nasa_power_merra2,2024-PRECTOTCORR.json|2024-RH2M.json|2024-T2M.json
2024,11,Gujranwala,Gujranwala District,20.3070,53.8100,0.8700,1,1,0,False,nasa_power_merra2,2024-PRECTOTCORR.json|2024-RH2M.json|2024-T2M.json
2024,11,Gujrat,Gujrat District,,,,0,0,0,True,nasa_power_merra2,
2024,11,Hafizabad,Hafizabad District,20.4903,51.8003,0.2700,1,1,0,False,nasa_power_merra2,2024-PRECTOTCORR.json|2024-RH2M.json|2024-T2M.json
2024,11,Jhang,Jhang District,16.9416,46.9300,51.5700,7,0,7,False,nasa_power_merra2,2024-PRECTOTCORR.json|2024-RH2M.json|2024-T2M.json
2024,11,Jhelum,Jhelum District,20.1043,51.0977,3.0200,1,1,0,False,nasa_power_merra2,2024-PRECTOTCORR.json|2024-RH2M.json|2024-T2M.json
2024,11,Kasur,Kasur District,21.9285,42.0782,0.0400,2,2,0,False,nasa_power_merra2,2024-PRECTOTCORR.json|2024-RH2M.json|2024-T2M.json
2024,11,Khanewal,Khanewal District,22.8387,37.0143,0.6400,1,1,0,False,nasa_power_merra2,2024-PRECTOTCORR.json|2024-RH2M.json|2024-T2M.json
2024,11,Khushab,Khushab District,20.3446,45.8313,6.0900,3,3,0,False,nasa_power_merra2,2024-PRECTOTCORR.json|2024-RH2M.json|2024-T2M.json
2024,11,Lahore,Lahore District,21.1040,48.4043,0.2100,1,1,0,False,nasa_power_merra2,2024-PRECTOTCORR.json|2024-RH2M.json|2024-T2M.json
2024,11,Layyah,Layyah District,19.0227,31.9344,28.0700,3,0,3,False,nasa_power_merra2,2024-PRECTOTCORR.json|2024-RH2M.json|2024-T2M.json
2024,11,Lodhran,Lodhran District,,,,0,0,0,True,nasa_power_merra2,
2024,11,Mandi Bahauddin,Mandi Bahauddin District,19.9997,55.0370,0.9700,1,1,0,False,nasa_power_merra2,2024-PRECTOTCORR.json|2024-RH2M.json|2024-T2M.json
2024,11,Mianwali,Mianwali District,,,,0,0,0,True,nasa_power_merra2,
2024,11,Multan,Multan District,23.6947,32.2440,1.4600,1,1,0,False,nasa_power_merra2,2024-PRECTOTCORR.json|2024-RH2M.json|2024-T2M.json
2024,11,Muzaffargarh,Muzaffargarh District,23.9799,34.0603,4.4600,6,0,6,False,nasa_power_merra2,2024-PRECTOTCORR.json|2024-RH2M.json|2024-T2M.json
2024,11,Narowal,Narowal District,,,,0,0,0,True,nasa_power_merra2,
2024,11,Okara,Okara District,21.0804,39.7773,60.1200,29,0,29,False,nasa_power_merra2,2024-PRECTOTCORR.json|2024-RH2M.json|2024-T2M.json
2024,11,Pakpattan,Pakpattan District,,,,0,0,0,True,nasa_power_merra2,
2024,11,Rahim Yar Khan,Rahim Yar Khan District,24.8716,31.3617,8.4100,5,5,0,False,nasa_power_merra2,2024-PRECTOTCORR.json|2024-RH2M.json|2024-T2M.json
2024,11,Rajanpur,Rajanpur District,23.4327,26.2349,17.8900,3,3,0,False,nasa_power_merra2,2024-PRECTOTCORR.json|2024-RH2M.json|2024-T2M.json
2024,11,Rawalpindi,Rawalpindi District,18.0683,55.3027,5.2300,1,1,0,False,nasa_power_merra2,2024-PRECTOTCORR.json|2024-RH2M.json|2024-T2M.json
2024,11,Sahiwal,Sahiwal District,22.8365,36.0568,0.1800,2,2,0,False,nasa_power_merra2,2024-PRECTOTCORR.json|2024-RH2M.json|2024-T2M.json
2024,11,Sargodha,Sargodha District,20.7391,47.1301,2.0500,3,3,0,False,nasa_power_merra2,2024-PRECTOTCORR.json|2024-RH2M.json|2024-T2M.json
2024,11,Sheikhupura,Sheikhupura District,,,,0,0,0,True,nasa_power_merra2,
2024,11,Sialkot,Sialkot District,20.5987,51.6207,2.6200,1,1,0,False,nasa_power_merra2,2024-PRECTOTCORR.json|2024-RH2M.json|2024-T2M.json
2024,11,Toba Tek Singh,Toba Tek Singh District,22.0407,40.2667,0.2900,1,1,0,False,nasa_power_merra2,2024-PRECTOTCORR.json|2024-RH2M.json|2024-T2M.json
2024,11,Vehari,Vehari District,23.5995,33.0430,0.2800,2,2,0,False,nasa_power_merra2,2024-PRECTOTCORR.json|2024-RH2M.json|2024-T2M.json
2024,12,Attock,Attock District,10.9697,49.3548,0.6800,1,1,0,False,nasa_power_merra2,2024-PRECTOTCORR.json|2024-RH2M.json|2024-T2M.json
2024,12,Bahawalnagar,Bahawalnagar District,15.3684,33.4238,2.7800,3,3,0,False,nasa_power_merra2,2024-PRECTOTCORR.json|2024-RH2M.json|2024-T2M.json
2024,12,Bahawalpur,Bahawalpur District,15.5098,33.8969,4.9800,8,8,0,False,nasa_power_merra2,2024-PRECTOTCORR.json|2024-RH2M.json|2024-T2M.json
2024,12,Bhakkar,Bhakkar District,10.4561,30.2767,23.9500,21,0,21,False,nasa_power_merra2,2024-PRECTOTCORR.json|2024-RH2M.json|2024-T2M.json
2024,12,Chakwal,Chakwal District,11.5562,44.9516,4.3200,3,3,0,False,nasa_power_merra2,2024-PRECTOTCORR.json|2024-RH2M.json|2024-T2M.json
2024,12,Dera Ghazi Khan,Dera Ghazi Khan District,13.1175,32.7299,43.6300,4,4,0,False,nasa_power_merra2,2024-PRECTOTCORR.json|2024-RH2M.json|2024-T2M.json
2024,12,Faisalabad,Faisalabad District,14.1611,36.3200,7.6200,2,2,0,False,nasa_power_merra2,2024-PRECTOTCORR.json|2024-RH2M.json|2024-T2M.json
2024,12,Gujranwala,Gujranwala District,12.9765,49.1800,15.1000,1,1,0,False,nasa_power_merra2,2024-PRECTOTCORR.json|2024-RH2M.json|2024-T2M.json
2024,12,Gujrat,Gujrat District,,,,0,0,0,True,nasa_power_merra2,
2024,12,Hafizabad,Hafizabad District,12.9974,47.5013,7.7500,1,1,0,False,nasa_power_merra2,2024-PRECTOTCORR.json|2024-RH2M.json|2024-T2M.json
2024,12,Jhang,Jhang District,10.0323,40.1645,73.1100,7,0,7,False,nasa_power_merra2,2024-PRECTOTCORR.json|2024-RH2M.json|2024-T2M.json
2024,12,Jhelum,Jhelum District,13.4942,44.2448,10.4000,1,1,0,False,nasa_power_merra2,2024-PRECTOTCORR.json|2024-RH2M.json|2024-T2M.json
2024,12,Kasur,Kasur District,14.0608,40.5234,19.0800,2,2,0,False,nasa_power_merra2,2024-PRECTOTCORR.json|2024-RH2M.json|2024-T2M.json
2024,12,Khanewal,Khanewal District,14.8387,34.1513,1.2700,1,1,0,False,nasa_power_merra2,2024-PRECTOTCORR.json|2024-RH2M.json|2024-T2M.json
2024,12,Khushab,Khushab District,12.9062,37.9652,5.6500,3,3,0,False,nasa_power_merra2,2024-PRECTOTCORR.json|2024-RH2M.json|2024-T2M.json
2024,12,Lahore,Lahore District,13.5239,44.6142,13.7300,1,1,0,False,nasa_power_merra2,2024-PRECTOTCORR.json|2024-RH2M.json|2024-T2M.json
2024,12,Layyah,Layyah District,10.8824,33.3860,19.5100,3,0,3,False,nasa_power_merra2,2024-PRECTOTCORR.json|2024-RH2M.json|2024-T2M.json
2024,12,Lodhran,Lodhran District,,,,0,0,0,True,nasa_power_merra2,
2024,12,Mandi Bahauddin,Mandi Bahauddin District,12.9219,49.9874,7.7400,1,1,0,False,nasa_power_merra2,2024-PRECTOTCORR.json|2024-RH2M.json|2024-T2M.json
2024,12,Mianwali,Mianwali District,,,,0,0,0,True,nasa_power_merra2,
2024,12,Multan,Multan District,15.1445,32.9716,3.2000,1,1,0,False,nasa_power_merra2,2024-PRECTOTCORR.json|2024-RH2M.json|2024-T2M.json
2024,12,Muzaffargarh,Muzaffargarh District,15.3481,36.1038,12.4200,6,0,6,False,nasa_power_merra2,2024-PRECTOTCORR.json|2024-RH2M.json|2024-T2M.json
2024,12,Narowal,Narowal District,,,,0,0,0,True,nasa_power_merra2,
2024,12,Okara,Okara District,13.2070,41.4880,506.5100,29,0,29,False,nasa_power_merra2,2024-PRECTOTCORR.json|2024-RH2M.json|2024-T2M.json
2024,12,Pakpattan,Pakpattan District,,,,0,0,0,True,nasa_power_merra2,
2024,12,Rahim Yar Khan,Rahim Yar Khan District,15.7169,33.2386,14.1800,5,5,0,False,nasa_power_merra2,2024-PRECTOTCORR.json|2024-RH2M.json|2024-T2M.json
2024,12,Rajanpur,Rajanpur District,14.5197,33.1640,35.5900,3,3,0,False,nasa_power_merra2,2024-PRECTOTCORR.json|2024-RH2M.json|2024-T2M.json
2024,12,Rawalpindi,Rawalpindi District,11.7519,46.4381,2.7800,1,1,0,False,nasa_power_merra2,2024-PRECTOTCORR.json|2024-RH2M.json|2024-T2M.json
2024,12,Sahiwal,Sahiwal District,14.8310,33.3710,3.6900,2,2,0,False,nasa_power_merra2,2024-PRECTOTCORR.json|2024-RH2M.json|2024-T2M.json
2024,12,Sargodha,Sargodha District,13.3090,41.3503,10.4400,3,3,0,False,nasa_power_merra2,2024-PRECTOTCORR.json|2024-RH2M.json|2024-T2M.json
2024,12,Sheikhupura,Sheikhupura District,,,,0,0,0,True,nasa_power_merra2,
2024,12,Sialkot,Sialkot District,13.5313,47.1100,19.0900,1,1,0,False,nasa_power_merra2,2024-PRECTOTCORR.json|2024-RH2M.json|2024-T2M.json
2024,12,Toba Tek Singh,Toba Tek Singh District,14.3329,34.9887,2.6300,1,1,0,False,nasa_power_merra2,2024-PRECTOTCORR.json|2024-RH2M.json|2024-T2M.json
2024,12,Vehari,Vehari District,15.1652,32.0452,1.8900,2,2,0,False,nasa_power_merra2,2024-PRECTOTCORR.json|2024-RH2M.json|2024-T2M.json
2025,1,Attock,Attock District,10.9613,49.6900,3.8200,1,1,0,False,nasa_power_merra2,2025-PRECTOTCORR.json|2025-RH2M.json|2025-T2M.json
2025,1,Bahawalnagar,Bahawalnagar District,15.3131,32.1006,9.3400,3,3,0,False,nasa_power_merra2,2025-PRECTOTCORR.json|2025-RH2M.json|2025-T2M.json
2025,1,Bahawalpur,Bahawalpur District,15.8913,31.0410,10.0100,8,8,0,False,nasa_power_merra2,2025-PRECTOTCORR.json|2025-RH2M.json|2025-T2M.json
2025,1,Bhakkar,Bhakkar District,10.4370,33.8690,126.3700,21,0,21,False,nasa_power_merra2,2025-PRECTOTCORR.json|2025-RH2M.json|2025-T2M.json
2025,1,Chakwal,Chakwal District,11.7106,43.1491,4.2900,3,3,0,False,nasa_power_merra2,2025-PRECTOTCORR.json|2025-RH2M.json|2025-T2M.json
2025,1,Dera Ghazi Khan,Dera Ghazi Khan District,13.8203,28.2179,8.4600,4,4,0,False,nasa_power_merra2,2025-PRECTOTCORR.json|2025-RH2M.json|2025-T2M.json
2025,1,Faisalabad,Faisalabad District,14.3331,32.3974,5.1100,2,2,0,False,nasa_power_merra2,2025-PRECTOTCORR.json|2025-RH2M.json|2025-T2M.json
2025,1,Gujranwala,Gujranwala District,13.4819,45.8442,4.3700,1,1,0,False,nasa_power_merra2,2025-PRECTOTCORR.json|2025-RH2M.json|2025-T2M.json
2025,1,Gujrat,Gujrat District,,,,0,0,0,True,nasa_power_merra2,
2025,1,Hafizabad,Hafizabad District,13.6794,40.4048,2.7000,1,1,0,False,nasa_power_merra2,2025-PRECTOTCORR.json|2025-RH2M.json|2025-T2M.json
2025,1,Jhang,Jhang District,10.0912,41.0437,85.8400,7,0,7,False,nasa_power_merra2,2025-PRECTOTCORR.json|2025-RH2M.json|2025-T2M.json
2025,1,Jhelum,Jhelum District,13.7819,43.5300,5.2600,1,1,0,False,nasa_power_merra2,2025-PRECTOTCORR.json|2025-RH2M.json|2025-T2M.json
2025,1,Kasur,Kasur District,14.0723,37.5268,11.0900,2,2,0,False,nasa_power_merra2,2025-PRECTOTCORR.json|2025-RH2M.json|2025-T2M.json
2025,1,Khanewal,Khanewal District,14.9606,30.7561,1.1500,1,1,0,False,nasa_power_merra2,2025-PRECTOTCORR.json|2025-RH2M.json|2025-T2M.json
2025,1,Khushab,Khushab District,13.1272,32.8290,1.4200,3,3,0,False,nasa_power_merra2,2025-PRECTOTCORR.json|2025-RH2M.json|2025-T2M.json
2025,1,Lahore,Lahore District,13.7813,41.1865,4.8800,1,1,0,False,nasa_power_merra2,2025-PRECTOTCORR.json|2025-RH2M.json|2025-T2M.json
2025,1,Layyah,Layyah District,11.3844,31.5602,10.4300,3,0,3,False,nasa_power_merra2,2025-PRECTOTCORR.json|2025-RH2M.json|2025-T2M.json
2025,1,Lodhran,Lodhran District,,,,0,0,0,True,nasa_power_merra2,
2025,1,Mandi Bahauddin,Mandi Bahauddin District,13.4426,45.6219,2.7400,1,1,0,False,nasa_power_merra2,2025-PRECTOTCORR.json|2025-RH2M.json|2025-T2M.json
2025,1,Mianwali,Mianwali District,,,,0,0,0,True,nasa_power_merra2,
2025,1,Multan,Multan District,15.6177,28.4426,0.4400,1,1,0,False,nasa_power_merra2,2025-PRECTOTCORR.json|2025-RH2M.json|2025-T2M.json
2025,1,Muzaffargarh,Muzaffargarh District,15.7659,31.9669,10.1700,6,0,6,False,nasa_power_merra2,2025-PRECTOTCORR.json|2025-RH2M.json|2025-T2M.json
2025,1,Narowal,Narowal District,,,,0,0,0,True,nasa_power_merra2,
2025,1,Okara,Okara District,13.0779,41.3771,257.0800,29,0,29,False,nasa_power_merra2,2025-PRECTOTCORR.json|2025-RH2M.json|2025-T2M.json
2025,1,Pakpattan,Pakpattan District,,,,0,0,0,True,nasa_power_merra2,
2025,1,Rahim Yar Khan,Rahim Yar Khan District,16.4146,27.5609,2.6500,5,5,0,False,nasa_power_merra2,2025-PRECTOTCORR.json|2025-RH2M.json|2025-T2M.json
2025,1,Rajanpur,Rajanpur District,15.5277,25.4535,3.2600,3,3,0,False,nasa_power_merra2,2025-PRECTOTCORR.json|2025-RH2M.json|2025-T2M.json
2025,1,Rawalpindi,Rawalpindi District,11.9858,46.2465,5.6500,1,1,0,False,nasa_power_merra2,2025-PRECTOTCORR.json|2025-RH2M.json|2025-T2M.json
2025,1,Sahiwal,Sahiwal District,14.8276,31.1824,6.0600,2,2,0,False,nasa_power_merra2,2025-PRECTOTCORR.json|2025-RH2M.json|2025-T2M.json
2025,1,Sargodha,Sargodha District,13.7841,35.3953,3.4700,3,3,0,False,nasa_power_merra2,2025-PRECTOTCORR.json|2025-RH2M.json|2025-T2M.json
2025,1,Sheikhupura,Sheikhupura District,,,,0,0,0,True,nasa_power_merra2,
2025,1,Sialkot,Sialkot District,14.0603,45.4548,5.2600,1,1,0,False,nasa_power_merra2,2025-PRECTOTCORR.json|2025-RH2M.json|2025-T2M.json
2025,1,Toba Tek Singh,Toba Tek Singh District,14.4687,31.0161,2.2100,1,1,0,False,nasa_power_merra2,2025-PRECTOTCORR.json|2025-RH2M.json|2025-T2M.json
2025,1,Vehari,Vehari District,15.1756,30.1516,3.9500,2,2,0,False,nasa_power_merra2,2025-PRECTOTCORR.json|2025-RH2M.json|2025-T2M.json
2025,2,Attock,Attock District,14.2193,53.5443,81.2500,1,1,0,False,nasa_power_merra2,2025-PRECTOTCORR.json|2025-RH2M.json|2025-T2M.json
2025,2,Bahawalnagar,Bahawalnagar District,19.4721,32.6715,35.4500,3,3,0,False,nasa_power_merra2,2025-PRECTOTCORR.json|2025-RH2M.json|2025-T2M.json
2025,2,Bahawalpur,Bahawalpur District,20.0519,31.3583,72.9800,8,8,0,False,nasa_power_merra2,2025-PRECTOTCORR.json|2025-RH2M.json|2025-T2M.json
2025,2,Bhakkar,Bhakkar District,12.6904,41.1802,1036.7700,21,0,21,False,nasa_power_merra2,2025-PRECTOTCORR.json|2025-RH2M.json|2025-T2M.json
2025,2,Chakwal,Chakwal District,14.9654,49.0773,182.9500,3,3,0,False,nasa_power_merra2,2025-PRECTOTCORR.json|2025-RH2M.json|2025-T2M.json
2025,2,Dera Ghazi Khan,Dera Ghazi Khan District,16.7546,35.6312,90.8500,4,4,0,False,nasa_power_merra2,2025-PRECTOTCORR.json|2025-RH2M.json|2025-T2M.json
2025,2,Faisalabad,Faisalabad District,17.8437,37.1545,50.9500,2,2,0,False,nasa_power_merra2,2025-PRECTOTCORR.json|2025-RH2M.json|2025-T2M.json
2025,2,Gujranwala,Gujranwala District,16.6714,45.3175,69.8800,1,1,0,False,nasa_power_merra2,2025-PRECTOTCORR.json|2025-RH2M.json|2025-T2M.json
2025,2,Gujrat,Gujrat District,,,,0,0,0,True,nasa_power_merra2,
2025,2,Hafizabad,Hafizabad District,17.0857,41.8121,51.7200,1,1,0,False,nasa_power_merra2,2025-PRECTOTCORR.json|2025-RH2M.json|2025-T2M.json
2025,2,Jhang,Jhang District,12.2294,48.4029,532.3500,7,0,7,False,nasa_power_merra2,2025-PRECTOTCORR.json|2025-RH2M.json|2025-T2M.json
2025,2,Jhelum,Jhelum District,16.1929,46.8796,80.0500,1,1,0,False,nasa_power_merra2,2025-PRECTOTCORR.json|2025-RH2M.json|2025-T2M.json
2025,2,Kasur,Kasur District,17.8284,37.9027,64.5700,2,2,0,False,nasa_power_merra2,2025-PRECTOTCORR.json|2025-RH2M.json|2025-T2M.json
2025,2,Khanewal,Khanewal District,18.5071,36.6789,16.6000,1,1,0,False,nasa_power_merra2,2025-PRECTOTCORR.json|2025-RH2M.json|2025-T2M.json
2025,2,Khushab,Khushab District,16.1738,42.4593,114.5700,3,3,0,False,nasa_power_merra2,2025-PRECTOTCORR.json|2025-RH2M.json|2025-T2M.json
2025,2,Lahore,Lahore District,17.1879,41.1807,52.0700,1,1,0,False,nasa_power_merra2,2025-PRECTOTCORR.json|2025-RH2M.json|2025-T2M.json
2025,2,Layyah,Layyah District,14.1149,38.4292,78.4300,3,0,3,False,nasa_power_merra2,2025-PRECTOTCORR.json|2025-RH2M.json|2025-T2M.json
2025,2,Lodhran,Lodhran District,,,,0,0,0,True,nasa_power_merra2,
2025,2,Mandi Bahauddin,Mandi Bahauddin District,16.6282,46.8989,64.1300,1,1,0,False,nasa_power_merra2,2025-PRECTOTCORR.json|2025-RH2M.json|2025-T2M.json
2025,2,Mianwali,Mianwali District,,,,0,0,0,True,nasa_power_merra2,
2025,2,Multan,Multan District,19.0929,34.1439,14.1000,1,1,0,False,nasa_power_merra2,2025-PRECTOTCORR.json|2025-RH2M.json|2025-T2M.json
2025,2,Muzaffargarh,Muzaffargarh District,19.8410,31.4866,64.5200,6,0,6,False,nasa_power_merra2,2025-PRECTOTCORR.json|2025-RH2M.json|2025-T2M.json
2025,2,Narowal,Narowal District,,,,0,0,0,True,nasa_power_merra2,
2025,2,Okara,Okara District,16.6136,39.5398,1354.0000,29,0,29,False,nasa_power_merra2,2025-PRECTOTCORR.json|2025-RH2M.json|2025-T2M.json
2025,2,Pakpattan,Pakpattan District,,,,0,0,0,True,nasa_power_merra2,
2025,2,Rahim Yar Khan,Rahim Yar Khan District,20.3473,30.4375,36.2500,5,5,0,False,nasa_power_merra2,2025-PRECTOTCORR.json|2025-RH2M.json|2025-T2M.json
2025,2,Rajanpur,Rajanpur District,18.6768,33.3813,48.4700,3,3,0,False,nasa_power_merra2,2025-PRECTOTCORR.json|2025-RH2M.json|2025-T2M.json
2025,2,Rawalpindi,Rawalpindi District,14.3936,50.6768,85.4100,1,1,0,False,nasa_power_merra2,2025-PRECTOTCORR.json|2025-RH2M.json|2025-T2M.json
2025,2,Sahiwal,Sahiwal District,18.5477,35.2568,32.9200,2,2,0,False,nasa_power_merra2,2025-PRECTOTCORR.json|2025-RH2M.json|2025-T2M.json
2025,2,Sargodha,Sargodha District,17.0544,41.8655,122.3900,3,3,0,False,nasa_power_merra2,2025-PRECTOTCORR.json|2025-RH2M.json|2025-T2M.json
2025,2,Sheikhupura,Sheikhupura District,,,,0,0,0,True,nasa_power_merra2,
2025,2,Sialkot,Sialkot District,16.6843,47.0332,91.1600,1,1,0,False,nasa_power_merra2,2025-PRECTOTCORR.json|2025-RH2M.json|2025-T2M.json
2025,2,Toba Tek Singh,Toba Tek Singh District,17.9911,36.8571,21.1800,1,1,0,False,nasa_power_merra2,2025-PRECTOTCORR.json|2025-RH2M.json|2025-T2M.json
2025,2,Vehari,Vehari District,18.9979,34.2173,28.5600,2,2,0,False,nasa_power_merra2,2025-PRECTOTCORR.json|2025-RH2M.json|2025-T2M.json
2025,3,Attock,Attock District,17.9784,53.6523,40.1500,1,1,0,False,nasa_power_merra2,2025-PRECTOTCORR.json|2025-RH2M.json|2025-T2M.json
2025,3,Bahawalnagar,Bahawalnagar District,24.5141,24.4976,5.6800,3,3,0,False,nasa_power_merra2,2025-PRECTOTCORR.json|2025-RH2M.json|2025-T2M.json
2025,3,Bahawalpur,Bahawalpur District,25.4506,22.4385,12.6900,8,8,0,False,nasa_power_merra2,2025-PRECTOTCORR.json|2025-RH2M.json|2025-T2M.json
2025,3,Bhakkar,Bhakkar District,17.1774,42.8324,736.4200,21,0,21,False,nasa_power_merra2,2025-PRECTOTCORR.json|2025-RH2M.json|2025-T2M.json
2025,3,Chakwal,Chakwal District,18.8781,49.4122,72.4100,3,3,0,False,nasa_power_merra2,2025-PRECTOTCORR.json|2025-RH2M.json|2025-T2M.json
2025,3,Dera Ghazi Khan,Dera Ghazi Khan District,22.1240,27.3277,13.4300,4,4,0,False,nasa_power_merra2,2025-PRECTOTCORR.json|2025-RH2M.json|2025-T2M.json
2025,3,Faisalabad,Faisalabad District,22.6431,31.7647,8.1300,2,2,0,False,nasa_power_merra2,2025-PRECTOTCORR.json|2025-RH2M.json|2025-T2M.json
2025,3,Gujranwala,Gujranwala District,21.2223,43.1274,7.0900,1,1,0,False,nasa_power_merra2,2025-PRECTOTCORR.json|2025-RH2M.json|2025-T2M.json
2025,3,Gujrat,Gujrat District,,,,0,0,0,True,nasa_power_merra2,
2025,3,Hafizabad,Hafizabad District,21.4697,40.5658,6.9000,1,1,0,False,nasa_power_merra2,2025-PRECTOTCORR.json|2025-RH2M.json|2025-T2M.json
2025,3,Jhang,Jhang District,16.3990,46.2319,321.9400,7,0,7,False,nasa_power_merra2,2025-PRECTOTCORR.json|2025-RH2M.json|2025-T2M.json
2025,3,Jhelum,Jhelum District,20.1258,46.4968,28.4100,1,1,0,False,nasa_power_merra2,2025-PRECTOTCORR.json|2025-RH2M.json|2025-T2M.json
2025,3,Kasur,Kasur District,22.6874,32.8905,5.1300,2,2,0,False,nasa_power_merra2,2025-PRECTOTCORR.json|2025-RH2M.json|2025-T2M.json
2025,3,Khanewal,Khanewal District,23.7048,28.6884,2.0700,1,1,0,False,nasa_power_merra2,2025-PRECTOTCORR.json|2025-RH2M.json|2025-T2M.json
2025,3,Khushab,Khushab District,20.7084,39.8776,35.1200,3,3,0,False,nasa_power_merra2,2025-PRECTOTCORR.json|2025-RH2M.json|2025-T2M.json
2025,3,Lahore,Lahore District,21.9326,37.9029,3.2500,1,1,0,False,nasa_power_merra2,2025-PRECTOTCORR.json|2025-RH2M.json|2025-T2M.json
2025,3,Layyah,Layyah District,19.3488,30.8222,12.4300,3,0,3,False,nasa_power_merra2,2025-PRECTOTCORR.json|2025-RH2M.json|2025-T2M.json
2025,3,Lodhran,Lodhran District,,,,0,0,0,True,nasa_power_merra2,
2025,3,Mandi Bahauddin,Mandi Bahauddin District,20.9339,44.5306,13.3200,1,1,0,False,nasa_power_merra2,2025-PRECTOTCORR.json|2025-RH2M.json|2025-T2M.json
2025,3,Mianwali,Mianwali District,,,,0,0,0,True,nasa_power_merra2,
2025,3,Multan,Multan District,24.6148,24.6955,1.7100,1,1,0,False,nasa_power_merra2,2025-PRECTOTCORR.json|2025-RH2M.json|2025-T2M.json
2025,3,Muzaffargarh,Muzaffargarh District,24.9560,24.2070,14.5100,6,0,6,False,nasa_power_merra2,2025-PRECTOTCORR.json|2025-RH2M.json|2025-T2M.json
2025,3,Narowal,Narowal District,,,,0,0,0,True,nasa_power_merra2,
2025,3,Okara,Okara District,21.1544,34.7275,479.9400,29,0,29,False,nasa_power_merra2,2025-PRECTOTCORR.json|2025-RH2M.json|2025-T2M.json
2025,3,Pakpattan,Pakpattan District,,,,0,0,0,True,nasa_power_merra2,
2025,3,Rahim Yar Khan,Rahim Yar Khan District,25.9883,21.2265,8.5000,5,5,0,False,nasa_power_merra2,2025-PRECTOTCORR.json|2025-RH2M.json|2025-T2M.json
2025,3,Rajanpur,Rajanpur District,24.1403,22.8240,7.4800,3,3,0,False,nasa_power_merra2,2025-PRECTOTCORR.json|2025-RH2M.json|2025-T2M.json
2025,3,Rawalpindi,Rawalpindi District,17.9116,51.8513,44.0200,1,1,0,False,nasa_power_merra2,2025-PRECTOTCORR.json|2025-RH2M.json|2025-T2M.json
2025,3,Sahiwal,Sahiwal District,23.5942,27.1639,4.1200,2,2,0,False,nasa_power_merra2,2025-PRECTOTCORR.json|2025-RH2M.json|2025-T2M.json
2025,3,Sargodha,Sargodha District,21.5839,38.2119,31.2400,3,3,0,False,nasa_power_merra2,2025-PRECTOTCORR.json|2025-RH2M.json|2025-T2M.json
2025,3,Sheikhupura,Sheikhupura District,,,,0,0,0,True,nasa_power_merra2,
2025,3,Sialkot,Sialkot District,20.9623,45.2210,18.4300,1,1,0,False,nasa_power_merra2,2025-PRECTOTCORR.json|2025-RH2M.json|2025-T2M.json
2025,3,Toba Tek Singh,Toba Tek Singh District,23.1171,29.0039,3.0500,1,1,0,False,nasa_power_merra2,2025-PRECTOTCORR.json|2025-RH2M.json|2025-T2M.json
2025,3,Vehari,Vehari District,24.1289,25.5540,3.1300,2,2,0,False,nasa_power_merra2,2025-PRECTOTCORR.json|2025-RH2M.json|2025-T2M.json
2025,4,Attock,Attock District,26.7463,42.4940,46.2000,1,1,0,False,nasa_power_merra2,2025-PRECTOTCORR.json|2025-RH2M.json|2025-T2M.json
2025,4,Bahawalnagar,Bahawalnagar District,33.2560,15.8533,1.9700,3,3,0,False,nasa_power_merra2,2025-PRECTOTCORR.json|2025-RH2M.json|2025-T2M.json
2025,4,Bahawalpur,Bahawalpur District,33.8406,14.3424,3.7700,8,8,0,False,nasa_power_merra2,2025-PRECTOTCORR.json|2025-RH2M.json|2025-T2M.json
2025,4,Bhakkar,Bhakkar District,26.0673,31.1783,399.7600,21,0,21,False,nasa_power_merra2,2025-PRECTOTCORR.json|2025-RH2M.json|2025-T2M.json
2025,4,Chakwal,Chakwal District,27.9117,36.4119,99.9600,3,3,0,False,nasa_power_merra2,2025-PRECTOTCORR.json|2025-RH2M.json|2025-T2M.json
2025,4,Dera Ghazi Khan,Dera Ghazi Khan District,30.9949,17.1026,1.2800,4,4,0,False,nasa_power_merra2,2025-PRECTOTCORR.json|2025-RH2M.json|2025-T2M.json
2025,4,Faisalabad,Faisalabad District,31.7547,21.4117,14.8600,2,2,0,False,nasa_power_merra2,2025-PRECTOTCORR.json|2025-RH2M.json|2025-T2M.json
2025,4,Gujranwala,Gujranwala District,30.5217,28.2290,15.6900,1,1,0,False,nasa_power_merra2,2025-PRECTOTCORR.json|2025-RH2M.json|2025-T2M.json
2025,4,Gujrat,Gujrat District,,,,0,0,0,True,nasa_power_merra2,
2025,4,Hafizabad,Hafizabad District,30.7747,26.6303,15.8400,1,1,0,False,nasa_power_merra2,2025-PRECTOTCORR.json|2025-RH2M.json|2025-T2M.json
2025,4,Jhang,Jhang District,24.9126,36.7982,319.8600,7,0,7,False,nasa_power_merra2,2025-PRECTOTCORR.json|2025-RH2M.json|2025-T2M.json
2025,4,Jhelum,Jhelum District,28.8447,34.5737,36.2300,1,1,0,False,nasa_power_merra2,2025-PRECTOTCORR.json|2025-RH2M.json|2025-T2M.json
2025,4,Kasur,Kasur District,31.8442,21.5257,15.1300,2,2,0,False,nasa_power_merra2,2025-PRECTOTCORR.json|2025-RH2M.json|2025-T2M.json
2025,4,Khanewal,Khanewal District,32.7640,18.7610,0.5900,1,1,0,False,nasa_power_merra2,2025-PRECTOTCORR.json|2025-RH2M.json|2025-T2M.json
2025,4,Khushab,Khushab District,29.9943,26.7924,49.7900,3,3,0,False,nasa_power_merra2,2025-PRECTOTCORR.json|2025-RH2M.json|2025-T2M.json
2025,4,Lahore,Lahore District,31.1927,24.9983,11.6500,1,1,0,False,nasa_power_merra2,2025-PRECTOTCORR.json|2025-RH2M.json|2025-T2M.json
2025,4,Layyah,Layyah District,28.2844,19.2621,1.8900,3,0,3,False,nasa_power_merra2,2025-PRECTOTCORR.json|2025-RH2M.json|2025-T2M.json
2025,4,Lodhran,Lodhran District,,,,0,0,0,True,nasa_power_merra2,
2025,4,Mandi Bahauddin,Mandi Bahauddin District,30.1060,30.2377,21.8100,1,1,0,False,nasa_power_merra2,2025-PRECTOTCORR.json|2025-RH2M.json|2025-T2M.json
2025,4,Mianwali,Mianwali District,,,,0,0,0,True,nasa_power_merra2,
2025,4,Multan,Multan District,33.5387,15.4927,0.0200,1,1,0,False,nasa_power_merra2,2025-PRECTOTCORR.json|2025-RH2M.json|2025-T2M.json
2025,4,Muzaffargarh,Muzaffargarh District,33.2730,15.6172,10.8300,6,0,6,False,nasa_power_merra2,2025-PRECTOTCORR.json|2025-RH2M.json|2025-T2M.json
2025,4,Narowal,Narowal District,,,,0,0,0,True,nasa_power_merra2,
2025,4,Okara,Okara District,29.5666,24.9287,543.0600,29,0,29,False,nasa_power_merra2,2025-PRECTOTCORR.json|2025-RH2M.json|2025-T2M.json
2025,4,Pakpattan,Pakpattan District,,,,0,0,0,True,nasa_power_merra2,
2025,4,Rahim Yar Khan,Rahim Yar Khan District,34.1262,14.0098,0.0400,5,5,0,False,nasa_power_merra2,2025-PRECTOTCORR.json|2025-RH2M.json|2025-T2M.json
2025,4,Rajanpur,Rajanpur District,32.8730,14.1914,0.0000,3,3,0,False,nasa_power_merra2,2025-PRECTOTCORR.json|2025-RH2M.json|2025-T2M.json
2025,4,Rawalpindi,Rawalpindi District,26.7377,39.7180,45.6000,1,1,0,False,nasa_power_merra2,2025-PRECTOTCORR.json|2025-RH2M.json|2025-T2M.json
2025,4,Sahiwal,Sahiwal District,32.7137,17.6595,2.9700,2,2,0,False,nasa_power_merra2,2025-PRECTOTCORR.json|2025-RH2M.json|2025-T2M.json
2025,4,Sargodha,Sargodha District,30.5971,27.0104,51.7600,3,3,0,False,nasa_power_merra2,2025-PRECTOTCORR.json|2025-RH2M.json|2025-T2M.json
2025,4,Sheikhupura,Sheikhupura District,,,,0,0,0,True,nasa_power_merra2,
2025,4,Sialkot,Sialkot District,29.7650,32.0923,26.6300,1,1,0,False,nasa_power_merra2,2025-PRECTOTCORR.json|2025-RH2M.json|2025-T2M.json
2025,4,Toba Tek Singh,Toba Tek Singh District,32.2250,19.2550,4.1600,1,1,0,False,nasa_power_merra2,2025-PRECTOTCORR.json|2025-RH2M.json|2025-T2M.json
2025,4,Vehari,Vehari District,33.2498,16.0975,0.4700,2,2,0,False,nasa_power_merra2,2025-PRECTOTCORR.json|2025-RH2M.json|2025-T2M.json
2025,5,Attock,Attock District,30.6442,45.7252,106.4600,1,1,0,False,nasa_power_merra2,2025-PRECTOTCORR.json|2025-RH2M.json|2025-T2M.json
2025,5,Bahawalnagar,Bahawalnagar District,36.3917,26.8410,24.9200,3,3,0,False,nasa_power_merra2,2025-PRECTOTCORR.json|2025-RH2M.json|2025-T2M.json
2025,5,Bahawalpur,Bahawalpur District,36.9754,26.1958,75.2600,8,8,0,False,nasa_power_merra2,2025-PRECTOTCORR.json|2025-RH2M.json|2025-T2M.json
2025,5,Bhakkar,Bhakkar District,30.2015,33.4379,783.0000,21,0,21,False,nasa_power_merra2,2025-PRECTOTCORR.json|2025-RH2M.json|2025-T2M.json
2025,5,Chakwal,Chakwal District,31.8580,40.4691,223.2000,3,3,0,False,nasa_power_merra2,2025-PRECTOTCORR.json|2025-RH2M.json|2025-T2M.json
2025,5,Dera Ghazi Khan,Dera Ghazi Khan District,34.2899,25.0749,91.0700,4,4,0,False,nasa_power_merra2,2025-PRECTOTCORR.json|2025-RH2M.json|2025-T2M.json
2025,5,Faisalabad,Faisalabad District,35.8106,28.0345,40.6200,2,2,0,False,nasa_power_merra2,2025-PRECTOTCORR.json|2025-RH2M.json|2025-T2M.json
2025,5,Gujranwala,Gujranwala District,33.9690,35.5913,45.4400,1,1,0,False,nasa_power_merra2,2025-PRECTOTCORR.json|2025-RH2M.json|2025-T2M.json
2025,5,Gujrat,Gujrat District,,,,0,0,0,True,nasa_power_merra2,
2025,5,Hafizabad,Hafizabad District,34.5761,33.3790,36.6400,1,1,0,False,nasa_power_merra2,2025-PRECTOTCORR.json|2025-RH2M.json|2025-T2M.json
2025,5,Jhang,Jhang District,28.5794,43.5176,555.4100,7,0,7,False,nasa_power_merra2,2025-PRECTOTCORR.json|2025-RH2M.json|2025-T2M.json
2025,5,Jhelum,Jhelum District,32.1758,41.1497,70.4700,1,1,0,False,nasa_power_merra2,2025-PRECTOTCORR.json|2025-RH2M.json|2025-T2M.json
2025,5,Kasur,Kasur District,35.3092,30.0810,49.7200,2,2,0,False,nasa_power_merra2,2025-PRECTOTCORR.json|2025-RH2M.json|2025-T2M.json
2025,5,Khanewal,Khanewal District,36.6116,25.2652,13.4100,1,1,0,False,nasa_power_merra2,2025-PRECTOTCORR.json|2025-RH2M.json|2025-T2M.json
2025,5,Khushab,Khushab District,33.7989,33.3871,124.9400,3,3,0,False,nasa_power_merra2,2025-PRECTOTCORR.json|2025-RH2M.json|2025-T2M.json
2025,5,Lahore,Lahore District,34.6323,32.6665,35.8200,1,1,0,False,nasa_power_merra2,2025-PRECTOTCORR.json|2025-RH2M.json|2025-T2M.json
2025,5,Layyah,Layyah District,31.7001,25.8908,55.4600,3,0,3,False,nasa_power_merra2,2025-PRECTOTCORR.json|2025-RH2M.json|2025-T2M.json
2025,5,Lodhran,Lodhran District,,,,0,0,0,True,nasa_power_merra2,
2025,5,Mandi Bahauddin,Mandi Bahauddin District,33.7871,36.7816,47.4800,1,1,0,False,nasa_power_merra2,2025-PRECTOTCORR.json|2025-RH2M.json|2025-T2M.json
2025,5,Mianwali,Mianwali District,,,,0,0,0,True,nasa_power_merra2,
2025,5,Multan,Multan District,37.2826,23.9884,9.9000,1,1,0,False,nasa_power_merra2,2025-PRECTOTCORR.json|2025-RH2M.json|2025-T2M.json
2025,5,Muzaffargarh,Muzaffargarh District,36.4898,27.1027,88.6000,6,0,6,False,nasa_power_merra2,2025-PRECTOTCORR.json|2025-RH2M.json|2025-T2M.json
2025,5,Narowal,Narowal District,,,,0,0,0,True,nasa_power_merra2,
2025,5,Okara,Okara District,32.6494,36.2629,1330.5300,29,0,29,False,nasa_power_merra2,2025-PRECTOTCORR.json|2025-RH2M.json|2025-T2M.json
2025,5,Pakpattan,Pakpattan District,,,,0,0,0,True,nasa_power_merra2,
2025,5,Rahim Yar Khan,Rahim Yar Khan District,37.4610,25.7433,50.9000,5,5,0,False,nasa_power_merra2,2025-PRECTOTCORR.json|2025-RH2M.json|2025-T2M.json
2025,5,Rajanpur,Rajanpur District,36.0756,24.2042,59.0000,3,3,0,False,nasa_power_merra2,2025-PRECTOTCORR.json|2025-RH2M.json|2025-T2M.json
2025,5,Rawalpindi,Rawalpindi District,29.9406,46.6919,119.5900,1,1,0,False,nasa_power_merra2,2025-PRECTOTCORR.json|2025-RH2M.json|2025-T2M.json
2025,5,Sahiwal,Sahiwal District,36.3873,25.4847,21.7100,2,2,0,False,nasa_power_merra2,2025-PRECTOTCORR.json|2025-RH2M.json|2025-T2M.json
2025,5,Sargodha,Sargodha District,34.6504,32.5618,114.1100,3,3,0,False,nasa_power_merra2,2025-PRECTOTCORR.json|2025-RH2M.json|2025-T2M.json
2025,5,Sheikhupura,Sheikhupura District,,,,0,0,0,True,nasa_power_merra2,
2025,5,Sialkot,Sialkot District,33.2010,38.7916,59.4900,1,1,0,False,nasa_power_merra2,2025-PRECTOTCORR.json|2025-RH2M.json|2025-T2M.json
2025,5,Toba Tek Singh,Toba Tek Singh District,36.3416,25.7455,16.2400,1,1,0,False,nasa_power_merra2,2025-PRECTOTCORR.json|2025-RH2M.json|2025-T2M.json
2025,5,Vehari,Vehari District,36.8166,24.3677,17.4000,2,2,0,False,nasa_power_merra2,2025-PRECTOTCORR.json|2025-RH2M.json|2025-T2M.json
2025,6,Attock,Attock District,34.4673,41.9203,133.2900,1,1,0,False,nasa_power_merra2,2025-PRECTOTCORR.json|2025-RH2M.json|2025-T2M.json
2025,6,Bahawalnagar,Bahawalnagar District,37.7934,33.4182,173.6200,3,3,0,False,nasa_power_merra2,2025-PRECTOTCORR.json|2025-RH2M.json|2025-T2M.json
2025,6,Bahawalpur,Bahawalpur District,37.8718,33.1015,334.0800,8,8,0,False,nasa_power_merra2,2025-PRECTOTCORR.json|2025-RH2M.json|2025-T2M.json
2025,6,Bhakkar,Bhakkar District,33.2759,31.9326,723.8200,21,0,21,False,nasa_power_merra2,2025-PRECTOTCORR.json|2025-RH2M.json|2025-T2M.json
2025,6,Chakwal,Chakwal District,35.1419,39.0740,345.0900,3,3,0,False,nasa_power_merra2,2025-PRECTOTCORR.json|2025-RH2M.json|2025-T2M.json
2025,6,Dera Ghazi Khan,Dera Ghazi Khan District,36.5258,27.8351,128.9800,4,4,0,False,nasa_power_merra2,2025-PRECTOTCORR.json|2025-RH2M.json|2025-T2M.json
2025,6,Faisalabad,Faisalabad District,37.7110,33.4575,153.3200,2,2,0,False,nasa_power_merra2,2025-PRECTOTCORR.json|2025-RH2M.json|2025-T2M.json
2025,6,Gujranwala,Gujranwala District,36.2370,38.8153,125.9900,1,1,0,False,nasa_power_merra2,2025-PRECTOTCORR.json|2025-RH2M.json|2025-T2M.json
2025,6,Gujrat,Gujrat District,,,,0,0,0,True,nasa_power_merra2,
2025,6,Hafizabad,Hafizabad District,36.8173,36.7913,115.6300,1,1,0,False,nasa_power_merra2,2025-PRECTOTCORR.json|2025-RH2M.json|2025-T2M.json
2025,6,Jhang,Jhang District,31.3715,44.9693,563.8400,7,0,7,False,nasa_power_merra2,2025-PRECTOTCORR.json|2025-RH2M.json|2025-T2M.json
2025,6,Jhelum,Jhelum District,34.8883,42.2693,142.2300,1,1,0,False,nasa_power_merra2,2025-PRECTOTCORR.json|2025-RH2M.json|2025-T2M.json
2025,6,Kasur,Kasur District,36.8345,37.0150,216.7100,2,2,0,False,nasa_power_merra2,2025-PRECTOTCORR.json|2025-RH2M.json|2025-T2M.json
2025,6,Khanewal,Khanewal District,38.6497,29.7773,45.9600,1,1,0,False,nasa_power_merra2,2025-PRECTOTCORR.json|2025-RH2M.json|2025-T2M.json
2025,6,Khushab,Khushab District,36.3817,34.7246,184.0800,3,3,0,False,nasa_power_merra2,2025-PRECTOTCORR.json|2025-RH2M.json|2025-T2M.json
2025,6,Lahore,Lahore District,36.5250,37.6743,129.9400,1,1,0,False,nasa_power_merra2,2025-PRECTOTCORR.json|2025-RH2M.json|2025-T2M.json
2025,6,Layyah,Layyah District,34.0832,29.1047,88.3100,3,0,3,False,nasa_power_merra2,2025-PRECTOTCORR.json|2025-RH2M.json|2025-T2M.json
2025,6,Lodhran,Lodhran District,,,,0,0,0,True,nasa_power_merra2,
2025,6,Mandi Bahauddin,Mandi Bahauddin District,36.3143,38.8523,130.7100,1,1,0,False,nasa_power_merra2,2025-PRECTOTCORR.json|2025-RH2M.json|2025-T2M.json
2025,6,Mianwali,Mianwali District,,,,0,0,0,True,nasa_power_merra2,
2025,6,Multan,Multan District,38.7523,29.3073,30.6500,1,1,0,False,nasa_power_merra2,2025-PRECTOTCORR.json|2025-RH2M.json|2025-T2M.json
2025,6,Muzaffargarh,Muzaffargarh District,37.6206,33.0411,206.4000,6,0,6,False,nasa_power_merra2,2025-PRECTOTCORR.json|2025-RH2M.json|2025-T2M.json
2025,6,Narowal,Narowal District,,,,0,0,0,True,nasa_power_merra2,
2025,6,Okara,Okara District,33.7817,44.0119,2909.5100,29,0,29,False,nasa_power_merra2,2025-PRECTOTCORR.json|2025-RH2M.json|2025-T2M.json
2025,6,Pakpattan,Pakpattan District,,,,0,0,0,True,nasa_power_merra2,
2025,6,Rahim Yar Khan,Rahim Yar Khan District,37.9568,34.0410,237.1300,5,5,0,False,nasa_power_merra2,2025-PRECTOTCORR.json|2025-RH2M.json|2025-T2M.json
2025,6,Rajanpur,Rajanpur District,37.6241,28.6854,114.7200,3,3,0,False,nasa_power_merra2,2025-PRECTOTCORR.json|2025-RH2M.json|2025-T2M.json
2025,6,Rawalpindi,Rawalpindi District,33.4500,44.7623,171.3600,1,1,0,False,nasa_power_merra2,2025-PRECTOTCORR.json|2025-RH2M.json|2025-T2M.json
2025,6,Sahiwal,Sahiwal District,38.1495,32.1227,138.3100,2,2,0,False,nasa_power_merra2,2025-PRECTOTCORR.json|2025-RH2M.json|2025-T2M.json
2025,6,Sargodha,Sargodha District,37.0820,35.1411,286.2700,3,3,0,False,nasa_power_merra2,2025-PRECTOTCORR.json|2025-RH2M.json|2025-T2M.json
2025,6,Sheikhupura,Sheikhupura District,,,,0,0,0,True,nasa_power_merra2,
2025,6,Sialkot,Sialkot District,35.5890,41.2680,121.3400,1,1,0,False,nasa_power_merra2,2025-PRECTOTCORR.json|2025-RH2M.json|2025-T2M.json
2025,6,Toba Tek Singh,Toba Tek Singh District,38.1910,31.5743,66.6800,1,1,0,False,nasa_power_merra2,2025-PRECTOTCORR.json|2025-RH2M.json|2025-T2M.json
2025,6,Vehari,Vehari District,38.5350,30.3285,102.0600,2,2,0,False,nasa_power_merra2,2025-PRECTOTCORR.json|2025-RH2M.json|2025-T2M.json
2025,7,Attock,Attock District,30.0916,77.6939,455.5600,1,1,0,False,nasa_power_merra2,2025-PRECTOTCORR.json|2025-RH2M.json|2025-T2M.json
2025,7,Bahawalnagar,Bahawalnagar District,34.0219,59.5751,502.4400,3,3,0,False,nasa_power_merra2,2025-PRECTOTCORR.json|2025-RH2M.json|2025-T2M.json
2025,7,Bahawalpur,Bahawalpur District,35.2766,52.2929,703.4500,8,8,0,False,nasa_power_merra2,2025-PRECTOTCORR.json|2025-RH2M.json|2025-T2M.json
2025,7,Bhakkar,Bhakkar District,30.4801,60.3053,3419.3600,21,0,21,False,nasa_power_merra2,2025-PRECTOTCORR.json|2025-RH2M.json|2025-T2M.json
2025,7,Chakwal,Chakwal District,30.3023,77.3492,1199.8900,3,3,0,False,nasa_power_merra2,2025-PRECTOTCORR.json|2025-RH2M.json|2025-T2M.json
2025,7,Dera Ghazi Khan,Dera Ghazi Khan District,33.7924,54.5897,336.0300,4,4,0,False,nasa_power_merra2,2025-PRECTOTCORR.json|2025-RH2M.json|2025-T2M.json
2025,7,Faisalabad,Faisalabad District,32.5179,70.3939,572.1100,2,2,0,False,nasa_power_merra2,2025-PRECTOTCORR.json|2025-RH2M.json|2025-T2M.json
2025,7,Gujranwala,Gujranwala District,30.5510,80.3974,472.0400,1,1,0,False,nasa_power_merra2,2025-PRECTOTCORR.json|2025-RH2M.json|2025-T2M.json
2025,7,Gujrat,Gujrat District,,,,0,0,0,True,nasa_power_merra2,
2025,7,Hafizabad,Hafizabad District,31.1371,78.4597,455.3400,1,1,0,False,nasa_power_merra2,2025-PRECTOTCORR.json|2025-RH2M.json|2025-T2M.json
2025,7,Jhang,Jhang District,28.5310,72.7350,1763.6000,7,0,7,False,nasa_power_merra2,2025-PRECTOTCORR.json|2025-RH2M.json|2025-T2M.json
2025,7,Jhelum,Jhelum District,30.1065,79.5877,471.6900,1,1,0,False,nasa_power_merra2,2025-PRECTOTCORR.json|2025-RH2M.json|2025-T2M.json
2025,7,Kasur,Kasur District,31.4782,75.4531,783.7300,2,2,0,False,nasa_power_merra2,2025-PRECTOTCORR.json|2025-RH2M.json|2025-T2M.json
2025,7,Khanewal,Khanewal District,34.8981,57.5758,115.8700,1,1,0,False,nasa_power_merra2,2025-PRECTOTCORR.json|2025-RH2M.json|2025-T2M.json
2025,7,Khushab,Khushab District,32.0824,68.7123,722.8600,3,3,0,False,nasa_power_merra2,2025-PRECTOTCORR.json|2025-RH2M.json|2025-T2M.json
2025,7,Lahore,Lahore District,30.8281,78.9894,477.4000,1,1,0,False,nasa_power_merra2,2025-PRECTOTCORR.json|2025-RH2M.json|2025-T2M.json
2025,7,Layyah,Layyah District,31.4890,57.8429,284.2800,3,0,3,False,nasa_power_merra2,2025-PRECTOTCORR.json|2025-RH2M.json|2025-T2M.json
2025,7,Lodhran,Lodhran District,,,,0,0,0,True,nasa_power_merra2,
2025,7,Mandi Bahauddin,Mandi Bahauddin District,30.9806,78.5768,468.8100,1,1,0,False,nasa_power_merra2,2025-PRECTOTCORR.json|2025-RH2M.json|2025-T2M.json
2025,7,Mianwali,Mianwali District,,,,0,0,0,True,nasa_power_merra2,
2025,7,Multan,Multan District,36.2213,50.0613,53.8300,1,1,0,False,nasa_power_merra2,2025-PRECTOTCORR.json|2025-RH2M.json|2025-T2M.json
2025,7,Muzaffargarh,Muzaffargarh District,34.3977,55.8499,717.5200,6,0,6,False,nasa_power_merra2,2025-PRECTOTCORR.json|2025-RH2M.json|2025-T2M.json
2025,7,Narowal,Narowal District,,,,0,0,0,True,nasa_power_merra2,
2025,7,Okara,Okara District,30.2164,71.7618,7547.1100,29,0,29,False,nasa_power_merra2,2025-PRECTOTCORR.json|2025-RH2M.json|2025-T2M.json
2025,7,Pakpattan,Pakpattan District,,,,0,0,0,True,nasa_power_merra2,
2025,7,Rahim Yar Khan,Rahim Yar Khan District,35.7006,50.7037,303.9800,5,5,0,False,nasa_power_merra2,2025-PRECTOTCORR.json|2025-RH2M.json|2025-T2M.json
2025,7,Rajanpur,Rajanpur District,34.5367,54.7160,233.9800,3,3,0,False,nasa_power_merra2,2025-PRECTOTCORR.json|2025-RH2M.json|2025-T2M.json
2025,7,Rawalpindi,Rawalpindi District,29.2581,79.9526,469.3100,1,1,0,False,nasa_power_merra2,2025-PRECTOTCORR.json|2025-RH2M.json|2025-T2M.json
2025,7,Sahiwal,Sahiwal District,33.4711,64.2961,441.5500,2,2,0,False,nasa_power_merra2,2025-PRECTOTCORR.json|2025-RH2M.json|2025-T2M.json
2025,7,Sargodha,Sargodha District,31.7846,74.4002,994.5300,3,3,0,False,nasa_power_merra2,2025-PRECTOTCORR.json|2025-RH2M.json|2025-T2M.json
2025,7,Sheikhupura,Sheikhupura District,,,,0,0,0,True,nasa_power_merra2,
2025,7,Sialkot,Sialkot District,30.5594,79.4094,433.1800,1,1,0,False,nasa_power_merra2,2025-PRECTOTCORR.json|2025-RH2M.json|2025-T2M.json
2025,7,Toba Tek Singh,Toba Tek Singh District,33.4626,65.0958,229.5000,1,1,0,False,nasa_power_merra2,2025-PRECTOTCORR.json|2025-RH2M.json|2025-T2M.json
2025,7,Vehari,Vehari District,34.5432,58.8389,276.8900,2,2,0,False,nasa_power_merra2,2025-PRECTOTCORR.json|2025-RH2M.json|2025-T2M.json
2025,8,Attock,Attock District,28.8874,80.8287,304.1300,1,1,0,False,nasa_power_merra2,2025-PRECTOTCORR.json|2025-RH2M.json|2025-T2M.json
2025,8,Bahawalnagar,Bahawalnagar District,32.3743,61.1638,320.3100,3,3,0,False,nasa_power_merra2,2025-PRECTOTCORR.json|2025-RH2M.json|2025-T2M.json
2025,8,Bahawalpur,Bahawalpur District,34.2462,50.6546,395.6600,8,8,0,False,nasa_power_merra2,2025-PRECTOTCORR.json|2025-RH2M.json|2025-T2M.json
2025,8,Bhakkar,Bhakkar District,29.6694,61.2463,3198.6200,21,0,21,False,nasa_power_merra2,2025-PRECTOTCORR.json|2025-RH2M.json|2025-T2M.json
2025,8,Chakwal,Chakwal District,29.3008,78.5831,772.3900,3,3,0,False,nasa_power_merra2,2025-PRECTOTCORR.json|2025-RH2M.json|2025-T2M.json
2025,8,Dera Ghazi Khan,Dera Ghazi Khan District,33.2858,50.4112,265.1900,4,4,0,False,nasa_power_merra2,2025-PRECTOTCORR.json|2025-RH2M.json|2025-T2M.json
2025,8,Faisalabad,Faisalabad District,30.7092,72.2781,326.9300,2,2,0,False,nasa_power_merra2,2025-PRECTOTCORR.json|2025-RH2M.json|2025-T2M.json
2025,8,Gujranwala,Gujranwala District,29.1265,83.4448,435.9700,1,1,0,False,nasa_power_merra2,2025-PRECTOTCORR.json|2025-RH2M.json|2025-T2M.json
2025,8,Gujrat,Gujrat District,,,,0,0,0,True,nasa_power_merra2,
2025,8,Hafizabad,Hafizabad District,29.3758,82.2842,317.3600,1,1,0,False,nasa_power_merra2,2025-PRECTOTCORR.json|2025-RH2M.json|2025-T2M.json
2025,8,Jhang,Jhang District,27.4567,73.8256,1790.3500,7,0,7,False,nasa_power_merra2,2025-PRECTOTCORR.json|2025-RH2M.json|2025-T2M.json
2025,8,Jhelum,Jhelum District,28.9665,81.8381,437.7100,1,1,0,False,nasa_power_merra2,2025-PRECTOTCORR.json|2025-RH2M.json|2025-T2M.json
2025,8,Kasur,Kasur District,29.3132,81.0479,458.9700,2,2,0,False,nasa_power_merra2,2025-PRECTOTCORR.json|2025-RH2M.json|2025-T2M.json
2025,8,Khanewal,Khanewal District,33.8710,54.9045,90.2200,1,1,0,False,nasa_power_merra2,2025-PRECTOTCORR.json|2025-RH2M.json|2025-T2M.json
2025,8,Khushab,Khushab District,31.1777,68.6123,511.2800,3,3,0,False,nasa_power_merra2,2025-PRECTOTCORR.json|2025-RH2M.json|2025-T2M.json
2025,8,Lahore,Lahore District,29.0748,83.1561,319.4800,1,1,0,False,nasa_power_merra2,2025-PRECTOTCORR.json|2025-RH2M.json|2025-T2M.json
2025,8,Layyah,Layyah District,30.6287,55.7557,230.8100,3,0,3,False,nasa_power_merra2,2025-PRECTOTCORR.json|2025-RH2M.json|2025-T2M.json
2025,8,Lodhran,Lodhran District,,,,0,0,0,True,nasa_power_merra2,
2025,8,Mandi Bahauddin,Mandi Bahauddin District,29.5923,81.4481,400.7500,1,1,0,False,nasa_power_merra2,2025-PRECTOTCORR.json|2025-RH2M.json|2025-T2M.json
2025,8,Mianwali,Mianwali District,,,,0,0,0,True,nasa_power_merra2,
2025,8,Multan,Multan District,35.7374,44.8045,33.9500,1,1,0,False,nasa_power_merra2,2025-PRECTOTCORR.json|2025-RH2M.json|2025-T2M.json
2025,8,Muzaffargarh,Muzaffargarh District,33.6925,53.6140,541.3800,6,0,6,False,nasa_power_merra2,2025-PRECTOTCORR.json|2025-RH2M.json|2025-T2M.json
2025,8,Narowal,Narowal District,,,,0,0,0,True,nasa_power_merra2,
2025,8,Okara,Okara District,28.9339,74.3285,7015.0300,29,0,29,False,nasa_power_merra2,2025-PRECTOTCORR.json|2025-RH2M.json|2025-T2M.json
2025,8,Pakpattan,Pakpattan District,,,,0,0,0,True,nasa_power_merra2,
2025,8,Rahim Yar Khan,Rahim Yar Khan District,35.5499,45.4353,88.6800,5,5,0,False,nasa_power_merra2,2025-PRECTOTCORR.json|2025-RH2M.json|2025-T2M.json
2025,8,Rajanpur,Rajanpur District,34.7166,46.4992,104.9100,3,3,0,False,nasa_power_merra2,2025-PRECTOTCORR.json|2025-RH2M.json|2025-T2M.json
2025,8,Rawalpindi,Rawalpindi District,28.2039,81.5787,421.0000,1,1,0,False,nasa_power_merra2,2025-PRECTOTCORR.json|2025-RH2M.json|2025-T2M.json
2025,8,Sahiwal,Sahiwal District,31.7465,65.3855,264.4200,2,2,0,False,nasa_power_merra2,2025-PRECTOTCORR.json|2025-RH2M.json|2025-T2M.json
2025,8,Sargodha,Sargodha District,30.3516,76.2911,635.7100,3,3,0,False,nasa_power_merra2,2025-PRECTOTCORR.json|2025-RH2M.json|2025-T2M.json
2025,8,Sheikhupura,Sheikhupura District,,,,0,0,0,True,nasa_power_merra2,
2025,8,Sialkot,Sialkot District,29.2035,83.0345,540.0800,1,1,0,False,nasa_power_merra2,2025-PRECTOTCORR.json|2025-RH2M.json|2025-T2M.json
2025,8,Toba Tek Singh,Toba Tek Singh District,32.1555,63.6568,141.0400,1,1,0,False,nasa_power_merra2,2025-PRECTOTCORR.json|2025-RH2M.json|2025-T2M.json
2025,8,Vehari,Vehari District,33.2274,57.3044,179.4300,2,2,0,False,nasa_power_merra2,2025-PRECTOTCORR.json|2025-RH2M.json|2025-T2M.json
2025,9,Attock,Attock District,27.5797,74.1547,67.7500,1,1,0,False,nasa_power_merra2,2025-PRECTOTCORR.json|2025-RH2M.json|2025-T2M.json
2025,9,Bahawalnagar,Bahawalnagar District,31.1097,56.3516,83.6800,3,3,0,False,nasa_power_merra2,2025-PRECTOTCORR.json|2025-RH2M.json|2025-T2M.json
2025,9,Bahawalpur,Bahawalpur District,32.4952,49.6759,181.0100,8,8,0,False,nasa_power_merra2,2025-PRECTOTCORR.json|2025-RH2M.json|2025-T2M.json
2025,9,Bhakkar,Bhakkar District,26.9568,60.1962,1157.9800,21,0,21,False,nasa_power_merra2,2025-PRECTOTCORR.json|2025-RH2M.json|2025-T2M.json
2025,9,Chakwal,Chakwal District,27.8996,73.0178,216.7800,3,3,0,False,nasa_power_merra2,2025-PRECTOTCORR.json|2025-RH2M.json|2025-T2M.json
2025,9,Dera Ghazi Khan,Dera Ghazi Khan District,30.8039,49.8816,148.8300,4,4,0,False,nasa_power_merra2,2025-PRECTOTCORR.json|2025-RH2M.json|2025-T2M.json
2025,9,Faisalabad,Faisalabad District,30.0697,63.6063,108.0500,2,2,0,False,nasa_power_merra2,2025-PRECTOTCORR.json|2025-RH2M.json|2025-T2M.json
2025,9,Gujranwala,Gujranwala District,28.0810,77.9603,149.8600,1,1,0,False,nasa_power_merra2,2025-PRECTOTCORR.json|2025-RH2M.json|2025-T2M.json
2025,9,Gujrat,Gujrat District,,,,0,0,0,True,nasa_power_merra2,
2025,9,Hafizabad,Hafizabad District,28.6117,74.6643,109.8700,1,1,0,False,nasa_power_merra2,2025-PRECTOTCORR.json|2025-RH2M.json|2025-T2M.json
2025,9,Jhang,Jhang District,25.7279,69.4955,571.1500,7,0,7,False,nasa_power_merra2,2025-PRECTOTCORR.json|2025-RH2M.json|2025-T2M.json
2025,9,Jhelum,Jhelum District,28.0383,75.4860,137.5200,1,1,0,False,nasa_power_merra2,2025-PRECTOTCORR.json|2025-RH2M.json|2025-T2M.json
2025,9,Kasur,Kasur District,28.8663,71.2980,134.0200,2,2,0,False,nasa_power_merra2,2025-PRECTOTCORR.json|2025-RH2M.json|2025-T2M.json
2025,9,Khanewal,Khanewal District,31.4897,56.9987,58.0500,1,1,0,False,nasa_power_merra2,2025-PRECTOTCORR.json|2025-RH2M.json|2025-T2M.json
2025,9,Khushab,Khushab District,29.3821,64.9583,196.0900,3,3,0,False,nasa_power_merra2,2025-PRECTOTCORR.json|2025-RH2M.json|2025-T2M.json
2025,9,Lahore,Lahore District,28.3033,75.7563,112.0000,1,1,0,False,nasa_power_merra2,2025-PRECTOTCORR.json|2025-RH2M.json|2025-T2M.json
2025,9,Layyah,Layyah District,28.4156,51.6603,109.3000,3,0,3,False,nasa_power_merra2,2025-PRECTOTCORR.json|2025-RH2M.json|2025-T2M.json
2025,9,Lodhran,Lodhran District,,,,0,0,0,True,nasa_power_merra2,
2025,9,Mandi Bahauddin,Mandi Bahauddin District,28.4760,76.3843,133.5600,1,1,0,False,nasa_power_merra2,2025-PRECTOTCORR.json|2025-RH2M.json|2025-T2M.json
2025,9,Mianwali,Mianwali District,,,,0,0,0,True,nasa_power_merra2,
2025,9,Multan,Multan District,32.9883,48.0313,31.3000,1,1,0,False,nasa_power_merra2,2025-PRECTOTCORR.json|2025-RH2M.json|2025-T2M.json
2025,9,Muzaffargarh,Muzaffargarh District,31.5771,54.6439,253.6700,6,0,6,False,nasa_power_merra2,2025-PRECTOTCORR.json|2025-RH2M.json|2025-T2M.json
2025,9,Narowal,Narowal District,,,,0,0,0,True,nasa_power_merra2,
2025,9,Okara,Okara District,27.8076,68.8497,2430.6600,29,0,29,False,nasa_power_merra2,2025-PRECTOTCORR.json|2025-RH2M.json|2025-T2M.json
2025,9,Pakpattan,Pakpattan District,,,,0,0,0,True,nasa_power_merra2,
2025,9,Rahim Yar Khan,Rahim Yar Khan District,33.4617,46.7104,89.1000,5,5,0,False,nasa_power_merra2,2025-PRECTOTCORR.json|2025-RH2M.json|2025-T2M.json
2025,9,Rajanpur,Rajanpur District,32.5109,46.0866,55.2400,3,3,0,False,nasa_power_merra2,2025-PRECTOTCORR.json|2025-RH2M.json|2025-T2M.json
2025,9,Rawalpindi,Rawalpindi District,26.8263,76.6267,92.2000,1,1,0,False,nasa_power_merra2,2025-PRECTOTCORR.json|2025-RH2M.json|2025-T2M.json
2025,9,Sahiwal,Sahiwal District,30.6500,59.3975,78.6300,2,2,0,False,nasa_power_merra2,2025-PRECTOTCORR.json|2025-RH2M.json|2025-T2M.json
2025,9,Sargodha,Sargodha District,29.3140,69.2183,231.4000,3,3,0,False,nasa_power_merra2,2025-PRECTOTCORR.json|2025-RH2M.json|2025-T2M.json
2025,9,Sheikhupura,Sheikhupura District,,,,0,0,0,True,nasa_power_merra2,
2025,9,Sialkot,Sialkot District,28.0590,78.8600,176.5100,1,1,0,False,nasa_power_merra2,2025-PRECTOTCORR.json|2025-RH2M.json|2025-T2M.json
2025,9,Toba Tek Singh,Toba Tek Singh District,30.7423,59.5337,54.2600,1,1,0,False,nasa_power_merra2,2025-PRECTOTCORR.json|2025-RH2M.json|2025-T2M.json
2025,9,Vehari,Vehari District,31.4082,55.8770,74.6300,2,2,0,False,nasa_power_merra2,2025-PRECTOTCORR.json|2025-RH2M.json|2025-T2M.json
2025,10,Attock,Attock District,22.1400,64.1645,49.7400,1,1,0,False,nasa_power_merra2,2025-PRECTOTCORR.json|2025-RH2M.json|2025-T2M.json
2025,10,Bahawalnagar,Bahawalnagar District,27.0829,42.8284,65.5600,3,3,0,False,nasa_power_merra2,2025-PRECTOTCORR.json|2025-RH2M.json|2025-T2M.json
2025,10,Bahawalpur,Bahawalpur District,28.0434,38.6304,167.1500,8,8,0,False,nasa_power_merra2,2025-PRECTOTCORR.json|2025-RH2M.json|2025-T2M.json
2025,10,Bhakkar,Bhakkar District,21.5555,48.7547,686.7100,21,0,21,False,nasa_power_merra2,2025-PRECTOTCORR.json|2025-RH2M.json|2025-T2M.json
2025,10,Chakwal,Chakwal District,22.9187,60.5637,119.2800,3,3,0,False,nasa_power_merra2,2025-PRECTOTCORR.json|2025-RH2M.json|2025-T2M.json
2025,10,Dera Ghazi Khan,Dera Ghazi Khan District,25.5613,37.4315,75.9300,4,4,0,False,nasa_power_merra2,2025-PRECTOTCORR.json|2025-RH2M.json|2025-T2M.json
2025,10,Faisalabad,Faisalabad District,25.7887,48.5337,45.3400,2,2,0,False,nasa_power_merra2,2025-PRECTOTCORR.json|2025-RH2M.json|2025-T2M.json
2025,10,Gujranwala,Gujranwala District,23.5755,67.4023,46.3800,1,1,0,False,nasa_power_merra2,2025-PRECTOTCORR.json|2025-RH2M.json|2025-T2M.json
2025,10,Gujrat,Gujrat District,,,,0,0,0,True,nasa_power_merra2,
2025,10,Hafizabad,Hafizabad District,23.8855,64.1913,36.1500,1,1,0,False,nasa_power_merra2,2025-PRECTOTCORR.json|2025-RH2M.json|2025-T2M.json
2025,10,Jhang,Jhang District,20.7259,56.8965,305.3100,7,0,7,False,nasa_power_merra2,2025-PRECTOTCORR.json|2025-RH2M.json|2025-T2M.json
2025,10,Jhelum,Jhelum District,23.5981,62.8661,52.6900,1,1,0,False,nasa_power_merra2,2025-PRECTOTCORR.json|2025-RH2M.json|2025-T2M.json
2025,10,Kasur,Kasur District,24.8513,57.4521,55.0900,2,2,0,False,nasa_power_merra2,2025-PRECTOTCORR.json|2025-RH2M.json|2025-T2M.json
2025,10,Khanewal,Khanewal District,26.8661,44.6377,32.6100,1,1,0,False,nasa_power_merra2,2025-PRECTOTCORR.json|2025-RH2M.json|2025-T2M.json
2025,10,Khushab,Khushab District,24.7257,50.3699,78.8200,3,3,0,False,nasa_power_merra2,2025-PRECTOTCORR.json|2025-RH2M.json|2025-T2M.json
2025,10,Lahore,Lahore District,23.9803,64.7277,38.4800,1,1,0,False,nasa_power_merra2,2025-PRECTOTCORR.json|2025-RH2M.json|2025-T2M.json
2025,10,Layyah,Layyah District,23.1781,37.6918,44.5000,3,0,3,False,nasa_power_merra2,2025-PRECTOTCORR.json|2025-RH2M.json|2025-T2M.json
2025,10,Lodhran,Lodhran District,,,,0,0,0,True,nasa_power_merra2,
2025,10,Mandi Bahauddin,Mandi Bahauddin District,23.6358,66.0974,44.1100,1,1,0,False,nasa_power_merra2,2025-PRECTOTCORR.json|2025-RH2M.json|2025-T2M.json
2025,10,Mianwali,Mianwali District,,,,0,0,0,True,nasa_power_merra2,
2025,10,Multan,Multan District,27.7394,40.6016,30.1100,1,1,0,False,nasa_power_merra2,2025-PRECTOTCORR.json|2025-RH2M.json|2025-T2M.json
2025,10,Muzaffargarh,Muzaffargarh District,27.1509,43.9005,163.4900,6,0,6,False,nasa_power_merra2,2025-PRECTOTCORR.json|2025-RH2M.json|2025-T2M.json
2025,10,Narowal,Narowal District,,,,0,0,0,True,nasa_power_merra2,
2025,10,Okara,Okara District,23.6351,57.0189,1112.9000,29,0,29,False,nasa_power_merra2,2025-PRECTOTCORR.json|2025-RH2M.json|2025-T2M.json
2025,10,Pakpattan,Pakpattan District,,,,0,0,0,True,nasa_power_merra2,
2025,10,Rahim Yar Khan,Rahim Yar Khan District,28.9781,33.7572,26.1400,5,5,0,False,nasa_power_merra2,2025-PRECTOTCORR.json|2025-RH2M.json|2025-T2M.json
2025,10,Rajanpur,Rajanpur District,27.5062,33.5358,32.0200,3,3,0,False,nasa_power_merra2,2025-PRECTOTCORR.json|2025-RH2M.json|2025-T2M.json
2025,10,Rawalpindi,Rawalpindi District,21.9519,64.3861,54.7800,1,1,0,False,nasa_power_merra2,2025-PRECTOTCORR.json|2025-RH2M.json|2025-T2M.json
2025,10,Sahiwal,Sahiwal District,26.4911,44.3476,42.9900,2,2,0,False,nasa_power_merra2,2025-PRECTOTCORR.json|2025-RH2M.json|2025-T2M.json
2025,10,Sargodha,Sargodha District,24.8502,54.5368,85.6700,3,3,0,False,nasa_power_merra2,2025-PRECTOTCORR.json|2025-RH2M.json|2025-T2M.json
2025,10,Sheikhupura,Sheikhupura District,,,,0,0,0,True,nasa_power_merra2,
2025,10,Sialkot,Sialkot District,23.7439,66.5758,55.3800,1,1,0,False,nasa_power_merra2,2025-PRECTOTCORR.json|2025-RH2M.json|2025-T2M.json
2025,10,Toba Tek Singh,Toba Tek Singh District,26.3755,44.6090,24.6400,1,1,0,False,nasa_power_merra2,2025-PRECTOTCORR.json|2025-RH2M.json|2025-T2M.json
2025,10,Vehari,Vehari District,27.1295,42.4211,55.7800,2,2,0,False,nasa_power_merra2,2025-PRECTOTCORR.json|2025-RH2M.json|2025-T2M.json
2025,11,Attock,Attock District,16.1097,45.5340,3.9800,1,1,0,False,nasa_power_merra2,2025-PRECTOTCORR.json|2025-RH2M.json|2025-T2M.json
2025,11,Bahawalnagar,Bahawalnagar District,20.6146,23.8403,0.0000,3,3,0,False,nasa_power_merra2,2025-PRECTOTCORR.json|2025-RH2M.json|2025-T2M.json
2025,11,Bahawalpur,Bahawalpur District,21.2672,21.9093,0.1400,8,8,0,False,nasa_power_merra2,2025-PRECTOTCORR.json|2025-RH2M.json|2025-T2M.json
2025,11,Bhakkar,Bhakkar District,15.1312,26.9686,50.6500,21,0,21,False,nasa_power_merra2,2025-PRECTOTCORR.json|2025-RH2M.json|2025-T2M.json
2025,11,Chakwal,Chakwal District,16.4508,43.3902,3.6000,3,3,0,False,nasa_power_merra2,2025-PRECTOTCORR.json|2025-RH2M.json|2025-T2M.json
2025,11,Dera Ghazi Khan,Dera Ghazi Khan District,18.3913,16.8318,0.0000,4,4,0,False,nasa_power_merra2,2025-PRECTOTCORR.json|2025-RH2M.json|2025-T2M.json
2025,11,Faisalabad,Faisalabad District,18.9077,32.7775,0.2500,2,2,0,False,nasa_power_merra2,2025-PRECTOTCORR.json|2025-RH2M.json|2025-T2M.json
2025,11,Gujranwala,Gujranwala District,17.1907,52.4377,1.8400,1,1,0,False,nasa_power_merra2,2025-PRECTOTCORR.json|2025-RH2M.json|2025-T2M.json
2025,11,Gujrat,Gujrat District,,,,0,0,0,True,nasa_power_merra2,
2025,11,Hafizabad,Hafizabad District,17.6573,47.3020,1.0200,1,1,0,False,nasa_power_merra2,2025-PRECTOTCORR.json|2025-RH2M.json|2025-T2M.json
2025,11,Jhang,Jhang District,14.7820,37.5075,33.4900,7,0,7,False,nasa_power_merra2,2025-PRECTOTCORR.json|2025-RH2M.json|2025-T2M.json
2025,11,Jhelum,Jhelum District,17.8247,48.7933,2.7500,1,1,0,False,nasa_power_merra2,2025-PRECTOTCORR.json|2025-RH2M.json|2025-T2M.json
2025,11,Kasur,Kasur District,18.4170,39.1297,0.3000,2,2,0,False,nasa_power_merra2,2025-PRECTOTCORR.json|2025-RH2M.json|2025-T2M.json
2025,11,Khanewal,Khanewal District,19.8020,24.4860,0.0000,1,1,0,False,nasa_power_merra2,2025-PRECTOTCORR.json|2025-RH2M.json|2025-T2M.json
2025,11,Khushab,Khushab District,17.7844,33.0936,1.0400,3,3,0,False,nasa_power_merra2,2025-PRECTOTCORR.json|2025-RH2M.json|2025-T2M.json
2025,11,Lahore,Lahore District,17.4880,48.0517,0.7100,1,1,0,False,nasa_power_merra2,2025-PRECTOTCORR.json|2025-RH2M.json|2025-T2M.json
2025,11,Layyah,Layyah District,16.1487,17.5018,0.0000,3,0,3,False,nasa_power_merra2,2025-PRECTOTCORR.json|2025-RH2M.json|2025-T2M.json
2025,11,Lodhran,Lodhran District,,,,0,0,0,True,nasa_power_merra2,
2025,11,Mandi Bahauddin,Mandi Bahauddin District,17.4027,52.7030,1.6900,1,1,0,False,nasa_power_merra2,2025-PRECTOTCORR.json|2025-RH2M.json|2025-T2M.json
2025,11,Mianwali,Mianwali District,,,,0,0,0,True,nasa_power_merra2,
2025,11,Multan,Multan District,20.6003,19.8043,0.0000,1,1,0,False,nasa_power_merra2,2025-PRECTOTCORR.json|2025-RH2M.json|2025-T2M.json
2025,11,Muzaffargarh,Muzaffargarh District,20.6214,25.9474,1.1300,6,0,6,False,nasa_power_merra2,2025-PRECTOTCORR.json|2025-RH2M.json|2025-T2M.json
2025,11,Narowal,Narowal District,,,,0,0,0,True,nasa_power_merra2,
2025,11,Okara,Okara District,17.8330,37.9392,57.9600,29,0,29,False,nasa_power_merra2,2025-PRECTOTCORR.json|2025-RH2M.json|2025-T2M.json
2025,11,Pakpattan,Pakpattan District,,,,0,0,0,True,nasa_power_merra2,
2025,11,Rahim Yar Khan,Rahim Yar Khan District,21.7665,18.1656,0.0100,5,5,0,False,nasa_power_merra2,2025-PRECTOTCORR.json|2025-RH2M.json|2025-T2M.json
2025,11,Rajanpur,Rajanpur District,20.2246,14.7412,0.0000,3,3,0,False,nasa_power_merra2,2025-PRECTOTCORR.json|2025-RH2M.json|2025-T2M.json
2025,11,Rawalpindi,Rawalpindi District,16.3417,48.4337,3.9300,1,1,0,False,nasa_power_merra2,2025-PRECTOTCORR.json|2025-RH2M.json|2025-T2M.json
2025,11,Sahiwal,Sahiwal District,19.5433,27.4988,0.0100,2,2,0,False,nasa_power_merra2,2025-PRECTOTCORR.json|2025-RH2M.json|2025-T2M.json
2025,11,Sargodha,Sargodha District,18.0423,39.2996,1.6100,3,3,0,False,nasa_power_merra2,2025-PRECTOTCORR.json|2025-RH2M.json|2025-T2M.json
2025,11,Sheikhupura,Sheikhupura District,,,,0,0,0,True,nasa_power_merra2,
2025,11,Sialkot,Sialkot District,17.8373,51.5300,3.5500,1,1,0,False,nasa_power_merra2,2025-PRECTOTCORR.json|2025-RH2M.json|2025-T2M.json
2025,11,Toba Tek Singh,Toba Tek Singh District,19.0970,29.8063,0.0500,1,1,0,False,nasa_power_merra2,2025-PRECTOTCORR.json|2025-RH2M.json|2025-T2M.json
2025,11,Vehari,Vehari District,20.3040,21.6565,0.0000,2,2,0,False,nasa_power_merra2,2025-PRECTOTCORR.json|2025-RH2M.json|2025-T2M.json
2025,12,Attock,Attock District,13.7816,52.8506,18.6800,1,1,0,False,nasa_power_merra2,2025-PRECTOTCORR.json|2025-RH2M.json|2025-T2M.json
2025,12,Bahawalnagar,Bahawalnagar District,17.7883,25.8689,1.1100,3,3,0,False,nasa_power_merra2,2025-PRECTOTCORR.json|2025-RH2M.json|2025-T2M.json
2025,12,Bahawalpur,Bahawalpur District,18.3598,25.3570,13.0700,8,8,0,False,nasa_power_merra2,2025-PRECTOTCORR.json|2025-RH2M.json|2025-T2M.json
2025,12,Bhakkar,Bhakkar District,12.9564,35.7008,367.1600,21,0,21,False,nasa_power_merra2,2025-PRECTOTCORR.json|2025-RH2M.json|2025-T2M.json
2025,12,Chakwal,Chakwal District,14.2816,48.4647,45.3900,3,3,0,False,nasa_power_merra2,2025-PRECTOTCORR.json|2025-RH2M.json|2025-T2M.json
2025,12,Dera Ghazi Khan,Dera Ghazi Khan District,16.0432,25.4760,22.0100,4,4,0,False,nasa_power_merra2,2025-PRECTOTCORR.json|2025-RH2M.json|2025-T2M.json
2025,12,Faisalabad,Faisalabad District,16.2047,33.8031,2.9900,2,2,0,False,nasa_power_merra2,2025-PRECTOTCORR.json|2025-RH2M.json|2025-T2M.json
2025,12,Gujranwala,Gujranwala District,14.6106,52.9681,1.0200,1,1,0,False,nasa_power_merra2,2025-PRECTOTCORR.json|2025-RH2M.json|2025-T2M.json
2025,12,Gujrat,Gujrat District,,,,0,0,0,True,nasa_power_merra2,
2025,12,Hafizabad,Hafizabad District,15.0326,49.5765,2.4900,1,1,0,False,nasa_power_merra2,2025-PRECTOTCORR.json|2025-RH2M.json|2025-T2M.json
2025,12,Jhang,Jhang District,12.5894,41.1211,121.4000,7,0,7,False,nasa_power_merra2,2025-PRECTOTCORR.json|2025-RH2M.json|2025-T2M.json
2025,12,Jhelum,Jhelum District,15.8542,49.0100,11.5200,1,1,0,False,nasa_power_merra2,2025-PRECTOTCORR.json|2025-RH2M.json|2025-T2M.json
2025,12,Kasur,Kasur District,15.7282,38.5061,0.2900,2,2,0,False,nasa_power_merra2,2025-PRECTOTCORR.json|2025-RH2M.json|2025-T2M.json
2025,12,Khanewal,Khanewal District,16.8842,28.2432,1.4700,1,1,0,False,nasa_power_merra2,2025-PRECTOTCORR.json|2025-RH2M.json|2025-T2M.json
2025,12,Khushab,Khushab District,15.1851,39.3833,28.8700,3,3,0,False,nasa_power_merra2,2025-PRECTOTCORR.json|2025-RH2M.json|2025-T2M.json
2025,12,Lahore,Lahore District,14.8942,47.7332,0.3000,1,1,0,False,nasa_power_merra2,2025-PRECTOTCORR.json|2025-RH2M.json|2025-T2M.json
2025,12,Layyah,Layyah District,13.8202,28.2665,20.0900,3,0,3,False,nasa_power_merra2,2025-PRECTOTCORR.json|2025-RH2M.json|2025-T2M.json
2025,12,Lodhran,Lodhran District,,,,0,0,0,True,nasa_power_merra2,
2025,12,Mandi Bahauddin,Mandi Bahauddin District,14.9581,54.4455,5.2700,1,1,0,False,nasa_power_merra2,2025-PRECTOTCORR.json|2025-RH2M.json|2025-T2M.json
2025,12,Mianwali,Mianwali District,,,,0,0,0,True,nasa_power_merra2,
2025,12,Multan,Multan District,17.6871,25.0684,1.6300,1,1,0,False,nasa_power_merra2,2025-PRECTOTCORR.json|2025-RH2M.json|2025-T2M.json
2025,12,Muzaffargarh,Muzaffargarh District,17.9476,27.4861,14.4200,6,0,6,False,nasa_power_merra2,2025-PRECTOTCORR.json|2025-RH2M.json|2025-T2M.json
2025,12,Narowal,Narowal District,,,,0,0,0,True,nasa_power_merra2,
2025,12,Okara,Okara District,15.3525,36.4991,77.5100,29,0,29,False,nasa_power_merra2,2025-PRECTOTCORR.json|2025-RH2M.json|2025-T2M.json
2025,12,Pakpattan,Pakpattan District,,,,0,0,0,True,nasa_power_merra2,
2025,12,Rahim Yar Khan,Rahim Yar Khan District,18.7635,23.8675,33.2800,5,5,0,False,nasa_power_merra2,2025-PRECTOTCORR.json|2025-RH2M.json|2025-T2M.json
2025,12,Rajanpur,Rajanpur District,17.6866,22.6132,17.3200,3,3,0,False,nasa_power_merra2,2025-PRECTOTCORR.json|2025-RH2M.json|2025-T2M.json
2025,12,Rawalpindi,Rawalpindi District,14.6768,50.0313,21.6900,1,1,0,False,nasa_power_merra2,2025-PRECTOTCORR.json|2025-RH2M.json|2025-T2M.json
2025,12,Sahiwal,Sahiwal District,16.9427,27.4948,0.7600,2,2,0,False,nasa_power_merra2,2025-PRECTOTCORR.json|2025-RH2M.json|2025-T2M.json
2025,12,Sargodha,Sargodha District,15.5510,42.9595,18.1200,3,3,0,False,nasa_power_merra2,2025-PRECTOTCORR.json|2025-RH2M.json|2025-T2M.json
2025,12,Sheikhupura,Sheikhupura District,,,,0,0,0,True,nasa_power_merra2,
2025,12,Sialkot,Sialkot District,15.2977,51.9103,3.5800,1,1,0,False,nasa_power_merra2,2025-PRECTOTCORR.json|2025-RH2M.json|2025-T2M.json
2025,12,Toba Tek Singh,Toba Tek Singh District,16.4345,30.9939,1.0800,1,1,0,False,nasa_power_merra2,2025-PRECTOTCORR.json|2025-RH2M.json|2025-T2M.json
2025,12,Vehari,Vehari District,17.4273,25.3073,0.9800,2,2,0,False,nasa_power_merra2,2025-PRECTOTCORR.json|2025-RH2M.json|2025-T2M.json
