date,year,month,district,NDVI_mean,NDWI_mean,rainfall_total_mm,rainfall_mean_mm_per_day,temp_max_c,temp_mean_c,temp_min_c,soil_moisture_0_7cm,soil_moisture_7_28cm,landcover_crops_km2,landcover_cropland_fraction,data_source_schema,data_quality_flag,missing_columns_note
2022-01-01,2022,1,Attock District,0.3149732092019355,-0.37189994519429215,108.41969800271296,3.497409605720341,18.449293572901553,10.184438004586521,1.3265731592183145,0.3109781829598761,0.29449033548355197,3839.26480189453,,legacy_detailed,,
2022-01-01,2022,1,Bahawalnagar District,0.49360070532699996,-0.4729947398941945,29.98730383588831,0.9673323821670818,23.671712288060412,12.858706616335954,4.591312148951687,0.17127575700511694,0.14744805985507964,5875.39939967643,,legacy_detailed,,
2022-01-01,2022,1,Bahawalpur District,0.2400721966066183,-0.3061642251585864,13.121180650070782,0.423263891958699,26.257590325045143,13.515559585187802,4.46644725434615,0.09652781788769589,0.12607931364953087,6307.846791972983,,legacy_detailed,,
2022-01-01,2022,1,Bhakkar District,0.3511034755150003,-0.3693255467121679,35.25676053202854,1.1373148527687227,22.039899076045277,12.357768491130768,4.3014516693334235,0.1302660067455447,0.12093401420202182,4010.348181958321,,legacy_detailed,,
2022-01-01,2022,1,Chakwal District,0.31173860612824383,-0.38382833268045846,99.08167334934662,3.1961830140818934,18.530064072808045,10.62704166748411,3.507041513279962,0.2922052304974429,0.2690597811664481,3554.091009295465,,legacy_detailed,,
2022-01-01,2022,1,Dera Ghazi Khan District,0.32703087694823024,-0.3777021770118229,33.235384461293314,1.072109176750054,23.857614804233236,11.931192596568364,3.5643554665682635,0.11742317642655804,0.14090572814405306,4288.59658055138,,legacy_detailed,,
2022-01-01,2022,1,Faisalabad District,0.47098290511847374,-0.4274901332205667,48.891558996906,1.577147064599062,21.303215796923602,12.251804201713943,4.489404081297173,0.23313854210358143,0.18512358711775187,1714.8876389999639,,legacy_detailed,,
2022-01-01,2022,1,Gujranwala District,0.5823126114768953,-0.5154575288580683,108.70406098113706,3.506582605633399,19.894297394825514,11.679240795620702,3.6968294233720482,0.32176231584416626,0.30393603106045614,2794.0358051812937,,legacy_detailed,,
2022-01-01,2022,1,Gujrat District,0.4414094337359517,-0.43993597880282714,142.7885702699946,4.606082910040205,20.16246208455753,11.309856270768112,2.7154114860577714,0.3342862659534942,0.32336727296295237,2178.687586762179,,legacy_detailed,,
2022-01-01,2022,1,Hafizabad District,0.6011965810370686,-0.5192270178025824,96.23940069155705,3.104496793926068,20.34832536736032,11.921382764486689,4.065587592058936,0.2724117819129351,0.2332663820355274,321.7033523239158,,legacy_detailed,,
2022-01-01,2022,1,Jhang District,0.4654598630141468,-0.4353951605328221,36.73760098886177,1.1850839019392196,21.8237579155232,12.497813356241387,4.409927170393486,0.2101901094698848,0.16575469502972132,6221.517910950608,,legacy_detailed,,
2022-01-01,2022,1,Jhelum District,0.3493321328141981,-0.4115723704893395,119.78707210243756,3.8640990941472704,19.711339887533097,10.960141345237487,2.294932983287336,0.3124944689942213,0.2960468394063154,1756.7544921823503,,legacy_detailed,,
2022-01-01,2022,1,Kasur District,0.5158101263336449,-0.4694585244463092,54.94296007411034,1.7723535458173438,20.68859020942718,12.216994507366982,4.287924831273638,0.2831715967955877,0.26005605781254976,3151.887891072659,,legacy_detailed,,
2022-01-01,2022,1,Khanewal District,0.632504192053532,-0.5737514133956678,27.144914983565315,0.8756424203106862,23.461510058625933,12.908517460301493,4.855328450968622,0.200796921499603,0.153183344458533,3657.8387873388056,,legacy_detailed,,
2022-01-01,2022,1,Khushab District,0.3159334214134163,-0.36023336636765246,55.94745398767444,1.8047565787791862,20.734861846479763,11.73646628340293,3.3655853248516028,0.1965839059733793,0.17133866001047213,2918.9468082182584,,legacy_detailed,,
2022-01-01,2022,1,Lahore District,0.3894377929690665,-0.3783201471317988,94.42863473162261,3.0460849790394553,20.01299708043601,11.929311383918515,4.296443448485174,0.30999987718495114,0.29475963551115497,966.7327162039887,,legacy_detailed,,
2022-01-01,2022,1,Layyah District,0.4438698449455675,-0.4302986539931603,33.469487116560934,1.079660874877039,23.575859926316497,12.69346267416452,4.405493382621287,0.11290893131280297,0.09471306746317497,3899.7103318084214,,legacy_detailed,,
2022-01-01,2022,1,Lodhran District,0.6427974545250198,-0.5867079807530639,23.690397427297835,0.7642063688289796,24.821049852832303,13.324118106598563,5.318119920725761,0.18261664534153935,0.14332126006437146,2367.02594497843,,legacy_detailed,,
2022-01-01,2022,1,Mandi Bahauddin District,0.5088705479342434,-0.4886940854822524,122.22080065431497,3.9426064827301035,20.327333701965916,11.687503205642841,3.0171190139648316,0.28908181962038787,0.26491611055691894,2132.995745097722,,legacy_detailed,,
2022-01-01,2022,1,Mianwali District,0.40319217451867734,-0.417934208199484,62.03836142784478,2.0012374660156254,19.668448560917717,11.846167125501575,4.426472116484841,0.21793429806683073,0.18702901952410916,3216.3204829759825,,legacy_detailed,,
2022-01-01,2022,1,Multan District,0.5782238721879035,-0.5341416957924368,26.826291040412595,0.8653642249300632,25.080942181330638,13.325362447007022,5.251812070357498,0.18621309894150345,0.14377808643086454,2601.963195617208,,legacy_detailed,,
2022-01-01,2022,1,Muzaffargarh District,0.5011337585236065,-0.477759396804564,28.324383971696285,0.9136898035707818,25.483113525648474,13.311829656736306,5.1684085554162245,0.15008653562922158,0.11752790665093144,5186.275166427958,,legacy_detailed,,
2022-01-01,2022,1,Narowal District,0.15877879200559064,-0.15887410107603625,160.09233527090962,5.164268868313665,19.458250390940943,11.4008520615797,3.5536745244710186,0.36193730330756546,0.3585953351598945,1257.744952335519,,legacy_detailed,,
2022-01-01,2022,1,Okara District,0.5212475886760909,-0.458554872100026,37.0463838640287,1.1950446368302778,21.367663583008127,12.402975583917561,4.93488283364074,0.23612653308404122,0.19563074799353233,3407.3642318575835,,legacy_detailed,,
2022-01-01,2022,1,Pakpattan District,0.5825104101529236,-0.5141657451440795,36.64749028616559,1.1821771078500776,22.270123334622397,12.699129287205547,4.950597200194876,0.2114727033609736,0.16161427728117,2436.2373244790283,,legacy_detailed,,
2022-01-01,2022,1,Rahim Yar Khan District,0.35146898692618717,-0.37960665556029133,17.8973639640041,0.5773343203589884,26.58588342920626,14.128934798841186,5.345225119725481,0.12749723488261927,0.1317936135590334,6045.148384218366,,legacy_detailed,,
2022-01-01,2022,1,Rajanpur District,0.28676628456921316,-0.3319524025241326,29.768752966025517,0.9602823547224596,26.53808497189812,13.396180667635809,4.133665538929304,0.11101218129476094,0.135852261163787,4591.192238929316,,legacy_detailed,,
2022-01-01,2022,1,Rawalpindi District,0.3298190480715114,-0.388400571435879,164.67172500058152,5.311991123265824,17.970436928662675,9.063131568851155,0.5053365882182265,0.3677210389055205,0.35853430319409835,2179.837130052958,,legacy_detailed,,
2022-01-01,2022,1,Sahiwal District,0.6005570821963665,-0.5426036642956549,39.30700249099283,1.267967819663906,22.22539770519286,12.568734216950864,4.725265135201975,0.2142235620666617,0.1669731993973334,1971.47705989331,,legacy_detailed,,
2022-01-01,2022,1,Sargodha District,0.509325644602143,-0.4722201282981859,77.58130404167797,2.5026226997293377,21.047975333979057,12.11893434959164,3.480403429060974,0.2514665818365054,0.21430898813644653,4066.4214557134387,,legacy_detailed,,
2022-01-01,2022,1,Sheikhupura District,0.5352872735267755,-0.4759726877993556,83.6571193470685,2.698616749484881,20.306314505166437,11.980279409092976,4.20389789805053,0.2829455825507797,0.25303517512919244,3866.8678671324074,,legacy_detailed,,
2022-01-01,2022,1,Sialkot District,0.37703931263479934,-0.34537995932923954,161.08743331440883,5.196368821982425,19.987737651565283,11.429289385899489,3.1390888970959994,0.35547466439445297,0.350265504799383,1871.9281824327818,,legacy_detailed,,
2022-01-01,2022,1,Toba Tek Singh District,0.5521109661152674,-0.5044679269184518,32.887000459384545,1.0608709809482166,21.993091624945386,12.487903662411071,4.216010108182013,0.22238031232753805,0.1725628754993877,2595.46817938953,,legacy_detailed,,
2022-01-01,2022,1,Vehari District,0.5773032660379195,-0.5443000497840941,27.59482568485818,0.8901556665514448,23.58169631717046,12.984265927036622,4.892463002267311,0.1949337044579179,0.14973537183431274,3779.670352253333,,legacy_detailed,,
2022-02-01,2022,2,Attock District,0.3210459130401673,-0.36638193679540715,38.50852869798787,1.3753045976880953,23.42053172134815,12.598074205212189,3.1847908550092696,0.2648033363454044,0.2730517496320558,3533.0587721331044,,legacy_detailed,,
2022-02-01,2022,2,Bahawalnagar District,0.5083379489766281,-0.5034929359567965,0.6055019752933497,0.021625070533104473,27.762855053866748,16.746547878590203,6.3626584084081586,0.1170525811405201,0.1410321603415584,5877.17469252935,,legacy_detailed,,
2022-02-01,2022,2,Bahawalpur District,0.25046534462571507,-0.32901562202385004,0.15836344084483042,0.005655837094729364,30.133612307849937,18.327882222366263,7.129382125233749,0.05554042270352656,0.12295523212347621,6313.634600854378,,legacy_detailed,,
2022-02-01,2022,2,Bhakkar District,0.36590825932967513,-0.3746852472055837,5.947467978615466,0.21240957050748233,27.25515298146743,15.732478960604828,5.425553171756192,0.08341955454511135,0.11404070985516197,4761.374273144614,,legacy_detailed,,
2022-02-01,2022,2,Chakwal District,0.30116183667556046,-0.36295833791657506,27.428377187884447,0.9795849003504044,22.922955174379762,12.946299418050637,3.909527346722907,0.25092780344822324,0.24859790242577123,3459.3018881430116,,legacy_detailed,,
2022-02-01,2022,2,Dera Ghazi Khan District,0.30447201688256326,-0.35714464870770013,6.326509928752907,0.2259467833019264,27.67649778927723,15.776843199675758,5.823372937026054,0.05800131145962627,0.14296622367466028,4287.350367706017,,legacy_detailed,,
2022-02-01,2022,2,Faisalabad District,0.545657035360934,-0.5249360333314423,9.553131938819831,0.3411832834781618,25.18384450706132,15.10425464486595,5.420829801807471,0.19527460859532264,0.1798874387485829,4858.316356694459,,legacy_detailed,,
2022-02-01,2022,2,Gujranwala District,0.6190138977192575,-0.5504858694848032,14.803906714130443,0.5287109535191491,23.08492483253911,13.808088213494651,4.593883362851492,0.28154200221524034,0.2816489687525394,3066.1625571084915,,legacy_detailed,,
2022-02-01,2022,2,Gujrat District,0.504694062624604,-0.4913743366516544,17.511506516473727,0.6254109457775199,23.15438013419719,13.314456275365815,3.961270063261929,0.3056156841535811,0.3087344417826319,2233.8143695298727,,legacy_detailed,,
2022-02-01,2022,2,Hafizabad District,0.7096412372253749,-0.6362727160398334,10.451688688027781,0.373274596133491,23.85653704003994,14.26022725101018,4.398598765006433,0.2334448017151576,0.22687863846545872,2035.212883922436,,legacy_detailed,,
2022-02-01,2022,2,Jhang District,0.531417693155144,-0.5170166760952383,8.750427322747456,0.31251526064713353,25.9520704887371,15.589768292093638,6.134393726846041,0.17188995013400632,0.16738739961444898,6893.174775784137,,legacy_detailed,,
2022-02-01,2022,2,Jhelum District,0.3521345345394256,-0.4035874624110043,21.955373197012374,0.7841204720336288,23.077778869267767,13.23117550240282,3.7625820515858144,0.2880488456482824,0.2878578199822372,1527.0140530130734,,legacy_detailed,,
2022-02-01,2022,2,Kasur District,0.48350634461688186,-0.458254934573608,7.583862935117055,0.2708522484891258,25.33503233149043,14.736005109366918,4.2368959326155675,0.23119742464049636,0.22945875096022858,3408.9599256838724,,legacy_detailed,,
2022-02-01,2022,2,Khanewal District,0.6330218314421335,-0.5959748473571925,0.8721353739462543,0.031147691774502127,26.97959693251232,16.470446208489548,7.23528027094011,0.14797702972331414,0.14627010362217896,3643.8101431055106,,legacy_detailed,,
2022-02-01,2022,2,Khushab District,0.3448151224804534,-0.38572224577084463,10.846304807100879,0.3873680297820706,25.651640323652305,14.556733074055641,5.269671774030174,0.15804265285596128,0.16068336901617913,3131.412984093027,,legacy_detailed,,
2022-02-01,2022,2,Lahore District,0.3923626825867712,-0.3767726975333208,12.346777067883561,0.4409563227927762,24.247739574465502,14.168413924137411,4.565498132806873,0.25341973749025803,0.25863331952261226,908.3056570169535,,legacy_detailed,,
2022-02-01,2022,2,Layyah District,0.46227903596084746,-0.4530324623020676,6.126156504927319,0.2187913029233083,28.07848802610885,16.50222556819781,5.445320920561154,0.06470811608141787,0.09223163634835685,4064.273902403151,,legacy_detailed,,
2022-02-01,2022,2,Lodhran District,0.6467776323439803,-0.6115679304024061,0.28360510035086195,0.010128753500320454,28.091338210554845,17.046363305854896,7.385546401317511,0.12942030694171847,0.1375897289636885,2325.212859336356,,legacy_detailed,,
2022-02-01,2022,2,Mandi Bahauddin District,0.5843301591231297,-0.5385572187264714,13.991199243881463,0.49968568568644167,23.73721179836542,13.925992790678242,4.4356053440631875,0.2540546519710732,0.25408589208782917,2281.2199357830536,,legacy_detailed,,
2022-02-01,2022,2,Mianwali District,0.4101381375799895,-0.4183102913353227,10.803950493468934,0.38585537442590984,25.73503702389758,14.571220337194589,5.268898457253999,0.15516353654145046,0.17530881490282949,3257.761717111504,,legacy_detailed,,
2022-02-01,2022,2,Multan District,0.5771560307710313,-0.5540596554634502,0.4671571690869201,0.01668418454822984,28.165345008887034,17.024787479413977,6.990904581675466,0.13197649679578263,0.13865645304841154,2674.8424528682604,,legacy_detailed,,
2022-02-01,2022,2,Muzaffargarh District,0.48568825703787655,-0.47671121430947605,1.0085407889745976,0.03601931392604869,28.769242834039623,17.037339627108874,6.4223582575747615,0.09894713641615054,0.11416281469855151,5175.292532185652,,legacy_detailed,,
2022-02-01,2022,2,Narowal District,0.588174236944365,-0.525213182640666,30.195224125450064,1.0784008629166193,23.159175600938564,13.415276488912063,4.7265802559906565,0.3443553077490346,0.3482618749232921,2107.232778943224,,legacy_detailed,,
2022-02-01,2022,2,Okara District,0.5247911597358532,-0.49961975477635645,1.4759008805919258,0.052710746052181415,26.318913818609172,15.348824406605711,5.181830852624795,0.19846885905457207,0.18922168628024852,3985.5961343350878,,legacy_detailed,,
2022-02-01,2022,2,Pakpattan District,0.5102610259591751,-0.47188973236912785,0.0290784642773695,0.0010385165949164774,26.49036306996458,16.083965507828776,6.073527823881813,0.16121823170240687,0.155958278785341,2586.410899019968,,legacy_detailed,,
2022-02-01,2022,2,Rahim Yar Khan District,0.3538785045619474,-0.40604553034149243,0.0939796250762129,0.003356415203012351,31.473356773329225,18.573220035191312,7.9121439004220395,0.07811696887274394,0.12287478801211658,5935.800844873123,,legacy_detailed,,
2022-02-01,2022,2,Rajanpur District,0.27407177426729995,-0.3350461283206594,2.0218392510233647,0.07220854444672323,30.269498508624324,17.727644545499107,7.0762938114709035,0.052546710534118,0.1331447782650181,4441.687892369714,,legacy_detailed,,
2022-02-01,2022,2,Rawalpindi District,0.3884079089574578,-0.4288225120987818,41.23787417842729,1.472781218129004,21.531776129847273,11.079593175235928,1.6887137314171554,0.34308849940595737,0.3498150405858888,2091.446726712449,,legacy_detailed,,
2022-02-01,2022,2,Sahiwal District,0.5533518595146126,-0.5258935038522183,1.6790567565172583,0.059966312872102835,26.191378838032385,15.892027904198107,6.315254086672417,0.168217805326508,0.15981250389980473,2771.301971998479,,legacy_detailed,,
2022-02-01,2022,2,Sargodha District,0.571473166624851,-0.542279217837243,12.284790267132763,0.4387425091736536,24.87302868978379,14.672195790946809,4.912715354012343,0.2088845658669445,0.1991140958852734,4952.423907841104,,legacy_detailed,,
2022-02-01,2022,2,Sheikhupura District,0.622831616856371,-0.5593705503513248,12.377815462365204,0.4420648382350547,24.15293163206785,14.351020160433125,4.529164123098591,0.2431823203820155,0.23517689351400772,5121.362221323224,,legacy_detailed,,
2022-02-01,2022,2,Sialkot District,0.583520698137526,-0.5203316593076681,20.71204553113832,0.7397159095529567,22.975599889850947,13.415363409415722,4.045003419391103,0.3267076129421521,0.3317229963042087,2504.495933218618,,legacy_detailed,,
2022-02-01,2022,2,Toba Tek Singh District,0.5997687258462557,-0.5820378018270289,5.063754724284668,0.18084838194701575,25.945550158380485,15.626598437499135,6.38303515207736,0.1782389790078954,0.16780147641675047,2591.681839948155,,legacy_detailed,,
2022-02-01,2022,2,Vehari District,0.5610007847839729,-0.54980547142286,0.3236442460782155,0.011558723017065524,27.180275851275685,16.61045111120092,7.119955253400295,0.13766973999562246,0.14234374307288583,3793.5568638962095,,legacy_detailed,,
2022-03-01,2022,3,Attock District,0.38118017895714706,-0.4251384418720154,42.216166158041695,1.3618118060347297,33.186248450286065,20.477344039672982,7.90789090034549,0.24961890185711733,0.26398107096186707,3140.5603984415307,,legacy_detailed,,
2022-03-01,2022,3,Bahawalnagar District,0.4000439423657239,-0.4484189180693105,1.8947307599757266,0.06112034699417694,38.51505417791463,25.327940712741388,10.835441653662249,0.10373691678383244,0.1275747473305205,5822.926123383462,,legacy_detailed,,
2022-03-01,2022,3,Bahawalpur District,0.19624537185333202,-0.2962934415101972,0.6868379562761187,0.022156063095236597,40.473655009512655,26.833388193200392,11.60103577875085,0.05176346985574359,0.11893102139904603,5979.043787452523,,legacy_detailed,,
2022-03-01,2022,3,Bhakkar District,0.36013236651359476,-0.3893917441661418,14.632628603101733,0.4720202781721446,37.42594543409722,24.524025691241054,11.150684640371084,0.08258267622179218,0.11836934253095836,4979.742197615872,,legacy_detailed,,
2022-03-01,2022,3,Chakwal District,0.352713514309053,-0.3997796249946515,40.284005760414914,1.2994840607730214,33.38004101019493,21.189705260457103,8.320662029410475,0.2419752616095801,0.2484790715663837,3110.613163564011,,legacy_detailed,,
2022-03-01,2022,3,Dera Ghazi Khan District,0.2612349452981383,-0.32474833652960405,16.268273444449544,0.5247830142297416,36.569179136806476,23.802971913811373,9.673038048125003,0.09795930625475371,0.15345896855116345,3766.1056262337775,,legacy_detailed,,
2022-03-01,2022,3,Faisalabad District,0.5130359968508248,-0.520703270208998,19.91423448154306,0.6423946624735151,37.11526427985604,24.225618853457213,10.824240298852553,0.1565646394483904,0.15299198094567718,4883.956140249764,,legacy_detailed,,
2022-03-01,2022,3,Gujranwala District,0.6090384211768212,-0.5740147560683548,21.213250688955366,0.6842984098167256,36.12624017126412,22.661424804387362,9.38008699884818,0.2129333152599275,0.23225548055211423,3037.113980895014,,legacy_detailed,,
2022-03-01,2022,3,Gujrat District,0.5143991639822498,-0.5079990802916889,36.30801594515987,1.1712263228197175,35.175129320061025,21.642441094030644,8.12631194694107,0.25685523499874957,0.278530262761586,2137.715201797,,legacy_detailed,,
2022-03-01,2022,3,Hafizabad District,0.6385349222179975,-0.602949323274825,18.64480279539703,0.6014452518286637,36.406966112473526,23.218034373587123,10.630254531368875,0.18181376901541368,0.18384223011194636,2029.6221935367362,,legacy_detailed,,
2022-03-01,2022,3,Jhang District,0.49002805000040395,-0.4996992682983965,10.73868685290395,0.3464092525103201,37.53753450834711,24.66710459710617,11.249734025454735,0.1467638092408137,0.1455006209799267,6823.854793939039,,legacy_detailed,,
2022-03-01,2022,3,Jhelum District,0.4154815726485481,-0.4494798632838214,42.10333688481463,1.3581721544591119,34.10397776142274,21.25666206895101,8.135780511577423,0.2661467224995901,0.2826496747420121,1340.8049570222474,,legacy_detailed,,
2022-03-01,2022,3,Kasur District,0.5014020872971355,-0.4896894419548403,19.652737253147915,0.6339592667282093,36.802984345067514,23.769133254666162,10.379060625524763,0.1687450930597181,0.17532301155188204,3371.139538720352,,legacy_detailed,,
2022-03-01,2022,3,Khanewal District,0.5322293360542614,-0.5409858901983515,5.512550646224171,0.17782421467331583,37.719101069687476,25.132565879184757,11.323534822316198,0.13989877548067992,0.1371514455513793,3635.496103780731,,legacy_detailed,,
2022-03-01,2022,3,Khushab District,0.37884215661247045,-0.41688693682887634,23.425278083860313,0.7556541327703897,35.99434219567067,23.208143102220703,9.399696842390775,0.1574754419605606,0.18418000923291214,3413.898221141717,,legacy_detailed,,
2022-03-01,2022,3,Lahore District,0.4427397045195217,-0.4435394376628918,26.725385979573748,0.862109226918371,36.27258818432362,23.116461711242827,9.528288617773274,0.17812967900756888,0.20757262279293623,886.681031882551,,legacy_detailed,,
2022-03-01,2022,3,Layyah District,0.39625344687190545,-0.41980420945887664,12.156377858883127,0.3921412216568713,38.39925968097579,25.21816766495169,10.922227728039234,0.0800775850658464,0.09564638064864733,3907.9576605352413,,legacy_detailed,,
2022-03-01,2022,3,Lodhran District,0.5275851304341462,-0.5434274730324831,3.830558044114891,0.12356638831859178,38.08036843025656,25.25543951702375,11.59213770121414,0.1333115289187072,0.13320576191248554,2330.5574657058014,,legacy_detailed,,
2022-03-01,2022,3,Mandi Bahauddin District,0.586140982429797,-0.5595778892743138,29.957284897284747,0.9663640297479708,35.94382547902258,22.376871401800816,9.678552660863875,0.21610516971101257,0.23144484344739447,2257.1867809319865,,legacy_detailed,,
2022-03-01,2022,3,Mianwali District,0.4186347261623478,-0.43377342611664044,32.08652046730278,1.035049049645861,35.744355917496435,22.946405939374372,9.328302739117051,0.14972315829006294,0.1713337002647512,3093.523420402404,,legacy_detailed,,
2022-03-01,2022,3,Multan District,0.4917642743358743,-0.5093408079333092,5.813179768672453,0.18752192692838252,38.361864069096434,25.424512811415447,11.535386280078296,0.13856185506933513,0.13405876388344332,2687.366985164002,,legacy_detailed,,
2022-03-01,2022,3,Muzaffargarh District,0.40220178883741003,-0.42908011735440355,9.070379332085665,0.29259288229052843,38.67183839905248,25.413931269257997,10.958199138455026,0.11022698138299925,0.11376940041835384,4865.4599900894755,,legacy_detailed,,
2022-03-01,2022,3,Narowal District,0.622049235218892,-0.5926480141265605,29.10849207578934,0.9389836139375863,34.59730951689509,21.577074851677533,8.914284318674774,0.26370792603538434,0.2907811875511267,2097.00096686031,,legacy_detailed,,
2022-03-01,2022,3,Okara District,0.5045982424314802,-0.5043980746146747,15.159749692494488,0.48902418277137816,37.22388407759399,24.400621517755503,10.862022162127085,0.14600319810377865,0.14675922518432874,3938.149830705807,,legacy_detailed,,
2022-03-01,2022,3,Pakpattan District,0.5274824684354964,-0.5211120117618014,5.036507077377311,0.16246797019117293,37.452577218408464,24.906081642348635,10.861466820923066,0.1319882769775106,0.13516715970105653,2588.550609300979,,legacy_detailed,,
2022-03-01,2022,3,Rahim Yar Khan District,0.2683633196158496,-0.34568908794490505,2.6025256264332817,0.08395243951978831,40.08237534821407,26.6406723084954,12.090815171228154,0.07413864245543522,0.11661439053784657,5886.910470212752,,legacy_detailed,,
2022-03-01,2022,3,Rajanpur District,0.21257889726362725,-0.2869522528511831,9.53488378362018,0.3075768959739844,39.00798205959912,25.76793374791951,10.936570629970621,0.06548351676096445,0.1308838601435864,3761.2050210843813,,legacy_detailed,,
2022-03-01,2022,3,Rawalpindi District,0.4953593252285539,-0.5091303812086484,58.534446475589064,1.8882079521920483,31.824535613043285,18.818244157834773,5.680496614673011,0.31888273287337837,0.3458481564654965,1909.1354310755814,,legacy_detailed,,
2022-03-01,2022,3,Sahiwal District,0.5195785116013945,-0.52872283911304,8.963586013160725,0.28914793485192436,37.297317651782734,24.686450591126,10.84625641694459,0.14282281076041434,0.1442355564886328,2788.1688391108437,,legacy_detailed,,
2022-03-01,2022,3,Sargodha District,0.5463041504335954,-0.538529491431663,26.951055739566936,0.8693888944822297,36.20538575919038,23.264416467385665,9.983589830568391,0.1963982081209031,0.20114912896195983,4971.904125223725,,legacy_detailed,,
2022-03-01,2022,3,Sheikhupura District,0.6192913427013508,-0.589209065331281,24.861682042127878,0.801989741525578,36.49545032593994,23.38888166392259,10.105900485102904,0.17680397020898872,0.18562867256521448,5103.223146633017,,legacy_detailed,,
2022-03-01,2022,3,Sialkot District,0.6172720243210617,-0.5808280626974367,27.130016281885446,0.8751618169262949,35.265058377568735,21.713303363370585,8.220459327446724,0.25317378778824834,0.2796809038069102,2517.3847902986495,,legacy_detailed,,
2022-03-01,2022,3,Toba Tek Singh District,0.5186216178542767,-0.5329211259150887,6.023525330736686,0.19430726987696767,36.98772385836222,24.455077117441558,11.024165575794498,0.15564685809155393,0.1487162623367022,2627.843848992657,,legacy_detailed,,
2022-03-01,2022,3,Vehari District,0.5243075610531297,-0.5338221459279744,3.9239096418497286,0.12657773050666699,37.70545582168173,25.159117130271802,11.057207958435463,0.12715516537428145,0.13327303418662706,3905.015932040607,,legacy_detailed,,
2022-04-01,2022,4,Attock District,0.24332309764640195,-0.3407744977284464,21.459667208109384,0.7153222401182604,39.02634720265377,27.128506240513726,13.671136581355114,0.13888689902760076,0.17422013841637254,3046.399222447526,,legacy_detailed,,
2022-04-01,2022,4,Bahawalnagar District,0.17299817819886826,-0.29132962662127443,0.014926929238325982,4.975643090662081E-4,43.69055901534096,31.7419399626103,17.828972155772853,0.09204057357235496,0.1244139435699772,5152.947512419967,,legacy_detailed,,
2022-04-01,2022,4,Bahawalpur District,0.11401762196809677,-0.23069019223586015,3.498590973225417,0.11661969908941583,44.28394736945484,33.03491435360169,19.0997267185133,0.04172681953097043,0.11556167529071057,3845.1545763018125,,legacy_detailed,,
2022-04-01,2022,4,Bhakkar District,0.17929517528666308,-0.2790408852794055,8.741701798757552,0.2913900601556199,42.440432368505554,31.02662397251395,17.25719993515917,0.0496220408083638,0.09284350766517413,3724.8457414251698,,legacy_detailed,,
2022-04-01,2022,4,Chakwal District,0.24781749827676225,-0.34288704183223156,16.740019350411256,0.5580006447404434,39.36815024313347,28.14122479184514,15.959502717277898,0.14268416608962523,0.15967559654454086,2939.272999589456,,legacy_detailed,,
2022-04-01,2022,4,Dera Ghazi Khan District,0.16627205039943047,-0.2764486322410533,8.912473979624263,0.2970824659581399,41.22331985586652,30.17753033965675,17.571272284508186,0.04847165769584981,0.14326083100663523,3807.986234749328,,legacy_detailed,,
2022-04-01,2022,4,Faisalabad District,0.29221969220173605,-0.37652583137899076,1.65772111058431,0.05525737041535133,43.692162077617176,31.07124140092651,17.44817935437298,0.13402779289995778,0.14444236835174984,4901.166485405429,,legacy_detailed,,
2022-04-01,2022,4,Gujranwala District,0.3272260880905012,-0.42426659817754175,6.116724544540862,0.20389081788241145,42.67422417009419,30.20092734660904,16.59776242426025,0.13084280100079648,0.1397462965120329,3042.607028120387,,legacy_detailed,,
2022-04-01,2022,4,Gujrat District,0.34151916615714717,-0.4209924824170038,7.0981598512365425,0.23660532783880592,40.91393154463831,28.692575278531397,15.556377757708185,0.14020117796024345,0.1519863096461092,2234.7991382929076,,legacy_detailed,,
2022-04-01,2022,4,Hafizabad District,0.2859970687247813,-0.41738162399778944,6.983340643610189,0.23277802152085722,43.325713554441286,30.734731655089682,17.48206525078984,0.13453061575599926,0.13976173802741376,2032.5788435500735,,legacy_detailed,,
2022-04-01,2022,4,Jhang District,0.2835636190147468,-0.37851243444451416,2.01281635065034,0.06709387824923736,43.946870715198365,31.36133355201136,18.34405767254959,0.11522560302195405,0.13295303874414946,6752.991723331863,,legacy_detailed,,
2022-04-01,2022,4,Jhelum District,0.3006949292931012,-0.392519012308176,11.132720160198934,0.3710906716346416,40.06134457143265,28.26657935702434,15.897284682859464,0.14258286189401137,0.15872969549294158,1451.4694749798223,,legacy_detailed,,
2022-04-01,2022,4,Kasur District,0.37115534939836914,-0.42909275391421214,1.8466806992418117,0.061556022967469266,43.333418749191125,30.75486067984946,17.687255391295114,0.13109397470993397,0.14058425056251359,3425.3905288807755,,legacy_detailed,,
2022-04-01,2022,4,Khanewal District,0.2792881368031808,-0.37738202629711187,3.1040607168833487,0.10346869060063091,43.980342002249,31.57556622180596,17.955532069717684,0.1223635747428274,0.13368306967347757,3667.0248664136648,,legacy_detailed,,
2022-04-01,2022,4,Khushab District,0.23154103951565067,-0.33529570745354936,10.127582957242987,0.33758609812180845,42.02186739893334,30.273226130793358,16.88792329932719,0.09321500756399363,0.12016321506044057,2789.9069798724477,,legacy_detailed,,
2022-04-01,2022,4,Lahore District,0.3109915729899881,-0.37027339120551717,3.461333118150791,0.1153777702083404,43.1405460486417,30.445843370687562,17.394680091615147,0.1269037831068473,0.15140734635862674,929.5765421393894,,legacy_detailed,,
2022-04-01,2022,4,Layyah District,0.20326974218081725,-0.3060561507760592,8.463731298120425,0.28212437674028534,43.40943288016771,31.46292194430976,17.141486799792585,0.04949783106546937,0.0856992773486606,3520.602161450958,,legacy_detailed,,
2022-04-01,2022,4,Lodhran District,0.24950894405172616,-0.35680059711272333,1.8195439106150153,0.060651463692867495,43.895075782989444,31.591142114936435,18.207623675397357,0.12044386562533994,0.13102519052056294,2294.0219168523035,,legacy_detailed,,
2022-04-01,2022,4,Mandi Bahauddin District,0.3655965451055477,-0.4548358954734902,7.900783517762111,0.2633594502127555,42.32105620946875,29.87828123920494,16.561404116364148,0.13141981463743885,0.1451126873306828,2240.607650150487,,legacy_detailed,,
2022-04-01,2022,4,Mianwali District,0.23126068698246321,-0.32967587282331157,15.007718200964923,0.5002572728800092,40.96264040268882,29.5955099065208,17.47900907680832,0.0978882301574235,0.13563815923674255,2981.695768022606,,legacy_detailed,,
2022-04-01,2022,4,Multan District,0.2744211774829753,-0.3709373009702709,3.1862775370150502,0.10620925136086691,44.210132023620034,31.832307518308877,18.8844950864428,0.12015830012451885,0.13126282496354336,2706.9833611049453,,legacy_detailed,,
2022-04-01,2022,4,Muzaffargarh District,0.22435975925741447,-0.3165097745217669,6.62440344068941,0.22081344792921978,44.034035927841565,31.656771249661734,18.336641721924398,0.08963325253397944,0.10885619158094206,4493.106720407929,,legacy_detailed,,
2022-04-01,2022,4,Narowal District,0.3624858326388639,-0.4539397299069287,5.120654244522948,0.17068847495528136,40.422013055629705,28.215205048825517,14.993882871420563,0.14142419409520046,0.16397174027951608,2094.74311073876,,legacy_detailed,,
2022-04-01,2022,4,Okara District,0.3978122401538276,-0.45403790509939596,2.0397591545889044,0.06799197174988024,43.54067154520473,31.093949877174357,17.348186307765165,0.12430378565308718,0.13456765048727504,3953.272375358612,,legacy_detailed,,
2022-04-01,2022,4,Pakpattan District,0.3831490405417572,-0.44058845436925875,0.052593200744677694,0.00175310669797646,43.54557231403563,31.282323897999106,17.5120449102799,0.12213750347366698,0.13192408602339653,2569.4564099148824,,legacy_detailed,,
2022-04-01,2022,4,Rahim Yar Khan District,0.16086641736976745,-0.26530266571980493,4.311153818850086,0.14370512726394147,44.815978404556496,32.86839111883801,19.247569401750997,0.07019431406830225,0.11379489665031009,5011.238785236262,,legacy_detailed,,
2022-04-01,2022,4,Rajanpur District,0.12058051618862771,-0.22006614072122285,6.32119355375077,0.21070645232338894,43.60170002289754,31.944098360647697,18.964617849834433,0.04720407294851749,0.128276446585886,2657.6295673590084,,legacy_detailed,,
2022-04-01,2022,4,Rawalpindi District,0.38614609157970653,-0.4481991384232213,23.688828941474885,0.7896276310028544,37.238807207927984,25.48532658807626,13.078875573301078,0.18051437256312727,0.22181307272740475,1921.1322686254102,,legacy_detailed,,
2022-04-01,2022,4,Sahiwal District,0.3467673700049986,-0.4186230146065188,0.4605506875816855,0.015351689749621146,43.60682990854963,31.12185396076048,17.21239561885737,0.1290096698117613,0.13957481745640832,2799.948717082815,,legacy_detailed,,
2022-04-01,2022,4,Sargodha District,0.34552389699853286,-0.43838773809363335,7.633528378967772,0.2544509461349417,43.09874629371811,30.46995999200095,16.744604170534704,0.13546610316880867,0.1445144711883425,4928.636491528296,,legacy_detailed,,
2022-04-01,2022,4,Sheikhupura District,0.3123017513381659,-0.41156719874325143,5.246132580501142,0.17487108570277757,43.27215676412732,30.697123745130163,17.74739722605258,0.12711123388602985,0.1370318969765371,5146.118119865594,,legacy_detailed,,
2022-04-01,2022,4,Sialkot District,0.3767808062565692,-0.45544978180064594,5.770778394753654,0.19235928050503234,41.197662739388996,28.870920017958206,15.036833227628643,0.1391724987626554,0.15569958508888507,2519.7617299451554,,legacy_detailed,,
2022-04-01,2022,4,Toba Tek Singh District,0.29990525911076676,-0.39648739619841267,1.0909765426383662,0.03636588464976315,43.60372855636829,30.828144025190113,17.27513106047344,0.13025659647949275,0.14212373331213304,2664.2660910896075,,legacy_detailed,,
2022-04-01,2022,4,Vehari District,0.3507589768968681,-0.4249600829239645,1.1575402817249616,0.03858467590499048,43.71483721963298,31.48368103710526,17.618532685147773,0.12017485993313388,0.13098542683942227,3900.6164161452007,,legacy_detailed,,
2022-05-01,2022,5,Attock District,0.18154517021069713,-0.2996533267334474,20.575473332236992,0.6637249443113739,41.8608922493189,30.695920984835094,19.178158069239547,0.12629699290854224,0.14509617220243692,1912.050130387023,,legacy_detailed,,
2022-05-01,2022,5,Bahawalnagar District,0.14901311989462288,-0.2542040234638507,0.25360826459608315,0.008180911718348102,46.091025559213975,34.77319815935447,22.430503409828468,0.09382881979412647,0.12217750869048329,1758.2849917102938,,legacy_detailed,,
2022-05-01,2022,5,Bahawalpur District,0.09982098594591075,-0.21153924766301144,0.012894430185618077,4.159493574075552E-4,47.231919942278545,36.18512423931556,23.671551049199017,0.03541667449079486,0.11095761984189687,1725.4505565010197,,legacy_detailed,,
2022-05-01,2022,5,Bhakkar District,0.13557135441539256,-0.2283579098913452,4.2276701944478505,0.13637645803409623,45.90951242666788,34.465558501262905,22.061491821856706,0.04678266361835343,0.08744180608598384,1352.5154882671275,,legacy_detailed,,
2022-05-01,2022,5,Chakwal District,0.19172586593859464,-0.30776905897619633,14.943362617631893,0.4820439558634035,42.01252247334474,30.965149269103215,19.477749485903207,0.14022049858305122,0.14713218183942928,1754.6209210129928,,legacy_detailed,,
2022-05-01,2022,5,Dera Ghazi Khan District,0.11685508095157808,-0.21102630105296732,3.2298140618643503,0.1041875500627836,44.677735979640445,33.49437197343499,22.58540646036695,0.04544656476214369,0.13789120009372013,1710.8356794448243,,legacy_detailed,,
2022-05-01,2022,5,Faisalabad District,0.272938766180689,-0.3701800375135018,1.421923674459939,0.04586850558039034,44.97094818084314,33.78343373027708,21.69016066146141,0.13802337091447373,0.143536555976569,4042.8397038743738,,legacy_detailed,,
2022-05-01,2022,5,Gujranwala District,0.21284825368192767,-0.31837146033602837,11.631786656919191,0.37521892527360096,45.21410923757718,33.006144139470926,20.330400922591526,0.1432577385343752,0.1357425761337262,2295.1550068842207,,legacy_detailed,,
2022-05-01,2022,5,Gujrat District,0.23603692686164557,-0.3430483051960116,18.952562199925698,0.6113729748957081,44.52324226330234,31.884829622419947,19.761074016525868,0.1412737873894083,0.13219142330755568,2080.716201813552,,legacy_detailed,,
2022-05-01,2022,5,Hafizabad District,0.19443580174367525,-0.3191728358157788,10.015296015720175,0.3230740649126183,45.193484569127605,33.54494843445571,20.82827213377984,0.1372850239343677,0.13876130484712332,1103.5659660658052,,legacy_detailed,,
2022-05-01,2022,5,Jhang District,0.24654715591601561,-0.3386318776158237,2.1440869466492307,0.0691640948389663,45.85903054280245,34.3508762940375,22.82864896618393,0.11713345122045098,0.13185430360278902,4737.73835411835,,legacy_detailed,,
2022-05-01,2022,5,Jhelum District,0.2167434127647252,-0.319589447981442,17.245797705989258,0.5563160543350667,43.3234318173686,31.458985085149724,20.467633848403032,0.13556545069242873,0.1343232707981122,1200.8388444854934,,legacy_detailed,,
2022-05-01,2022,5,Kasur District,0.3154689546116078,-0.39388762786077275,3.9862114271693128,0.12858746608385835,45.19362890870331,33.343382110130214,20.507977199458228,0.14673125859458308,0.140961668934581,2752.171379931526,,legacy_detailed,,
2022-05-01,2022,5,Khanewal District,0.25047486302250227,-0.3374109183017342,0.62328794458323,0.020106062609509427,46.15509246334257,34.87183302507864,23.685135552725008,0.12451117817148549,0.13191714267509344,2461.310404152851,,legacy_detailed,,
2022-05-01,2022,5,Khushab District,0.17684191594225418,-0.288272580809117,6.982457674012523,0.22524057006628126,44.627301436528064,33.11725047962097,21.15619360985495,0.09456660801978106,0.11270301598464605,1831.0698715500387,,legacy_detailed,,
2022-05-01,2022,5,Lahore District,0.2457712786290092,-0.3332908079878022,9.51476410043256,0.30692787495544693,45.07693111526359,32.945316243803354,20.013751462018615,0.14268530514974478,0.15072826474852175,793.5899745882031,,legacy_detailed,,
2022-05-01,2022,5,Layyah District,0.1543053931849567,-0.24017861219589504,0.4519843637074323,0.014580140674253384,46.62847691993628,34.8534457954876,22.3063710073588,0.04641194644916618,0.08287823331226236,1641.81697591736,,legacy_detailed,,
2022-05-01,2022,5,Lodhran District,0.20775769259141708,-0.2955888078355397,0.6366917888025782,0.02053844477987148,46.49948902469861,35.16530361074822,23.856989379572223,0.12035210351454204,0.12938599954268137,1018.7864449455129,,legacy_detailed,,
2022-05-01,2022,5,Mandi Bahauddin District,0.2753656143136245,-0.38168651523405983,13.22221798698613,0.4265231616743976,44.82439803044794,32.81552957767977,20.944899026466256,0.13158473615864827,0.1380749552567053,1951.3394029593787,,legacy_detailed,,
2022-05-01,2022,5,Mianwali District,0.16273258532408186,-0.27247036115989076,10.527123496952063,0.3395846291720093,43.49000324422643,32.77838091544974,21.070883092064815,0.09577641041442518,0.13029391820007308,1200.281406283817,,legacy_detailed,,
2022-05-01,2022,5,Multan District,0.23101336174885043,-0.3182379142725926,2.4078192375278444,0.07767158879283345,46.82695271783397,35.36394093109786,24.387865301202496,0.12042144067593014,0.12948222960649386,1710.6394143529674,,legacy_detailed,,
2022-05-01,2022,5,Muzaffargarh District,0.19914896453928654,-0.2718691949172244,1.5891109106196961,0.05126164231532646,46.93872577273371,35.21397063069148,23.73134475518631,0.08797888270631436,0.10731361999231262,2378.9071452746343,,legacy_detailed,,
2022-05-01,2022,5,Narowal District,0.2055204922234758,-0.33498072186290956,20.15497701295718,0.6501605484883612,43.70016043235619,31.199370068550163,19.383673491450782,0.1553779508999223,0.1436154742096162,1857.5949227107171,,legacy_detailed,,
2022-05-01,2022,5,Okara District,0.3336809481161038,-0.40574304400750166,2.7089849675094024,0.08738661142578447,45.31878947115889,33.731777982707406,21.172594374766117,0.13585106103767172,0.13519908910482228,3063.0163870171773,,legacy_detailed,,
2022-05-01,2022,5,Pakpattan District,0.32646546817262023,-0.38560487898880264,2.90659151981458,0.09376101698695888,45.47136477311563,34.18991045493249,21.98131879000957,0.1267091536149165,0.1306503731937137,1985.861927772288,,legacy_detailed,,
2022-05-01,2022,5,Rahim Yar Khan District,0.16287605576030395,-0.24265409345170552,0.9297746872739162,0.02999273199486212,47.374075775516,36.198113206186186,24.934961915753775,0.06294854429983483,0.1110957581632593,3243.722274072468,,legacy_detailed,,
2022-05-01,2022,5,Rajanpur District,0.10611677299883031,-0.19095059160145134,0.6091481875106227,0.01964994158839422,45.66670038912537,35.28395994894527,24.30680627743706,0.04379228105953694,0.12594002159897205,1072.1284173823378,,legacy_detailed,,
2022-05-01,2022,5,Rawalpindi District,0.2718755383927524,-0.3393053121307004,25.33998002298726,0.8174187100232788,40.74448351948393,28.88946433929308,17.938231409079588,0.17024694690224437,0.19154387567896752,1691.0305358309379,,legacy_detailed,,
2022-05-01,2022,5,Sahiwal District,0.309918643143862,-0.3876709687129341,0.45454037079119064,0.014662592599943444,45.31416468529186,34.091561686923555,22.302607063133355,0.1325928062071287,0.13789159042921237,2339.016422666095,,legacy_detailed,,
2022-05-01,2022,5,Sargodha District,0.27624446765920746,-0.36586209632577127,9.493917810159088,0.30625541402947964,44.80741166098918,33.287870661940715,21.762040855937972,0.13743072452231692,0.14220459566923674,4053.100964870016,,legacy_detailed,,
2022-05-01,2022,5,Sheikhupura District,0.2155579819909351,-0.3284121386435712,5.459714609125892,0.17611982616630537,45.25581166017718,33.40758264829428,20.56553858679254,0.13931416433680185,0.1369087807025699,3620.2665890171543,,legacy_detailed,,
2022-05-01,2022,5,Sialkot District,0.23787234752921516,-0.3522602321334113,15.568947515924734,0.5022241138983085,44.42229462970434,31.894121912832276,19.650981815250482,0.1468862592892903,0.13683073848108854,2267.113516465268,,legacy_detailed,,
2022-05-01,2022,5,Toba Tek Singh District,0.26838674703079546,-0.363150195569418,0.2762467659917317,0.008911186023510782,45.32047206048949,33.90822136111841,22.669706774578124,0.1322923789249594,0.14038064134777373,2194.4901128171155,,legacy_detailed,,
2022-05-01,2022,5,Vehari District,0.3025970138207375,-0.36852743497248336,1.4347186954989766,0.04628124838185345,45.83599385906833,34.67259790221284,23.329440447835598,0.12092587094186674,0.12925822841284193,3035.709073898799,,legacy_detailed,,
2022-06-01,2022,6,Attock District,0.15726952166757785,-0.2633332334886979,34.968140280850825,1.1656046753848912,43.31884331915668,32.02195590199525,19.17248562062021,0.1757304410046424,0.17651275346576545,1197.2422211846956,,legacy_detailed,,
2022-06-01,2022,6,Bahawalnagar District,0.18802548151737997,-0.26714105018718354,33.12795938367651,1.1042653126851554,44.01445910812948,34.388046308335475,23.4786313026282,0.1281615181345487,0.14485027611408183,2392.7012240084846,,legacy_detailed,,
2022-06-01,2022,6,Bahawalpur District,0.11002236752682558,-0.2070943706509263,23.18365502094492,0.7727884993717623,44.728220921247164,35.08725514364801,23.546998222358557,0.05811132913771974,0.11862957880943281,2604.7215368133475,,legacy_detailed,,
2022-06-01,2022,6,Bhakkar District,0.16259396750637412,-0.23116739350415977,35.474133253951535,1.18247111009165,45.24083618447887,34.12711066360622,21.310899653117836,0.09006703362213082,0.11623552889266373,1790.8759752416142,,legacy_detailed,,
2022-06-01,2022,6,Chakwal District,0.1739005006112196,-0.2827461549847875,33.50056086113245,1.1166853608692904,42.440260152646125,31.67671462806247,19.35678642303287,0.1864746608864742,0.17940128301241712,1076.9679387047377,,legacy_detailed,,
2022-06-01,2022,6,Dera Ghazi Khan District,0.13338997158563956,-0.2247227318593698,37.71765229473493,1.257255077552519,43.220445526584754,32.804342340648915,19.81198151071988,0.09139498297373753,0.16485656716087904,1753.2140418888566,,legacy_detailed,,
2022-06-01,2022,6,Faisalabad District,0.3230730349460092,-0.3840151616703209,49.7420890460812,1.658069637282075,43.92163952938353,33.64840831984195,21.428963286917202,0.17478332413245345,0.16106762030094032,4232.013151430722,,legacy_detailed,,
2022-06-01,2022,6,Gujranwala District,0.20539163109473263,-0.2756240327506289,48.83714203029233,1.6279047320428943,45.11807757094468,33.36937099619431,20.82045530990083,0.2043638254838731,0.19340363373692634,1513.689619847281,,legacy_detailed,,
2022-06-01,2022,6,Gujrat District,0.21864518245741382,-0.3058409612918689,48.946598527664946,1.6315532823721166,44.27563628674645,32.51349016547403,20.40168587322471,0.19472434660747406,0.1868500748672685,1824.4148248736471,,legacy_detailed,,
2022-06-01,2022,6,Hafizabad District,0.1876476641888827,-0.2648473532347094,38.624850509285864,1.2874950127581144,45.02327383130621,33.62053561184766,20.846298775105126,0.1871459512680146,0.18031452399933104,827.7952791713652,,legacy_detailed,,
2022-06-01,2022,6,Jhang District,0.2712486666212946,-0.32991273221242867,37.82763809223542,1.2609212692876208,44.70520753768875,34.053419679962055,21.40475286751864,0.16229026595772747,0.16294076163175947,4848.33732583307,,legacy_detailed,,
2022-06-01,2022,6,Jhelum District,0.1971737269090558,-0.3063904938284434,38.649707559246295,1.2883235822490735,43.39822275459523,32.12915687475185,19.801531439300682,0.19184595676291505,0.17815485385977153,961.720170292715,,legacy_detailed,,
2022-06-01,2022,6,Kasur District,0.3039219734795241,-0.3618852302235858,59.06498463571436,1.9688328291914867,44.39238794213225,33.642916356365575,22.691019497950652,0.1779173851850772,0.1605972543240181,2376.0206725160792,,legacy_detailed,,
2022-06-01,2022,6,Khanewal District,0.34104468962994844,-0.38725085490129335,32.330481503674456,1.0776827164765261,44.63078340552862,34.40853791747648,22.18714672001122,0.16544288227099427,0.16604604704645923,3131.2827270601483,,legacy_detailed,,
2022-06-01,2022,6,Khushab District,0.16400837097053333,-0.26099521270285436,24.61502772468867,0.8205009250553226,44.22632880012293,33.51128562897263,20.62017680932336,0.1350237791026629,0.1370229131691484,1522.1142329172867,,legacy_detailed,,
2022-06-01,2022,6,Lahore District,0.24876722079584482,-0.31120072673755783,42.3273266721589,1.4109108930308125,44.70182680223812,33.314878459915334,21.90244029384457,0.18339892371551766,0.18885123615107532,663.9860435501727,,legacy_detailed,,
2022-06-01,2022,6,Layyah District,0.20988159035378248,-0.2680255803908955,30.08162793008031,1.0027209322269126,45.254627724580956,34.17312480723997,21.230917518889928,0.10299244021540492,0.12808589150879282,2209.230145664973,,legacy_detailed,,
2022-06-01,2022,6,Lodhran District,0.2964882241067323,-0.3509055223613893,34.95268073446438,1.1650893508774232,44.133171147547934,34.38818179143768,22.794393765592716,0.1541773596988211,0.1550387180448084,1704.5111929615227,,legacy_detailed,,
2022-06-01,2022,6,Mandi Bahauddin District,0.2758796376644947,-0.3427106789922719,35.27855503690424,1.1759518339601316,44.79270432693433,33.25098722715446,20.68420303558508,0.18302226172603922,0.1816846561326568,1891.6682004928446,,legacy_detailed,,
2022-06-01,2022,6,Mianwali District,0.165304827980199,-0.2558882215259201,31.698913520435045,1.0566304517770484,43.90083100100718,33.26484972612817,21.028543307435694,0.150858430069593,0.16579915786432886,1167.1236623871378,,legacy_detailed,,
2022-06-01,2022,6,Multan District,0.302852633190719,-0.35704976473310707,31.57318126601054,1.0524393789491655,44.86153731408243,34.58675978110497,22.399612795592354,0.16069552923152908,0.16308223650975334,2113.438528704684,,legacy_detailed,,
2022-06-01,2022,6,Muzaffargarh District,0.2620291376651062,-0.3062360761795101,30.897765891705188,1.0299255291996414,45.08171353665424,34.58011763789947,21.89997979288273,0.1263189113988045,0.1380957993564829,3175.7593920121185,,legacy_detailed,,
2022-06-01,2022,6,Narowal District,0.1803027645344828,-0.29339122651723964,76.22518849102028,2.5408395998156843,43.74728865989049,31.975231393117873,20.942031141042033,0.2107552319948007,0.2030448667175549,1092.4807305603595,,legacy_detailed,,
2022-06-01,2022,6,Okara District,0.29684627584456635,-0.35875914338418324,49.54790607702903,1.6515968732267485,43.83911422213692,33.90458110903262,22.614071420736348,0.16140393339589534,0.14555047936174717,2998.01630932364,,legacy_detailed,,
2022-06-01,2022,6,Pakpattan District,0.31017934425633253,-0.3640245808857253,33.31324887631564,1.1104416319076862,43.79999839226906,34.160473573046836,23.110595359632477,0.16055833218275836,0.14734761487630635,2178.8697158454065,,legacy_detailed,,
2022-06-01,2022,6,Rahim Yar Khan District,0.2190999807216946,-0.2831686657272962,26.124693963911774,0.870823130619391,44.73495081095155,35.19030611830787,23.874593352655673,0.06826521844424581,0.1103857492774113,4426.71650614718,,legacy_detailed,,
2022-06-01,2022,6,Rajanpur District,0.13702608114909418,-0.21488699326308403,31.876822108300704,1.0625607365923337,43.88478331404894,34.156137969805165,21.570526307976266,0.06008814701227392,0.12563331029207386,2185.9641389589283,,legacy_detailed,,
2022-06-01,2022,6,Rawalpindi District,0.2506953308087625,-0.3326307460035308,56.7120421794085,1.8904014010357235,41.48333565220572,30.1854651931583,18.007856696238232,0.22283991773094158,0.2328376650392382,1034.3278963798034,,legacy_detailed,,
2022-06-01,2022,6,Sahiwal District,0.32219236652761396,-0.3858201932349543,30.23677315464819,1.00789244047183,43.76524969497079,33.979977290851345,22.243537212466247,0.16478595079514913,0.15353015133425976,2405.673753743707,,legacy_detailed,,
2022-06-01,2022,6,Sargodha District,0.2944287979968608,-0.35917164309641236,25.372304740098983,0.8457434909108557,44.68607793519851,33.60507253900413,20.858323142694253,0.17859675979955095,0.17010647812999796,4224.9315155320755,,legacy_detailed,,
2022-06-01,2022,6,Sheikhupura District,0.21548575086593946,-0.29533186284613744,51.795933437385166,1.7265311175535183,44.81094487486307,33.588105526407645,21.241392047756577,0.18565356081852072,0.17728387537398213,2345.9140188376,,legacy_detailed,,
2022-06-01,2022,6,Sialkot District,0.22169778468317106,-0.3109161894431643,70.13982803530571,2.3379942585709492,44.44170177302093,32.52701132025063,20.607533816795353,0.20719252367429256,0.19634050582653614,1725.043987755945,,legacy_detailed,,
2022-06-01,2022,6,Toba Tek Singh District,0.3022885075745003,-0.37467337038321596,35.15648847243275,1.1718829492872955,43.86555122759202,33.805611154645945,21.63903127811899,0.16764542662036425,0.1589262827169966,2122.1224230648622,,legacy_detailed,,
2022-06-01,2022,6,Vehari District,0.3060864089126925,-0.3640294996173845,35.38050557503561,1.1793501846401107,43.904061899975474,34.301795313270325,22.848422842704213,0.15561873691807648,0.1526775656165439,3317.4441086179154,,legacy_detailed,,
2022-07-01,2022,7,Attock District,0.22704913594231269,-0.26953683656824234,245.95762038604562,7.93411679879553,37.49648343256686,29.186119830683758,23.386343307019878,0.3144072799994723,0.29236943585113345,533.1380576199541,,legacy_detailed,,
2022-07-01,2022,7,Bahawalnagar District,0.30613180858478695,-0.28583806304079157,203.47381366628596,6.563671401484451,39.296877622360476,30.83266051421547,25.78390922696113,0.28081639409591996,0.25324684757623006,734.2902578513666,,legacy_detailed,,
2022-07-01,2022,7,Bahawalpur District,0.18481469293246333,-0.2230986518638601,234.74708165735592,7.572486503615458,40.63253878561301,31.03539731015021,25.936701368747585,0.18856574369772408,0.1958610427605301,2314.1487158111054,,legacy_detailed,,
2022-07-01,2022,7,Bhakkar District,0.1290233691685732,-0.16631078901744795,151.17569309382645,4.876635248453357,40.20573538469955,31.379741523539806,25.357557678518297,0.19842927021305148,0.20222790677606756,291.69563297810504,,legacy_detailed,,
2022-07-01,2022,7,Chakwal District,0.21288062614658992,-0.22669966529416835,199.32703888508118,6.42990446068779,35.51344834966641,28.397594426502366,23.11873556406315,0.3327828276975145,0.30479476085166135,61.43331651997698,,legacy_detailed,,
2022-07-01,2022,7,Dera Ghazi Khan District,0.14655219947362477,-0.14997970500392585,154.2497167935511,4.975797328367399,38.227944605061886,29.649865073991638,24.069373628877614,0.2469790207058116,0.2690406065590712,308.24292444805525,,legacy_detailed,,
2022-07-01,2022,7,Faisalabad District,0.3312545426384055,-0.3015687186269081,188.15778828291673,6.069606091850236,38.00365661480235,30.610829326607398,25.403905804415178,0.32015637808905584,0.2840748024501912,70.85312792137265,,legacy_detailed,,
2022-07-01,2022,7,Gujranwala District,0.2251594346782893,-0.15560695941507255,190.6434271931607,6.149787955723019,35.711863602332194,29.39315584351692,24.960263579334782,0.376313896125017,0.359151686219501,25.087286773229053,,legacy_detailed,,
2022-07-01,2022,7,Gujrat District,0.3649777874689866,-0.33676017680661546,327.5040568153624,10.564646994076126,35.25634900927421,28.908883906259657,24.4233850986986,0.364079896969582,0.34478382860042023,265.79021950062076,,legacy_detailed,,
2022-07-01,2022,7,Hafizabad District,0.16046682178160707,-0.11769605295172575,150.44215915829062,4.852972863781237,36.29762001098761,29.874057882234535,24.972770895747384,0.3500431021805445,0.33013213318476015,9.503597629709425,,legacy_detailed,,
2022-07-01,2022,7,Jhang District,0.31251634670417067,-0.30905347259128213,139.3150180370803,4.494032844764034,39.2735311052602,31.168424572737575,25.43879268307069,0.29637009508736284,0.2790307207269594,947.2797667039997,,legacy_detailed,,
2022-07-01,2022,7,Jhelum District,0.2765944255022674,-0.2937111649094359,289.9594063578754,9.353529230276363,35.55486711615807,28.62449895393965,24.067870602023913,0.3516690454107717,0.32510670035221734,126.39609701629435,,legacy_detailed,,
2022-07-01,2022,7,Kasur District,0.4028564430791928,-0.3741865413295792,272.6081345631201,8.793810778649366,36.86453761239666,29.788753790359234,25.36421552645894,0.35563532445512913,0.314898990945894,903.0750171172925,,legacy_detailed,,
2022-07-01,2022,7,Khanewal District,0.4532452425956785,-0.4258225500274373,136.3219922628006,4.397483598287056,40.340924708679154,31.45614545440557,25.839989544986132,0.2998645513728689,0.2691691626967398,693.4331525421427,,legacy_detailed,,
2022-07-01,2022,7,Khushab District,0.18470211931344577,-0.21653650628030363,178.51817429453243,5.758650786527452,38.022252614068655,30.169092523408473,24.470948586317963,0.2673979225932748,0.25642404434897037,268.75613554888133,,legacy_detailed,,
2022-07-01,2022,7,Lahore District,0.31691824356892295,-0.30321597998095323,326.15392148089126,10.521094315438981,35.9225814274905,29.37615299210023,25.075704355708915,0.37211370736815114,0.35170415012700074,288.88037517046297,,legacy_detailed,,
2022-07-01,2022,7,Layyah District,0.21418319784769627,-0.24010227279407956,108.63442593690316,3.5043363289704104,40.586577605394666,31.44934364307056,25.16980921319876,0.2027293251970437,0.20159469272920777,720.4578829420549,,legacy_detailed,,
2022-07-01,2022,7,Lodhran District,0.49029718570013336,-0.4529527726026942,137.2332381086554,4.42687865145567,40.063392940065064,31.515682615267494,25.631034909313897,0.2931978770921963,0.2616620148036147,902.3137876669749,,legacy_detailed,,
2022-07-01,2022,7,Mandi Bahauddin District,0.3395796295386992,-0.3149423447633691,195.98208485939094,6.322002708760193,36.52000481805723,29.556117538626204,24.734053338660345,0.35104021353265213,0.3272251219856178,253.74101703757162,,legacy_detailed,,
2022-07-01,2022,7,Mianwali District,0.24776161150368473,-0.2836925101152149,178.19145266287978,5.748111377503978,38.00768918154643,30.107610366349192,24.477199938893666,0.30936566231722584,0.30045894551974367,667.2931221745068,,legacy_detailed,,
2022-07-01,2022,7,Multan District,0.4326989011958175,-0.423349523103295,128.04659638130832,4.130535373205503,40.54383206241498,31.682773791117032,25.566737824565315,0.29245383999623237,0.2673756516546354,1272.09888932492,,legacy_detailed,,
2022-07-01,2022,7,Muzaffargarh District,0.3352120210329026,-0.3222897565495313,121.79694211065724,3.928933611658021,40.366464510073904,31.57909107146676,25.382670014929268,0.26235755027879587,0.24646653603555319,1633.7925894799885,,legacy_detailed,,
2022-07-01,2022,7,Narowal District,,,421.67927563798884,13.602557301724525,35.60674639959671,28.781174269808236,24.810182352359316,0.373439057275817,0.3573239882133941,15.349813647308924,,legacy_detailed,,
2022-07-01,2022,7,Okara District,0.2809883310661022,-0.2565143729910191,179.5207563120892,5.790992134813897,37.96112621724287,30.543634424250644,25.46778554877351,0.3174651705306911,0.26971176402716696,352.4716036437079,,legacy_detailed,,
2022-07-01,2022,7,Pakpattan District,0.1982807773143376,-0.15128843112525647,180.38954002574323,5.819017408959511,38.65252809718889,30.96461929787854,25.548580584835474,0.30826748020647127,0.2684843383376591,71.18886107716563,,legacy_detailed,,
2022-07-01,2022,7,Rahim Yar Khan District,0.29925180212325336,-0.3191150914938013,191.24985502602212,6.169350157705438,40.60239414916044,31.13278538041147,25.72859817845604,0.22861203518243386,0.2075760936060872,3343.065874406253,,legacy_detailed,,
2022-07-01,2022,7,Rajanpur District,0.1808720709876828,-0.21715245290793758,200.7465019761915,6.475693611360793,39.382722638652155,30.507949403471986,24.862831847418285,0.2245804464648007,0.22006029442147174,652.8855282051452,,legacy_detailed,,
2022-07-01,2022,7,Rawalpindi District,0.348260172533313,-0.34666102513164515,399.86066990222173,12.898731332498715,34.37425596937277,27.18999617588192,22.558126941083025,0.37204903812754464,0.3478411237581718,278.9221878097556,,legacy_detailed,,
2022-07-01,2022,7,Sahiwal District,0.29603722477285144,-0.2625358538171131,168.13639586240743,5.423754700875712,39.01916613714724,31.014491232869354,25.601187002184613,0.31022662113570215,0.26991911140385383,142.04354285543383,,legacy_detailed,,
2022-07-01,2022,7,Sargodha District,0.3574346316153589,-0.34047375673390395,167.8314334348024,5.4139172064154595,38.09593397794543,30.502201350291177,25.13878205116968,0.3148292942403702,0.2936283967795843,370.9329142989115,,legacy_detailed,,
2022-07-01,2022,7,Sheikhupura District,0.1868576135870902,-0.1440732388241922,244.04689240165783,7.872480413597898,36.399875935348476,29.80475445755664,25.27595308361135,0.3566759627518253,0.3299753742809817,29.949414257003987,,legacy_detailed,,
2022-07-01,2022,7,Sialkot District,,,363.4351586443175,11.723714800693473,35.598094449036594,29.00581385511216,24.80163198288546,0.374382327494103,0.35688672696956336,41.66463924847617,,legacy_detailed,,
2022-07-01,2022,7,Toba Tek Singh District,0.3318748766674155,-0.3245108075970083,123.41118187638999,3.981005866157643,39.36190139700744,31.114898044246697,25.59850495760152,0.30612180459331045,0.268441029755547,87.68092294546464,,legacy_detailed,,
2022-07-01,2022,7,Vehari District,0.3481581918574105,-0.31655617266842623,157.1596442020315,5.069665928956278,39.9880483575971,31.297902580364784,25.885192604655902,0.29928207758815145,0.2616233248581059,467.95244203763934,,legacy_detailed,,
2022-08-01,2022,8,Attock District,0.3774278427916372,-0.38815220208160184,109.13163913581337,3.5203754578269333,36.89038772400223,29.108881150008614,22.79004562224391,0.2969285423916038,0.2954271636684902,2954.9067174054903,,legacy_detailed,,
2022-08-01,2022,8,Bahawalnagar District,0.3726252661949189,-0.3304139195836144,71.42246323143395,2.3039504237164294,37.42021807917222,30.041032061974775,24.806901251747494,0.22460195357676252,0.24177911023718401,1835.278979336131,,legacy_detailed,,
2022-08-01,2022,8,Bahawalpur District,0.21193625560477902,-0.2583501385837003,124.25208207790152,4.0081316794902255,38.03802059832779,29.587652173362766,24.174003285589382,0.17441109460338183,0.21897108152616915,3333.1249615394163,,legacy_detailed,,
2022-08-01,2022,8,Bhakkar District,0.24841328634902976,-0.26045892100512735,159.75619522777805,5.153425655937696,38.074253448149236,30.099875833689104,24.662289463006978,0.21485546844038805,0.24904099472735794,2095.8954094511882,,legacy_detailed,,
2022-08-01,2022,8,Chakwal District,0.3932156518313802,-0.3849403132971013,113.65669445861182,3.666344969179901,35.757335191882156,28.317398178442136,22.468588926493542,0.3416321091751914,0.3391288928899563,2614.1245176791817,,legacy_detailed,,
2022-08-01,2022,8,Dera Ghazi Khan District,0.2903842846021855,-0.30673368697416614,136.9828584532282,4.418801891993861,34.44191758782178,27.669030557658573,22.853789657649028,0.3315249223527268,0.35752778970770704,1636.893179135627,,legacy_detailed,,
2022-08-01,2022,8,Faisalabad District,0.3765809539433813,-0.3645156147700404,67.09495298639241,2.1643533239050528,37.25918515338614,30.51780981942178,25.232900709130544,0.2738883354652366,0.2751481343298417,1362.3902981979188,,legacy_detailed,,
2022-08-01,2022,8,Gujranwala District,0.530074127825833,-0.44810696759232554,162.13341620534254,5.230110210481803,35.57158422530414,29.471782387147087,24.652418283498733,0.34352057859866697,0.34031662313104416,2575.100405120196,,legacy_detailed,,
2022-08-01,2022,8,Gujrat District,0.4881778691815687,-0.4379585572654577,188.47066496998661,6.079698892457048,35.48042436313095,29.117124139048446,24.06651748470102,0.34644072461272585,0.34427421132947017,1957.8005707067562,,legacy_detailed,,
2022-08-01,2022,8,Hafizabad District,0.5698384825063184,-0.4914505565613608,87.28590194016013,2.815674256298665,36.33673524399262,29.917235216592037,24.83119428640484,0.31321267096578365,0.3054550082381281,1810.9524763706268,,legacy_detailed,,
2022-08-01,2022,8,Jhang District,0.42890015472079845,-0.4089911028074455,56.63619743609133,1.8269741122888146,37.85139597874832,30.765480546346208,25.101401277152846,0.25851855336638657,0.27123080380375264,4058.793443270159,,legacy_detailed,,
2022-08-01,2022,8,Jhelum District,0.4316778651558317,-0.41299616530084016,132.7100409915338,4.280969056163402,35.71973245487901,28.907790575732243,23.789197712179007,0.3440739836571384,0.34066001818566904,1384.5461204546339,,legacy_detailed,,
2022-08-01,2022,8,Kasur District,0.496151182956674,-0.4466873209651457,132.5333765371165,4.275270211851095,35.69937161529981,29.7794379928413,25.233019652304105,0.2976702016641545,0.29632692586518977,2958.125013521869,,legacy_detailed,,
2022-08-01,2022,8,Khanewal District,0.36751496064203826,-0.31320271537381733,34.204416258195955,1.1033682655427335,37.15799539474988,30.70518014940628,25.315657160286587,0.2458924083636478,0.24349313901865846,816.8932006638385,,legacy_detailed,,
2022-08-01,2022,8,Khushab District,0.3133889375894089,-0.3235623757472883,86.56109341308742,2.792293336296662,37.239779088105976,29.640229777243157,24.130856251273983,0.2769829496053514,0.28761670538058437,1861.3420409129092,,legacy_detailed,,
2022-08-01,2022,8,Lahore District,0.37742708757566584,-0.33987731182524716,177.64374986941462,5.73044355955428,35.493983817031584,29.509718428064424,25.080775020529494,0.3119294092192169,0.31697222162742467,798.9348678957596,,legacy_detailed,,
2022-08-01,2022,8,Layyah District,0.3170063339410829,-0.31240409544825126,135.89965917783198,4.383859973662933,38.07058764209704,30.20956742720866,24.907991816579152,0.2096842277892551,0.2449576838998769,1698.459556857244,,legacy_detailed,,
2022-08-01,2022,8,Lodhran District,0.4734651131278807,-0.4230627236913725,94.7900366280068,3.0577431345788564,37.17091199569121,30.205486761332853,24.589069150968385,0.26420998370429877,0.24950467214078406,245.9836445948292,,legacy_detailed,,
2022-08-01,2022,8,Mandi Bahauddin District,0.5095041320901305,-0.4531286982150722,105.2942350097419,3.396588233536895,36.23575432729102,29.72481962861303,24.896564099660505,0.32454127604918753,0.3238492400625306,2066.185622452956,,legacy_detailed,,
2022-08-01,2022,8,Mianwali District,0.365156609156656,-0.367024547800364,139.03769883250925,4.485087053977815,35.887826467560004,29.499958440132005,23.539623737303735,0.31510116982690595,0.32556255985700666,1967.85585898925,,legacy_detailed,,
2022-08-01,2022,8,Multan District,0.4372477197881031,-0.4111776716536705,65.94891295998855,2.1273842894221326,37.17108128288223,30.226045771355505,24.697428648721182,0.2917902839259132,0.2855276717684586,1076.957551932408,,legacy_detailed,,
2022-08-01,2022,8,Muzaffargarh District,0.39980375466814094,-0.37371321079415515,90.14319186618228,2.907844905984628,37.47528056240489,29.947279274575358,24.65929966206259,0.28198470041605095,0.29534987797451745,2233.939211227383,,legacy_detailed,,
2022-08-01,2022,8,Narowal District,0.4811563940343572,-0.4265549291178214,268.2810283645692,8.654226740504075,34.95981872779399,28.66019804355277,24.08994003344732,0.38024591379812517,0.3793393720650982,1712.1106558073784,,legacy_detailed,,
2022-08-01,2022,8,Okara District,0.4765950207843167,-0.43577840100569043,64.93291929722263,2.0946102995742315,36.63777020407999,30.344207915137865,25.224988765811982,0.2711210660088791,0.271745418727026,2791.8129418004187,,legacy_detailed,,
2022-08-01,2022,8,Pakpattan District,0.3986056084719907,-0.37060830628841407,57.6404026308193,1.8593678362013386,36.93201133029246,30.4126963960544,25.20847135370916,0.25663627464800914,0.2605316978741514,977.0187591773952,,legacy_detailed,,
2022-08-01,2022,8,Rahim Yar Khan District,0.38987970088496243,-0.3872034841202077,117.56364799477603,3.7923757430223275,38.990105841972536,29.56359310153071,24.306086583172117,0.24218978616657408,0.26751498298000864,4591.944299114818,,legacy_detailed,,
2022-08-01,2022,8,Rajanpur District,0.2329721718077678,-0.25931221108488184,108.61435576742231,3.5036888938770585,37.03044595850329,28.456819130205044,23.231588419590672,0.3023002625482129,0.33571303739701586,1209.4981406894458,,legacy_detailed,,
2022-08-01,2022,8,Rawalpindi District,0.45527310513702224,-0.42141979683577374,156.10781384981345,5.035735942413572,34.88653229649927,27.486053046147227,21.78012331817888,0.35474118904696156,0.34965431834958427,1615.993648112346,,legacy_detailed,,
2022-08-01,2022,8,Sahiwal District,0.3542645414054254,-0.33609380440281833,49.32108214220177,1.5910026501592651,37.04543301527667,30.558961085653916,25.289034025318347,0.24902789838139835,0.25265561274582754,378.0378174332536,,legacy_detailed,,
2022-08-01,2022,8,Sargodha District,0.4659733677347687,-0.4567908217399167,70.79417990441488,2.283683233818495,37.09562720879953,30.184788246011326,25.034507391248745,0.31852429489088907,0.3141448193448489,3780.477362696469,,legacy_detailed,,
2022-08-01,2022,8,Sheikhupura District,0.4748804608942806,-0.4105101803989524,130.48861063344756,4.209310024097812,36.06813969820861,29.857893639751037,24.91160039418758,0.3088180023131862,0.3059966856474578,3994.3049684687644,,legacy_detailed,,
2022-08-01,2022,8,Sialkot District,0.47916858275673246,-0.40631465844721726,221.08051305205214,7.1316294684870565,35.28343518798642,29.00439062893062,24.301748414903383,0.3686462624614076,0.3661498356188415,1918.9119708806747,,legacy_detailed,,
2022-08-01,2022,8,Toba Tek Singh District,0.3508472984780304,-0.33489288620573876,40.250941880441836,1.2984174789654241,37.40421563864225,30.719758294672022,25.082422705545913,0.2494291026514297,0.2542599922333907,405.901325394363,,legacy_detailed,,
2022-08-01,2022,8,Vehari District,0.2663458869347823,-0.2266636661113876,43.81571803488003,1.4134102589384674,37.13424538245037,30.462877581768947,25.166079254311047,0.24184876453804843,0.23683208390917904,89.380726527167,,legacy_detailed,,
2022-09-01,2022,9,Attock District,0.3273612752334613,-0.35818860123043267,81.49588565683521,2.716529515167575,37.097984429484164,28.938194064560886,21.68359282438299,0.21842944779817725,0.23494932549693984,1804.2090555808854,,legacy_detailed,,
2022-09-01,2022,9,Bahawalnagar District,0.40883759442398304,-0.42446832871772755,14.809062138039135,0.4936354043714415,38.40916760884025,31.333888848148355,22.973082025326267,0.10154207301511527,0.14479766224313143,3751.936431283421,,legacy_detailed,,
2022-09-01,2022,9,Bahawalpur District,0.2679978508698828,-0.32846373192905026,7.975821247355116,0.265860708354074,39.76012026720209,32.215420767167,24.572223248908724,0.05746321496528188,0.15638178771517522,6557.0638169322265,,legacy_detailed,,
2022-09-01,2022,9,Bhakkar District,0.24314207945099592,-0.28038423906973864,31.996406146167082,1.0665468719880122,37.48476634462587,30.86780630751914,23.088737734665436,0.09106665008971325,0.16743327224679866,1238.4597699284043,,legacy_detailed,,
2022-09-01,2022,9,Chakwal District,0.3569116668781422,-0.3679950398643814,95.78623597276021,3.1928745278321022,34.64202948052651,27.799787065157556,21.181830337554768,0.271481589929721,0.2827196876539782,2235.5859860476367,,legacy_detailed,,
2022-09-01,2022,9,Dera Ghazi Khan District,0.30233171199903064,-0.34196326324805765,16.607575105424353,0.553585836997183,34.78298005205489,28.29933951557494,21.852858292913606,0.1569218221324783,0.2711073618479619,2429.4998602321953,,legacy_detailed,,
2022-09-01,2022,9,Faisalabad District,0.42802315891961085,-0.4269111292260256,33.95487692925366,1.131829227496373,38.294132132263414,31.111934000194434,23.045729041064675,0.1534606833510851,0.15954441003779035,2789.361475222452,,legacy_detailed,,
2022-09-01,2022,9,Gujranwala District,0.5967154087803842,-0.5325236559844201,61.58097253598396,2.052699090675861,35.443512950956304,28.903739916923406,22.407222250762633,0.2262667082648444,0.2308198242851121,2848.892384669447,,legacy_detailed,,
2022-09-01,2022,9,Gujrat District,0.4862778480710451,-0.46000456341947915,102.5262936679527,3.4175431225160904,34.437564560758,28.152371202072125,21.560322901603485,0.2884863481601118,0.2913510142029254,1856.566877367665,,legacy_detailed,,
2022-09-01,2022,9,Hafizabad District,0.62770068456786,-0.5642129324623446,58.617003112419546,1.9539000931380772,36.790702848958496,29.945448331149198,22.487793784064422,0.18620237563194597,0.19650185352476113,1890.6507322419359,,legacy_detailed,,
2022-09-01,2022,9,Jhang District,0.441538755728181,-0.43551709421156115,39.062572717578526,1.3020857564900081,38.46643980793048,31.80688657500002,23.296330339985154,0.1372395490559785,0.16227653962550934,4277.177782304189,,legacy_detailed,,
2022-09-01,2022,9,Jhelum District,0.4292999943526713,-0.4299881842965903,102.79030691876066,3.4263435553463184,34.7340657098325,28.326668904662927,21.871568265697032,0.2909902124969694,0.2947133381929949,1165.2403208348205,,legacy_detailed,,
2022-09-01,2022,9,Kasur District,0.4805086178900114,-0.4623730131077024,35.66773509592715,1.188924509793715,36.80282117020511,29.75119317041883,22.952449381828657,0.167024695786383,0.16638226381495697,2472.7728191695237,,legacy_detailed,,
2022-09-01,2022,9,Khanewal District,0.41669050035054983,-0.4030345162704322,13.14296504124781,0.43809883532433186,38.85540406853238,32.040142502009225,23.911737602125115,0.12780529371247007,0.14572448309536853,2085.8953848039764,,legacy_detailed,,
2022-09-01,2022,9,Khushab District,0.3228810325776585,-0.3354899758570163,55.9036365349008,1.8634545543083931,36.66403309869453,29.953993721731422,21.856376366967,0.16702153610958534,0.20310155968167096,1579.4715575509797,,legacy_detailed,,
2022-09-01,2022,9,Lahore District,0.3216806985112,-0.3045115331745229,54.65688215024731,1.8218960661460328,36.13717667258697,29.213182098889785,22.476761605861473,0.17439405653211806,0.19398158830908174,536.5349577618068,,legacy_detailed,,
2022-09-01,2022,9,Layyah District,0.3068130243672704,-0.3267498812210356,29.942961036440625,0.9980986981142845,37.93731410407614,31.31968326805176,24.08707439914566,0.08827657579283552,0.15864393055032947,1340.5052623570878,,legacy_detailed,,
2022-09-01,2022,9,Lodhran District,0.5226556699991054,-0.504978120854477,3.6177271978439225,0.12059090720977891,39.29943373197213,31.68110493297327,24.25432434858562,0.13075680100988593,0.1511157118145072,1635.6609649360907,,legacy_detailed,,
2022-09-01,2022,9,Mandi Bahauddin District,0.5378840881544998,-0.499152922566958,78.57744722761866,2.6192482532553827,36.048981463131206,29.511712796483263,22.768904542608954,0.22331721424702755,0.24085243094758735,1984.069621623472,,legacy_detailed,,
2022-09-01,2022,9,Mianwali District,0.30236759601521307,-0.3196736941604041,54.32145575815322,1.810715192770616,35.972037365135606,29.639748008106938,22.519402883904775,0.19521419617082075,0.24107027770753353,1174.1949058145979,,legacy_detailed,,
2022-09-01,2022,9,Multan District,0.4529022040704198,-0.4543908035403592,3.8830383823557737,0.12943461263372494,38.779057948599096,31.49698154691759,24.56942361278699,0.14178084520096168,0.17217103617760066,1681.954180039695,,legacy_detailed,,
2022-09-01,2022,9,Muzaffargarh District,0.40066498764815567,-0.4021328819068112,9.966704170079066,0.33222347211569836,37.60110524884935,30.817685436533505,24.0539708541361,0.13416937818541114,0.18783444872527266,2061.288946076504,,legacy_detailed,,
2022-09-01,2022,9,Narowal District,0.5482555981301745,-0.5013547842345261,75.2255047248102,2.507516822708187,33.59702610935709,27.486557862941574,20.178060115645977,0.33214845128193043,0.3336314011086022,1017.8134051561287,,legacy_detailed,,
2022-09-01,2022,9,Okara District,0.5345691146218013,-0.5133228526678737,27.11674443420776,0.90389148335316,37.61905956444674,30.665289193101767,23.231512896190992,0.13700356609951064,0.1476225172417454,3537.9242839820276,,legacy_detailed,,
2022-09-01,2022,9,Pakpattan District,0.5293748302832242,-0.5080495780379288,15.34770394756811,0.5115901305948826,37.61184572428502,30.9630798714403,22.596694865509352,0.129620367540995,0.14479900663279588,2281.727135972588,,legacy_detailed,,
2022-09-01,2022,9,Rahim Yar Khan District,0.401186828769992,-0.4206732082200916,4.42837748085069,0.14761258215315973,38.83356950096399,31.072052625556324,23.627184658753496,0.09986131837313626,0.1793686056588934,5950.519018772527,,legacy_detailed,,
2022-09-01,2022,9,Rajanpur District,0.2515101181347974,-0.2962475165296073,9.746991907715936,0.32489973102947733,36.79696801317024,29.65442621676164,22.742066805680636,0.12235341158518959,0.2503587972763785,2127.3870038030527,,legacy_detailed,,
2022-09-01,2022,9,Rawalpindi District,0.43988586460084605,-0.4252932224480025,145.11927730045747,4.837309233855917,33.86721176793113,26.442261293783034,19.389445829319857,0.30279185162928807,0.30710820571638564,1311.4559435192384,,legacy_detailed,,
2022-09-01,2022,9,Sahiwal District,0.4645476688484451,-0.4623308555787015,21.671222103598954,0.7223740682847216,38.052169824022464,31.300048560961677,22.919814863042657,0.1349458408000546,0.14845777407613392,2014.005237419688,,legacy_detailed,,
2022-09-01,2022,9,Sargodha District,0.4352514953213889,-0.4363098371843232,51.35450363124908,1.7118167931933173,37.03204559291113,30.38979399549201,22.457904860810405,0.20539011836272572,0.21528783702905113,2703.2463530015452,,legacy_detailed,,
2022-09-01,2022,9,Sheikhupura District,0.555834733552748,-0.5057212314166962,42.3477754365223,1.4115925116400079,36.87486980825704,29.84163685507132,22.740730047703483,0.16676631139689455,0.17640787937356528,3971.2306125373775,,legacy_detailed,,
2022-09-01,2022,9,Sialkot District,0.5722488440560761,-0.5084030567280934,90.89407745610788,3.0298025827523647,34.18671715843701,27.868194183159115,20.90955831980627,0.30085278409061894,0.2999756568483143,2099.0392682452193,,legacy_detailed,,
2022-09-01,2022,9,Toba Tek Singh District,0.4537457538269715,-0.45065773588837854,31.18013815002872,1.0393379363658564,38.32935526370487,31.595315108195585,23.386169275125624,0.1356320711606461,0.15201898300933525,1745.979462777111,,legacy_detailed,,
2022-09-01,2022,9,Vehari District,0.5056072424641715,-0.49220019564973577,11.88890450127525,0.3962968165592563,38.59555813070347,31.688724126876537,23.34430600695728,0.12454827207089528,0.14088607458576577,2991.1010103475587,,legacy_detailed,,
2022-10-01,2022,10,Attock District,0.2945130004026733,-0.37781099255839407,6.988706217860262,0.22544213668858828,34.89707384095786,23.713564422941335,13.15182589799182,0.1657664499026792,0.1742830583182734,3500.2195188847895,,legacy_detailed,,
2022-10-01,2022,10,Bahawalnagar District,0.3190794714182991,-0.38363309010776814,0.10845045720304727,0.0034984017993934377,37.375514200441415,26.963468494681486,17.242030855157736,0.09649522542617171,0.1319042245041577,5014.676039904456,,legacy_detailed,,
2022-10-01,2022,10,Bahawalpur District,0.21784145992682255,-0.3220054060678287,0.0,0.0,37.9094352857027,28.224744554768183,17.96887159554808,0.052621168119085605,0.1363297134484279,8335.655621083219,,legacy_detailed,,
2022-10-01,2022,10,Bhakkar District,0.22986555878183787,-0.2948778430557871,0.0,0.0,36.32413520125585,26.321019311868646,16.666737240068997,0.052535774954407345,0.11947810581804455,1964.2692139854287,,legacy_detailed,,
2022-10-01,2022,10,Chakwal District,0.32531515043425646,-0.400764426365892,2.3706087795662314,0.07647125123038376,34.02790706778615,23.733885843723915,13.915142714574392,0.1759286354584968,0.19717679223431425,3124.1215486609576,,legacy_detailed,,
2022-10-01,2022,10,Dera Ghazi Khan District,0.26480147788299757,-0.34841838551490795,0.0,0.0,34.13739939846203,24.660738639010386,16.228115011381714,0.05541888833274653,0.19928685982202574,3638.1326868036026,,legacy_detailed,,
2022-10-01,2022,10,Faisalabad District,0.4230879388895527,-0.46603530503269436,0.16348176943929027,0.005273605522511252,36.534958904884306,26.235755292489237,16.462187417444866,0.13671256664655088,0.14605733847196717,4163.14772463076,,legacy_detailed,,
2022-10-01,2022,10,Gujranwala District,0.4270028075421335,-0.4533991755783411,2.7572776865724062,0.08894444150087295,35.879809909645374,25.01414075942038,14.35385742019654,0.14697958159441094,0.15914415059504347,2944.905133616084,,legacy_detailed,,
2022-10-01,2022,10,Gujrat District,0.38681921702566524,-0.4230829673810377,11.999350895658521,0.38707583418940805,35.22174429266103,23.84213660252008,13.055659075403803,0.18773099250669073,0.20181447709348718,1938.0253514365456,,legacy_detailed,,
2022-10-01,2022,10,Hafizabad District,0.5191092541997538,-0.5222229576946414,0.0794455038986134,0.00256275813810315,36.326796692721885,25.568032657078856,15.240733016925539,0.13667165509425575,0.1459067477927013,1952.8132760855933,,legacy_detailed,,
2022-10-01,2022,10,Jhang District,0.41330324172665717,-0.44285964069008593,0.0,0.0,36.92333799903158,26.657652829609997,16.7207931067469,0.11669240169142997,0.13914336378278447,5338.573721200994,,legacy_detailed,,
2022-10-01,2022,10,Jhelum District,0.35467290640733473,-0.4139534437420791,10.128240230060959,0.32671742649408075,35.09422681458606,23.749980436395067,12.834232077166684,0.20041129571869298,0.21071785198828924,1421.6361072448285,,legacy_detailed,,
2022-10-01,2022,10,Kasur District,0.4073820527800726,-0.4381770308897876,1.2024961977675748,0.038790199990674804,36.141871101335774,25.831221315981825,15.851208987013097,0.13880110415092195,0.1464148113572518,3125.319622990375,,legacy_detailed,,
2022-10-01,2022,10,Khanewal District,0.3885077024898767,-0.43152462647636797,0.0,0.0,37.7258919154792,27.199223253643673,17.231805961500115,0.12282463166778064,0.13533713797586372,3208.643228924147,,legacy_detailed,,
2022-10-01,2022,10,Khushab District,0.3271484931277974,-0.38151414299341435,0.694578575165197,0.022405760368979538,35.6917465868393,25.669658436638425,15.441318602688773,0.09765058965230046,0.1394217276287746,2890.9603409188667,,legacy_detailed,,
2022-10-01,2022,10,Lahore District,0.32371516112902093,-0.36194841117735027,2.0962882977322224,0.06762220315100527,35.917848236466575,25.35881235904262,15.029775677260712,0.1362282363643673,0.1642638896405342,831.2195262709595,,legacy_detailed,,
2022-10-01,2022,10,Layyah District,0.26603236794104357,-0.32342362473355335,0.0,0.0,36.507335895917365,26.473676340538116,16.954278846724616,0.05569987261177974,0.11240131947746486,1612.273014191801,,legacy_detailed,,
2022-10-01,2022,10,Lodhran District,0.4192247685467695,-0.45370026977104366,0.0,0.0,37.42943477096753,27.268677577165107,17.353034714948755,0.12021199811933182,0.13300094589097297,2024.4671751892631,,legacy_detailed,,
2022-10-01,2022,10,Mandi Bahauddin District,0.4882722271944496,-0.49791642954640003,2.1991669636242164,0.07094086989027322,36.44990518099677,24.93166495339377,14.017384488755933,0.16109191627065342,0.1728259051522835,1987.4025005497588,,legacy_detailed,,
2022-10-01,2022,10,Mianwali District,0.2689181315711399,-0.3310091159373623,0.8954790702989182,0.0288864216742098,34.975144746918296,25.510872322346717,15.313248047063091,0.10255235653428937,0.1660703227824316,2301.863113714272,,legacy_detailed,,
2022-10-01,2022,10,Multan District,0.3941936947749152,-0.4336062490353996,0.0,0.0,37.2577584451577,27.137312291329522,17.608611441279706,0.12062629043315806,0.13490238618885245,2237.1726405565614,,legacy_detailed,,
2022-10-01,2022,10,Muzaffargarh District,0.3464604770416987,-0.382892519479562,0.0,0.0,36.495454535002864,26.553424933711337,16.923822363971052,0.09126619364134184,0.12515073198359306,2647.6073630625056,,legacy_detailed,,
2022-10-01,2022,10,Narowal District,0.4730297786729069,-0.49477570584807806,7.831795039905394,0.25263854892728005,33.18548436046097,23.33972334047805,14.07344157976753,0.2348440267086476,0.2590979660251902,1954.5299683832063,,legacy_detailed,,
2022-10-01,2022,10,Okara District,0.383212962310968,-0.42298985855706334,4.149914422978702,0.1338682074517136,36.54110140613267,26.373375449761753,16.59282455386513,0.12633987140407268,0.13536379502666968,3698.219707853003,,legacy_detailed,,
2022-10-01,2022,10,Pakpattan District,0.4236221421190369,-0.44834785843585845,0.008754439374597255,2.824012813747306E-4,36.890906826152445,26.554335483666755,17.070557558868845,0.12207715285530676,0.13325789146169775,2313.6996792317395,,legacy_detailed,,
2022-10-01,2022,10,Rahim Yar Khan District,0.3359797556108579,-0.39608719704178863,0.0,0.0,36.95938817953791,27.729380096899092,17.86371014430566,0.07338452717835257,0.13411946870679797,6755.202736227375,,legacy_detailed,,
2022-10-01,2022,10,Rajanpur District,0.21977543353987566,-0.2948169713543407,0.0,0.0,35.854313057169584,26.19468559201216,16.54296106149557,0.053405011105201614,0.18479650570597458,3485.0847849623574,,legacy_detailed,,
2022-10-01,2022,10,Rawalpindi District,0.4340745124151572,-0.4729830668999751,23.486922154290912,0.7576426498257278,33.27324586886436,21.75002022135856,10.781511648308967,0.22421154105588395,0.23483699812453587,1668.5772727487793,,legacy_detailed,,
2022-10-01,2022,10,Sahiwal District,0.39949249176518864,-0.4417436793377888,0.0,0.0,37.1111545348847,26.67249493103027,17.079852138462353,0.12937564222801526,0.14099105839004086,2390.6268736288503,,legacy_detailed,,
2022-10-01,2022,10,Sargodha District,0.4162887923701316,-0.447477847608948,0.5909402675256071,0.01906258931561519,36.194443526424095,25.74055898803894,15.83456307224405,0.14003645347659346,0.1549396625319079,4146.822598159233,,legacy_detailed,,
2022-10-01,2022,10,Sheikhupura District,0.45819924020941777,-0.4754188292178971,2.7718349795816977,0.08941403133179536,36.23713281284923,25.704092285076705,15.367141979474045,0.1303746032374492,0.1417020598230572,4916.309591604619,,legacy_detailed,,
2022-10-01,2022,10,Sialkot District,0.5023824931304691,-0.5051565016792965,7.655874361090031,0.24696368846555417,34.58424671686304,23.754384213309436,12.95527214719482,0.18484322991673285,0.20741265122046448,2415.185778733128,,legacy_detailed,,
2022-10-01,2022,10,Toba Tek Singh District,0.4405623503949136,-0.48328677985058094,0.0,0.0,37.0527256452983,26.48599591081614,16.60754785818032,0.13065812393882598,0.14311390749801445,2291.6487562886678,,legacy_detailed,,
2022-10-01,2022,10,Vehari District,0.47285165993346806,-0.4938309969491445,0.0,0.0,37.76993225942179,27.136888483866528,17.445006041140267,0.12040517150329268,0.1327904435294426,3411.877208826439,,legacy_detailed,,
2022-11-01,2022,11,Attock District,0.2888320079303952,-0.35979510990704966,24.742951795528477,0.8247650587319892,28.73897822059736,16.433574255554554,6.1540336349333975,0.20941887955705452,0.1946893751797049,3273.106298678021,,legacy_detailed,,
2022-11-01,2022,11,Bahawalnagar District,0.25083940995784104,-0.33156474652106854,0.13685593626276985,0.004561864535050249,33.37114808454965,20.979461079997993,9.916613698872487,0.10651424920591432,0.1301189768196574,4967.364559575872,,legacy_detailed,,
2022-11-01,2022,11,Bahawalpur District,0.2019940992376652,-0.3149738623689348,0.2038372414733914,0.006794574711195236,34.51769138219037,22.176394199843486,10.673240503126442,0.05390373840309984,0.13126405165104985,6846.582463797914,,legacy_detailed,,
2022-11-01,2022,11,Bhakkar District,0.23964038886574254,-0.2878749841288709,10.221808540941852,0.3407269513611328,31.28429934940139,19.21870106887352,9.397268236822196,0.11197895650722586,0.13766832711686405,2915.1756365969995,,legacy_detailed,,
2022-11-01,2022,11,Chakwal District,0.28860512682321365,-0.3503389362008224,25.787680406679442,0.8595893472681166,28.091927003196894,16.71560291040016,8.291785753223598,0.24528835673718777,0.23440224142771884,3185.445143925508,,legacy_detailed,,
2022-11-01,2022,11,Dera Ghazi Khan District,0.24797154540760927,-0.32649660757904964,2.350957482070456,0.07836524939735988,29.35700083793171,19.046771759491936,10.312493176067417,0.0743360659817519,0.18456051348571736,3988.1988362083803,,legacy_detailed,,
2022-11-01,2022,11,Faisalabad District,0.38919146623774414,-0.42212582085406813,2.781950467640599,0.09273168248054524,31.20583911961456,19.38854250121254,9.456188366035498,0.17418018425496723,0.15254198724557594,4250.913939116944,,legacy_detailed,,
2022-11-01,2022,11,Gujranwala District,0.28231922806647064,-0.3336772286933288,6.188734397969575,0.20629114779387653,30.119639316187815,17.954390094819388,8.047378821744111,0.2300929311198906,0.21198702715730747,2907.4549125313943,,legacy_detailed,,
2022-11-01,2022,11,Gujrat District,0.3411116619621368,-0.3850494509833885,19.301343078552826,0.6433781018117637,29.57215480007569,17.15931063613958,7.898599750627452,0.24181284170486209,0.22919166728765733,2067.2147921717196,,legacy_detailed,,
2022-11-01,2022,11,Hafizabad District,0.2702082628951085,-0.3458856415871151,6.078921384846634,0.2026307127616696,30.43804112011692,18.473742522641103,8.644451310047014,0.20890105391022074,0.17708342957337178,1786.1774435722248,,legacy_detailed,,
2022-11-01,2022,11,Jhang District,0.3573362795517577,-0.3975565279243931,4.413094982943275,0.14710316625330894,31.529705648931568,19.708518450399787,9.861866428412194,0.1680208011626612,0.1529828952329082,5581.030664204539,,legacy_detailed,,
2022-11-01,2022,11,Jhelum District,0.3273646164923952,-0.39138879957039047,23.323994703381242,0.7774664904780318,28.974524664759496,16.73615421983715,7.095665407940449,0.2389075666869506,0.22981257787129653,1387.5767027148063,,legacy_detailed,,
2022-11-01,2022,11,Kasur District,0.4061841813620544,-0.4303823138007728,0.1696503573208832,0.005655011877185679,31.279547045233276,19.238957905055642,8.854826986785717,0.1740512277912736,0.14914855608630218,3059.5214264324595,,legacy_detailed,,
2022-11-01,2022,11,Khanewal District,0.3383561091115012,-0.3748755368123831,0.36268564178514134,0.012089521395153064,32.56830869652216,20.928194570781173,10.455934229387843,0.14032149739589633,0.13555892022293095,3258.251526108264,,legacy_detailed,,
2022-11-01,2022,11,Khushab District,0.2990438922996365,-0.35984284318577325,17.21262457610758,0.5737541518518156,30.493068133486716,18.038307834384305,8.510319749494348,0.17978216082048754,0.17369925095895838,2644.7052844318105,,legacy_detailed,,
2022-11-01,2022,11,Lahore District,0.2859167839957011,-0.32906924299898793,3.2034677304642103,0.10678225740266115,30.88623122506801,18.67120941759679,8.321509000949277,0.1755852335528598,0.16452047866090477,880.6241401907422,,legacy_detailed,,
2022-11-01,2022,11,Layyah District,0.24998704371570557,-0.29474605172215185,2.5128069449442028,0.08376023158527572,31.571971131984068,20.133679246586603,9.790162402227635,0.07181384130293754,0.10541204266461908,2631.951273041156,,legacy_detailed,,
2022-11-01,2022,11,Lodhran District,0.34481837229007156,-0.3737221693841793,0.0,0.0,33.044860296273676,21.42656608779991,10.494963153324685,0.13314069886513608,0.13283302588350934,1977.8602158284143,,legacy_detailed,,
2022-11-01,2022,11,Mandi Bahauddin District,0.3428892168820821,-0.36266014979335215,14.390072275076163,0.47966907394322483,29.76259657455883,17.67363209872697,7.630441465070637,0.21337726301531446,0.19875863564953558,1991.454851652331,,legacy_detailed,,
2022-11-01,2022,11,Mianwali District,0.2568614008789475,-0.31778994907182473,14.085324935307334,0.46951083280619765,29.911536966724555,18.33822070371629,9.491557871685385,0.18008011302082977,0.18061211956831064,2695.277585611368,,legacy_detailed,,
2022-11-01,2022,11,Multan District,0.3215473150274624,-0.3626299483107391,0.01821235441482057,6.070784709324522E-4,32.7231362925261,21.29616895919452,10.84832326238114,0.13195882772475573,0.13341272930321466,2264.905388989289,,legacy_detailed,,
2022-11-01,2022,11,Muzaffargarh District,0.3044648275045516,-0.33404352079455757,0.18058389687871007,0.006019463179539739,32.111732135856954,20.954207613057594,10.604944764983347,0.09542079809565447,0.1175679616722253,3041.873224637606,,legacy_detailed,,
2022-11-01,2022,11,Narowal District,0.28861785655607153,-0.370905444574749,9.002922422497779,0.30009741376933413,29.399737104673612,17.42367001818612,8.16157244736321,0.26900895607043357,0.27088802126161177,1993.1701182754048,,legacy_detailed,,
2022-11-01,2022,11,Okara District,0.3766673897327835,-0.4101882335485904,0.06871508433518464,0.002290502787861671,31.709112289542027,19.87350553263575,9.79201761118226,0.15456593096684917,0.13730681667713696,3728.4118488218774,,legacy_detailed,,
2022-11-01,2022,11,Pakpattan District,0.3804329540478863,-0.41673194598065805,0.0,0.0,32.08281720595495,20.473887033463274,10.186505188431516,0.13616007131731075,0.13300144879096454,2355.184378881515,,legacy_detailed,,
2022-11-01,2022,11,Rahim Yar Khan District,0.31450371685303063,-0.3813957895747365,0.14213535509730213,0.00473784517859369,33.79120863287686,22.153713833132674,10.889102027119245,0.073173556221913,0.128027943143131,5327.2092060213545,,legacy_detailed,,
2022-11-01,2022,11,Rajanpur District,0.24711874322774513,-0.31665142573718685,0.05841454387573757,0.0019471514510520467,31.060108409431912,20.78495861407423,10.87504657477255,0.05418453406548724,0.17065616962677033,4304.226826995479,,legacy_detailed,,
2022-11-01,2022,11,Rawalpindi District,0.3929377330353825,-0.4235272082809056,43.61782942946961,1.4539276477657102,28.02482910767519,15.016661344110211,4.977089813224805,0.2660935101800668,0.25454729410693744,1752.0693573469696,,legacy_detailed,,
2022-11-01,2022,11,Sahiwal District,0.3956333001138212,-0.4336312057395827,0.6561197835426935,0.021870659470552334,31.938071224248105,20.34169617842396,9.974207067156055,0.1454775318218644,0.14104075454671722,2555.3228057292895,,legacy_detailed,,
2022-11-01,2022,11,Sargodha District,0.3967888327959711,-0.41959605888014334,11.306547232807315,0.37688490795565777,30.649760464181295,18.527939439058187,8.597035966639838,0.20965578286038694,0.1831955812493055,4161.93518348643,,legacy_detailed,,
2022-11-01,2022,11,Sheikhupura District,0.2884905505174956,-0.34979406412767244,4.286588863445819,0.14288629495111907,30.868471312079468,18.749150827536727,8.5272177792005,0.1907794671677914,0.1607430431867438,4706.8561225496705,,legacy_detailed,,
2022-11-01,2022,11,Sialkot District,0.3333871920458421,-0.3857390709408882,12.238166628558831,0.4079388857174303,29.78645436221798,17.23630873725535,7.382308422306354,0.2557935545389927,0.25091363281046225,2478.18240001408,,legacy_detailed,,
2022-11-01,2022,11,Toba Tek Singh District,0.4061187988946492,-0.4581847798925892,2.6749857648635613,0.08916619203121808,31.51222903839055,19.949618883006316,10.014186492195709,0.15874939794697515,0.14619478911646633,2416.960833001859,,legacy_detailed,,
2022-11-01,2022,11,Vehari District,0.4258691445083274,-0.4426129184453541,4.242894744226611E-5,1.4142982550898288E-6,32.76968658465626,21.12710149261446,10.335858368181562,0.13208938705473147,0.13263667057654618,3388.3210763787674,,legacy_detailed,,
2022-12-01,2022,12,Attock District,0.32770738909940633,-0.3832125779929864,7.693703250663857,0.24818397567593475,22.329051750267176,12.437795714264434,3.0020555321657554,0.1449326730769591,0.1796538193713493,4249.698787312027,,legacy_detailed,,
2022-12-01,2022,12,Bahawalnagar District,0.37494557936287065,-0.39951921492064824,0.05320838810972154,0.001716399616286217,25.447998612387256,15.45482942905074,4.205204062671153,0.0989424609552865,0.1290994499791303,5733.507275386106,,legacy_detailed,,
2022-12-01,2022,12,Bahawalpur District,0.2597549772563651,-0.35302798059987106,0.016133110838204515,5.204229355164857E-4,26.618890085848662,16.33177489542551,5.159349637542545,0.05337206339896392,0.1283902317064505,9867.115953505561,,legacy_detailed,,
2022-12-01,2022,12,Bhakkar District,0.2788697299106939,-0.3072864395038121,2.509413253238312,0.08094881444900286,24.198005010748602,14.9397117170325,4.848564911627832,0.060145452484896944,0.12291317843843068,3296.60554451326,,legacy_detailed,,
2022-12-01,2022,12,Chakwal District,0.34774967006867247,-0.4159447739078095,6.906268772917188,0.22278286341486594,22.074341730379466,12.880205617354367,3.918942348715348,0.18140722599052783,0.20843066638011262,3823.6632771412014,,legacy_detailed,,
2022-12-01,2022,12,Dera Ghazi Khan District,0.25253535293954527,-0.31192767900846147,0.14482705337683183,0.004671840462357635,23.50965145152208,14.759253433079945,5.839964994036592,0.06144130213077236,0.17501056518185992,2592.824497155739,,legacy_detailed,,
2022-12-01,2022,12,Faisalabad District,0.41070198919701645,-0.4299750331909179,0.2775409154179482,0.008952932784911154,24.719122385911607,14.784928915348663,5.195022931367898,0.14548982781664052,0.1509020041863243,4540.38187967911,,legacy_detailed,,
2022-12-01,2022,12,Gujranwala District,0.3728674083031105,-0.3712572272057348,2.775349222179365,0.08952739409045304,24.309985521648578,13.720019075695891,4.523584062704127,0.1647749081123094,0.18639057207443258,2919.078752420679,,legacy_detailed,,
2022-12-01,2022,12,Gujrat District,0.35222688371252847,-0.3785004367695884,6.947432468617472,0.22411072481335823,23.803420419798076,13.173203927695207,4.224675669062557,0.1762069564748809,0.1996898076859018,2158.682088594803,,legacy_detailed,,
2022-12-01,2022,12,Hafizabad District,0.35925497231972087,-0.36936787580794933,0.028316554957932647,9.134372331046636E-4,24.38596722316925,14.033354711684252,4.620318486533822,0.15539070891337978,0.17106737067308278,1864.265862905234,,legacy_detailed,,
2022-12-01,2022,12,Jhang District,0.40287133840966166,-0.4221643907433992,0.3001294139687257,0.009681594070280027,24.78349623221223,15.058279377249209,5.251420637457885,0.13028160255406315,0.15038398215593501,5934.520935923836,,legacy_detailed,,
2022-12-01,2022,12,Jhelum District,0.3507748612475755,-0.41416165985105124,6.792362200656631,0.21910845820412722,22.946345665175993,12.738372637541204,3.9125292868738137,0.18586715986210092,0.205068141617194,1610.6131402799601,,legacy_detailed,,
2022-12-01,2022,12,Kasur District,0.4417289652941608,-0.4390164376314711,0.36607290694951783,0.011808803382990512,25.177359196636935,14.606831979990794,4.81381022238068,0.13776424313995048,0.14507640037380576,2929.987789557199,,legacy_detailed,,
2022-12-01,2022,12,Khanewal District,0.4839567103798107,-0.46923186685058793,0.029783101082309704,9.607452119254104E-4,25.7532710217868,15.890756611203276,5.5879921808497235,0.13560933799886818,0.13584180258855236,3398.530674662124,,legacy_detailed,,
2022-12-01,2022,12,Khushab District,0.32021910192195313,-0.37867270999142,5.765619206557959,0.18598771542286424,23.743158070764757,13.940870530297826,3.94799614201465,0.11699629355341597,0.15880989504976742,3052.6903010411993,,legacy_detailed,,
2022-12-01,2022,12,Lahore District,0.3045028454609549,-0.329219864792367,4.573746012948688,0.14754019392322873,24.902384079111947,14.164388070767234,4.360065329983035,0.13594985833202988,0.15822953509282703,828.2542857898874,,legacy_detailed,,
2022-12-01,2022,12,Layyah District,0.2841707948439044,-0.29722268307284616,0.8447987699317251,0.027251573138758742,24.980056478810862,15.490123189005955,5.617330754382939,0.06044097833204812,0.1025683749003643,2936.6858284803548,,legacy_detailed,,
2022-12-01,2022,12,Lodhran District,0.5109788568052229,-0.4860194260000526,0.0,0.0,25.976082845983942,16.140297069923754,5.73612482978493,0.12633937708724652,0.1328011077080951,2245.6419271522186,,legacy_detailed,,
2022-12-01,2022,12,Mandi Bahauddin District,0.3665800984711539,-0.3936651632596079,1.0100619703701708,0.03258264446765766,23.839592826148035,13.351672650545574,4.12013258076961,0.16237018434212142,0.18534244723446014,2023.0546426235132,,legacy_detailed,,
2022-12-01,2022,12,Mianwali District,0.32072408772713507,-0.3622947993889921,4.222239792852434,0.1362012833031205,23.411397204478362,14.487352227965234,4.468688783827214,0.11553605684742291,0.16758618433864816,3315.2240488394373,,legacy_detailed,,
2022-12-01,2022,12,Multan District,0.4211023157938501,-0.41632754344531436,0.0,0.0,25.909283126984402,16.18002723403715,6.147236920645325,0.13183920288931644,0.13355883168914492,2465.4401992064804,,legacy_detailed,,
2022-12-01,2022,12,Muzaffargarh District,0.36221232171208956,-0.3586251365316637,0.044794703890972634,0.0014449904574521638,25.708179236620946,16.05416342092407,6.620439953128718,0.09897184115471348,0.11609171998856642,3738.398862727133,,legacy_detailed,,
2022-12-01,2022,12,Narowal District,0.2779849314994674,-0.3257294885411737,9.720241604147276,0.3135561800393324,24.117202882354075,13.165531310714215,4.283365885133609,0.20569174963280593,0.22794538626986466,1949.269514554969,,legacy_detailed,,
2022-12-01,2022,12,Okara District,0.5018853667870837,-0.48311179634002166,0.7420958779002242,0.02393857660811194,25.246495233327316,15.070727476994826,4.976559424187123,0.13166130476678714,0.13615738972584934,3906.1641709875826,,legacy_detailed,,
2022-12-01,2022,12,Pakpattan District,0.47887102742899085,-0.46718131580607913,0.27414926049916416,0.008843524503194318,25.32807321662394,15.421587100932772,4.818503103571234,0.12962979467147703,0.1329564651006608,2497.8171260663466,,legacy_detailed,,
2022-12-01,2022,12,Rahim Yar Khan District,0.35097595475289706,-0.39692885458400373,0.021233103504361146,6.849388301464731E-4,27.061730465235957,16.790940857732565,6.13788418650533,0.07319522067383273,0.12554936539971925,5962.204455535283,,legacy_detailed,,
2022-12-01,2022,12,Rajanpur District,0.2757164975613888,-0.32512079227393054,0.548804005692198,0.017703355051690132,25.896943839769254,15.928225170680111,6.260690123954418,0.05806493965551753,0.16380328026380608,2366.1681218966733,,legacy_detailed,,
2022-12-01,2022,12,Rawalpindi District,0.42642380991809214,-0.455931818125491,8.763928840572014,0.2827073811250969,21.77448676581616,11.248172101528231,2.0908475794670642,0.20122549665825906,0.23507926640223592,2119.248448857888,,legacy_detailed,,
2022-12-01,2022,12,Sahiwal District,0.4804067709571212,-0.47594841633372154,0.38592047424604903,0.012449047679497123,25.435939474067016,15.409294360558082,5.140980649440087,0.13882201558686114,0.14097599045983436,2674.76324280953,,legacy_detailed,,
2022-12-01,2022,12,Sargodha District,0.44303071153035767,-0.4572078239341749,1.9199069284331594,0.06193248127573628,24.17321159454819,14.076158104289929,4.300719196422585,0.15700670824846474,0.1753267120718783,4287.629122023376,,legacy_detailed,,
2022-12-01,2022,12,Sheikhupura District,0.3751093738377299,-0.3810890681386279,1.8096879171682017,0.058377029494443414,24.746853449961993,14.278327646276795,4.749652531832607,0.143519782493648,0.1540371590072,4800.201210638308,,legacy_detailed,,
2022-12-01,2022,12,Sialkot District,0.3485329429107482,-0.37497996104835485,9.875700727502366,0.3185709922361455,24.233704562160973,13.31546108141807,4.152687408417655,0.18803407827234786,0.21275991288033205,2436.3574598756823,,legacy_detailed,,
2022-12-01,2022,12,Toba Tek Singh District,0.4652710097247789,-0.4784640677143868,0.10149373741782707,0.003273991546736684,25.138530037030954,15.184311660019985,5.189829119103653,0.1431033264416322,0.1457234354701173,2435.148364752556,,legacy_detailed,,
2022-12-01,2022,12,Vehari District,0.46830534632830234,-0.4642011868792129,0.10362574433319721,0.0033427659669062275,25.70983211421524,15.84165303001648,5.6299711349333785,0.12765906171350969,0.13261533005711057,3502.4124758527014,,legacy_detailed,,
2023-01-01,2023,1,Attock District,0.3403906713819656,-0.3915561516840662,27.435729154825992,0.8850235212239157,19.45093590407836,9.268327961799121,-1.233813078824995,0.20345497661813663,0.1880111480105498,3924.866104613814,,legacy_detailed,,
2023-01-01,2023,1,Bahawalnagar District,0.43819299813525114,-0.4362127022015333,6.583080297110066,0.21235742922119735,21.70541920960055,12.170309144541115,2.6396257479232754,0.11477250238431225,0.12957099976324526,6125.192549807521,,legacy_detailed,,
2023-01-01,2023,1,Bahawalpur District,0.2780114952326467,-0.3707192360381204,0.33971983905294356,0.010958704496888272,23.274019577548103,12.785974211647682,2.3096087246334136,0.05744561149259871,0.12641615415978644,11627.44361537456,,legacy_detailed,,
2023-01-01,2023,1,Bhakkar District,0.35538436777392896,-0.3753890746513362,8.679715086609695,0.27999080902425655,21.62742727627427,11.515078989249064,0.4699081140025778,0.0596962591039018,0.11133270566877884,4666.913430736779,,legacy_detailed,,
2023-01-01,2023,1,Chakwal District,0.34673170257444724,-0.41332317198354956,25.39794221427636,0.8192884600537211,19.15354567541045,9.734138432999414,1.1733416343067313,0.21461538409291783,0.19984006027812568,3814.202225806349,,legacy_detailed,,
2023-01-01,2023,1,Dera Ghazi Khan District,0.33724744359731856,-0.3973745405824135,6.517636824109746,0.21024634935893688,21.034669715641094,11.222117600619466,0.1169829864096373,0.06880956410988462,0.17062071435185164,4660.9488298596425,,legacy_detailed,,
2023-01-01,2023,1,Faisalabad District,0.3514014986325823,-0.33396248805884265,12.215311373348278,0.3940423021128892,20.650962182512746,11.41479750568816,1.9174006393279963,0.17912417673289194,0.15154440903513594,4524.802362493465,,legacy_detailed,,
2023-01-01,2023,1,Gujranwala District,0.5689238572741778,-0.50597891547027,19.34298492575771,0.6239672557358544,19.73632247747167,11.331878309576922,2.4228202426080827,0.205950531920481,0.17466140711620678,3010.1581106291387,,legacy_detailed,,
2023-01-01,2023,1,Gujrat District,0.4300458896648611,-0.4294531559368565,24.926957278809557,0.8040953973673552,20.082823402216093,11.162926312048265,2.9336790533230546,0.23320469594612073,0.2029958163526031,2208.733295879955,,legacy_detailed,,
2023-01-01,2023,1,Hafizabad District,0.6149766575039636,-0.5457827224627394,21.12970741096359,0.6816034681070745,19.911178910456034,11.194188266399056,1.6135818012183842,0.1958713659134374,0.16365549491211312,1955.1974157017385,,legacy_detailed,,
2023-01-01,2023,1,Jhang District,0.3782486473587383,-0.3713781200983584,8.658059906390736,0.27929225461811874,21.318414062563875,11.615179828714037,1.7584439842753858,0.15225631972240625,0.14532313571432617,6640.095128403177,,legacy_detailed,,
2023-01-01,2023,1,Jhelum District,0.33924940886479493,-0.3993146690275271,28.67676042487132,0.9250567869129784,20.203708720565356,10.26691697455269,1.056944136691214,0.24413927291562504,0.2197159199574611,1631.8614807342199,,legacy_detailed,,
2023-01-01,2023,1,Kasur District,0.41878520057715357,-0.3980254398133303,11.882747339501858,0.3833144319046952,20.937238746743173,11.481052243357276,2.0054887465584037,0.17225352046712095,0.14524912833908787,3368.5257999256723,,legacy_detailed,,
2023-01-01,2023,1,Khanewal District,0.5072550776544988,-0.47446353369907873,5.933223170863036,0.19139429578394807,21.48688760770455,12.016414517425424,1.7821884372850942,0.16246460659258585,0.14225086489145825,3673.8702980755734,,legacy_detailed,,
2023-01-01,2023,1,Khushab District,0.32553831951513373,-0.3671421412506848,15.084210744107194,0.4865874438561368,20.98227534392223,10.573999525442863,0.24546249397306927,0.12795960441493734,0.14150039767175013,3429.184860427144,,legacy_detailed,,
2023-01-01,2023,1,Lahore District,0.316907128656355,-0.3193171871928601,16.05230879399326,0.517816412383298,20.520900135536913,11.359651654573641,1.9160814776370243,0.18445497164874244,0.16024131670477873,913.6600206035865,,legacy_detailed,,
2023-01-01,2023,1,Layyah District,0.4305864789262966,-0.4254868415723337,7.672002670343926,0.24748395687921945,21.776705647119762,11.80530451225861,0.6190113898311783,0.06584200581134325,0.10098219384721954,3951.6535933085447,,legacy_detailed,,
2023-01-01,2023,1,Lodhran District,0.47867866775321316,-0.4448564647712956,1.9322863920125084,0.06233181932391174,22.09408880141554,12.529193048718042,2.183049001523883,0.13516996259151032,0.13366642940249557,2372.562602672686,,legacy_detailed,,
2023-01-01,2023,1,Mandi Bahauddin District,0.49195369568555997,-0.4732733478255396,28.762618578454422,0.9278264083783632,20.245219079521164,10.919106702450847,1.4715975440172528,0.20984222492495516,0.18301609023092866,2180.682352006154,,legacy_detailed,,
2023-01-01,2023,1,Mianwali District,0.3875448801708609,-0.40449504655879887,16.65383481438337,0.5372204785346659,20.492793935190374,10.954065370432248,1.4869621501027408,0.12224857226533045,0.1540893442691923,3342.7462126899222,,legacy_detailed,,
2023-01-01,2023,1,Multan District,0.4968896219812683,-0.4724753753367663,4.2255103882721645,0.13630678628997145,22.25492930126583,12.411149146936582,2.1999099240234057,0.1537055802864015,0.13994488517350315,2682.6993301810808,,legacy_detailed,,
2023-01-01,2023,1,Muzaffargarh District,0.4872048399237767,-0.4737015770947712,5.313410793337167,0.17140034785209943,22.53834501202178,12.386827862858858,1.9726776213033792,0.11479498417537125,0.11820377756775784,5496.971619431819,,legacy_detailed,,
2023-01-01,2023,1,Narowal District,0.48335415370107765,-0.43852189044214024,37.71863135553095,1.2167300467525493,19.974442900273786,11.157492874421804,2.663102786922836,0.2824531575699174,0.26511568816464437,2087.5306227133374,,legacy_detailed,,
2023-01-01,2023,1,Okara District,0.5570646633733146,-0.5179591752844749,10.243049952130947,0.3304209656927731,20.8668644776575,11.62905816752112,2.1577069210684736,0.16923428825795953,0.13892874717968884,3987.0522535421937,,legacy_detailed,,
2023-01-01,2023,1,Pakpattan District,0.5532452985225111,-0.5149070730252338,9.7783343464492,0.31543014027323074,21.0947881674035,11.849634025251337,2.1072651119415577,0.16446179841372943,0.13755808825488247,2612.2778386093783,,legacy_detailed,,
2023-01-01,2023,1,Rahim Yar Khan District,0.3686324837741622,-0.41212579279531275,1.5843585311538673,0.05110833973898133,23.918365464968637,13.35442862467383,3.085543545324529,0.08374490367763118,0.12406446119609388,7647.8420182637155,,legacy_detailed,,
2023-01-01,2023,1,Rajanpur District,0.3239586821514559,-0.38197106593436997,7.429022831529504,0.23964589809328005,23.3733536302812,12.621834356595825,1.3984073847911838,0.06261892110853629,0.15990944966210902,5340.355157405953,,legacy_detailed,,
2023-01-01,2023,1,Rawalpindi District,0.44339853143445856,-0.4833855151127786,48.48708098233249,1.564099390848795,18.854415109029848,8.582142613992591,-0.6707298376229278,0.3165192130157291,0.2891710487551936,2144.7055101725036,,legacy_detailed,,
2023-01-01,2023,1,Sahiwal District,0.49064612101613253,-0.47040228339767093,10.90014588751092,0.3516176083106107,21.104514665734108,11.690656477254867,1.7701435950674693,0.17675116725222906,0.14693233093500466,2807.907291314675,,legacy_detailed,,
2023-01-01,2023,1,Sargodha District,0.42933045560539446,-0.41505959437346984,19.2850614601391,0.6220987536816995,20.834886836403076,11.004290466990433,0.8746327066613458,0.18552709656167882,0.16409976892883096,4506.441872444509,,legacy_detailed,,
2023-01-01,2023,1,Sheikhupura District,0.543482260368833,-0.4905902602438174,16.276410946526422,0.5250455129072921,20.257429725745226,11.387703852451587,2.0372978365438583,0.1916132939308009,0.15351222873113668,4942.1400703137,,legacy_detailed,,
2023-01-01,2023,1,Sialkot District,0.4947417529186906,-0.4492487568901108,31.273202298797393,1.0088129750463417,19.86930027252933,11.290997557455631,2.591878065454362,0.244708320286193,0.22087725459450855,2503.532768442482,,legacy_detailed,,
2023-01-01,2023,1,Toba Tek Singh District,0.38201609776954765,-0.36942873480030375,9.07177127194732,0.29263778267731483,21.020596042386412,11.567320409292694,1.4989978643276811,0.16918679562598116,0.14892254578704678,2611.6688140892975,,legacy_detailed,,
2023-01-01,2023,1,Vehari District,0.38074396478517575,-0.37412356186025675,6.371175002818323,0.20552177400188118,21.604535224674752,12.180197136528744,2.7314020671778723,0.14498928892105187,0.13458750591214813,3996.9498214596374,,legacy_detailed,,
2023-02-01,2023,2,Attock District,0.34421512337979737,-0.40846858686804877,29.579972412676213,1.0564275890729564,25.818414516476388,14.641860990935362,1.9105467163437115,0.2215771506676795,0.2187517377992788,3351.1458118945397,,legacy_detailed,,
2023-02-01,2023,2,Bahawalnagar District,0.48818747470493096,-0.49649828668496737,1.538539961927921,0.054947855834753534,31.092178868496898,19.155013978799087,6.062005200235021,0.11700464067246237,0.13913162017435152,5916.347690626986,,legacy_detailed,,
2023-02-01,2023,2,Bahawalpur District,0.2611165287903295,-0.3547585859811652,1.752373198645355,0.06258475717032747,32.70279425479589,20.77573254223848,6.8609764894211045,0.05264117464770531,0.1247402676684278,9124.861298103579,,legacy_detailed,,
2023-02-01,2023,2,Bhakkar District,0.3621683000007628,-0.3920451876904197,7.797821559869895,0.2784936264297798,29.977452867637627,18.58137030155159,5.057803962646932,0.06465551251287467,0.10393473891915549,5058.046344153401,,legacy_detailed,,
2023-02-01,2023,2,Chakwal District,0.3234284154409334,-0.3942332595106751,17.311201414706208,0.6182571942813058,26.323504816893326,15.376376967911796,2.8361060345386395,0.22092084366749556,0.21686719529930976,3208.7987927320687,,legacy_detailed,,
2023-02-01,2023,2,Dera Ghazi Khan District,0.3255449445171428,-0.391221746163347,6.6330816230061656,0.23689577151524135,29.399364071584444,18.485305830063975,6.3882291695698825,0.05539502642663311,0.1641436972645589,4638.194593060071,,legacy_detailed,,
2023-02-01,2023,2,Faisalabad District,0.5335536932232777,-0.5310551321449346,9.377251959246196,0.33490185566448216,29.408561667549996,18.10674471426981,5.684221867925633,0.16166223498895266,0.1553532718160852,4906.785459572497,,legacy_detailed,,
2023-02-01,2023,2,Gujranwala District,0.634668673845243,-0.5785248071687927,9.824377742988405,0.35087063395574986,27.671952963194467,16.574222156890976,5.792793926994702,0.20192822465722216,0.21019239820593383,3011.7627547349553,,legacy_detailed,,
2023-02-01,2023,2,Gujrat District,0.5021026336037473,-0.49804850308270165,12.409818501376861,0.44320780318528036,27.302479002307763,15.887025215603801,4.641448903564527,0.2482499486542413,0.2552260400667676,2131.7864301614572,,legacy_detailed,,
2023-02-01,2023,2,Hafizabad District,0.7095262505113751,-0.6473214270604725,10.796363489275413,0.3855844108810963,28.222807922941538,17.044664143187923,5.5414380574918125,0.18135143231339818,0.1768384979864357,1933.2420657367722,,legacy_detailed,,
2023-02-01,2023,2,Jhang District,0.518082495501532,-0.5207376396809518,8.680028884458947,0.3100010321507785,29.387645429712496,18.502617559283372,6.122113462304795,0.1303990760497462,0.1395556967719896,7039.010759357144,,legacy_detailed,,
2023-02-01,2023,2,Jhelum District,0.34468371385607666,-0.4111510299113852,16.20558962514481,0.5787710612413758,27.10635921181363,15.442100746413521,3.90183006290096,0.25154143374217935,0.2561352407337747,1213.1049595847396,,legacy_detailed,,
2023-02-01,2023,2,Kasur District,0.5080410870117869,-0.5024619593207765,7.011648566864519,0.2504160211491941,30.390950140005163,18.169152614077582,6.8417623620622114,0.15856721781642563,0.14972232711608627,3283.7915806932083,,legacy_detailed,,
2023-02-01,2023,2,Khanewal District,0.6143218554408334,-0.5941566069159938,5.230462205437698,0.18680222142661201,30.276621221269203,19.057112758691,6.499281250491934,0.12811183152733582,0.13699251064934514,3665.499901518909,,legacy_detailed,,
2023-02-01,2023,2,Khushab District,0.35650772921742185,-0.4122979518160131,11.61619977781579,0.4148642784807612,29.05738039222482,17.268608935823302,4.009785521909715,0.12325257456687451,0.13340312831390946,3427.191112857659,,legacy_detailed,,
2023-02-01,2023,2,Lahore District,0.403950764712388,-0.4192676762956673,7.877438664232103,0.28133709563820536,29.43714032518027,17.456891398660456,5.682865112657855,0.1624665299027716,0.1730376679066232,851.2811021594915,,legacy_detailed,,
2023-02-01,2023,2,Layyah District,0.4427336204809425,-0.4499884484450118,6.024912007445049,0.2151754287128787,30.36479155881207,19.050687429944087,5.8920557268074365,0.061553826152552255,0.09895492864377568,4108.4834985771895,,legacy_detailed,,
2023-02-01,2023,2,Lodhran District,0.6045990321017664,-0.5833555234288207,6.25461028533821,0.22337893901666012,30.611974305596995,19.48282705833014,7.335527739391398,0.12188716824525893,0.13260153080641998,2236.5868644309103,,legacy_detailed,,
2023-02-01,2023,2,Mandi Bahauddin District,0.5990971034588237,-0.5669984218643003,12.221788307667547,0.4364924396116314,27.764406271326877,16.23075475447605,5.34523643481778,0.20518046732012643,0.2169456491939585,2214.723175684629,,legacy_detailed,,
2023-02-01,2023,2,Mianwali District,0.3981885083730138,-0.42096547002258977,11.863343094874967,0.4236908246220106,27.98391156940161,16.720014008174513,3.330500346456982,0.13274353971707564,0.14683631017357562,3086.4143678280034,,legacy_detailed,,
2023-02-01,2023,2,Multan District,0.5628446802821424,-0.5527739474000151,5.767413858334327,0.2059790658693846,30.732776536505003,19.44599220299981,7.322499444221204,0.12407589574993973,0.134647169208988,2610.441243652217,,legacy_detailed,,
2023-02-01,2023,2,Muzaffargarh District,0.48500453335954957,-0.48799799843606767,5.057815989806309,0.18063628508994123,30.725717343059316,19.427949464516278,6.977568722652658,0.09259850462972755,0.11482799371125543,5483.53749289066,,legacy_detailed,,
2023-02-01,2023,2,Narowal District,0.5787777414114785,-0.5278355520653654,12.555034352224812,0.44839408358854693,26.85362649208752,15.927628548344826,4.564226334851713,0.26861074991640776,0.2814574430948794,1890.9641138132627,,legacy_detailed,,
2023-02-01,2023,2,Okara District,0.516092665184086,-0.5100240004486782,4.787906080303135,0.17099664545557636,30.00431586232748,18.310420481178777,6.575220554612617,0.15746971394526832,0.15080266435038406,3940.244084970039,,legacy_detailed,,
2023-02-01,2023,2,Pakpattan District,0.5303587196343041,-0.5121984227154242,2.943227490729009,0.10511526819682687,29.83708396584571,18.453033158106035,6.183361863587344,0.1577148275937364,0.15647925992707679,2579.845749817332,,legacy_detailed,,
2023-02-01,2023,2,Rahim Yar Khan District,0.36355982429667894,-0.42375163445186154,1.6933857360199491,0.06047806215155921,32.31807042476722,20.82620780403997,6.931264386447766,0.07519858684718411,0.12261234855392836,7548.073474300427,,legacy_detailed,,
2023-02-01,2023,2,Rajanpur District,0.3121261948675746,-0.37825777841526775,5.3074438291347,0.18955156517539695,30.490153778278792,19.9480670426044,7.008404250955101,0.052327580823538174,0.15531644367727485,5248.086701239909,,legacy_detailed,,
2023-02-01,2023,2,Rawalpindi District,0.44550324862934243,-0.4917561243486174,29.861884971786118,1.0664958928204602,24.92267517582681,13.354829489229969,1.9406575231117789,0.3280631121108809,0.33348223367957286,1791.0889737382818,,legacy_detailed,,
2023-02-01,2023,2,Sahiwal District,0.5466581017273998,-0.5363633815540332,4.18801258450957,0.14957187851335454,30.078183059238313,18.605397512693735,6.06625000904982,0.15204934656044777,0.1510132356592075,2774.7656089463076,,legacy_detailed,,
2023-02-01,2023,2,Sargodha District,0.5661154259851253,-0.5541901819804389,10.96027455879513,0.3914383765816892,28.87150482405607,17.41273774284267,5.063459121379841,0.16787941701100292,0.1619984943852839,4711.170886764373,,legacy_detailed,,
2023-02-01,2023,2,Sheikhupura District,0.6510954561421484,-0.6038144147257235,10.692794360010938,0.3818855130516278,28.86224553055006,17.34683823860655,5.382805460437365,0.1711763679319365,0.1702856105162813,5058.361836925279,,legacy_detailed,,
2023-02-01,2023,2,Sialkot District,0.6020296597756079,-0.5477918802516567,9.59313410827581,0.3426119324348106,27.179436445920423,16.04760034657914,4.637200733480743,0.24590735009502582,0.256176581137117,2313.7778289761504,,legacy_detailed,,
2023-02-01,2023,2,Toba Tek Singh District,0.567404071067089,-0.5664293293520316,6.653400479225935,0.2376214453699276,29.564145762557555,18.4664979752813,6.012982385038652,0.1421918863432145,0.144878562342878,2636.4110726177387,,legacy_detailed,,
2023-02-01,2023,2,Vehari District,0.5197091666572756,-0.518561279034844,3.6889699002888867,0.13174892480560024,30.45605578079028,19.11721541016144,6.294664031298564,0.12803680167189205,0.13379842144477416,3813.153285520539,,legacy_detailed,,
2023-03-01,2023,3,Attock District,0.31629072511641665,-0.38126184608564045,63.664151876909735,2.0536823193187437,29.713127208612832,18.419103106941105,9.231844457417079,0.24969705121197344,0.22696173708429704,2845.2891191671033,,legacy_detailed,,
2023-03-01,2023,3,Bahawalnagar District,0.4304534190802058,-0.4559844393866735,21.475564580671616,0.6927601472838049,33.60021514874428,22.51633016054817,13.920550678789931,0.11440465202103726,0.12847409186549436,5811.224603793958,,legacy_detailed,,
2023-03-01,2023,3,Bahawalpur District,0.2064230341930133,-0.3017556851463504,8.119333724597622,0.261913991130932,34.92433180624298,24.061950293358713,15.042998392270766,0.059462829977576126,0.12312345613138397,8053.89490894789,,legacy_detailed,,
2023-03-01,2023,3,Bhakkar District,0.3676117183600848,-0.3879597551921712,61.48728074729701,1.9834606716572847,32.66109546764114,20.85410778044232,12.777039013563092,0.16376437268168312,0.16526680572303942,4904.763843605325,,legacy_detailed,,
2023-03-01,2023,3,Chakwal District,0.3213166820426445,-0.38885944776908304,66.31632842828597,2.1392364000367707,29.52169949662378,18.657470568033887,9.593703597203424,0.2523874277444605,0.21785941233541475,2704.1535870266644,,legacy_detailed,,
2023-03-01,2023,3,Dera Ghazi Khan District,0.300192118894379,-0.36213204355435413,80.79529965427449,2.606299987401959,30.669161161115987,19.788438565821252,12.069562283869669,0.19532741393969869,0.21282948820660444,4256.858774765615,,legacy_detailed,,
2023-03-01,2023,3,Faisalabad District,0.5360521748982401,-0.5277314386297461,53.5925946780171,1.728793380747696,32.12001016434954,21.211618721192195,12.663446486384109,0.19683221895486,0.16895755076108557,4845.970916941597,,legacy_detailed,,
2023-03-01,2023,3,Gujranwala District,0.6679604755173669,-0.6083505568014488,30.267485445177766,0.9763705002000662,30.95636772472576,20.508460308003507,12.190515875250316,0.1961761299286341,0.15908098274922736,3005.153903057349,,legacy_detailed,,
2023-03-01,2023,3,Gujrat District,0.5156187454831361,-0.5112291712943292,45.613728545568,1.471410597594477,30.44990067800152,19.98060893675637,11.127287323245456,0.2014477627339128,0.17826100207932066,2056.645763659357,,legacy_detailed,,
2023-03-01,2023,3,Hafizabad District,0.706933700158451,-0.6436624721958852,32.110436106480556,1.0358205178569961,31.3311707343605,20.740023158681193,12.150111520153134,0.19320859253115358,0.1567951929750598,1973.6775368534393,,legacy_detailed,,
2023-03-01,2023,3,Jhang District,0.5323216305787838,-0.520921179672992,42.74119313415722,1.3787481646245807,32.75744566814949,21.368882278734812,12.931735338870535,0.19285631645589843,0.1624488223509488,6941.146286572264,,legacy_detailed,,
2023-03-01,2023,3,Jhelum District,0.3630956954742727,-0.4227767562001064,54.678335930974924,1.763817289170315,29.92888656150879,19.31876477681251,10.706084688349014,0.23503333513349117,0.2047677331984062,1078.222260276042,,legacy_detailed,,
2023-03-01,2023,3,Kasur District,0.5152465692282686,-0.497828591056121,42.41374107865407,1.368185198528347,31.92445913366786,21.22622976200489,12.6870214180637,0.19760631122068067,0.16696558868587671,3305.6069077850007,,legacy_detailed,,
2023-03-01,2023,3,Khanewal District,0.5415900533325955,-0.5287687269198287,33.10249903618383,1.0678225506276289,33.63318997339956,22.017019007663066,13.751636498505059,0.1706461245258583,0.14207040699595272,3579.8062386498195,,legacy_detailed,,
2023-03-01,2023,3,Khushab District,0.35405600042040875,-0.4008750627615803,57.923857368627736,1.8685115324536368,31.932409273674892,20.41772618537729,11.013099665050845,0.19744239609940806,0.16817684052463852,3009.8219184777354,,legacy_detailed,,
2023-03-01,2023,3,Lahore District,0.421365061563103,-0.42764276528989775,47.94147502102851,1.5464991904623655,31.795767862288713,20.998810444029903,12.43355176405141,0.18582122702581813,0.16660784212908405,838.013574771616,,legacy_detailed,,
2023-03-01,2023,3,Layyah District,0.43791552120059535,-0.4390485944453232,55.47417333180284,1.7894894654730553,32.962667813613585,21.35227881627155,13.285276649265436,0.13658613950178747,0.1363784885267743,4078.95866772168,,legacy_detailed,,
2023-03-01,2023,3,Lodhran District,0.5408491759579396,-0.5327835417590758,16.968900262260615,0.5473838788397687,33.93544706776551,22.636300144144954,14.690052768231675,0.15248518789081017,0.1339532644159181,2296.310087255436,,legacy_detailed,,
2023-03-01,2023,3,Mandi Bahauddin District,0.6358214576924635,-0.5892216714986712,41.16769532271123,1.3279901757177326,30.63405147785915,20.324652910599788,11.538383347030882,0.1947698277889518,0.1666875129901571,2230.680543851688,,legacy_detailed,,
2023-03-01,2023,3,Mianwali District,0.38991136615636107,-0.40908118075283084,83.20450722040587,2.6840163623071707,31.0249123789184,20.165268547595378,10.358781433945085,0.2205588890324609,0.19943747708695356,3007.11359567026,,legacy_detailed,,
2023-03-01,2023,3,Multan District,0.5268054362049127,-0.5208463574487611,30.001364838471424,0.9677859624597004,34.07028360200009,22.53359857841443,14.506515369195249,0.16251720523211777,0.13811063200703946,2631.387314387619,,legacy_detailed,,
2023-03-01,2023,3,Muzaffargarh District,0.44002750306446564,-0.44857450091687523,46.79897482365846,1.5096443486579463,33.98813128394564,22.324019520037957,14.451591575104807,0.13656951478087603,0.12452737921355372,5063.738052713028,,legacy_detailed,,
2023-03-01,2023,3,Narowal District,0.6636175093474552,-0.6076662251762682,52.50036625707339,1.693560205442242,29.766106570525046,19.792489062980327,11.119092700470489,0.22302581933170182,0.20560705549572048,2073.274180886011,,legacy_detailed,,
2023-03-01,2023,3,Okara District,0.5132998750191694,-0.4961731866760181,49.40296381165706,1.5936439983008477,31.967864715451253,21.392929387619976,12.902017230417993,0.1861244507189228,0.15278262077434665,3929.230489684071,,legacy_detailed,,
2023-03-01,2023,3,Pakpattan District,0.527133780808161,-0.4961738782421915,32.234844832693106,1.0398337055347444,32.505770568776185,21.794270707038653,13.183091784093234,0.16017885591048545,0.1380043991129376,2576.6572168909593,,legacy_detailed,,
2023-03-01,2023,3,Rahim Yar Khan District,0.2747269934814964,-0.3489948428591236,11.600790347145233,0.37421904355257507,34.9801081606352,24.138021537931333,15.139264232932069,0.0817804641078288,0.12105135358076752,6534.926703927545,,legacy_detailed,,
2023-03-01,2023,3,Rajanpur District,0.245251966104545,-0.31656042568201276,45.263300869710896,1.4601064810623041,33.43793445538602,22.3068056441081,13.947889603919316,0.10153128286265527,0.15920923449825136,4399.40104376887,,legacy_detailed,,
2023-03-01,2023,3,Rawalpindi District,0.4533232574693079,-0.48189749764804396,60.980143165274164,1.9671013931066015,27.49175013225558,16.829491056550665,8.545477593106295,0.3037527415272046,0.28488986988363296,1573.5754344522259,,legacy_detailed,,
2023-03-01,2023,3,Sahiwal District,0.5115421992394179,-0.4945288949619076,46.375461335977405,1.495982625671309,32.618064720565684,21.613191821620386,12.976800502057356,0.18200819390626974,0.15017542742110035,2781.416355338069,,legacy_detailed,,
2023-03-01,2023,3,Sargodha District,0.5802665242456718,-0.5570497784585662,49.764621147503426,1.605310357595172,31.55042128017889,20.745897295486916,11.45084307482709,0.2140302907324058,0.17373824741114519,4835.508767718381,,legacy_detailed,,
2023-03-01,2023,3,Sheikhupura District,0.6637439422868405,-0.6129545104860274,46.05161468109198,1.4855359564837831,31.787296607108907,20.980767468480593,12.475471525833523,0.18979534117540683,0.15845906331289134,4984.006979076404,,legacy_detailed,,
2023-03-01,2023,3,Sialkot District,0.650322348034057,-0.5907621332199083,48.32064609895216,1.5587305171506798,30.36031255439104,19.95351914508632,11.118866145246859,0.21363033709343082,0.18943800814187162,2512.9508804991146,,legacy_detailed,,
2023-03-01,2023,3,Toba Tek Singh District,0.5418424413491523,-0.5314351176978969,39.65932927761242,1.2793332019430745,32.65833980228918,21.4056545016755,12.944141969487712,0.19091180254066328,0.15983266125752937,2619.9795413280885,,legacy_detailed,,
2023-03-01,2023,3,Vehari District,0.5358331060859123,-0.5159864898831528,27.402470562718868,0.8839506663728561,33.64024101139138,22.25723769122816,13.997080206731212,0.15354688658897286,0.13385770107276182,3892.6881070546306,,legacy_detailed,,
2023-04-01,2023,4,Attock District,0.2928554757900512,-0.3570537519005884,18.03470853654404,0.6011569506777014,34.5741435220496,22.2195773954442,11.170789464010163,0.2636298466546209,0.27814514513639754,2699.0444084468613,,legacy_detailed,,
2023-04-01,2023,4,Bahawalnagar District,0.205456086428571,-0.30162461100326954,9.530638253612684,0.3176879414060891,40.39459601277016,27.263064162319985,15.598754341256475,0.11355783647313077,0.12933446202093316,5193.533211420418,,legacy_detailed,,
2023-04-01,2023,4,Bahawalpur District,0.14345614100164777,-0.25165350585197876,13.853242409632905,0.46177474647406447,40.760595429089975,28.592693981898947,16.721510583721614,0.05670229263761004,0.12183996435298751,5051.481393501641,,legacy_detailed,,
2023-04-01,2023,4,Bhakkar District,0.2064569399765663,-0.2790128694358864,9.295578227212,0.30985260760130423,37.683202426661275,25.157760781295533,14.35509107767486,0.12155724893768809,0.1814283370988105,3432.480705797329,,legacy_detailed,,
2023-04-01,2023,4,Chakwal District,0.3003417588792811,-0.3594292704345159,14.41906591014679,0.48063552970248785,34.59309463500976,22.448898626335538,11.088317423644192,0.26895794405009227,0.2796548098635142,2532.1386510683556,,legacy_detailed,,
2023-04-01,2023,4,Dera Ghazi Khan District,0.1973090256943343,-0.26794255949775153,16.67893206956701,0.5559644016825656,36.5722457990903,24.11419899196532,13.915193982865972,0.14513803206408535,0.23902667362242314,3489.2012142758676,,legacy_detailed,,
2023-04-01,2023,4,Faisalabad District,0.3250452069586093,-0.3804067247814357,14.063794481757483,0.4687931496908507,37.75335112381365,25.33995010964024,14.2494767887829,0.20951040073790678,0.21885694315451779,4741.43952223309,,legacy_detailed,,
2023-04-01,2023,4,Gujranwala District,0.3882804971310929,-0.43959025784914413,17.778376552462785,0.5926125498524896,38.34652366767565,24.981088002142048,13.33678411647593,0.20343308222031464,0.19987706484833326,3018.3368149322614,,legacy_detailed,,
2023-04-01,2023,4,Gujrat District,0.3863516694244856,-0.4283067598744981,20.013319318763845,0.667110643933035,37.939461352566994,24.21120315051697,11.702821377056667,0.20593136071569634,0.19756755569619405,2093.7981189572192,,legacy_detailed,,
2023-04-01,2023,4,Hafizabad District,0.28156526029815404,-0.3735218039453073,22.82945149538797,0.760981717179714,38.288777370366724,25.29327770997282,13.680608466331464,0.20462620037438226,0.201109986545474,2011.8947821697586,,legacy_detailed,,
2023-04-01,2023,4,Jhang District,0.3164161043480516,-0.37326586122400324,11.100578182976903,0.3700192730243346,38.3153629748219,25.59044255301895,14.602036026696146,0.18942086445516632,0.205543709572722,6487.815508216462,,legacy_detailed,,
2023-04-01,2023,4,Jhelum District,0.3345084673850229,-0.39614484739689343,20.208992213967253,0.6736330735389247,36.16877159011003,23.382096598177682,11.911629972601153,0.244294948684954,0.24179133782405832,1213.4107930531213,,legacy_detailed,,
2023-04-01,2023,4,Kasur District,0.4272756552368189,-0.4561476672728064,20.456276648318777,0.6818758869312842,38.074109824161674,25.25406875710152,14.5435644127326,0.20184346802740671,0.20024608863942903,3334.967942047352,,legacy_detailed,,
2023-04-01,2023,4,Khanewal District,0.32405476603805916,-0.3853010431298417,8.732693421103901,0.2910897813045774,40.244483703452445,26.75592190250515,15.183081947227356,0.16139645589944238,0.1509219762091056,3443.3588839510053,,legacy_detailed,,
2023-04-01,2023,4,Khushab District,0.2540355574602151,-0.32297226749565355,12.700371258441017,0.4233457084430231,37.02651662333669,24.489438212270805,12.697942322818607,0.19234936092159993,0.21633511120747875,2370.294587384643,,legacy_detailed,,
2023-04-01,2023,4,Lahore District,0.3420943752657388,-0.3766658075323796,22.71993857583889,0.757331283276827,38.324660389678606,25.335695934518437,13.879397836094792,0.1906043325032016,0.19600235926252998,856.4848345392878,,legacy_detailed,,
2023-04-01,2023,4,Layyah District,0.21856267971812335,-0.28548894636689603,9.925211743677353,0.3308403912367732,39.12041264104538,25.863264068108897,14.73404271164104,0.09755995889546754,0.15253333770195474,3213.5473240337146,,legacy_detailed,,
2023-04-01,2023,4,Lodhran District,0.304460034298258,-0.3874192435346019,4.890357056658466,0.16301190184564132,40.708141864650436,27.612383824920897,16.195754647679628,0.13726701085028892,0.13477152354709837,2215.0084778775185,,legacy_detailed,,
2023-04-01,2023,4,Mandi Bahauddin District,0.38475010474051363,-0.4259763412292894,21.84963087719043,0.7283210276336618,37.88378142597949,24.813848955278303,13.148723584662646,0.20447910322135712,0.20181670900933435,2223.5619886206027,,legacy_detailed,,
2023-04-01,2023,4,Mianwali District,0.23671938152664623,-0.3108650915033519,15.496374521965746,0.5165458181823427,35.411436971868234,23.854658978380378,12.644089925922806,0.2198828124088107,0.25097887346732667,2520.6707706753605,,legacy_detailed,,
2023-04-01,2023,4,Multan District,0.32920627757112,-0.39457706609509446,9.209397179197893,0.30697990597453223,40.69046763827202,27.432232999547292,16.08832636763274,0.13913941306067776,0.13955119950340605,2493.2580048789946,,legacy_detailed,,
2023-04-01,2023,4,Muzaffargarh District,0.2603613002075166,-0.32120976890341413,14.417710862529205,0.4805903609606321,40.32253506746666,26.98407998059794,15.962104487244941,0.11156058769556988,0.12935341571245668,4131.7831827262935,,legacy_detailed,,
2023-04-01,2023,4,Narowal District,0.436823916729423,-0.4812069461624241,27.71449261806506,0.9238164219951486,37.15125214935131,23.775786287478695,12.60967168376729,0.23544489915072048,0.23335659316727148,2022.1462797655083,,legacy_detailed,,
2023-04-01,2023,4,Okara District,0.4542170460528252,-0.478666890291789,15.746681458443566,0.5248893805139138,39.02304717198777,25.716315463893036,15.001478434180047,0.18344071364006428,0.17260032894455832,3901.8887514448516,,legacy_detailed,,
2023-04-01,2023,4,Pakpattan District,0.45003908243144775,-0.473789536915018,10.320819378354468,0.34402731242274565,40.06723080686676,26.452474946832478,15.127108389701863,0.16343578472560907,0.1442535756730868,2526.175272496893,,legacy_detailed,,
2023-04-01,2023,4,Rahim Yar Khan District,0.18453992830384158,-0.278636237189226,15.347039083922672,0.511567969498812,40.55223988473242,28.508267413631316,17.581697502064355,0.08291472142535151,0.12007541011018577,5556.244859943827,,legacy_detailed,,
2023-04-01,2023,4,Rajanpur District,0.16290558037625993,-0.24093518655299556,29.082816744356837,0.969427225243054,39.104762968096104,26.664022955576353,16.181757392313276,0.08122848634767346,0.1681982564225391,3318.1180298068766,,legacy_detailed,,
2023-04-01,2023,4,Rawalpindi District,0.39800258600266647,-0.43245986228286604,25.839745473757734,0.8613248500451509,33.37915943319581,20.65951880600037,9.703258311539598,0.3022256516524152,0.309138416319361,1578.6972306990522,,legacy_detailed,,
2023-04-01,2023,4,Sahiwal District,0.39577800204181934,-0.4330013878941301,9.973003372453247,0.332433446012617,39.560160432982656,26.099888533424416,14.843058347149377,0.1835831570221177,0.169919776057906,2726.682276296222,,legacy_detailed,,
2023-04-01,2023,4,Sargodha District,0.3796619549682053,-0.42913978062169655,17.582469737989097,0.5860823237189826,37.45194018000776,25.024715801903422,13.528050919061164,0.21877911660870403,0.22251244893062774,4910.820376676622,,legacy_detailed,,
2023-04-01,2023,4,Sheikhupura District,0.3488036059734887,-0.4134938890618264,20.309719672023082,0.6769906565367538,38.390283869359955,25.353960068571286,13.952950578288483,0.2021944718319213,0.20228991543501962,4998.385861100301,,legacy_detailed,,
2023-04-01,2023,4,Sialkot District,0.464235803214406,-0.49239752098555706,18.884685907390722,0.629489531985,37.86737592505566,24.00851359066309,12.048496160981534,0.23152491406646397,0.22935566370512442,2453.0156193842713,,legacy_detailed,,
2023-04-01,2023,4,Toba Tek Singh District,0.3285699304892475,-0.3839829916414939,10.663635503775891,0.35545451827891167,38.41124524781578,25.55540415324155,14.44750856066905,0.19205683670285734,0.19378709927362403,2545.9870268960717,,legacy_detailed,,
2023-04-01,2023,4,Vehari District,0.42380379227191844,-0.46186511480560316,5.729075165132789,0.19096917198934793,40.565068744275614,27.09843445609589,15.252131137856528,0.15181803952001943,0.13992571926290656,3792.321777021808,,legacy_detailed,,
2023-05-01,2023,5,Attock District,0.24086809269630519,-0.32321839794616103,54.870733221071575,1.7700236550940993,39.77413494729741,25.40900677694535,14.640202992489092,0.2547090985900523,0.2530264966199496,2498.908299282803,,legacy_detailed,,
2023-05-01,2023,5,Bahawalnagar District,0.1689498164000849,-0.2586509177162765,30.533041255519812,0.9849368144828923,43.28275644640914,30.4911130722111,19.81069909072209,0.1244496635463171,0.12770258971563747,2991.8594364200694,,legacy_detailed,,
2023-05-01,2023,5,Bahawalpur District,0.12021045598233612,-0.2196808769055921,28.979554435689575,0.9348243363424014,44.45137741710946,31.86228845337426,20.86474599641606,0.06986824516812556,0.12063714306229799,1900.8396491470294,,legacy_detailed,,
2023-05-01,2023,5,Bhakkar District,0.17076280340981892,-0.23572268905525656,31.51408389288071,1.016583351758169,43.05147343432106,29.179167888431138,18.195380645675083,0.0982298838775661,0.12711539987137602,2286.822793352224,,legacy_detailed,,
2023-05-01,2023,5,Chakwal District,0.26802446964917337,-0.3429417891213219,52.52009976731575,1.6941967651612686,40.13059350197641,25.71555963604839,14.827741864092564,0.2489465589804042,0.23274378461981904,2184.018027048697,,legacy_detailed,,
2023-05-01,2023,5,Dera Ghazi Khan District,0.1957101878167791,-0.2684458335552925,52.7421713732429,1.7013603684464025,40.656706259305146,28.506148426044046,18.432753720870238,0.08813092660698167,0.18171588989032816,2981.7411299078894,,legacy_detailed,,
2023-05-01,2023,5,Faisalabad District,0.2864643845346938,-0.346351952697463,34.91669559947093,1.126345018520661,42.536912281534924,29.45335986362531,18.879354784706898,0.16896384749076987,0.1500840023141745,4609.560308834951,,legacy_detailed,,
2023-05-01,2023,5,Gujranwala District,0.25431511666572315,-0.33342614512126767,33.18291080413205,1.0704164762463892,43.82779396498428,28.904872457003417,18.262313097807738,0.17589289575489803,0.14246071010661251,2931.3139930521993,,legacy_detailed,,
2023-05-01,2023,5,Gujrat District,0.3125430401157083,-0.3764624471290152,38.95902891210105,1.2567428711263693,43.09923135158402,27.940781825321427,16.738652927586628,0.18557197646391682,0.14606239967679469,2101.5532213945085,,legacy_detailed,,
2023-05-01,2023,5,Hafizabad District,0.22342060052056004,-0.3155133085912216,35.61206107642408,1.1487761603832614,44.01132866142617,29.47350239187198,18.758132339875655,0.1686041547157624,0.1501367308646424,1873.8741022411625,,legacy_detailed,,
2023-05-01,2023,5,Jhang District,0.2556780113979407,-0.3120216346071963,32.206093220043655,1.0389062314592514,43.084780973778095,29.76432326776299,18.969950006898937,0.15995951323558036,0.14664755067950183,5778.540020002596,,legacy_detailed,,
2023-05-01,2023,5,Jhelum District,0.27842964808627146,-0.35672432350822003,48.46241320877722,1.5633036474990152,42.00789629624116,27.049146026238773,16.038038062267997,0.2037373523326714,0.17623784315066768,1108.8444712362273,,legacy_detailed,,
2023-05-01,2023,5,Kasur District,0.3524240394846766,-0.3952226499421373,40.62404075328707,1.3104529312527826,42.63418678825163,29.131100116975333,18.619882191883548,0.1727649849651455,0.14649472242617714,3176.2113892659686,,legacy_detailed,,
2023-05-01,2023,5,Khanewal District,0.2724714350317987,-0.3295506219609356,26.00905980827812,0.8390019285991567,42.65289271686361,30.530359794473235,20.135844869075637,0.16038842282894317,0.13762611069723854,2804.3935368620414,,legacy_detailed,,
2023-05-01,2023,5,Khushab District,0.22082355887224625,-0.2947258336119585,53.04437627109004,1.7111089102551804,42.62328783371191,28.16358312219444,16.767722440376044,0.16676240974356582,0.15457348584677286,1987.7127815597162,,legacy_detailed,,
2023-05-01,2023,5,Lahore District,0.2602414545414439,-0.3161435491335602,45.110129514216794,1.455165465281602,43.67139622422518,29.15307860378259,18.2216764915415,0.1694025196527115,0.15460949028145587,806.3617425344224,,legacy_detailed,,
2023-05-01,2023,5,Layyah District,0.19594231456111602,-0.25798625671377723,24.467406832849775,0.7892711896275383,43.44975785221152,30.176503664887548,19.657101653343037,0.08821578763365899,0.10688951120240218,2387.996765169504,,legacy_detailed,,
2023-05-01,2023,5,Lodhran District,0.2361585272245601,-0.3015973709782825,44.06553212260147,1.4214687812103741,42.54722735766541,30.931583116129524,20.495408997280926,0.14967912928461652,0.13361556356545332,1217.6475154104987,,legacy_detailed,,
2023-05-01,2023,5,Mandi Bahauddin District,0.3234317080585321,-0.38463677220492387,39.853973917191254,1.2856120590136053,43.8576216728641,28.922980065672135,18.11760380602987,0.16588712737181396,0.14845829941356373,2159.0023300635644,,legacy_detailed,,
2023-05-01,2023,5,Mianwali District,0.20093680558436922,-0.2773197937225732,48.96829048804945,1.5796222702595524,41.28790678349846,27.146141105988743,16.069704136932955,0.1990211869973898,0.19985981131972605,2027.4977854648203,,legacy_detailed,,
2023-05-01,2023,5,Multan District,0.2631344972893666,-0.32029367078006576,43.40069684379054,1.4000224821199592,42.91792705920624,31.037576663758372,20.500476730397818,0.1491499575679162,0.13373429210101728,1894.9443483421542,,legacy_detailed,,
2023-05-01,2023,5,Muzaffargarh District,0.23044006215026633,-0.2756253733141865,42.24619055798619,1.362780343364781,43.11331320011259,30.978676974244816,20.37416647484725,0.11558835065579215,0.11439236307544516,2691.9770947190113,,legacy_detailed,,
2023-05-01,2023,5,Narowal District,0.23330977691125854,-0.3303646300352423,43.60508744688775,1.4066157239122046,41.33615746520004,26.895192723154473,15.594659988575314,0.22631976744472052,0.19342686462361253,2036.6902772364806,,legacy_detailed,,
2023-05-01,2023,5,Okara District,0.3896865133980537,-0.4264263889481403,33.16244889223468,1.0697564144749692,42.139743647532704,29.399035541106457,19.002027793376595,0.16612435644894843,0.13890154279678243,3576.0834694886976,,legacy_detailed,,
2023-05-01,2023,5,Pakpattan District,0.36162195114211293,-0.39319963826040405,37.59419372333097,1.2127159231197808,41.94869984358472,29.924668718191374,19.695930612849597,0.15978447891570216,0.13508828697707775,2292.196886558458,,legacy_detailed,,
2023-05-01,2023,5,Rahim Yar Khan District,0.17631884440308032,-0.248604100144873,27.07875267517557,0.873508149765285,44.51346688464285,32.16112608335841,21.166455412693505,0.09130920937081297,0.11915840684899785,3086.943292259714,,legacy_detailed,,
2023-05-01,2023,5,Rajanpur District,0.14965251740223337,-0.22155889202755535,46.9382213731662,1.5141361741439265,43.079260981379846,30.731691325370953,20.245883500437436,0.07050351544275367,0.15294917790608295,1587.9548576643074,,legacy_detailed,,
2023-05-01,2023,5,Rawalpindi District,0.34983734075010314,-0.40521603289390856,75.33675092851249,2.4302177650487384,38.73338229772026,24.21955137112781,13.651556859902305,0.27165036922403085,0.26035530977159127,1488.0087107864554,,legacy_detailed,,
2023-05-01,2023,5,Sahiwal District,0.3375011623125552,-0.3793565014561807,29.58344625075584,0.9543047204324172,41.97845067230061,29.85866144947065,19.37366372266096,0.16463290114240448,0.1431569196340826,2602.7143375177675,,legacy_detailed,,
2023-05-01,2023,5,Sargodha District,0.3117177392563346,-0.3632637218418424,49.472860986304134,1.5958987422905255,43.42544972848644,29.126095124734306,18.000633604344404,0.1889198963484547,0.16219070211549771,4694.726934034908,,legacy_detailed,,
2023-05-01,2023,5,Sheikhupura District,0.23786581371084226,-0.32003317594111236,34.72710409766786,1.1202291658249353,43.5238617912587,29.31355121024037,18.440505999782076,0.16362808902491724,0.14205349287438881,4594.865882553821,,legacy_detailed,,
2023-05-01,2023,5,Sialkot District,0.28389319859007056,-0.3681502336122017,32.22596208617269,1.0395471619859291,42.47983389679624,27.462641345350278,16.53320180374593,0.2124000705693782,0.1712850114054733,2442.8962307392017,,legacy_detailed,,
2023-05-01,2023,5,Toba Tek Singh District,0.28513942505239603,-0.3409494297995336,28.025056286566617,0.9040340695487152,42.34912130902751,29.681483837977442,18.922960316836406,0.16618898252357145,0.14718884623736755,2415.329614997403,,legacy_detailed,,
2023-05-01,2023,5,Vehari District,0.3366190450546181,-0.37394273288603525,32.49365763184245,1.048182507124443,42.35907582170999,30.53584299879867,20.422200081513044,0.15564875597116012,0.135262088416193,3339.4471023030173,,legacy_detailed,,
2023-06-01,2023,6,Attock District,0.22719088050353262,-0.30485713908295176,80.22937873866726,2.674312617284835,43.280867752345685,30.95290969067946,16.558092926127767,0.199788906513956,0.2162417544007639,1650.3090999125227,,legacy_detailed,,
2023-06-01,2023,6,Bahawalnagar District,0.2634033899041196,-0.3129108465663481,40.333066557657766,1.344435554454752,42.54986391734845,33.3842567263672,20.3844990204466,0.12958887436784966,0.1588832803022003,3371.613703234461,,legacy_detailed,,
2023-06-01,2023,6,Bahawalpur District,0.15971534407439228,-0.23530321857007971,37.0515609155675,1.235052031136468,43.07979280598788,34.36943475948674,21.55888276726412,0.06901573927134196,0.1385075513114553,2916.1601409962373,,legacy_detailed,,
2023-06-01,2023,6,Bhakkar District,0.171392374051109,-0.22260219451837812,57.002814774545904,1.900093827340568,45.41409876926346,34.12951486814647,19.301148552498223,0.08422101059884701,0.11649964142519144,1339.6371081566988,,legacy_detailed,,
2023-06-01,2023,6,Chakwal District,0.23413415884505875,-0.3061091418491295,77.52409938167882,2.584136640995923,41.519863927245844,30.42297337954427,16.61950140511304,0.2144284802323702,0.2239729456799378,1547.1099835770608,,legacy_detailed,,
2023-06-01,2023,6,Dera Ghazi Khan District,0.18172961578090258,-0.240208816719483,64.76389004215432,2.1587963321237416,42.639945250771966,32.26257184839718,19.208726005114546,0.10634833824314822,0.19793966759752696,1139.0432761666784,,legacy_detailed,,
2023-06-01,2023,6,Faisalabad District,0.3253490060044991,-0.36911422606283234,49.273259285514065,1.6424419785534494,42.53149394961099,32.960481061306446,19.146525987193332,0.17025778366166738,0.16505536892440126,2986.38701888328,,legacy_detailed,,
2023-06-01,2023,6,Gujranwala District,0.23119254292506392,-0.287259626691292,121.298087217503,4.043269560501642,42.473917647052374,32.11044142001542,18.986645764060576,0.20996665563138597,0.17906386549035386,1275.8336230471984,,legacy_detailed,,
2023-06-01,2023,6,Gujrat District,0.2885241392564614,-0.33752421640701125,125.84302844325246,4.194767608514223,41.916352286028584,31.555882499295045,17.868675425721186,0.21166244608064305,0.18653565290307392,1948.9102952119695,,legacy_detailed,,
2023-06-01,2023,6,Hafizabad District,0.19192925030607744,-0.2625663558587995,77.37901608635775,2.579300543341427,43.40419749960647,32.97135963844585,18.80879189319332,0.17341598132725816,0.15920274174762264,491.9462622569181,,legacy_detailed,,
2023-06-01,2023,6,Jhang District,0.27199535215054255,-0.321154313943879,38.01722454631567,1.2672408200249774,43.559864981689415,33.703286855577524,19.478203789116886,0.1576669867457037,0.15050982655443407,2563.2868952451163,,legacy_detailed,,
2023-06-01,2023,6,Jhelum District,0.23840217619439644,-0.3170829630056125,97.97246688395705,3.2657489004496303,41.94958897808979,31.425089239599824,17.611051641576246,0.19594227007703513,0.18201777502997646,962.9444544334549,,legacy_detailed,,
2023-06-01,2023,6,Kasur District,0.3285304525514332,-0.3595282233670806,70.1149138709525,2.337163794500573,41.29124807286574,31.859904092879322,19.079722018840158,0.19764758739057273,0.20011756447312548,1757.6276538259515,,legacy_detailed,,
2023-06-01,2023,6,Khanewal District,0.35564979561528615,-0.37987632127119086,35.465037047852626,1.1821679017548636,42.9126170435679,33.96455054128437,20.663693670330787,0.16515813206906996,0.1541731603531385,2387.0806465678065,,legacy_detailed,,
2023-06-01,2023,6,Khushab District,0.2142318099895411,-0.28553252112182687,51.409932617781806,1.7136644203764093,43.95393203222384,32.7469127954344,17.932076429184278,0.1409788687106737,0.16289780318009292,1662.2427542567505,,legacy_detailed,,
2023-06-01,2023,6,Lahore District,0.27648252257329037,-0.31085281872847015,87.53925767807154,2.9179752528290623,41.26475421607556,31.64764689882941,18.924225989464073,0.20630135050109127,0.20755154755904104,457.776620174371,,legacy_detailed,,
2023-06-01,2023,6,Layyah District,0.21325056489929453,-0.25551043151691033,50.00167310178067,1.6667224402715939,44.61965299126458,34.327651391059604,19.98411356097297,0.09688378750843878,0.12201487393230226,1537.388561514987,,legacy_detailed,,
2023-06-01,2023,6,Lodhran District,0.3355274268295646,-0.3656532708439237,45.9747414283542,1.5324913808349334,42.69744719294193,34.13590017476731,21.00462615423229,0.15342493606483262,0.15748482115294993,1518.232192348148,,legacy_detailed,,
2023-06-01,2023,6,Mandi Bahauddin District,0.3162696827582765,-0.3628183220334752,91.24422751967342,3.041474249797205,43.205951452866216,32.77382341324823,18.58525643945385,0.16452005728416066,0.15649335898993172,1711.7094665286372,,legacy_detailed,,
2023-06-01,2023,6,Mianwali District,0.20202000787041555,-0.26469038536414535,56.70797391162936,1.890265796142103,44.221075448520736,32.74742852730815,17.905896619240753,0.14695839276514408,0.17447340576503792,923.6559816886066,,legacy_detailed,,
2023-06-01,2023,6,Multan District,0.31564273275063376,-0.3472829381132731,38.39979924603399,1.2799933076785373,43.09317916796294,34.42746875515127,20.77036960148929,0.1555631461670158,0.1503576158604718,1335.7939548988004,,legacy_detailed,,
2023-06-01,2023,6,Muzaffargarh District,0.27865816766052187,-0.3020573071649189,38.92281184867327,1.2974270630009501,43.566935955484404,34.55823572667303,20.799433707401846,0.12111917100879188,0.12498645413029041,1939.943167286096,,legacy_detailed,,
2023-06-01,2023,6,Narowal District,0.2197048856247207,-0.2844031352550478,152.34393057398322,5.078131003149725,40.01470452623539,30.352559044854214,19.02310243338262,0.2570147349256744,0.2540525657440672,1522.42680942468,,legacy_detailed,,
2023-06-01,2023,6,Okara District,0.3499156773433099,-0.3852632473990353,41.78006319840779,1.3926687730129104,41.992225974723176,32.532278738985106,19.36857440341907,0.16971242181789745,0.17215673913814816,2480.6020486691127,,legacy_detailed,,
2023-06-01,2023,6,Pakpattan District,0.3899828534434634,-0.4101842187100771,28.475145608563526,0.9491715216679918,42.25753423673371,33.110846985368454,19.840520706945256,0.16025659316613883,0.1579638181716038,1960.2450749374857,,legacy_detailed,,
2023-06-01,2023,6,Rahim Yar Khan District,0.2690717305595509,-0.31214264049948376,36.89761979252327,1.2299206588331983,43.292511913678304,34.95293280188399,22.093322763758525,0.08412763065106303,0.1212975891112597,4107.403615542023,,legacy_detailed,,
2023-06-01,2023,6,Rajanpur District,0.17718774985950234,-0.23515332962464683,48.79540007930503,1.6265133363179924,42.6377975404758,33.78559771550624,20.55264369540272,0.07347302543261555,0.15795951158865668,1710.596738444086,,legacy_detailed,,
2023-06-01,2023,6,Rawalpindi District,0.3154977309381498,-0.36189206916176864,143.06038982246133,4.768679654727062,40.194436824112806,29.067272279964694,15.9888617330751,0.2505862407783021,0.25819253959049804,1348.5762298413533,,legacy_detailed,,
2023-06-01,2023,6,Sahiwal District,0.38139309136924804,-0.4107992256612245,26.070701302958508,0.8690233778714166,42.32581856034426,33.22950992501689,19.84088003989663,0.16430941243564648,0.1580548390255306,2039.0814083349364,,legacy_detailed,,
2023-06-01,2023,6,Sargodha District,0.31890155446131485,-0.37235978807670644,57.79464535817848,1.926488170744101,43.51645231734464,32.97673237917886,18.68451987874023,0.17719165398840378,0.17549056352793926,3261.90419869886,,legacy_detailed,,
2023-06-01,2023,6,Sheikhupura District,0.22566879325309874,-0.2905371172175529,91.18778803925575,3.0395929261054446,42.41772084859647,32.39923414363688,18.94629556243854,0.18476619844886874,0.17164254132296441,1646.5390498587644,,legacy_detailed,,
2023-06-01,2023,6,Sialkot District,0.29703872633763256,-0.34539831656685943,171.2960323683953,5.7098677422081145,40.8326424631927,30.894139153482886,18.494102263854476,0.2482810925534816,0.23415051494779504,1740.9219553893795,,legacy_detailed,,
2023-06-01,2023,6,Toba Tek Singh District,0.3161050397042418,-0.36396946087854093,28.769293839432997,0.9589764631945312,42.63628135729326,33.43192651096543,19.793454721668024,0.1650305551677091,0.15023348500271402,1443.98399366323,,legacy_detailed,,
2023-06-01,2023,6,Vehari District,0.38229325070615316,-0.408998766019433,43.09278970729204,1.436426326845174,42.43818352650945,33.61526726925293,20.787112756305465,0.15868123005211854,0.16619396616742793,2988.8832512402937,,legacy_detailed,,
2023-07-01,2023,7,Attock District,0.28493159811499885,-0.3157268934874166,159.0292157629857,5.12997470133259,39.42938833561132,29.9673639337413,23.62836700863511,0.28308159033533614,0.25220044462095287,2373.2847742352014,,legacy_detailed,,
2023-07-01,2023,7,Bahawalnagar District,0.336819778172176,-0.3587279831232545,121.51332360314133,3.9197846314262055,42.53070680138631,32.528561582727455,26.15426928770464,0.2059233201944876,0.18539466389573878,3644.4500346644318,,legacy_detailed,,
2023-07-01,2023,7,Bahawalpur District,0.18667888641053024,-0.2529078825134596,131.48518374822717,4.241457540420473,43.36415523962361,33.80225224321792,26.490809284639216,0.12881438536198558,0.1599566203879884,3972.566946811413,,legacy_detailed,,
2023-07-01,2023,7,Bhakkar District,0.2194307521130927,-0.2584542339934762,87.26235558499098,2.8149146963651197,41.087183596399036,31.91413318760889,24.921699092564154,0.1650912743492891,0.17754707123744434,1795.4104990173169,,legacy_detailed,,
2023-07-01,2023,7,Chakwal District,0.30765906452900293,-0.3407507263904301,177.29849205973846,5.7193062010337465,38.728796677940174,29.21287657969064,22.94842882706206,0.30384474433465575,0.2709454500618373,1892.304623857268,,legacy_detailed,,
2023-07-01,2023,7,Dera Ghazi Khan District,0.20787168635074826,-0.26662639733394056,92.95491821303393,2.9985457482652147,40.024500439839244,30.913289527244423,24.1093794919808,0.17927814112071355,0.21767769869419673,1547.7139398430854,,legacy_detailed,,
2023-07-01,2023,7,Faisalabad District,0.37827060880936303,-0.39052206776455983,154.00435783084546,4.967882504641615,40.74249289530989,31.130462861300806,24.18520673833209,0.2692248382917267,0.22971267785297916,2842.9046923089736,,legacy_detailed,,
2023-07-01,2023,7,Gujranwala District,0.3326034055228588,-0.296181557627368,223.3269359907322,7.204094695573617,38.40859583131615,29.817306960018097,22.62297931670796,0.34650564304505693,0.3280995185372743,1092.332137070852,,legacy_detailed,,
2023-07-01,2023,7,Gujrat District,0.41684026533481244,-0.4069413028182262,289.54257455341576,9.340083039144227,37.86856393601985,29.28729073687087,23.186689291117343,0.36210300295508785,0.3479669758463475,1686.3893772277029,,legacy_detailed,,
2023-07-01,2023,7,Hafizabad District,0.23056652243032966,-0.25338107297211115,157.6862343661722,5.0866526736667455,40.48389287831017,30.5920355993011,23.446970538567623,0.3056658740497054,0.26915656723943937,575.0250735386512,,legacy_detailed,,
2023-07-01,2023,7,Jhang District,0.31363148422011394,-0.34088149461343703,93.1788517990145,3.0057694102175145,41.4041277909424,31.907306844956096,24.84091414700985,0.23519396705166434,0.1947383115752184,2855.493185836909,,legacy_detailed,,
2023-07-01,2023,7,Jhelum District,0.3151688157869877,-0.33880339404385346,232.14337130558167,7.488495847762111,39.19477265001591,29.37069194634316,23.281864561793718,0.3370390254616964,0.3141290659715935,825.9913288325874,,legacy_detailed,,
2023-07-01,2023,7,Kasur District,0.3973504418438202,-0.37037668466994605,254.89016725564528,8.222263428440723,38.93992025309284,30.29464052807789,23.65524675797182,0.29023523967485426,0.252263700724199,1886.071014518824,,legacy_detailed,,
2023-07-01,2023,7,Khanewal District,0.37058914086208655,-0.37355957364464965,69.74625158879269,2.249879079443847,42.01610918322927,32.52679701507595,25.60732080491523,0.23842127745650687,0.19842483349854853,2685.1816892068496,,legacy_detailed,,
2023-07-01,2023,7,Khushab District,0.22131523046192159,-0.288576176546788,133.7034044921478,4.3130130709907215,40.80289072820543,31.076844286596696,24.41732828510626,0.21453816075561166,0.17825503145061922,1531.7362566833222,,legacy_detailed,,
2023-07-01,2023,7,Lahore District,0.31005373494599514,-0.27625441976947585,385.54910204542995,12.437067783671072,37.891580750512325,29.801472878442052,22.84942771742408,0.3135459920035699,0.2877140846267868,655.3593073065047,,legacy_detailed,,
2023-07-01,2023,7,Layyah District,0.271790714644313,-0.29815579153413785,67.12575841736317,2.165347044384306,41.158302496653995,32.26017346081552,25.21160356549833,0.17231521805357808,0.18686527125890542,2101.31079154061,,legacy_detailed,,
2023-07-01,2023,7,Lodhran District,0.37358113880204624,-0.3827557181451821,71.6154748349959,2.3101766120791223,42.39516312693823,33.24942852080699,26.522755358358708,0.22816903859457635,0.1921874233230089,1687.1040235645155,,legacy_detailed,,
2023-07-01,2023,7,Mandi Bahauddin District,0.3852568438929979,-0.3790180974836233,194.80009690976425,6.283874115737021,40.50262916116368,30.306598373700787,23.878245940749185,0.3159384627492665,0.2964146956844297,1512.955855286556,,legacy_detailed,,
2023-07-01,2023,7,Mianwali District,0.2348998992183282,-0.28021290406538557,120.06327080139715,3.873008731366614,39.230871611249135,31.037403582228983,24.610021824719727,0.2444555049219378,0.2253277121695889,1329.8251344330392,,legacy_detailed,,
2023-07-01,2023,7,Multan District,0.3663027947934558,-0.38156988522445584,71.18854796106706,2.2964047775008933,42.42788403379371,33.25482715609119,25.837086985694214,0.22199697200952326,0.1834330954018303,1583.2502469123067,,legacy_detailed,,
2023-07-01,2023,7,Muzaffargarh District,0.3205584484339022,-0.33013064255555796,78.03407816177204,2.5172283231826493,42.54458721192111,33.19462488297128,25.62497341645224,0.18297132134828278,0.16093895705717118,2398.3234382050837,,legacy_detailed,,
2023-07-01,2023,7,Narowal District,0.2204473213686026,-0.1995781220427164,419.6447676139471,13.536927987757537,35.7077720012588,28.632326739805215,22.502632157461253,0.38699657680445093,0.38114427188800293,114.4896108315637,,legacy_detailed,,
2023-07-01,2023,7,Okara District,0.3194554686293445,-0.30678587585931866,155.54079051917972,5.017444881046458,40.538705671008834,31.09620900453368,24.365756523498938,0.2625954493528023,0.21719574310825956,1186.011212146834,,legacy_detailed,,
2023-07-01,2023,7,Pakpattan District,0.35588016823758695,-0.3460144670275086,143.5233076714124,4.629784104772987,41.465073823515546,31.751982358101575,25.260453510440808,0.2542172293544035,0.21627553502209648,507.59438018394525,,legacy_detailed,,
2023-07-01,2023,7,Rahim Yar Khan District,0.3260190187803497,-0.36944089525904206,90.14917712539936,2.9080379724799212,43.51434053221413,34.137481489966724,26.41003665221064,0.13928829135577123,0.15448009743918198,4611.39504149204,,legacy_detailed,,
2023-07-01,2023,7,Rajanpur District,0.1849184036904037,-0.23866989713934206,97.69538933669698,3.1514641725242374,42.1995264949493,32.98665883124613,25.84635074659807,0.13293641489946464,0.1763791587154684,1550.318200159453,,legacy_detailed,,
2023-07-01,2023,7,Rawalpindi District,0.4180718873354349,-0.41536909185387044,311.61080691078575,10.051961498671838,37.09297873640753,27.743720804480972,21.987968817889026,0.36855908833974177,0.3526335741236957,1621.5444779006616,,legacy_detailed,,
2023-07-01,2023,7,Sahiwal District,0.2627666848031768,-0.2645227361480845,119.32398134942373,3.8491606829265566,41.19660196120099,31.680526683342663,24.95208828374318,0.2552813906487488,0.2226593626928494,1568.078058659786,,legacy_detailed,,
2023-07-01,2023,7,Sargodha District,0.3665345563119376,-0.39638123264939357,157.47294370970437,5.079772383626959,41.05226882154536,31.269438215587964,24.66317815282167,0.2710758624052369,0.22413538796816904,3279.709504746065,,legacy_detailed,,
2023-07-01,2023,7,Sheikhupura District,0.2622502588587996,-0.2587315187654816,265.069196534568,8.550619239450306,39.284817528458596,30.319557740572982,23.007333789656265,0.3065529332190362,0.26960728311383914,1679.4576854282222,,legacy_detailed,,
2023-07-01,2023,7,Sialkot District,0.32470916038027214,-0.3035741719142645,327.4008151609877,10.56131659493166,36.499654015147954,29.059608031948684,22.738052057687472,0.38092102282349144,0.37294229969694825,843.0952608461106,,legacy_detailed,,
2023-07-01,2023,7,Toba Tek Singh District,0.33343525922166145,-0.36692476593360923,76.02777701303265,2.452508927313792,41.15880643619113,31.732122810001258,24.748832876386942,0.2537962745320943,0.2200909111593776,1485.1159755559238,,legacy_detailed,,
2023-07-01,2023,7,Vehari District,0.33435772478631515,-0.36446381430454383,87.81209327979319,2.8326481673861594,42.04074714099543,32.49957518839586,26.174018579656025,0.23915806870206818,0.2050172630130674,2947.1716294124285,,legacy_detailed,,
2023-08-01,2023,8,Attock District,0.31930533491907964,-0.34738488862450856,107.24421317034363,3.4594907419593337,40.69594308353233,31.436612187956783,23.956881636366866,0.22515794344720422,0.23235576615644918,2768.5394517292652,,legacy_detailed,,
2023-08-01,2023,8,Bahawalnagar District,0.4110640013998387,-0.42645589634101505,23.594474274327386,0.7611120712812732,41.01718080411206,33.04306233445274,26.490362674416836,0.12990814039863582,0.1859903079314962,4636.0081156795895,,legacy_detailed,,
2023-08-01,2023,8,Bahawalpur District,0.2526608490850029,-0.30758051188225655,16.082022778563235,0.5187749281362167,41.49916812957076,33.558011884045634,26.458401947974288,0.06777450473430996,0.17140478915896679,4468.573711917633,,legacy_detailed,,
2023-08-01,2023,8,Bhakkar District,0.1888013784965025,-0.23016087471767024,54.026851880445626,1.7428016707893323,43.21004741323519,34.72536121299684,26.585602880462,0.06956516655013989,0.13542152583354816,943.9891172489664,,legacy_detailed,,
2023-08-01,2023,8,Chakwal District,0.3802609749610676,-0.3910526350667371,120.49077753651024,3.886799273915669,39.48561093612883,30.77311412234987,23.537842218539367,0.24213838439965382,0.24320677572028684,2783.26300750713,,legacy_detailed,,
2023-08-01,2023,8,Dera Ghazi Khan District,0.27208693850731935,-0.30860074606126126,24.326271368860393,0.7847184325759046,41.00035448415517,31.718699812414737,25.291575016073068,0.1121353608947728,0.23019362131101187,2177.587704625711,,legacy_detailed,,
2023-08-01,2023,8,Faisalabad District,0.3702123738458233,-0.3759882294938661,36.583439524162415,1.1801109502789506,40.09133935146979,32.59075375486924,26.235785290186534,0.17633937046709658,0.20109684494250787,2371.530766566415,,legacy_detailed,,
2023-08-01,2023,8,Gujranwala District,0.5943971103132709,-0.5312002744674164,79.95229882943259,2.5791064188895882,38.75509817053651,31.038159044622834,25.08983262502938,0.25818490760918444,0.2608566052993775,2869.4709302819206,,legacy_detailed,,
2023-08-01,2023,8,Gujrat District,0.48102157524278766,-0.4490949313019682,142.27705416029062,4.589582387973653,37.606371481655,30.12984702854603,24.07093520861263,0.3089825541814591,0.3085230869093682,1974.9774083970476,,legacy_detailed,,
2023-08-01,2023,8,Hafizabad District,0.5394019945038991,-0.49426077048598027,55.195076347408424,1.7804863360878143,40.4094874644589,32.40118257299312,25.33763293939194,0.21137357636167398,0.21589743096534922,1811.5382950188555,,legacy_detailed,,
2023-08-01,2023,8,Jhang District,0.37148801533100145,-0.37640473495233395,31.367320910249923,1.011849062350335,41.64476439759047,33.697583271731865,26.627160239637565,0.14656764995577723,0.17886843955083645,2846.168160731886,,legacy_detailed,,
2023-08-01,2023,8,Jhelum District,0.4103426461955736,-0.40468456051126905,133.44807467429717,4.304776594129883,38.72271770048426,30.649799949436577,24.240829399709675,0.2811642986132955,0.27568609593607374,1286.5561321552368,,legacy_detailed,,
2023-08-01,2023,8,Kasur District,0.4325707719546361,-0.4151113288558179,57.837668356416906,1.8657312337235195,39.18205557783723,31.89406109241618,25.90677559573845,0.1819129001935216,0.20609192656962982,2352.4261340277776,,legacy_detailed,,
2023-08-01,2023,8,Khanewal District,0.3994380213133213,-0.40604095860188205,9.93062864013637,0.32034285869808155,40.85547842320195,32.93833099104681,26.78827523729926,0.1570028721936962,0.18489421363058364,1764.0189465251,,legacy_detailed,,
2023-08-01,2023,8,Khushab District,0.2515647205146222,-0.2895971229670991,58.83474143304901,1.8978948856395166,42.13530519048112,33.50405099943476,25.775460613306233,0.13362294136527608,0.16577671644112651,1437.2748193776567,,legacy_detailed,,
2023-08-01,2023,8,Lahore District,0.3481340976410221,-0.34154553346449246,75.75229520704764,2.443622422974276,38.784216379222705,31.35642278923645,25.765071693059934,0.20808916723113471,0.23667600586245716,542.2706999831412,,legacy_detailed,,
2023-08-01,2023,8,Layyah District,0.2683648031671235,-0.2942786169217876,30.27775056869227,0.9767016302526612,42.52071662564103,34.04861678302746,26.80821036969884,0.08272963337223034,0.14592127709366076,1582.3227187377893,,legacy_detailed,,
2023-08-01,2023,8,Lodhran District,0.4091296707273635,-0.41427737811869925,8.216193194829257,0.26503849101222776,40.46923234857071,32.72193616842904,26.948490624270086,0.15807261277414084,0.187624468264976,1370.2841451821412,,legacy_detailed,,
2023-08-01,2023,8,Mandi Bahauddin District,0.46669797325424567,-0.43634201740407885,80.33598637587298,2.591483421088956,40.39161464803992,32.025307268296054,25.32069218383981,0.22310545319351793,0.23037153076455733,1966.3813108340632,,legacy_detailed,,
2023-08-01,2023,8,Mianwali District,0.2965930175163561,-0.31908801024982075,68.79433314492718,2.2191720345283934,41.98261422641838,33.44611311776015,25.982264139052216,0.15489655610618294,0.18394824195865186,1524.0895169478238,,legacy_detailed,,
2023-08-01,2023,8,Multan District,0.3815588277133699,-0.393761068119962,8.261252474364802,0.2664920165802558,41.05179580870196,33.17564550874742,27.20523374647647,0.15199534977215273,0.1802418896974591,1394.026275563302,,legacy_detailed,,
2023-08-01,2023,8,Muzaffargarh District,0.3635123503886953,-0.3676693462891897,12.87579484904586,0.415348221381506,41.65606579132117,33.51676415495056,27.100509792099864,0.11819565634415247,0.15981479290493383,2553.7707707882328,,legacy_detailed,,
2023-08-01,2023,8,Narowal District,0.655062843545227,-0.5938630961811825,178.67498403469298,5.763709168491708,35.41022582260481,29.14372002846459,24.091472525840132,0.3785786190011356,0.3778991438880989,1956.39553433897,,legacy_detailed,,
2023-08-01,2023,8,Okara District,0.43131682380524905,-0.4237930144726946,29.528770693065066,0.9525409901681263,39.55253653856628,32.240707214155925,25.991422390269204,0.1707379603300004,0.1976630449470305,2824.9498275168094,,legacy_detailed,,
2023-08-01,2023,8,Pakpattan District,0.38583332680810556,-0.3937212146652677,25.80180924989892,0.832316424925289,39.87619607746252,32.35166038202911,25.967036708207182,0.16828536160502047,0.19837358067753336,1363.2515842314192,,legacy_detailed,,
2023-08-01,2023,8,Rahim Yar Khan District,0.3827097779550418,-0.40794245629803544,11.05918866058772,0.35674802180058046,40.809451417920464,32.97576116269418,25.508589537309792,0.09108501411990705,0.16006889752451042,5372.044807903925,,legacy_detailed,,
2023-08-01,2023,8,Rajanpur District,0.22643140530715075,-0.2656507341561651,17.015841244474412,0.5488981051017084,40.775196549162835,32.699450339628385,25.62270242704758,0.0689345884958426,0.19259520702361027,2095.314420535306,,legacy_detailed,,
2023-08-01,2023,8,Rawalpindi District,0.45132649941169106,-0.4214534024269971,190.5642197318198,6.147232893286363,36.63302444072144,28.48698264085086,21.70422250826957,0.3357826939003799,0.32913392705218647,1848.6551305134394,,legacy_detailed,,
2023-08-01,2023,8,Sahiwal District,0.3968195279123995,-0.4133551098326297,20.410625214451745,0.6584072639173034,39.845312452839096,32.32311033268762,25.94985682804252,0.1712075595178807,0.19975040682247436,1370.1907785019525,,legacy_detailed,,
2023-08-01,2023,8,Sargodha District,0.40601276565741445,-0.4158411557507152,55.89500591109549,1.8030647047942951,41.7917437873853,33.51398373200395,25.869118005006495,0.18291638993554582,0.19450608575823308,2722.253770554032,,legacy_detailed,,
2023-08-01,2023,8,Sheikhupura District,0.535011900824088,-0.49717703614720443,61.74934768267221,1.991914437709151,39.46826394360802,31.892711917400085,25.551886526825434,0.20452331480414457,0.22002746382279997,4104.2269252910655,,legacy_detailed,,
2023-08-01,2023,8,Sialkot District,0.5912556470427732,-0.5253731325610455,139.10453480469585,4.48724303609419,36.687341751426224,29.706200504486528,24.427124065251427,0.34722673371050355,0.3476056787768228,2362.9757752840105,,legacy_detailed,,
2023-08-01,2023,8,Toba Tek Singh District,0.3833746338424298,-0.4015287504156607,24.78612351427932,0.7995523751288568,40.46389256333466,32.74698438400894,26.49037075993703,0.1657100799339354,0.1929127467046756,1243.3640601696484,,legacy_detailed,,
2023-08-01,2023,8,Vehari District,0.3340904724579406,-0.3571346169507969,14.250614900158933,0.4596972550814536,40.188915829049655,32.524836551459494,26.548363393782733,0.1610144162897625,0.19205392003467128,1091.5672438728825,,legacy_detailed,,
2023-09-01,2023,9,Attock District,0.3119710718151591,-0.3761106728086473,98.57208038565383,3.2857360141423553,39.564380078025536,29.705970752998198,18.017314816206696,0.20179223637239932,0.1761932557912348,2471.7462025173736,,legacy_detailed,,
2023-09-01,2023,9,Bahawalnagar District,0.4031904855113452,-0.4252399578281743,33.278111840455615,1.1092703936960626,40.13618627845474,31.388742045331753,21.099760152743194,0.13480404836415733,0.14584896808198738,3735.848029112769,,legacy_detailed,,
2023-09-01,2023,9,Bahawalpur District,0.22700753580929142,-0.29872135091035557,12.182032981365996,0.4060677662045675,41.86305063071915,32.79007870479182,23.046480481905732,0.06794866589650618,0.1408428526648233,3224.049969632256,,legacy_detailed,,
2023-09-01,2023,9,Bhakkar District,0.23209277611976345,-0.27989720655523853,28.449188085157218,0.9483062682756677,40.87075422553442,32.436896722597275,20.832044901604842,0.06389957980279727,0.10363558801029588,1727.5434149483222,,legacy_detailed,,
2023-09-01,2023,9,Chakwal District,0.32036529936898867,-0.37225760140911185,91.1281332145079,3.0376044447191872,38.00015832965463,28.967242458740408,18.127443123242983,0.21245559669736472,0.19411604264463472,2443.8713912128383,,legacy_detailed,,
2023-09-01,2023,9,Dera Ghazi Khan District,0.2585592090981838,-0.3111168918219211,9.546785255112841,0.3182261755347506,38.73679044566916,30.786462112082496,20.995102522760362,0.05404607717186218,0.17258914434420541,2856.6407121030657,,legacy_detailed,,
2023-09-01,2023,9,Faisalabad District,0.4510095041666119,-0.45917233312985717,68.64418385010043,2.2881394604241363,38.807311058022925,30.65636260153029,21.183634127129803,0.17185859926625452,0.15093014874908564,3498.834385937175,,legacy_detailed,,
2023-09-01,2023,9,Gujranwala District,0.5676583688779122,-0.514712839767157,130.2862936368642,4.342876452147424,38.93041354001131,29.784598967710448,20.128707984213076,0.21295709076426614,0.1868222684451585,2924.5743066816176,,legacy_detailed,,
2023-09-01,2023,9,Gujrat District,0.44314866302500117,-0.433556287615487,136.29334485723209,4.543111511058208,38.38014461792475,29.243471018490958,17.98830094782487,0.22377645015309078,0.21074227314325306,1743.9317099145924,,legacy_detailed,,
2023-09-01,2023,9,Hafizabad District,0.6211635987488204,-0.5702086357372645,103.51266083399545,3.450422028747519,39.68171684688809,30.539850644860383,20.438521239327002,0.2023628126073149,0.18036397864058754,1945.0955733775545,,legacy_detailed,,
2023-09-01,2023,9,Jhang District,0.4519284031541341,-0.4519624560073825,42.44672110454727,1.4148907018536263,39.69752631847708,31.576282465315746,21.309879312074376,0.14263221532113715,0.14279512351686904,4967.200190464853,,legacy_detailed,,
2023-09-01,2023,9,Jhelum District,0.34218173252696027,-0.3744304566019822,99.11742089631736,3.303914035623369,38.097408760359045,29.40531041301933,18.37567457460415,0.21436412794687787,0.19751378622099913,1131.0204933361313,,legacy_detailed,,
2023-09-01,2023,9,Kasur District,0.493695828907779,-0.47922527436999707,77.22360511636946,2.5741201698182983,38.70863524641287,29.923556463238253,20.589899364257175,0.21105148459815623,0.18345805653525277,2711.284862215635,,legacy_detailed,,
2023-09-01,2023,9,Khanewal District,0.5092371290532812,-0.5053049466715442,14.283752005246326,0.4761250669021434,39.22862658278956,31.454597782903114,22.082273273267017,0.13846770804258646,0.1359195948632499,2768.4188974567637,,legacy_detailed,,
2023-09-01,2023,9,Khushab District,0.2948625712102329,-0.34732713422204786,62.39328327703672,2.079776105691254,40.122057419474004,31.085459335607048,19.36071691441285,0.1354542030251106,0.14038081821340204,1987.3902433272413,,legacy_detailed,,
2023-09-01,2023,9,Lahore District,0.3873694691925341,-0.39352888836132,136.53555243968339,4.55118507435927,38.84431701777873,29.563147362554062,20.2241797363517,0.22569504073970784,0.21290801950452873,691.3145934469082,,legacy_detailed,,
2023-09-01,2023,9,Layyah District,0.2863010185361561,-0.32040170367886245,15.524991966610834,0.5174997339086929,40.410381142936814,32.45162172460433,21.8414224249616,0.05764206452691164,0.10007496368501395,1959.6435231127866,,legacy_detailed,,
2023-09-01,2023,9,Lodhran District,0.5398559668167277,-0.5250985123365566,3.6606025430621,0.12202008445971498,39.471430928470554,31.536653245834813,22.366915157793763,0.13509492884661,0.13374274173765688,1737.739372961245,,legacy_detailed,,
2023-09-01,2023,9,Mandi Bahauddin District,0.5374391083231266,-0.5093007984339217,102.56241612096431,3.418747193642632,39.86514390505314,30.61655685950019,19.04254299963669,0.19159872830108388,0.1728514942979291,1816.7048952647942,,legacy_detailed,,
2023-09-01,2023,9,Mianwali District,0.2856814922964415,-0.3358676490816412,55.14770751980261,1.8382569190997229,39.61642945739739,30.831588997853785,19.101480115132997,0.15259833124053787,0.1528887469704709,1772.970949001782,,legacy_detailed,,
2023-09-01,2023,9,Multan District,0.45189000625690184,-0.46156936724026604,1.8090420339277635,0.06030140121939952,39.662894204313275,31.92211572984429,23.087732098277392,0.13250352487973036,0.13389914902495922,1696.792555727112,,legacy_detailed,,
2023-09-01,2023,9,Muzaffargarh District,0.367575361836741,-0.3800859152186531,5.89192370338573,0.19639745670877484,40.20177968960913,32.30882039428613,22.850998107598553,0.0967413140436383,0.11452474346111827,2550.565535034718,,legacy_detailed,,
2023-09-01,2023,9,Narowal District,0.6403233509860162,-0.5959635953910403,229.26225781083232,7.642075273084254,35.87976829239007,27.963654247811373,18.092549672782972,0.3160352494214874,0.3155657906118946,1907.7981457678927,,legacy_detailed,,
2023-09-01,2023,9,Okara District,0.5124038471174014,-0.4967452282297881,51.3904165160234,1.71301388636077,38.51363915013635,30.45140966333456,21.1208751313593,0.1779635539104743,0.14982860258971484,3404.855328188665,,legacy_detailed,,
2023-09-01,2023,9,Pakpattan District,0.4909872154126102,-0.47566577784286374,34.22444747524779,1.1408149203548548,38.99911919328193,30.703798606771112,21.11401983901361,0.16675341716522207,0.14422814816314833,2087.784708375897,,legacy_detailed,,
2023-09-01,2023,9,Rahim Yar Khan District,0.34861778449169156,-0.3846018266140166,4.1692147244825675,0.13897382415991189,42.230356981114845,32.823528597046085,23.709359195638367,0.07901244970999058,0.12490955376672805,4306.981535438889,,legacy_detailed,,
2023-09-01,2023,9,Rajanpur District,0.22420268739181537,-0.28057592766184086,8.578583390087008,0.28595277881570214,40.7270029951475,32.14688488789799,23.014121470533116,0.05256779320395566,0.15477266809681306,2286.7780477067527,,legacy_detailed,,
2023-09-01,2023,9,Rawalpindi District,0.42948216177752263,-0.4329586371105209,134.14458989433575,4.471486320750424,36.52591645016812,27.637274429201586,16.613114004655692,0.25109595665581236,0.24399777092161884,1441.33205477435,,legacy_detailed,,
2023-09-01,2023,9,Sahiwal District,0.501507682743441,-0.4962924125491061,39.12733637173929,1.3042445452074327,38.89937786203071,30.73288318013145,21.164688093144218,0.16424146823078237,0.14523651803330787,2253.6660590743722,,legacy_detailed,,
2023-09-01,2023,9,Sargodha District,0.4515067947419291,-0.4653858735026098,62.547372214755306,2.0849124070185474,40.1678164548397,31.225368814776978,19.877184504684813,0.18140872297506702,0.167840852621177,3422.464160256336,,legacy_detailed,,
2023-09-01,2023,9,Sheikhupura District,0.5843293431216542,-0.5369566126845398,97.67231442020649,3.255743815479196,39.124206547334616,30.06033206994153,20.826858885496318,0.1987795833465766,0.16912301945477898,4743.334344535178,,legacy_detailed,,
2023-09-01,2023,9,Sialkot District,0.5865554646538159,-0.5304638258991804,197.40877826677732,6.580292622064296,37.21050381456228,28.55453326179473,18.28939526868956,0.27107473262910725,0.26553568020633567,2388.8867766346125,,legacy_detailed,,
2023-09-01,2023,9,Toba Tek Singh District,0.48926417303174075,-0.4946916967653733,40.48384052143556,1.3494613465091376,38.94858045654831,30.979724869840133,20.943021494979444,0.1519351937195979,0.14422312252095348,1997.7300313375297,,legacy_detailed,,
2023-09-01,2023,9,Vehari District,0.5109145937281141,-0.49488966061841033,17.66575815934872,0.5888586049462822,39.31679114119275,31.12973272594824,21.46997858702395,0.14365202989535378,0.13514632791765327,3215.8355508097616,,legacy_detailed,,
2023-10-01,2023,10,Attock District,0.30622017471776497,-0.36887110414819957,18.54999157437954,0.5983868255654173,34.80323007434648,22.881671600815103,12.56004836151462,0.2112798266658938,0.21196948042210273,2663.902404911046,,legacy_detailed,,
2023-10-01,2023,10,Bahawalnagar District,0.34736049164687777,-0.39201976024958407,9.501863745281272,0.30651173409112636,37.66525928064921,26.656814402075,17.342823716428953,0.12387073934487709,0.1404623166850566,4451.831235527957,,legacy_detailed,,
2023-10-01,2023,10,Bahawalpur District,0.2130495950801032,-0.29907358107501586,1.9033400616808431,0.061398066478902086,39.140309603200215,28.283843925748293,18.586332406906482,0.06203799518577414,0.1356651528535136,3951.1902595671872,,legacy_detailed,,
2023-10-01,2023,10,Bhakkar District,0.2421584381593113,-0.2926580892224414,8.48797581873849,0.27380567194406247,37.896261557653105,25.87808335971734,16.374380259004777,0.09944652207807902,0.12169984158713304,2429.3824580646947,,legacy_detailed,,
2023-10-01,2023,10,Chakwal District,0.2960657147722251,-0.3659440618294891,15.220872520753975,0.4909958874369159,34.02995212092314,23.003048252048718,12.915465111097353,0.2267465790303939,0.22767404930148022,2506.2206225412147,,legacy_detailed,,
2023-10-01,2023,10,Dera Ghazi Khan District,0.21978275709903397,-0.29789542687014775,5.809939341276476,0.18741739828264536,36.025987466846324,25.18440609480155,16.66229962328727,0.0880956341680067,0.16795766957465535,3062.2360489852804,,legacy_detailed,,
2023-10-01,2023,10,Faisalabad District,0.43990931504977165,-0.4588947410149545,16.21809657469861,0.5231644063323273,35.90044910122139,25.427346333471927,15.741215076938262,0.16893006481167747,0.15266832280751103,3856.0432788206745,,legacy_detailed,,
2023-10-01,2023,10,Gujranwala District,0.3951313056865385,-0.4250320066785235,25.358173067378885,0.8180055784538731,34.49383406643033,23.98661133773163,14.801353876867656,0.21471683693579416,0.21863394387139967,2903.818220094445,,legacy_detailed,,
2023-10-01,2023,10,Gujrat District,0.4034342120734333,-0.4291507819422975,45.67370458500951,1.4733453086727946,35.07304212038545,23.305326498297493,13.758792854520015,0.24140267602299478,0.24454044490494517,1813.8830543986721,,legacy_detailed,,
2023-10-01,2023,10,Hafizabad District,0.5001799224370083,-0.5029659891204676,14.867080395198194,0.4795832385892486,34.728713474626765,24.43848785335897,15.373544898656577,0.19862942932716132,0.19483828612659107,1873.6655970327154,,legacy_detailed,,
2023-10-01,2023,10,Jhang District,0.4263709579572318,-0.44091652260928005,6.068547990079269,0.19575961208062032,36.65070167869696,25.70784055390562,16.180421312314127,0.17563260679204512,0.1631655321175405,4600.336408056119,,legacy_detailed,,
2023-10-01,2023,10,Jhelum District,0.33512116553528853,-0.3885492946052512,31.917764716642942,1.0296053118779227,34.99908155702603,23.290002003319415,13.537312237023785,0.22027929143982983,0.22378947060339727,1146.0648602663812,,legacy_detailed,,
2023-10-01,2023,10,Kasur District,0.40875787785000745,-0.42000686284856575,20.267173081440532,0.6537797775247927,35.1968662252981,25.0871703720464,15.549420671049232,0.16455409006586125,0.1672828397888169,3001.9746935551434,,legacy_detailed,,
2023-10-01,2023,10,Khanewal District,0.4470811911590365,-0.4699011857724836,2.0672227849245393,0.06668460613002852,36.807556570234034,26.399145464993826,17.3595122799102,0.18515372771074484,0.16190092186108024,2938.4764040373484,,legacy_detailed,,
2023-10-01,2023,10,Khushab District,0.3168376373705647,-0.3734911152937014,11.56541017395411,0.373077747877658,36.03115650335865,24.66335589088722,14.369439466048663,0.16439560394907016,0.17280821837303748,2384.794385466268,,legacy_detailed,,
2023-10-01,2023,10,Lahore District,0.3384761600674524,-0.3514787564226317,26.19461073763702,0.8449874384069203,34.29137295435115,24.28353306226875,15.0768077912878,0.19440213737606862,0.20959201046608664,812.8358858930492,,legacy_detailed,,
2023-10-01,2023,10,Layyah District,0.25268254294530296,-0.3003066635378786,0.46702361583950186,0.015065277954584686,37.691400816677465,26.236854664761093,17.07190187708269,0.11115637160081396,0.13705238161236838,1838.2223995897627,,legacy_detailed,,
2023-10-01,2023,10,Lodhran District,0.4831384847297827,-0.4947112694225937,0.9422953008755679,0.030396622590855522,36.68344379065906,26.858265806584996,18.20588027138749,0.1409351357252817,0.13353743106057475,1862.3017539896655,,legacy_detailed,,
2023-10-01,2023,10,Mandi Bahauddin District,0.5035436393265861,-0.4981706806600563,19.364991375649474,0.624677141798675,35.613765267705745,24.19709841878756,14.783233539525131,0.2014807677022257,0.20266651505331185,1761.9145587701641,,legacy_detailed,,
2023-10-01,2023,10,Mianwali District,0.25941863439706,-0.31948096293603073,9.972266067252455,0.3216860015102208,35.49274446712648,24.84720495846995,14.44794323596807,0.16847985139033383,0.1797771777451106,1997.6054675563366,,legacy_detailed,,
2023-10-01,2023,10,Multan District,0.41175505459424844,-0.44067541828957035,3.1260034251882587,0.10083882027288095,37.08598342515034,26.989622939368072,18.1818200063475,0.14899211585693192,0.13745391413278868,1876.0949295141827,,legacy_detailed,,
2023-10-01,2023,10,Muzaffargarh District,0.33539987985834707,-0.367055553920792,2.750736216499772,0.08873342660390406,37.3860753324898,26.98540812890982,18.211194840599003,0.11460009308581096,0.11937542200266088,2096.3198089744933,,legacy_detailed,,
2023-10-01,2023,10,Narowal District,0.5069074519176295,-0.507901456706599,35.43669074218656,1.1431190533532323,33.20168248754196,22.96821353382565,13.615055851626524,0.26142352680318787,0.26565310048627466,1860.71850071667,,legacy_detailed,,
2023-10-01,2023,10,Okara District,0.3910770754284252,-0.41681901464503013,24.95532582104732,0.8050105081935985,35.860549935315845,25.71391424110599,16.104716212521456,0.15092663618052377,0.14348728752160167,3468.3369804463077,,legacy_detailed,,
2023-10-01,2023,10,Pakpattan District,0.4255445920796869,-0.4470410459990244,6.78614099145913,0.2189077737351558,36.257676995233396,26.009900505745378,16.65966855636888,0.15998990427695653,0.14177174510129537,2127.9094751397333,,legacy_detailed,,
2023-10-01,2023,10,Rahim Yar Khan District,0.3148650887095821,-0.37496937480868947,0.8308312869842152,0.026801009240335773,38.645223245731096,28.31142137388155,19.03923138445793,0.08637342473004427,0.12294988282410389,3810.230190977447,,legacy_detailed,,
2023-10-01,2023,10,Rajanpur District,0.1990678908552094,-0.28064986458291813,4.385609356614121,0.14147126934357834,38.58952891820034,27.19617105058812,18.453399947419204,0.06797091048480748,0.14829270443284515,2201.4499869202095,,legacy_detailed,,
2023-10-01,2023,10,Rawalpindi District,0.40111285577263156,-0.42772496604112287,51.39134181378316,1.6577852227776224,33.87484370113674,21.44100382073636,11.590744070703549,0.24412071850762226,0.25725992134114317,1383.2102385542448,,legacy_detailed,,
2023-10-01,2023,10,Sahiwal District,0.444154778689504,-0.47351107152768596,6.514871392471256,0.21015714190529688,36.2520406821208,25.889916319127593,16.515075782695444,0.17716696590273798,0.1535842750519841,2269.427815729446,,legacy_detailed,,
2023-10-01,2023,10,Sargodha District,0.4370428097573247,-0.4597205084870443,13.923514622871396,0.44914563338515967,35.78254936608275,24.82911202169204,14.977073113771796,0.20668633961716867,0.19488321355223026,3072.63500980729,,legacy_detailed,,
2023-10-01,2023,10,Sheikhupura District,0.45097391634696027,-0.4607510703210643,29.08389764144071,0.938190246837449,34.94296232777433,24.612750285825523,15.258482738489436,0.18530570672875674,0.18149343832213946,4805.615806038952,,legacy_detailed,,
2023-10-01,2023,10,Sialkot District,0.4938871297560217,-0.4937314206474593,46.14498386185197,1.4885478647731416,33.96422409961391,23.016393432676153,13.691924237901453,0.24617421046180504,0.2553688201976517,2311.0398716199447,,legacy_detailed,,
2023-10-01,2023,10,Toba Tek Singh District,0.46069522146362085,-0.484096247227767,8.659647679208447,0.2793434717812985,36.24020756597541,25.723448250044825,16.368450075262103,0.18205862392532185,0.15740380653626462,1919.9196518006966,,legacy_detailed,,
2023-10-01,2023,10,Vehari District,0.5135250341233994,-0.5219969500682847,2.6448046798100786,0.0853162798881226,36.801199572146224,26.459885068813232,17.446050901007084,0.16353867970430255,0.14030806156154174,3265.3479975332352,,legacy_detailed,,
2023-11-01,2023,11,Attock District,0.2805879120136664,-0.32896360791673257,19.729630939566523,0.6576543648860196,27.627372458018794,17.513345088850105,8.704013619379523,0.178770961897547,0.19682400483937326,3424.479204784973,,legacy_detailed,,
2023-11-01,2023,11,Bahawalnagar District,0.18449606739044858,-0.23248011691191958,1.6605086875001525,0.05535028959379083,32.200769528747884,20.940861281418872,11.58625950612337,0.10810304333944193,0.13387419415583565,1686.7378054635528,,legacy_detailed,,
2023-11-01,2023,11,Bahawalpur District,0.17529704435298799,-0.2632588486066464,0.8587948023618392,0.02862649341142462,34.11614005679329,22.21184258885964,12.86713069869382,0.05525154775351002,0.1308355923277421,2805.7459915962804,,legacy_detailed,,
2023-11-01,2023,11,Bhakkar District,0.2103129060493473,-0.2540624105404719,6.626062710006343,0.22086875756977184,29.652045860357028,19.924085022417312,10.97264815494781,0.09129114788919138,0.125578848297941,2028.6156205447467,,legacy_detailed,,
2023-11-01,2023,11,Chakwal District,0.2982733576855951,-0.353384529917521,17.914731757919128,0.5971577256951277,27.245681317520905,17.861284149360376,9.415478486806236,0.20273260895611303,0.2082541567562483,3071.1862449172336,,legacy_detailed,,
2023-11-01,2023,11,Dera Ghazi Khan District,0.18643069588589775,-0.2520698199110494,4.166487263607158,0.1388829091094189,28.98889481546863,19.788438087222872,11.601949704437576,0.06899262636759892,0.1664531589330498,1962.632336031733,,legacy_detailed,,
2023-11-01,2023,11,Faisalabad District,0.3701918664419228,-0.38683522494980055,4.550543802006186,0.15168479355630388,30.31457434038745,19.952299695013362,11.232991281887543,0.18451651393735735,0.16368628446816674,3049.9391714998364,,legacy_detailed,,
2023-11-01,2023,11,Gujranwala District,0.2599563827368365,-0.32658770089110284,10.65732889377984,0.35524429539938973,29.579174284638217,18.950774954358554,9.864604208132626,0.22042993866910787,0.21946732330897306,2586.2708601304894,,legacy_detailed,,
2023-11-01,2023,11,Gujrat District,0.32044178647554145,-0.3528219171689371,19.07465388690809,0.6358217969198005,29.029227608153658,18.07332961544264,9.60237649534232,0.23326714377873617,0.2404292586824437,1913.832536007555,,legacy_detailed,,
2023-11-01,2023,11,Hafizabad District,0.2472406994591787,-0.32016995706829515,7.521662972428424,0.25072210014226576,29.732030847902795,19.30378587910862,9.925355555361055,0.20197248550138525,0.1902480343331842,1489.6721598829197,,legacy_detailed,,
2023-11-01,2023,11,Jhang District,0.3370882031837236,-0.3735862184985734,3.25420778504445,0.10847359272172687,30.382760810588294,20.213934361889205,11.38406559872551,0.16928336693367316,0.16893678205307427,3995.7078410186864,,legacy_detailed,,
2023-11-01,2023,11,Jhelum District,0.33312090449989396,-0.37297977762309675,18.126040364892546,0.6042013460230288,28.60522352452165,17.87425485538906,9.292952206333409,0.21763022163741078,0.21948139710412579,1434.7029590791567,,legacy_detailed,,
2023-11-01,2023,11,Kasur District,0.32897535267642136,-0.3266939698473329,6.45625182797433,0.21520839414222143,30.40176085604589,19.78569160167309,10.567317121180485,0.18929292324408464,0.16608728274336026,1396.3765230221197,,legacy_detailed,,
2023-11-01,2023,11,Khanewal District,0.2738976115835888,-0.3063869012245114,0.637974231972224,0.021265807832688506,31.766530408108373,21.009319680070675,11.66024593724574,0.14658144571288947,0.15818905960456664,1272.7011387509933,,legacy_detailed,,
2023-11-01,2023,11,Khushab District,0.2988239820149819,-0.36525276749467916,11.753425482159047,0.39178084995295354,29.225980079754226,19.027225805045386,10.238884253915828,0.15181968664507572,0.16110209929661953,2625.9863060630864,,legacy_detailed,,
2023-11-01,2023,11,Lahore District,0.25386046378554933,-0.26373864142772346,8.620382907025736,0.2873460981288499,29.660999385646154,19.30801879593025,10.082723257419826,0.1937051917108503,0.19562183008998152,485.7463385138697,,legacy_detailed,,
2023-11-01,2023,11,Layyah District,0.16481940105313558,-0.19720169490674716,1.2682301104444595,0.042274336911759185,30.262198808278885,20.53531227632452,11.380545486708293,0.08306416065613934,0.12830853187788646,1098.9803348392793,,legacy_detailed,,
2023-11-01,2023,11,Lodhran District,0.271546031597179,-0.2948523510259902,0.45295024051682287,0.015098341428247675,32.892010831954245,21.545704370541277,12.871614758052313,0.1260769006347872,0.13304191345881367,701.5258840291267,,legacy_detailed,,
2023-11-01,2023,11,Mandi Bahauddin District,0.3878872572177145,-0.4258030425394196,12.675701929774613,0.42252339822705515,29.52759766714002,18.79734374601729,9.75138675295485,0.1935605087973587,0.19289660898093228,1998.659655073694,,legacy_detailed,,
2023-11-01,2023,11,Mianwali District,0.2310944712569447,-0.28279964166969374,10.358452197075563,0.3452817409487167,28.620761145004757,19.362924975618203,10.207759326470121,0.14837694866003684,0.1703471658112722,2181.161966939957,,legacy_detailed,,
2023-11-01,2023,11,Multan District,0.2754324236356417,-0.30584910260558434,0.43976597447845783,0.014658865795980348,32.83968391716592,21.647240082294736,12.906982728243342,0.1286677646128242,0.13619135957899373,1252.258422961791,,legacy_detailed,,
2023-11-01,2023,11,Muzaffargarh District,0.22532116259867804,-0.24608166272350923,0.736685680789105,0.02455618937584126,32.44072462843603,21.517459562935695,12.771836496438283,0.09831422781853098,0.11740597215838684,630.1624466601066,,legacy_detailed,,
2023-11-01,2023,11,Narowal District,0.2909443626266159,-0.35805971748970694,15.841274617198815,0.5280424873135773,29.06945222064023,18.327243398064233,9.476449221909212,0.24041696676762606,0.24640120147761232,1867.842000923875,,legacy_detailed,,
2023-11-01,2023,11,Okara District,0.3078763245659285,-0.31042358484093924,3.115281492561477,0.10384271675152802,30.81022071624426,20.221889565274648,11.212073689279062,0.1670514418843392,0.1423120928118264,874.0912083172658,,legacy_detailed,,
2023-11-01,2023,11,Pakpattan District,0.24362209948494895,-0.24462998206623282,1.3356641068369037,0.04452213709155636,31.186881582618025,20.637665425427677,11.398117120474295,0.14563210811959013,0.13738105565721406,624.2875834145274,,legacy_detailed,,
2023-11-01,2023,11,Rahim Yar Khan District,0.24647297450244815,-0.29644913789523863,0.6567368314023438,0.021891227705938394,34.15404632092164,22.564972308583126,13.734415891666307,0.07486200371754417,0.12093770734640846,919.8465759108755,,legacy_detailed,,
2023-11-01,2023,11,Rajanpur District,0.18252298640690445,-0.2408826587367387,1.9267216036405161,0.06422405360602544,31.570183763361502,21.652437836485724,12.83352339870703,0.05268275669533954,0.14502766774910614,1487.214739857508,,legacy_detailed,,
2023-11-01,2023,11,Rawalpindi District,0.37832879996787905,-0.41155331692446223,37.167442439828726,1.238914753743961,26.95573444070374,16.067387765631754,7.3123011902803166,0.23903875639076091,0.2536276049919853,1722.7442499962142,,legacy_detailed,,
2023-11-01,2023,11,Sahiwal District,0.31970137135640575,-0.3390378478288385,1.646936927268504,0.054897897584104655,30.957287856722683,20.485391336336395,11.110400015886883,0.1593833888995929,0.1531289578264171,1371.17147608063,,legacy_detailed,,
2023-11-01,2023,11,Sargodha District,0.4283812660287443,-0.46282748504987065,8.936438463249626,0.2978812826291303,30.055156920299932,19.449882631824718,10.405029083900542,0.19775408716997267,0.18614331742009815,3901.7736424357736,,legacy_detailed,,
2023-11-01,2023,11,Sheikhupura District,0.24031992484047124,-0.2796589507688158,8.380245992799026,0.27934153291396446,29.882122831549264,19.48957289681765,10.296175112744788,0.19697095813790635,0.18344918808446664,1722.9731780554703,,legacy_detailed,,
2023-11-01,2023,11,Sialkot District,0.32823116794303536,-0.3928251976441549,16.885346454034302,0.5628448815723314,29.168454159259134,18.25118153959254,9.204916389737795,0.24492901048129695,0.2520483332081219,2431.137521819679,,legacy_detailed,,
2023-11-01,2023,11,Toba Tek Singh District,0.37968197345806776,-0.41858920570958513,2.2986998492606285,0.0766233282086011,30.50877934444869,20.313352727642037,10.948969256672884,0.16683192001065186,0.1611271105948394,1862.1620867322358,,legacy_detailed,,
2023-11-01,2023,11,Vehari District,0.24291424983740864,-0.25095649902936795,0.8461296677670782,0.028204322303272706,32.02669788119058,21.070679790671967,11.707909184359938,0.13476544110840055,0.13965965046988374,446.2900094397769,,legacy_detailed,,
2023-12-01,2023,12,Attock District,0.3545506101731082,-0.41217481168816605,6.813072076006535,0.21977651841580623,21.99371268944586,13.062977366081398,4.281439414433353,0.1415875661149019,0.1712881342601434,4296.222247177209,,legacy_detailed,,
2023-12-01,2023,12,Bahawalnagar District,0.35969248304445245,-0.38579805765684677,0.13820511393040422,0.004458229474202636,24.47625721157604,15.741590063688234,5.9236208066769285,0.10310608081973324,0.13107150086041613,5273.116391990552,,legacy_detailed,,
2023-12-01,2023,12,Bahawalpur District,0.22706421289001238,-0.31285797681127436,0.11118614603107566,0.0035866498845522473,25.405554477701795,16.48239902616754,6.171582296563385,0.05427810197257414,0.1279799881102552,4047.657430241471,,legacy_detailed,,
2023-12-01,2023,12,Bhakkar District,0.2539448163962053,-0.29703378279233583,2.785098607159166,0.08984189052134574,24.700583694064775,15.41125510626382,6.7426006929885265,0.05477855175140778,0.10963224854927396,3569.52184018603,,legacy_detailed,,
2023-12-01,2023,12,Chakwal District,0.36390104895115244,-0.43212859525829406,3.8745791084248915,0.12498642266072507,21.93002063227934,13.671643145874027,6.004723353603985,0.1639122374965645,0.18248186313279555,3803.4264189101877,,legacy_detailed,,
2023-12-01,2023,12,Dera Ghazi Khan District,0.28362660442585025,-0.36237370611111863,2.688535924660978,0.08672696551689688,24.131506815338167,15.569504649810707,7.673619752749915,0.05325795114404092,0.1574468159249092,4399.103822168361,,legacy_detailed,,
2023-12-01,2023,12,Faisalabad District,0.3891406227575225,-0.41606061241799336,1.6121692541995019,0.05200545971428743,24.067229406615976,14.91285462509196,6.387458654058228,0.16609049393630018,0.15776707120557057,3236.1175234556376,,legacy_detailed,,
2023-12-01,2023,12,Gujranwala District,0.3453216477325254,-0.36496196807735143,2.37735766146089,0.07668895690543602,23.662038687740022,13.777441512437624,5.284841764804848,0.19557034475131638,0.19970585029551088,2844.6166528219937,,legacy_detailed,,
2023-12-01,2023,12,Gujrat District,0.3738035701607587,-0.40570482017553533,4.8485953522963765,0.15640630164081876,23.590604315793257,13.373008458588366,5.44863045596702,0.19847666335433672,0.207629422083646,2176.23137412642,,legacy_detailed,,
2023-12-01,2023,12,Hafizabad District,0.29441430696963344,-0.3603127097950168,0.3732882991953299,0.012041558014824963,23.646488430666505,14.147318259290438,5.760579532945236,0.1788938314446705,0.17613258538898546,1442.8483393392214,,legacy_detailed,,
2023-12-01,2023,12,Jhang District,0.30130350862493654,-0.33487262025061504,0.8663281512981738,0.027946069341731557,24.557730363952096,15.323778040676132,6.603619663400939,0.1350634218698443,0.15226005098355044,3228.6586692026253,,legacy_detailed,,
2023-12-01,2023,12,Jhelum District,0.3648591102459698,-0.41677222668339575,3.48374863954503,0.11237898805412458,23.118979370783958,13.264432972001847,5.059659687193319,0.18897308399719978,0.1951723847491977,1835.4457278216219,,legacy_detailed,,
2023-12-01,2023,12,Kasur District,0.433518349807976,-0.4323950393067207,0.04439558120041941,0.001432115530145062,23.786654669244907,14.603929771979725,6.8413581478608,0.17990916120799866,0.16754526465409997,3023.0064512099693,,legacy_detailed,,
2023-12-01,2023,12,Khanewal District,0.379682713166449,-0.3678226147133235,0.1898490324981352,0.006124162264027631,25.50789700796054,16.142213893545286,6.38125342447717,0.13192891770063234,0.14218191023605103,1167.396060131187,,legacy_detailed,,
2023-12-01,2023,12,Khushab District,0.29555546598858823,-0.3608462423944524,3.7879476678540156,0.12219186050121482,24.00497916949435,14.59477619694339,6.075376481718018,0.10926784313294459,0.13979586441902558,3060.346874449673,,legacy_detailed,,
2023-12-01,2023,12,Lahore District,0.3436631272084752,-0.36290622542866263,3.1482738504699284,0.10155722182690824,23.38610957558615,14.097240652468324,5.771203301336888,0.18516967491333203,0.1964175440678435,883.2270618974359,,legacy_detailed,,
2023-12-01,2023,12,Layyah District,0.26858292225458025,-0.29685928116326116,2.4691813794398967,0.07965101261981133,25.12966643770956,15.827019519819368,6.808034333920654,0.05869527677609593,0.1068617450209665,3085.1427977603375,,legacy_detailed,,
2023-12-01,2023,12,Lodhran District,0.34935762843998097,-0.3168331301368438,0.11790338433268815,0.0038033349454287013,25.85032470936086,16.497550154124998,6.214409950003998,0.12610268840848765,0.13258997714354134,651.5095769592763,,legacy_detailed,,
2023-12-01,2023,12,Mandi Bahauddin District,0.38523855779450844,-0.4293636083452113,0.6234267545209714,0.020110540473812208,23.721334546883664,13.669651482565728,5.338798013348442,0.17114535949243279,0.1762176916550564,1887.7145088697912,,legacy_detailed,,
2023-12-01,2023,12,Mianwali District,0.29923518180430075,-0.3430029409147649,3.534770578111164,0.11402485718229052,23.631924263169264,15.216509001115268,7.037138072673273,0.10465798709275044,0.15028707934539776,3067.3574934712633,,legacy_detailed,,
2023-12-01,2023,12,Multan District,0.35505525248661174,-0.34076190604473533,0.31430591233188887,0.010138900361627736,26.12243973022509,16.635537491699004,7.010308996895521,0.1252232832474157,0.1334475219409774,1584.3265271625173,,legacy_detailed,,
2023-12-01,2023,12,Muzaffargarh District,0.3442691861647268,-0.34089268287839214,1.690992796123736,0.054548154757381104,25.981973230338248,16.515557160864176,7.652805731093209,0.09189265174402532,0.11328805472587904,3944.5418141453188,,legacy_detailed,,
2023-12-01,2023,12,Narowal District,0.33715116226450514,-0.39535315970794915,9.01138181933256,0.2906897363900614,23.877076219076002,13.273507202596758,5.241534121921956,0.2320919058067794,0.24024301279742077,2030.250130018731,,legacy_detailed,,
2023-12-01,2023,12,Okara District,0.49672488918982083,-0.4736087180525512,0.9564606110724725,0.030853567982939534,24.168202998433234,15.153010550993434,7.121081096099276,0.15279408784836385,0.1415199343494948,3199.393222828315,,legacy_detailed,,
2023-12-01,2023,12,Pakpattan District,0.42650341580767853,-0.4041329853085947,1.370753918145767,0.04421786832211273,24.39548324760105,15.624314312413908,6.267535146971072,0.1378682649789831,0.1351551209046846,1322.1567913744852,,legacy_detailed,,
2023-12-01,2023,12,Rahim Yar Khan District,0.332380041637359,-0.3686306910286559,0.18812981691133415,0.006068703764390319,26.07281464912054,16.926756081107204,7.442497975511341,0.07422030674908457,0.11931958147164193,4058.0956978403165,,legacy_detailed,,
2023-12-01,2023,12,Rajanpur District,0.28040473316778314,-0.3325224398695472,1.006456615982581,0.03246634234853488,25.410264378828924,16.560525652636358,7.711419101835436,0.05085087149725082,0.14096507912624845,4541.335279646138,,legacy_detailed,,
2023-12-01,2023,12,Rawalpindi District,0.40339031918619217,-0.44189471540306097,7.247970070062792,0.2338054858541828,21.746504316678596,11.628223631673055,2.7828735716413586,0.21635511202605792,0.2340006896783114,2141.142379992923,,legacy_detailed,,
2023-12-01,2023,12,Sahiwal District,0.4193970638383589,-0.4212928266614493,1.8151951074911101,0.058554680606605077,24.518369170132466,15.559632651125643,6.2000243783731745,0.14395886260547375,0.14525500090516008,839.7782371462122,,legacy_detailed,,
2023-12-01,2023,12,Sargodha District,0.4061393301664887,-0.4250662659450783,1.0707580629909481,0.0345405827083744,24.175351574419558,14.424358267037668,5.949634616420182,0.16751635109469803,0.16853431553396025,3766.87146664889,,legacy_detailed,,
2023-12-01,2023,12,Sheikhupura District,0.33623938250988894,-0.3629983907167094,1.6790032015433585,0.05416139377305952,23.66821707402176,14.312471958906677,5.955343746681947,0.18946072627913194,0.1821607946122741,4528.745178333447,,legacy_detailed,,
2023-12-01,2023,12,Sialkot District,0.33546315872857546,-0.3846992336030443,8.627822473788854,0.2783168546397638,23.921234646783912,13.249886088590094,4.468274082501167,0.21987955616551227,0.22838496122690502,2458.9079003349643,,legacy_detailed,,
2023-12-01,2023,12,Toba Tek Singh District,0.35182044303975074,-0.38205284109604526,1.825295033587249,0.058880484386333656,24.529649585580227,15.413126922806097,6.386388924613461,0.14075595017424175,0.14911887043625902,1277.1547282845913,,legacy_detailed,,
2023-12-01,2023,12,Vehari District,0.3662763702074406,-0.3648072032010092,0.0,0.0,25.118742068367183,16.12151991595043,5.920863620197551,0.1271775747921066,0.13473875873399302,1591.6345676542203,,legacy_detailed,,
2024-01-01,2024,1,Attock District,0.29099782361103865,-0.34473354831409386,13.385030950895938,0.43177519207472553,19.491146420678522,11.116874869600903,3.066173008405619,0.13373636984262405,0.15701492283096138,4505.384232402104,,legacy_detailed,,
2024-01-01,2024,1,Bahawalnagar District,0.5531469873043445,-0.495914337447416,7.46971565656077,0.24095857031976275,23.420598185934384,11.743435479805399,3.6815177203330878,0.09811535482131961,0.12946371020229291,1938.567547655518,,legacy_detailed,,
2024-01-01,2024,1,Bahawalpur District,0.1264926914151005,-0.21016232308939836,4.179173557589127,0.13481205038378047,24.585785878383742,12.739140978964025,4.240865380492737,0.05367373194691499,0.12591119956257385,875.380762977606,,legacy_detailed,,
2024-01-01,2024,1,Bhakkar District,0.33605337123946094,-0.3560564824098106,5.554227711099846,0.17916863583220446,22.066007042115928,12.006665631847364,4.055407536267746,0.05488985875187379,0.10163606135176825,3679.3508841818125,,legacy_detailed,,
2024-01-01,2024,1,Chakwal District,0.3378934240203332,-0.41255147953477067,11.820635593242566,0.38131082589314697,19.4756271908345,11.075473792217776,3.0914260651909085,0.1462198572208353,0.16492734045900712,3565.2201322606566,,legacy_detailed,,
2024-01-01,2024,1,Dera Ghazi Khan District,0.23546899994181847,-0.3085196469940251,7.329732495051116,0.23644298365517324,21.919088871135585,12.60057841150892,5.221223716536231,0.058915579254746074,0.15370369593690075,1936.687372121584,,legacy_detailed,,
2024-01-01,2024,1,Faisalabad District,0.39100155410403686,-0.3998932606993753,7.438569338851085,0.2399538493419075,21.488816257190383,10.707263404017352,3.0116016530942513,0.1480789351358469,0.15150820072314156,79.39613776564528,,legacy_detailed,,
2024-01-01,2024,1,Gujranwala District,0.4573845957970729,-0.4067989564850114,9.187018588202017,0.2963554386604292,21.1558719982945,10.162558247791514,3.083682485404401,0.1592954088968931,0.17225554117211725,2578.8346018374546,,legacy_detailed,,
2024-01-01,2024,1,Gujrat District,0.4318544044671626,-0.42443383080117375,12.372806319890108,0.39912278439028737,21.6635325975563,10.764382236919062,3.1794597158707774,0.15842989809204458,0.1769788051669706,1314.6701131587702,,legacy_detailed,,
2024-01-01,2024,1,Hafizabad District,0.38837970074760086,-0.34629173148743014,10.53329831652276,0.3397838166466627,21.071476299250882,10.38951064785457,3.214650464443669,0.15054906024814457,0.1588724275898886,37.98088373558268,,legacy_detailed,,
2024-01-01,2024,1,Jhang District,-0.010239007911840648,0.08592982956417061,4.761947663973301,0.15361121470862857,22.112768427174508,11.424170211628493,3.612120465551205,0.12474966385858408,0.1422729982905704,0.0,,legacy_detailed,,
2024-01-01,2024,1,Jhelum District,-8.846385020910024E-4,0.021014845052108298,12.367046141749178,0.39893697289684094,20.707066582049052,11.049766282689298,3.4552047083581,0.14996600916000102,0.16719445099337432,1.4922735892711023,,legacy_detailed,,
2024-01-01,2024,1,Kasur District,0.44954739917132763,-0.42393623757943566,8.126815715035304,0.2621553456409398,21.125352974592396,10.220442986907017,2.9662557617967873,0.14645974847662308,0.1538042783331036,3029.9016385061227,,legacy_detailed,,
2024-01-01,2024,1,Khanewal District,,,5.160395775051549,0.1664643798061324,23.200511071996836,12.060482518321672,3.711601898704215,0.12615866500832318,0.13730688249388018,0.0,,legacy_detailed,,
2024-01-01,2024,1,Khushab District,0.2816849609306566,-0.32629751775673155,6.961985666183531,0.22458018235137095,20.942315023817496,11.623655996430752,3.4944037001514805,0.10065975938877711,0.126714851901909,1164.1103412210869,,legacy_detailed,,
2024-01-01,2024,1,Lahore District,0.345152493311311,-0.3526591950698419,9.398336618507315,0.3031721499618498,20.87475169521176,9.925113422154414,3.2694652767052874,0.1463095929688138,0.17271195674315618,731.8022695285906,,legacy_detailed,,
2024-01-01,2024,1,Layyah District,0.2751313684659127,-0.26106242314766476,6.017501910698608,0.19411296522358557,23.06307303769393,12.25413841778803,3.893033348228687,0.060031221277642384,0.09922848224000337,1597.1951403150335,,legacy_detailed,,
2024-01-01,2024,1,Lodhran District,,,6.170763954529249,0.19905690158017525,23.71281388843335,12.6141629397088,4.264709891981774,0.12289136073903031,0.1321569210651482,0.0,,legacy_detailed,,
2024-01-01,2024,1,Mandi Bahauddin District,0.5457812568350252,-0.5670779402358097,12.517466761043092,0.4037892513047844,21.478826522781493,10.866980722163811,3.4245667877946637,0.14222795377745198,0.158630902705204,1.9686829146253415,,legacy_detailed,,
2024-01-01,2024,1,Mianwali District,0.3120567157888497,-0.33205405763901663,10.74420962730525,0.34658740779172353,20.862499283993895,12.326144554468364,4.881385373686172,0.10163644123810568,0.13962768974954165,2277.4651684088167,,legacy_detailed,,
2024-01-01,2024,1,Multan District,0.0501878116187317,-0.06208963398549209,6.950645626513342,0.22421437499934463,23.698008979595794,12.86666769175046,4.65685004719494,0.12338147695830749,0.13242828193427722,0.0,,legacy_detailed,,
2024-01-01,2024,1,Muzaffargarh District,0.043252747430547085,-0.05215077448691819,7.125803447059158,0.229864627419112,23.587843124917466,13.031210341783034,5.020599388201149,0.09489742292440254,0.11174467977042549,0.7909508603606737,,legacy_detailed,,
2024-01-01,2024,1,Narowal District,0.4295578885970198,-0.39153233728540626,14.859612575474994,0.47934234157441546,20.97575388651359,10.277962240830966,3.5981749133737506,0.1897942357675749,0.20747791053037126,1263.1069339915566,,legacy_detailed,,
2024-01-01,2024,1,Okara District,0.4430196782445249,-0.40535665052774883,7.795884711396962,0.25148015248543765,22.06497488029081,10.704627209998067,3.1102482498351884,0.13419091454450635,0.13782722787804305,3250.0192902145977,,legacy_detailed,,
2024-01-01,2024,1,Pakpattan District,0.6135833558209848,-0.5464359243561491,7.655130641660962,0.24693969766289048,22.653497477084876,11.20884514927568,3.7021901620135473,0.12661274412371026,0.13354074467210245,893.9091206759654,,legacy_detailed,,
2024-01-01,2024,1,Rahim Yar Khan District,0.2063794478264054,-0.25080681183836556,6.2072927747428785,0.20023525116102858,24.85668748881756,13.589072033385133,5.246542474573798,0.07678220505302392,0.11827929065662446,1905.7145218607147,,legacy_detailed,,
2024-01-01,2024,1,Rajanpur District,0.1402326372089901,-0.19424524175047703,10.995987418583654,0.354709271832335,24.067129187275142,13.447617288232847,5.743363001812364,0.05670197526074045,0.13868933701559027,1108.0299686560772,,legacy_detailed,,
2024-01-01,2024,1,Rawalpindi District,0.3045004270522034,-0.3265764278766261,19.82110380158001,0.6393904479992961,19.33001574753643,10.104205534250108,1.98002468313526,0.17965813664683283,0.2122372520122,1631.7111743878645,,legacy_detailed,,
2024-01-01,2024,1,Sahiwal District,0.38487820309403353,-0.37007077722854126,7.918084197598371,0.25542206933265516,22.549177589348805,11.183684085958431,3.351400623638218,0.13400629026813313,0.1421945611861906,0.01554107661267706,,legacy_detailed,,
2024-01-01,2024,1,Sargodha District,-0.022192411520507497,0.052831933537944124,8.691952408666452,0.2803855612026002,21.362116701146924,11.146125723799061,3.594073353109541,0.14639525642783052,0.15452318656900513,0.0,,legacy_detailed,,
2024-01-01,2024,1,Sheikhupura District,0.4135544356622108,-0.38483003115610415,8.846044459425205,0.28535627209287556,20.964340756570515,10.13796637875082,3.0005961283628064,0.152016648817402,0.16196911905087918,2725.0056381346685,,legacy_detailed,,
2024-01-01,2024,1,Sialkot District,0.47731455743804724,-0.44689127849623134,13.865071601080354,0.447260372483921,21.47482462516816,10.436260498859271,2.9613162162633646,0.17589507977524826,0.19466307481703582,2119.044662398739,,legacy_detailed,,
2024-01-01,2024,1,Toba Tek Singh District,,,5.94319639478823,0.19171601372120933,22.350476842972043,11.232511301935217,3.03671398133775,0.13557575704394192,0.14482620428872334,0.0,,legacy_detailed,,
2024-01-01,2024,1,Vehari District,,,5.782527376185298,0.18653314110895408,23.220078928077267,11.898000749959818,3.805336210583925,0.12316066090759367,0.133129201840145,0.0,,legacy_detailed,,
2024-02-01,2024,2,Attock District,0.348153632600773,-0.4114927168735757,61.65960726082829,2.126193353425326,23.689222408746158,12.313431488862893,1.8968158109598439,0.2333682811750864,0.2145399189557894,3797.955081344363,,legacy_detailed,,
2024-02-01,2024,2,Bahawalnagar District,0.5038773550846452,-0.49612478793249914,6.3693943364804735,0.21963428737642193,29.22243449260233,16.565021836724334,6.671092744806192,0.11324532517006128,0.12903910948796765,6052.434632809884,,legacy_detailed,,
2024-02-01,2024,2,Bahawalpur District,0.26320501074838987,-0.3345346990467021,6.306785922789923,0.2174753764236291,30.49173025343622,17.728395195606073,6.839082955773773,0.06202457784621728,0.12459468777941511,7234.789093519102,,legacy_detailed,,
2024-02-01,2024,2,Bhakkar District,0.3600603779369159,-0.38168451344081844,11.814775584442787,0.4074060553073926,26.181059612532106,15.550356767335236,6.204344756435569,0.0789206636734756,0.10041580376484249,5330.537765270683,,legacy_detailed,,
2024-02-01,2024,2,Chakwal District,0.33366341520166104,-0.40508687170377217,41.77430610077354,1.4404933126013626,23.254804955514732,12.785727060374281,3.6922192158329543,0.251895656517264,0.2344051789443079,3504.8896705591064,,legacy_detailed,,
2024-02-01,2024,2,Dera Ghazi Khan District,0.33504524167968686,-0.3983471438615595,10.505566502849483,0.3622609138636408,27.044688815705623,15.15403431818786,6.63021601533738,0.06961485105247317,0.15205460838442286,4690.197632232963,,legacy_detailed,,
2024-02-01,2024,2,Faisalabad District,0.5461411045839779,-0.5318752847735376,14.247739780945652,0.4913013720599824,25.438820079875182,15.175626020140026,6.1985636996160265,0.17980217778137772,0.15535348845474747,4957.337640404314,,legacy_detailed,,
2024-02-01,2024,2,Gujranwala District,0.6511199275790396,-0.5857082507759297,27.666973204355465,0.9540335590347844,24.396705631497753,14.044808011780084,4.1071849104398686,0.2297979229999284,0.202477148296916,3049.9763111667226,,legacy_detailed,,
2024-02-01,2024,2,Gujrat District,0.4908596784082365,-0.4880882574837027,44.91386653020822,1.5487540192654492,24.42818271127123,13.408880938501678,3.449915881286783,0.27443658208910965,0.26293269412629194,2182.1079537449,,legacy_detailed,,
2024-02-01,2024,2,Hafizabad District,0.7035449917904564,-0.6335343274560153,20.274462232924538,0.6991193881090565,24.532536665751465,14.374722044725427,5.338646197711726,0.20692868886798726,0.18297967397156134,1967.7354666794267,,legacy_detailed,,
2024-02-01,2024,2,Jhang District,0.49511869330720826,-0.4798527138341735,11.090261048293094,0.3824227943189273,26.151941482538806,15.611067635318795,6.64708320659594,0.15380109464231762,0.146043060267489,7248.612333691621,,legacy_detailed,,
2024-02-01,2024,2,Jhelum District,0.33222704122166147,-0.39506603391061335,46.309831738800085,1.5968907506219443,24.10917201712832,12.942985397239188,3.1013822726569837,0.27222505243678286,0.26058575985919247,1497.4810166104749,,legacy_detailed,,
2024-02-01,2024,2,Kasur District,0.5657547371922061,-0.5373826082237821,11.69532371127857,0.4032870227751509,25.784378415135645,15.01585600145732,5.170104477744794,0.18380288395164382,0.1590656273736986,3398.499579801856,,legacy_detailed,,
2024-02-01,2024,2,Khanewal District,0.5847138196060268,-0.5580968305811367,7.6771854519463245,0.26473053344515024,27.01618906719968,16.27402478908877,7.348919257006162,0.13149817862440238,0.13548131596491525,3669.495019972873,,legacy_detailed,,
2024-02-01,2024,2,Khushab District,0.33806913007749,-0.3909593540497801,20.02131870130683,0.6903902990501231,25.021718893323893,14.387536209261091,4.853222525329152,0.16477511342071727,0.15954481089864053,4032.2816292693765,,legacy_detailed,,
2024-02-01,2024,2,Lahore District,0.4350474650420967,-0.4307737116260247,14.284980548031626,0.49258553665937627,25.16829645052023,14.604603799354358,4.419151907969602,0.17946135502616106,0.16948170958168995,958.5480788591483,,legacy_detailed,,
2024-02-01,2024,2,Layyah District,0.45186111307079674,-0.4466624384118472,8.426754598384388,0.29057774515088586,27.10449855877027,16.085926421609674,6.560428432279129,0.06352789796272698,0.09546591933652904,4034.1076704368397,,legacy_detailed,,
2024-02-01,2024,2,Lodhran District,0.6116265186424744,-0.5787775402102525,9.301528931826928,0.3207423771265463,27.672600530182766,16.657622547243946,7.486994173083923,0.1320845449641262,0.13212757310027465,2319.325918996422,,legacy_detailed,,
2024-02-01,2024,2,Mandi Bahauddin District,0.5808607600203571,-0.5449391043469178,32.499252928567984,1.1206638944339264,24.60260871208412,13.839601174832346,3.830706532034921,0.22962145068664952,0.20118246857576533,2244.6408351207515,,legacy_detailed,,
2024-02-01,2024,2,Mianwali District,0.3843948017069873,-0.3994256264150384,30.148188647899214,1.0395927128591258,24.918053200101394,14.350867817130059,4.943427139001823,0.17002670760299898,0.1495250368568422,3333.3806152156944,,legacy_detailed,,
2024-02-01,2024,2,Multan District,0.5704607589694237,-0.5535893079264237,8.776301492208066,0.30263108594015464,27.81320727468648,16.691998048735552,7.663711336034379,0.13120659666957807,0.13220467296826335,2721.722983879636,,legacy_detailed,,
2024-02-01,2024,2,Muzaffargarh District,0.5100469200200349,-0.5010415214998981,8.04942134416816,0.2775662535171359,28.369320802006126,16.600157407111308,7.281302195104887,0.10006827126209927,0.11110527336499809,5573.293138339297,,legacy_detailed,,
2024-02-01,2024,2,Narowal District,0.6264946603483625,-0.5674108383156338,38.73227731802393,1.3355957662304816,23.451048416598432,13.442416693264418,3.384637722929934,0.30228792602615,0.2959546453271941,2124.613542838461,,legacy_detailed,,
2024-02-01,2024,2,Okara District,0.5604417582909684,-0.5286925938983869,9.243636225662058,0.3187460762385668,26.447139867088982,15.487999760487279,6.297827128545815,0.16808370611801182,0.14255176927022378,3949.434679411681,,legacy_detailed,,
2024-02-01,2024,2,Pakpattan District,0.5809081834886698,-0.5444409347561173,7.3868021573082,0.25471731499134026,27.67037970801377,15.948076731048841,6.348468373580812,0.13978608675519905,0.13334493929835442,2569.692223712407,,legacy_detailed,,
2024-02-01,2024,2,Rahim Yar Khan District,0.35880844319393634,-0.39921406567670287,8.812122556746486,0.30386629520766395,29.72826639318578,17.745188278039688,7.805858800281031,0.0894357613911262,0.11840441405062252,6281.893968573247,,legacy_detailed,,
2024-02-01,2024,2,Rajanpur District,0.3212672456068869,-0.3806778832092038,13.680454539083598,0.47173981138585,28.485636067561924,16.938411766345247,7.415820302789116,0.06623024493314657,0.13757510958116503,5160.759898384114,,legacy_detailed,,
2024-02-01,2024,2,Rawalpindi District,0.4130518667537307,-0.47498272635039834,60.42756446299279,2.083709117239455,22.142320304950857,10.714407604803508,0.7511509035251106,0.33323816461471834,0.3332765481972886,1645.033007875797,,legacy_detailed,,
2024-02-01,2024,2,Sahiwal District,0.5393226352118082,-0.5228777212804895,7.561413195730415,0.2607383849500273,26.95260481852836,15.796468578468033,6.536238499490379,0.15208319713309418,0.14278712777083644,2798.573226047074,,legacy_detailed,,
2024-02-01,2024,2,Sargodha District,0.5531145756411775,-0.5308275874871399,19.160272695372797,0.6606990584094901,24.901473043705803,14.626847393611119,5.464960091036008,0.2046770519638471,0.18360736060924995,4871.290744462274,,legacy_detailed,,
2024-02-01,2024,2,Sheikhupura District,0.6554724961456166,-0.5959306861554067,21.26430020556134,0.7332517314104354,24.903238029425424,14.634115914849813,4.982809506745152,0.19100398922551495,0.16740670050525258,5145.245146700616,,legacy_detailed,,
2024-02-01,2024,2,Sialkot District,0.5910139809194769,-0.5391522442074422,36.28501896492222,1.2512075536723821,23.958161467797996,13.451161667275189,2.6196643549077403,0.29012228291684095,0.2814486385114812,2554.5963516341453,,legacy_detailed,,
2024-02-01,2024,2,Toba Tek Singh District,0.5366516639046579,-0.5196020829263807,8.639815666913126,0.297924678963458,26.322501276781615,15.61460358912944,6.7372946804187235,0.15523224408979822,0.14512696234635056,2663.117973300844,,legacy_detailed,,
2024-02-01,2024,2,Vehari District,0.5399361009109538,-0.522847230635529,6.748080556869868,0.23269243259323094,27.602783786947537,16.319535567983326,7.292128843966441,0.13174983034038903,0.1326518231166369,3863.758605446999,,legacy_detailed,,
2024-03-01,2024,3,Attock District,0.34404226388654735,-0.385841972833692,94.85000859597797,3.0596776900038396,29.55058504185951,16.902257828369756,3.0520256258165532,0.28361651964831935,0.2851783734271128,2723.8891026950714,,legacy_detailed,,
2024-03-01,2024,3,Bahawalnagar District,0.44739043312305904,-0.4758988100329834,6.922902393428708,0.2233194321241111,35.73786421301189,21.919416733775186,6.31711572216747,0.10366134666760907,0.128016821534716,6002.659103380464,,legacy_detailed,,
2024-03-01,2024,3,Bahawalpur District,0.2163369532433256,-0.31092346474781285,2.071925818528937,0.06683631685815962,38.454050440748844,23.411409748026475,6.05029387222837,0.054455674548811284,0.1229375952225105,6792.675642928765,,legacy_detailed,,
2024-03-01,2024,3,Bhakkar District,0.37468124055729674,-0.3945264194915743,34.50755244760771,1.1131468523907544,33.920218307060466,20.353753503709473,4.191681915797666,0.10149021676609803,0.10662891338830406,5296.510401526408,,legacy_detailed,,
2024-03-01,2024,3,Chakwal District,0.32007561184047567,-0.3818890645384265,72.84732308598805,2.3499136481126333,29.809394511835244,17.310377205821585,3.280015524528632,0.25509644941703724,0.2473337928599338,2716.2689644072425,,legacy_detailed,,
2024-03-01,2024,3,Dera Ghazi Khan District,0.31019094652986706,-0.3694100658854691,26.22493635340583,0.8459656902934813,32.87195654570203,19.697399211152273,4.001698929693079,0.11092267484653191,0.1731988743241885,4373.371923124319,,legacy_detailed,,
2024-03-01,2024,3,Faisalabad District,0.5487495345301394,-0.539593077920939,46.30577077546877,1.493734543091929,32.19729336548882,20.271445548511544,4.834385068602082,0.1798917699923287,0.15273858589948433,4833.655899938496,,legacy_detailed,,
2024-03-01,2024,3,Gujranwala District,0.6556818365999817,-0.600913650370792,59.72477329568413,1.9266055879158241,31.905953285720134,19.380223378724505,4.765650082657368,0.20880892648121668,0.2023079537167458,2993.9853320054776,,legacy_detailed,,
2024-03-01,2024,3,Gujrat District,0.5119131211093028,-0.5148361094788856,77.07259805048012,2.4862128431062893,31.08818913112684,18.58978530214131,4.7745963928184825,0.272218233040232,0.27435448863702977,1974.7720669714001,,legacy_detailed,,
2024-03-01,2024,3,Hafizabad District,0.6926868918507185,-0.6380674545081008,51.559668274420545,1.663215111901641,32.18649439576105,19.482235503042517,4.527913750839089,0.198918171799031,0.176874094250197,1979.8692728735325,,legacy_detailed,,
2024-03-01,2024,3,Jhang District,0.5408843558911646,-0.5294752511477335,32.28105346064026,1.041324304508904,33.19088628108616,20.469135967473317,5.053209086723024,0.1757236004207052,0.15061469965016377,6957.667225381617,,legacy_detailed,,
2024-03-01,2024,3,Jhelum District,0.36106569924965204,-0.4168480422231504,69.86782643882863,2.253800849335383,30.667833037760584,17.93158777733668,4.197953059492104,0.2723469458392238,0.26992425884926213,1036.1339021547278,,legacy_detailed,,
2024-03-01,2024,3,Kasur District,0.5572563985713148,-0.546081301026479,45.1953246480117,1.4579136950835463,32.45840097678217,20.595159413436196,5.475626652239973,0.1571448025244803,0.1443253018499062,3329.647046167564,,legacy_detailed,,
2024-03-01,2024,3,Khanewal District,0.570625450794878,-0.5693154369967336,10.245482715053607,0.33049944174011603,34.551361015873226,21.42380672406747,6.383583627453688,0.1479280313504498,0.13632137307242828,3653.33746254736,,legacy_detailed,,
2024-03-01,2024,3,Khushab District,0.3318929749363587,-0.38206900656081233,50.44576686995289,1.6272828037783542,32.62524123280355,19.199807310778674,3.057551730893354,0.16665673325767713,0.15225701044136145,3252.38358083577,,legacy_detailed,,
2024-03-01,2024,3,Lahore District,0.45167749424874903,-0.45631379138928213,73.84322723558317,2.382039601453845,32.27014178402056,20.17993970682239,5.273056165645553,0.15851995876126865,0.15646757092885624,863.5160114002944,,legacy_detailed,,
2024-03-01,2024,3,Layyah District,0.46566520551591406,-0.4652870143181477,22.947853245635685,0.7402533291432336,34.26120418363089,21.085983724827646,5.051582222710726,0.08654614787641683,0.1040277627493876,4067.3671817135437,,legacy_detailed,,
2024-03-01,2024,3,Lodhran District,0.5713964945090985,-0.571404341930397,5.833548985916874,0.18817899915477265,35.582130777684206,21.784432819930807,6.405722614705739,0.1323797352190249,0.1323636821553842,2288.9572202517847,,legacy_detailed,,
2024-03-01,2024,3,Mandi Bahauddin District,0.6099074177945395,-0.573983292670545,61.30765988519813,1.9776664417254104,32.04012038959829,18.910093653263115,4.607769972360766,0.22655322533698002,0.22452151557814432,2210.0657736190246,,legacy_detailed,,
2024-03-01,2024,3,Mianwali District,0.4025788261794645,-0.4148024859760106,72.58463264690398,2.341439768902814,31.69319063029012,18.908385590343023,3.616513756035968,0.18833701317787663,0.1839584552354922,3132.397006520614,,legacy_detailed,,
2024-03-01,2024,3,Multan District,0.5416374161668279,-0.5464495242605537,8.158295396192418,0.26317081972402867,35.52245791186444,21.86259264675081,6.138767685089874,0.14104756838555282,0.13320547798474844,2667.874748677409,,legacy_detailed,,
2024-03-01,2024,3,Muzaffargarh District,0.48379049900890514,-0.49207358682158653,13.17815400288362,0.42510174225872865,35.481262435489974,21.87576746904423,5.736564247541679,0.11225820879230902,0.1128856274887241,5178.514746090741,,legacy_detailed,,
2024-03-01,2024,3,Narowal District,0.6802992360515913,-0.6140823241702931,87.26749615068206,2.815080521865118,31.082443216498238,18.724116204944185,4.530044719568149,0.26449804813793076,0.2743625444196134,2086.292325048459,,legacy_detailed,,
2024-03-01,2024,3,Okara District,0.5403346679999244,-0.5287612761292658,30.738957243562986,0.991579265936013,32.7704724519853,20.80484241249069,5.498744644134991,0.1479547905075666,0.1365618629668025,3930.563815082288,,legacy_detailed,,
2024-03-01,2024,3,Pakpattan District,0.5546514800605349,-0.5368097898822837,11.352291046364181,0.36620293676703153,33.67193870303168,21.18502453053665,6.2793399934998995,0.1357656541259554,0.13279128557768238,2568.2449593676947,,legacy_detailed,,
2024-03-01,2024,3,Rahim Yar Khan District,0.3071101452577824,-0.3699043527741636,3.8006522088512322,0.12260168401942412,38.04549622247067,23.387265455471603,6.876620283067839,0.07870571358527133,0.1172464851122205,6005.408439799084,,legacy_detailed,,
2024-03-01,2024,3,Rajanpur District,0.2708358559873967,-0.33473915167481155,12.116546192798696,0.39085632878934834,36.13028620354168,22.00454067728688,5.677373799343582,0.06496144893719855,0.1374143846153425,4403.3319626051825,,legacy_detailed,,
2024-03-01,2024,3,Rawalpindi District,0.42822052001956445,-0.4653898523026337,99.53393398221587,3.2107720737700345,27.424036365637033,15.659625952493172,2.5431171961647525,0.3469318361783678,0.348338838449584,1216.9608864837892,,legacy_detailed,,
2024-03-01,2024,3,Sahiwal District,0.5520516354353592,-0.551166166894671,16.903976380944727,0.545289559472507,33.46025259466652,20.974512352020927,5.8429454716235245,0.1503980754788088,0.14150976538217125,2795.867016347951,,legacy_detailed,,
2024-03-01,2024,3,Sargodha District,0.55657497470744,-0.5388707428493507,55.37230459011378,1.7862033774132724,32.419050893504185,19.449816726372923,4.320941163862274,0.20419207159438418,0.18226232888980373,4863.577328112939,,legacy_detailed,,
2024-03-01,2024,3,Sheikhupura District,0.6665770555752342,-0.6179008431888351,68.03635090682282,2.194720994405231,32.270717515849924,20.000792647949527,4.854661598915046,0.17218434794405693,0.15108747035822903,5004.525291449934,,legacy_detailed,,
2024-03-01,2024,3,Sialkot District,0.6497340789605799,-0.5913207921221392,89.01066996007185,2.871311929179828,31.051947834386528,18.766996197601518,4.575167552994524,0.2664461672643974,0.271667757885146,2485.3295138790436,,legacy_detailed,,
2024-03-01,2024,3,Toba Tek Singh District,0.5655408326657291,-0.5640731506412335,17.913113307970903,0.5778423658943329,33.16596425673348,20.613043332669665,5.333522411423701,0.17165138177765502,0.14736568702574213,2640.92767040637,,legacy_detailed,,
2024-03-01,2024,3,Vehari District,0.5399775311011362,-0.535588884723782,7.245658521282097,0.23373091942016094,34.8357855418299,21.490210162657977,6.491942637399535,0.13235393836769832,0.13258062377782076,3918.689762089705,,legacy_detailed,,
2024-04-01,2024,4,Attock District,0.3247957257480518,-0.3809547682413556,86.83295420639416,2.894431809057804,31.791422929384506,20.96876039428949,11.357035726008965,0.30710490283459346,0.30951745093938215,2353.7113145193707,,legacy_detailed,,
2024-04-01,2024,4,Bahawalnagar District,0.17735797404939643,-0.28403299485407213,5.599219670286114,0.18664065572928884,38.75149766608704,27.484243739572847,15.741348206590008,0.10833141121370717,0.12763421393148888,5324.280492344808,,legacy_detailed,,
2024-04-01,2024,4,Bahawalpur District,0.12757876883148705,-0.2390998428192482,11.138332655021422,0.3712777558962563,39.87771619410085,28.93043011270416,16.943249987878595,0.05366075340523161,0.12114905424997734,4934.577264752806,,legacy_detailed,,
2024-04-01,2024,4,Bhakkar District,0.24409220351357416,-0.302361888453969,38.35904602380244,1.2786348705683117,37.281664335993284,25.242764662182704,14.59528123027386,0.1016886951730937,0.11322723244868241,3446.1970649805103,,legacy_detailed,,
2024-04-01,2024,4,Chakwal District,0.28206270157910207,-0.34807758853728016,67.82358444687846,2.2607861502864584,31.98553396645881,21.395014336798592,12.6404652263725,0.30012989705883947,0.28920077212051176,2217.8884863663834,,legacy_detailed,,
2024-04-01,2024,4,Dera Ghazi Khan District,0.19687541921332263,-0.284885127236487,35.380871658148095,1.1793623883922293,35.483147088952734,24.58952333617765,15.080310499134596,0.08699400891240171,0.16470827876173638,3612.690111498272,,legacy_detailed,,
2024-04-01,2024,4,Faisalabad District,0.3366236980103565,-0.39729073393049325,12.594649151999864,0.419821636668145,37.54205868132782,25.69739669127641,15.41319340486109,0.17182665463243738,0.1489790409431732,4763.911615441631,,legacy_detailed,,
2024-04-01,2024,4,Gujranwala District,0.4140551526556153,-0.46858204148594557,29.16317002371159,0.9721056674529215,35.37709102394579,24.433001678070426,14.012773745669096,0.2193107342018479,0.188234231217062,2997.67700937895,,legacy_detailed,,
2024-04-01,2024,4,Gujrat District,0.40196702350043856,-0.4491742517573289,51.63098916150165,1.7210329663438506,34.33807476157089,23.30917707209465,12.715278096140576,0.25584596021034584,0.24036730735659168,2066.960222962473,,legacy_detailed,,
2024-04-01,2024,4,Hafizabad District,0.3221218818931667,-0.41340787572709675,34.07500939058699,1.1358336443024208,36.18133122497391,24.69231026797481,14.530237935072781,0.1989927281676834,0.16041233493827362,1979.885988791294,,legacy_detailed,,
2024-04-01,2024,4,Jhang District,0.29800113719975363,-0.36288436139703284,17.49316998085465,0.5831056652249307,38.282451350461635,25.95972468771348,16.01062311465535,0.15309629950186943,0.14288346149837938,6444.803572208814,,legacy_detailed,,
2024-04-01,2024,4,Jhelum District,0.3224956281357772,-0.38986958413742445,53.98854334427472,1.7996181113638863,33.45785465648516,22.446666185179087,12.628562065336366,0.2686854932087901,0.24765263679892943,1243.0796870643092,,legacy_detailed,,
2024-04-01,2024,4,Kasur District,0.428198686386418,-0.46821434203375,10.366231622781033,0.34554105371022126,37.64744462039868,25.803947508031733,14.9562071203905,0.16706868817276332,0.14318101768666164,3306.501573381094,,legacy_detailed,,
2024-04-01,2024,4,Khanewal District,0.27812177918589936,-0.35723751685378846,11.578521540329001,0.38595071767355216,38.38806267565107,26.990191061657523,16.510096299182702,0.1433226993838281,0.135930849327121,3516.169320028236,,legacy_detailed,,
2024-04-01,2024,4,Khushab District,0.23120639318294658,-0.30923912707953255,45.82631392433853,1.5275437961481266,35.53200220087932,23.72330972131431,13.730187565659518,0.1901606409107222,0.17860063322001016,2245.4737712167534,,legacy_detailed,,
2024-04-01,2024,4,Lahore District,0.35099081877312943,-0.3953213263011349,15.057240234492754,0.5019080078853246,37.033670191088916,25.26154893468232,14.355417685292634,0.17367134440025692,0.15817338996820995,834.4144505161682,,legacy_detailed,,
2024-04-01,2024,4,Layyah District,0.23697166005703837,-0.30500184712867257,29.08913881606578,0.9696379586323839,37.78365713607431,26.265912780322655,15.661637946163143,0.0756399167768547,0.09452175100728441,3276.958537529307,,legacy_detailed,,
2024-04-01,2024,4,Lodhran District,0.23408348147195274,-0.32913486222432375,7.051057970728823,0.23503526640240852,38.412505917148756,27.45000996656262,16.875147554043316,0.12750334959701526,0.132150023772887,2203.9991414929427,,legacy_detailed,,
2024-04-01,2024,4,Mandi Bahauddin District,0.4182844585676791,-0.4587550481824803,52.12641004251552,1.7375470010249898,35.39522752036681,23.931455135742645,13.56825815940131,0.21814852341628682,0.19013057439434047,2189.730683966872,,legacy_detailed,,
2024-04-01,2024,4,Mianwali District,0.30751017231048716,-0.3521223581557747,77.06027599711497,2.568675862753992,34.27085156630168,23.079966981572813,14.581440227076595,0.21735556795363184,0.20893324104086028,2584.3193651580673,,legacy_detailed,,
2024-04-01,2024,4,Multan District,0.28679558121167215,-0.36267030454754096,15.21061642006155,0.5070205462104346,38.790059756984235,27.442865093185336,17.157051889684347,0.13100619489618295,0.13251768971763278,2451.2992890899855,,legacy_detailed,,
2024-04-01,2024,4,Muzaffargarh District,0.24645271597156132,-0.31818074126254897,24.63903348262384,0.8213011170200555,38.691817069626524,27.224142460388016,16.511582292694925,0.10192359783329788,0.11074346330486731,4138.771783396908,,legacy_detailed,,
2024-04-01,2024,4,Narowal District,0.43415988497983676,-0.49185303068713376,34.541815946865455,1.1513938653698437,34.93827366582772,23.972206611117866,13.18820455648547,0.21650870631489108,0.19533389751882008,2055.8996694610655,,legacy_detailed,,
2024-04-01,2024,4,Okara District,0.4198198942558389,-0.4609399967370277,8.476360622866403,0.2825453545502301,37.62751965397718,26.14012551375384,15.855435697848442,0.15287256963332568,0.136537377626673,3868.556731010941,,legacy_detailed,,
2024-04-01,2024,4,Pakpattan District,0.3700463529676036,-0.424129183952696,5.674708797136819,0.18915695991359252,37.736447818029625,26.640461913480888,15.465556795107293,0.14230631211017383,0.13342916205630495,2488.5702902842568,,legacy_detailed,,
2024-04-01,2024,4,Rahim Yar Khan District,0.1756998339701236,-0.273547734012641,12.291671851816755,0.4097223947876163,39.907400861631864,28.94843303504811,18.098950325855775,0.07565006696379308,0.11619697423814118,5421.499561760108,,legacy_detailed,,
2024-04-01,2024,4,Rajanpur District,0.1478623426743139,-0.244822454912744,22.78437510870011,0.7594791695039833,37.64623687397928,27.236189212394482,16.792469603512618,0.0656660941716879,0.13800032767306564,3518.7495409211374,,legacy_detailed,,
2024-04-01,2024,4,Rawalpindi District,0.41891164869759584,-0.45499438725887587,97.18197796023472,3.2393992709182,30.17223236148934,19.85317589055118,10.066740317385277,0.34850636946367713,0.3537179200708823,1498.2816121545786,,legacy_detailed,,
2024-04-01,2024,4,Sahiwal District,0.35197631794433315,-0.4122906058068672,9.295359639785767,0.30984532293284445,37.68776660292635,26.426690097972294,15.679367180464117,0.15049220062096882,0.1419397104026151,2736.2683044890564,,legacy_detailed,,
2024-04-01,2024,4,Sargodha District,0.34676983375326026,-0.3998451505920989,41.89224211019428,1.3964080711940126,36.36329614769649,24.490270212604283,14.64806655191405,0.20997565486449532,0.17757391370227613,4781.836715361716,,legacy_detailed,,
2024-04-01,2024,4,Sheikhupura District,0.3715142478569846,-0.43815463575139274,15.64163806560505,0.5213879338113739,36.54109017258889,25.14753484513786,14.723681822246094,0.18640898877193735,0.15046656533603428,4997.236428857347,,legacy_detailed,,
2024-04-01,2024,4,Sialkot District,0.4796725946877354,-0.5061844421587363,38.89219984799,1.2964066603074098,34.49852026028726,23.743681785431335,13.007836887723037,0.23631725156946407,0.21306394977445878,2479.493216712196,,legacy_detailed,,
2024-04-01,2024,4,Toba Tek Singh District,0.3379391557636509,-0.40426169604437884,14.74570832129202,0.4915236111541192,38.20470524245353,26.232905242311425,15.943792244886094,0.15318693055623703,0.14459609961358016,2574.8039607924898,,legacy_detailed,,
2024-04-01,2024,4,Vehari District,0.32064391696645345,-0.3889001948439173,5.836951341684554,0.1945650450816557,37.97001031860407,27.039558998454453,16.090143687442893,0.13669684841616067,0.13295553395324264,3813.5200323384925,,legacy_detailed,,
2024-05-01,2024,5,Attock District,0.24828512077148523,-0.3247479656107342,14.688694607604269,0.4738288583230964,41.8375402036556,29.220797786310463,12.450754649843638,0.19203840855258242,0.2324058152318234,2737.7862052988735,,legacy_detailed,,
2024-05-01,2024,5,Bahawalnagar District,0.14753262650513832,-0.24845927784430405,4.467844037463788,0.14412400138893416,45.74691300462663,34.214907810196706,16.522959070932014,0.09423761534863923,0.12639735668221874,3113.6796039894584,,legacy_detailed,,
2024-05-01,2024,5,Bahawalpur District,0.11193759364200369,-0.22340046847897194,1.9328986015265388,0.06235156780654798,47.78187303497173,35.93438944741908,17.574526566617298,0.04404904025619727,0.11893718400706949,2317.459381781176,,legacy_detailed,,
2024-05-01,2024,5,Bhakkar District,0.1681667283592923,-0.24057911531348306,8.870452153618427,0.28614361827834184,45.82230208998752,34.06316435857898,14.324336472400244,0.05972361775062393,0.10020466734737207,2624.168287583491,,legacy_detailed,,
2024-05-01,2024,5,Chakwal District,0.22424438784172432,-0.3059493379291423,14.757323178635884,0.4760426837296971,41.037274358002364,29.319381168194017,13.245077229494152,0.20727374367497933,0.23163528113849463,2242.883655112598,,legacy_detailed,,
2024-05-01,2024,5,Dera Ghazi Khan District,0.161165080161561,-0.25115531926538853,6.31356020561175,0.2036632325442277,45.56932834820627,33.21026373587234,15.244042631449979,0.049625101854345474,0.15457313556525012,2822.2345063995795,,legacy_detailed,,
2024-05-01,2024,5,Faisalabad District,0.24284211255028454,-0.3170486433020101,10.770011349170094,0.34741972106125085,44.71566562087874,33.32705429116408,15.107261497620403,0.14084782653349529,0.14530520419586584,4206.84269884124,,legacy_detailed,,
2024-05-01,2024,5,Gujranwala District,0.21210721533952195,-0.3007707360126881,17.677778416489065,0.5702509185196614,44.8760283987423,32.39031312041125,15.318300176940989,0.15051056228265042,0.1525952473359645,2708.1097739572797,,legacy_detailed,,
2024-05-01,2024,5,Gujrat District,0.2692932595994809,-0.3467339337170103,15.724407020482623,0.5072389361386762,43.700190398351644,30.962589207531487,14.225666538857816,0.16785513985932687,0.17836028191538694,2035.8145497857465,,legacy_detailed,,
2024-05-01,2024,5,Hafizabad District,0.16915710077484541,-0.2680158986439113,19.12848137879121,0.6170477861442187,44.735274006663296,32.78145298123945,15.111154045813343,0.15330026254795123,0.14731073078127227,1296.5905121156256,,legacy_detailed,,
2024-05-01,2024,5,Jhang District,0.23700947047094004,-0.31038442216493095,10.39988436674173,0.33548014152558003,45.95410013065908,34.20094166716934,15.425711339802374,0.12642863228089618,0.13468029026106002,5379.458614412258,,legacy_detailed,,
2024-05-01,2024,5,Jhelum District,0.2318930112986571,-0.32113261062708304,13.851109603327192,0.44680998818426687,42.53551998008204,30.120636695641412,13.37678951494361,0.19227890980715046,0.2037139111999144,1169.3906296964626,,legacy_detailed,,
2024-05-01,2024,5,Kasur District,0.31050029166446236,-0.3697981629720096,14.353869071284254,0.4630280346636548,44.94500437844612,33.026115168047305,16.14337311304263,0.13642807711410268,0.14063847666819548,2995.1980987963793,,legacy_detailed,,
2024-05-01,2024,5,Khanewal District,0.23813736118058318,-0.3155023882368336,2.2420976070304808,0.07232572932415451,46.3970884125645,34.56899767855717,15.938870971452662,0.12384807689927582,0.13500216151085803,2787.55702027959,,legacy_detailed,,
2024-05-01,2024,5,Khushab District,0.18862970076323515,-0.2759688541917293,12.56070234416926,0.4051839470692583,44.71694237632003,32.71198725818029,13.284147719839282,0.12339885854441418,0.1426796066659333,1970.8864712728512,,legacy_detailed,,
2024-05-01,2024,5,Lahore District,0.24294011567761714,-0.308086349638422,21.665591246130678,0.6988900420656651,44.910819714508534,32.88755321347439,16.001548415416718,0.13174769540120387,0.1499205049065884,792.7005831376739,,legacy_detailed,,
2024-05-01,2024,5,Layyah District,0.16812646467727513,-0.24453260766476198,5.256456453892691,0.16956311064729412,46.80596844469515,34.56036365987464,15.261646036869905,0.05624939505560547,0.09085041983275176,2572.0695020439134,,legacy_detailed,,
2024-05-01,2024,5,Lodhran District,0.19766186836681782,-0.27591600996293697,2.1151594779357206,0.06823095100995624,46.83438647127033,34.50096312365836,16.925680736124388,0.12108051374727091,0.13159618150415214,1270.8593041399822,,legacy_detailed,,
2024-05-01,2024,5,Mandi Bahauddin District,0.2634557717529639,-0.34031171659814824,14.949657225611174,0.48224700799362263,44.46493251737957,32.00858611148578,14.418897382982669,0.1527298045855582,0.162812410638763,2005.3768341081507,,legacy_detailed,,
2024-05-01,2024,5,Mianwali District,0.19929755111674155,-0.27382036995875264,12.102039219756707,0.3903883623627076,43.79273111320924,32.062395954583174,14.270339684052448,0.12979161810881343,0.16781041327432059,2248.3489305430367,,legacy_detailed,,
2024-05-01,2024,5,Multan District,0.2397553453550424,-0.3182294428180631,2.2392808837756912,0.07223486725244753,47.15827221943182,34.93975185563262,16.852008986819154,0.12173200658759618,0.13205042798287747,1856.551248803216,,legacy_detailed,,
2024-05-01,2024,5,Muzaffargarh District,0.20608591221670253,-0.2765788943714934,3.310713765921453,0.10679721865718415,47.39197111718195,34.876919928814615,17.22076353575601,0.09206394638113986,0.10982446338651213,2863.4579288703912,,legacy_detailed,,
2024-05-01,2024,5,Narowal District,0.2220353553955526,-0.328588042203207,24.05715149552102,0.7760371447886902,43.77618636904499,31.03297425565675,14.694186950827989,0.14907293383723608,0.16005051422254976,2042.0673359659154,,legacy_detailed,,
2024-05-01,2024,5,Okara District,0.3282624639616174,-0.3807659660419712,9.191432233386072,0.2964978136343716,44.65219566827469,33.26624456447104,15.999803197472446,0.12827756108637672,0.13483825147881842,3350.700431634481,,legacy_detailed,,
2024-05-01,2024,5,Pakpattan District,0.30695017318462137,-0.36002773088942813,6.659516388400082,0.21482310933676957,44.70901334096406,33.50674623236729,16.110016399570323,0.12427454817205799,0.13260820138192517,2188.237692409966,,legacy_detailed,,
2024-05-01,2024,5,Rahim Yar Khan District,0.1771262513581737,-0.26535009134236265,2.6313410536307,0.08488196936721722,48.21238983129673,35.81901737125968,18.260288586846116,0.067596388207047,0.11498331512037394,4018.9909620470967,,legacy_detailed,,
2024-05-01,2024,5,Rajanpur District,0.13191188086014338,-0.22215374547188146,2.6623319648426786,0.08588167616749982,47.81494261293572,35.06908134649856,18.078288177000434,0.04748220881147656,0.13798513894842934,1907.2572055904307,,legacy_detailed,,
2024-05-01,2024,5,Rawalpindi District,0.3380536959504952,-0.397296398011799,20.038391927059436,0.6463997413418425,39.52126258540641,27.2665451298482,11.679012002118798,0.23775447131983804,0.2784627850516136,1728.0866753723442,,legacy_detailed,,
2024-05-01,2024,5,Sahiwal District,0.295618961413408,-0.36245942916699164,5.454476871068677,0.17595086672749766,44.88950320607602,33.62546320066899,15.696714280674096,0.130218075902282,0.14061938010354985,2536.4409698671393,,legacy_detailed,,
2024-05-01,2024,5,Sargodha District,0.2755561018063251,-0.34572827834384345,18.472669166159477,0.595892553663821,45.34050121537435,33.171479186803936,14.298424275424017,0.1510948085427386,0.14962843141816534,4325.535637222991,,legacy_detailed,,
2024-05-01,2024,5,Sheikhupura District,0.20560133972022487,-0.2974405024051282,16.00597094480187,0.5163216426614361,44.724810007774764,32.86081788813131,15.619354874988852,0.13863580893657484,0.13954734925828968,4015.545676038224,,legacy_detailed,,
2024-05-01,2024,5,Sialkot District,0.25607898206069424,-0.3418150053271718,17.101828738763473,0.5516718948312413,44.06793985361676,31.254591697000937,14.523957150581024,0.15640919018489718,0.1689177025201644,2412.337063074974,,legacy_detailed,,
2024-05-01,2024,5,Toba Tek Singh District,0.258533708585841,-0.3365287482520961,6.2497853257557345,0.20160597864409352,45.513625586352134,33.8210153920669,15.51376722432577,0.13402718086578733,0.14279256066681467,2282.6826647119924,,legacy_detailed,,
2024-05-01,2024,5,Vehari District,0.27687110069971627,-0.3401747154267149,2.7640424651242728,0.08916266027798013,45.62839804075772,34.08866235364995,16.378470600901007,0.12061576845174142,0.1322604008888848,3257.8824029095517,,legacy_detailed,,
2024-06-01,2024,6,Attock District,0.19016321191391733,-0.28979121415327747,27.259725547934284,0.908657519795883,43.35690446898417,33.44705639992561,21.566583870493393,0.12816526230078548,0.14926622176077695,2410.0543529135666,,legacy_detailed,,
2024-06-01,2024,6,Bahawalnagar District,0.198282254555973,-0.2737036972984029,20.72192816249101,0.6907309383392487,44.44303495607268,35.71031273134974,25.857578246160447,0.1023716614186682,0.12552982676524777,2334.4122786587395,,legacy_detailed,,
2024-06-01,2024,6,Bahawalpur District,0.12309761595587698,-0.22173797694272954,15.423533818920342,0.5141177938005886,44.995148965709134,36.87227793652905,27.04689721990698,0.04345038735693494,0.1153821273052096,2444.7184009544844,,legacy_detailed,,
2024-06-01,2024,6,Bhakkar District,0.15697511577493367,-0.22357804577046175,15.155623990366886,0.5051874663653104,46.21481411288441,36.251610625522304,24.151298189153948,0.05966142108154033,0.09067731394475494,1738.2509983404852,,legacy_detailed,,
2024-06-01,2024,6,Chakwal District,0.182369479300913,-0.28185281034858845,24.88882676812357,0.829627561851353,42.43870551789967,32.77123380963947,21.84815207873853,0.15057355683450802,0.15217022753825696,1620.1190161306376,,legacy_detailed,,
2024-06-01,2024,6,Dera Ghazi Khan District,0.15029698733184468,-0.23668288925837386,19.437377341818024,0.64791257823914,44.43860849061251,34.47657193032545,23.842199338226592,0.06179050504633841,0.14748889325863299,1496.6025708220134,,legacy_detailed,,
2024-06-01,2024,6,Faisalabad District,0.2737465943448974,-0.3232278638701873,29.10205720567313,0.9700685720296391,44.03777297566525,34.52724418214042,23.216626110375365,0.15708477881119745,0.14800373181149556,2886.1299158210563,,legacy_detailed,,
2024-06-01,2024,6,Gujranwala District,0.18335595180346176,-0.247180934930677,31.25387339430177,1.0417957791874182,44.77762180069254,34.96293805471741,23.519138581169916,0.13791572630907484,0.13431930246703905,1052.1053339886314,,legacy_detailed,,
2024-06-01,2024,6,Gujrat District,0.21140501477936513,-0.3012468926298006,38.35436127309964,1.27847870470323,44.49070727408391,34.27415053406092,21.58540208682132,0.13567595828881474,0.13042060123937765,1714.9066403047711,,legacy_detailed,,
2024-06-01,2024,6,Hafizabad District,0.16007158410061914,-0.2288945643890137,23.07640339678402,0.7692134482744364,44.46065266393328,34.913510891921305,24.061350930673616,0.142177582089819,0.13901358216792944,689.4645973844965,,legacy_detailed,,
2024-06-01,2024,6,Jhang District,0.24857700102713096,-0.289350769442833,17.242692881156415,0.5747564296722636,45.5111764298144,35.50484929189709,23.91020796359126,0.13635278189415898,0.13612215813622075,3041.3555456581134,,legacy_detailed,,
2024-06-01,2024,6,Jhelum District,0.18487585401278672,-0.28913028460265333,32.81750183084395,1.0939167245831027,43.6096815801177,33.76374091768295,22.261898864829455,0.14287292779887667,0.13487832688636567,979.3845000504899,,legacy_detailed,,
2024-06-01,2024,6,Kasur District,0.2832820529562008,-0.3372018252292859,30.091569246832034,1.0030523089273327,43.81753791555025,34.4721625455128,24.32670322678687,0.13652370263051303,0.13997096663415617,2096.6156958889765,,legacy_detailed,,
2024-06-01,2024,6,Khanewal District,0.3195851454767592,-0.3483162508649317,15.471634715616519,0.5157211578229243,45.67400023619433,35.9769986941958,24.75718837414037,0.1410165401138024,0.13633973565797647,2305.372157674578,,legacy_detailed,,
2024-06-01,2024,6,Khushab District,0.15998239330912253,-0.2485176087426301,16.40021316806191,0.5466737705407628,44.902269779708675,35.14460627898942,23.059533065129802,0.10321230411502956,0.11468409371055698,1376.6991874974076,,legacy_detailed,,
2024-06-01,2024,6,Lahore District,0.2305179141024249,-0.2937148873179887,26.063452809032196,0.8687817628569688,44.13617646705682,34.81599243808225,25.134065836627805,0.13320990399048288,0.1469351435193011,516.3227443895942,,legacy_detailed,,
2024-06-01,2024,6,Layyah District,0.19130559444063486,-0.24653559974472264,12.943155618313455,0.43143852001590116,46.09393582656565,36.4384380421763,24.153486429258837,0.06144785101883617,0.08788522062599582,1730.1374214724144,,legacy_detailed,,
2024-06-01,2024,6,Lodhran District,0.30355646282276333,-0.3457609523343819,18.436498975729435,0.6145499661304036,44.95823705930445,36.11754748050259,26.252002663648792,0.12340968559109833,0.1305212293414029,1577.9024512507056,,legacy_detailed,,
2024-06-01,2024,6,Mandi Bahauddin District,0.26326489608181725,-0.32987794827795236,26.162047398448376,0.8720682475364617,44.57455179321597,34.76792969979086,23.594058988377277,0.13227103711741622,0.13790219330711845,1731.9966248723517,,legacy_detailed,,
2024-06-01,2024,6,Mianwali District,0.15685746960916852,-0.23794550914630036,14.573728544778884,0.48579095219076407,44.85354548886991,35.07654940663693,23.41180871909139,0.10544699758709222,0.13478140403791686,1316.9301576623106,,legacy_detailed,,
2024-06-01,2024,6,Multan District,0.3000886502028193,-0.34260426509064407,15.366893885345133,0.5122297976152511,45.824676758993675,36.44331870451908,25.854414961956522,0.12640217290999053,0.13169901652671914,1561.2413694873346,,legacy_detailed,,
2024-06-01,2024,6,Muzaffargarh District,0.25117329833888763,-0.2921000302199037,13.5310559591306,0.45103519902294265,46.21769659638179,36.48516017707619,25.53134241177153,0.09493552299733575,0.10892642486903259,2104.392183048545,,legacy_detailed,,
2024-06-01,2024,6,Narowal District,0.17340211326804578,-0.28665856672102813,48.53086514275887,1.6176955067065852,44.035643332117694,33.92466781154084,22.073572482216175,0.13228849328415881,0.13397595893436776,1144.5658102726563,,legacy_detailed,,
2024-06-01,2024,6,Okara District,0.3095521099524692,-0.3484648778429655,29.175506574217376,0.9725168856808515,44.001816980611416,34.52123738202257,23.3792153617948,0.146295320632521,0.13754707025007498,2700.992874833404,,legacy_detailed,,
2024-06-01,2024,6,Pakpattan District,0.34626489514897935,-0.3730011665467588,19.187184988448468,0.6395728300268659,44.08507128903391,34.91708885902373,24.185919748119968,0.13888309027054563,0.1333187672854902,1949.2402618725991,,legacy_detailed,,
2024-06-01,2024,6,Rahim Yar Khan District,0.21841909533366302,-0.286076613560071,17.322403903227737,0.5774134640892369,44.71805498658381,36.642118096871485,27.403797237302793,0.06801985439418784,0.11311099311879473,3674.888919241651,,legacy_detailed,,
2024-06-01,2024,6,Rajanpur District,0.14134062798509692,-0.2195648096223032,12.195942027243891,0.40653140116523045,44.34981402390302,35.63018536761262,26.10585868594783,0.05092976335742365,0.1340706947575062,1384.793555145455,,legacy_detailed,,
2024-06-01,2024,6,Rawalpindi District,0.2707114721524111,-0.3473623715319013,54.62365408583982,1.820788466893715,41.336022836516115,31.348398955193492,19.921630188507883,0.17040260979855043,0.19389510410082592,1530.9297293735995,,legacy_detailed,,
2024-06-01,2024,6,Sahiwal District,0.30797505706049805,-0.3463523713905109,19.697300041287512,0.6565766678117277,44.33457527140729,34.88964049947053,23.935764876683645,0.1512037595611016,0.143264698361249,1875.8900886942067,,legacy_detailed,,
2024-06-01,2024,6,Sargodha District,0.2778572655657846,-0.33162792854829576,19.210808023821063,0.6403602658804013,44.95615485562186,34.997396485734484,23.725991901044928,0.14428121088018095,0.1427799611058443,3662.3484370730666,,legacy_detailed,,
2024-06-01,2024,6,Sheikhupura District,0.18773664985703484,-0.26043177729015615,27.266866064528283,0.9088955350633029,44.14376279817287,34.772260665609814,24.2914811224112,0.13649797362868915,0.13540859847340894,1540.993691415504,,legacy_detailed,,
2024-06-01,2024,6,Sialkot District,0.2011901003042533,-0.28986728031422637,46.51999462126607,1.5506664864388702,44.622778344676505,34.42614884750984,22.489439578606287,0.1333050965231073,0.13364517670202689,1431.552758803193,,legacy_detailed,,
2024-06-01,2024,6,Toba Tek Singh District,0.27460490503842166,-0.3189494464066874,18.10909409030897,0.6036364704331533,44.99380531136624,34.999391104919695,24.106398495624948,0.15773802137883597,0.14754774599707224,1347.4860761955342,,legacy_detailed,,
2024-06-01,2024,6,Vehari District,0.32223490679647776,-0.35374194542363957,19.450058563173123,0.6483352862398093,44.51601369957903,35.58365838501267,25.432754839952974,0.1281055785877314,0.13142244679048792,2856.434208921138,,legacy_detailed,,
2024-07-01,2024,7,Attock District,0.1954893556415842,-0.28783480434283526,172.07081670209254,5.550671513422114,42.13501705577283,31.760625647562033,23.61758385563673,0.2505346620251329,0.20573341409173102,1586.196524372536,,legacy_detailed,,
2024-07-01,2024,7,Bahawalnagar District,0.3264641948348636,-0.34855951384757616,104.41831503849444,3.3683327378362504,42.72474558904782,35.70415227103755,28.142480938195344,0.11382784739697831,0.1287762760888204,2644.2009202853033,,legacy_detailed,,
2024-07-01,2024,7,Bahawalpur District,0.17077568946169544,-0.24961592846228767,99.71971801758255,3.216765099070335,43.467932855029375,37.01275204343078,29.3731042358452,0.051065393942072296,0.11382611046919835,2289.111490148627,,legacy_detailed,,
2024-07-01,2024,7,Bhakkar District,0.20006593847678728,-0.2484705519898479,97.2991230087383,3.1386813888354066,45.85470294327815,36.06723783979417,27.173575080408863,0.07311809857934723,0.0892342793197217,895.7298697475272,,legacy_detailed,,
2024-07-01,2024,7,Chakwal District,0.2446006281270656,-0.30992605505551396,155.46660945489847,5.015051910293401,40.42320301670203,31.035312477008585,22.92004608396983,0.25415926998852534,0.21534298249997796,1771.4004861260637,,legacy_detailed,,
2024-07-01,2024,7,Dera Ghazi Khan District,0.20113179963856107,-0.2610504130920308,96.61046089877031,3.116466473944584,42.792523491911375,34.146189152097094,26.369879023324916,0.09412056627827,0.17368071923550316,966.3777114048562,,legacy_detailed,,
2024-07-01,2024,7,Faisalabad District,0.4093496390469419,-0.41267251051309956,141.6188410657151,4.568349718285411,42.776479715357794,33.66974376044566,26.01722941589184,0.19117882305710734,0.1640004148356512,1954.666867309454,,legacy_detailed,,
2024-07-01,2024,7,Gujranwala District,0.29275606435950585,-0.26902786142216595,193.02919823922585,6.226748340002803,40.79270176301355,32.171155289892056,25.1639195807182,0.24285360576850223,0.1788152766219944,853.4980483235719,,legacy_detailed,,
2024-07-01,2024,7,Gujrat District,0.3331789515971737,-0.3608677606187526,320.1148182454676,10.326284448476125,39.36937835763139,31.58169247046449,24.516513364098486,0.25824712315698267,0.1954242643023638,1639.094523838619,,legacy_detailed,,
2024-07-01,2024,7,Hafizabad District,0.20241717059493,-0.22122467425988818,123.39881831890715,3.980607035726497,42.350945121966426,32.88152866094409,25.36946298465528,0.22089702088113353,0.1799450852667139,370.51829693969336,,legacy_detailed,,
2024-07-01,2024,7,Jhang District,0.3279008201140593,-0.3442521017683978,105.92160272788064,3.4168259014841316,44.015393664964584,34.760846023605104,26.57085829622636,0.16260254519480286,0.15023861701395064,3340.835983587605,,legacy_detailed,,
2024-07-01,2024,7,Jhelum District,0.26286190263384523,-0.33167489792056637,271.51570459551516,8.758571102550574,40.26044949378327,31.444954870433325,23.94310896972881,0.254838415893771,0.2122373920682097,885.8475452791864,,legacy_detailed,,
2024-07-01,2024,7,Kasur District,0.39032139426973433,-0.3690922563499519,156.51513191028238,5.048875212676885,41.809908426068596,32.57788706600472,25.362797882049303,0.21972561961660153,0.1970274894630359,923.0096539767713,,legacy_detailed,,
2024-07-01,2024,7,Khanewal District,0.3820862832539496,-0.37226405588448336,91.3375094006685,2.9463712581994157,43.43177701095135,35.54780212088896,26.958703659398182,0.1616995424916889,0.15327212536971282,472.49440537901484,,legacy_detailed,,
2024-07-01,2024,7,Khushab District,0.2000998257748837,-0.27521302229484035,113.99516254262397,3.6772633068758322,43.494104464808935,33.559335604230526,25.049385422219945,0.15698966854847018,0.13711420562444313,1149.9898861629706,,legacy_detailed,,
2024-07-01,2024,7,Lahore District,0.29690514679259894,-0.2784467746136422,264.0276252074992,8.517020137157797,41.195686641976394,32.37234774029734,25.62607193508169,0.20265867555429826,0.16554124661098912,164.44618898497208,,legacy_detailed,,
2024-07-01,2024,7,Layyah District,0.28121646513226817,-0.3087750625141763,92.81056494883347,2.9938891973262267,45.03350128996445,35.95334770718446,27.151029095639636,0.08948527435544336,0.12418248911022521,1031.6514888226986,,legacy_detailed,,
2024-07-01,2024,7,Lodhran District,0.45956148808953734,-0.45165216773194744,51.527939645795385,1.6621915999238361,43.15138073598461,36.27848417939703,28.355362513107828,0.13586529863755148,0.13179645485100286,880.513260068339,,legacy_detailed,,
2024-07-01,2024,7,Mandi Bahauddin District,0.373193394743757,-0.3944124751584201,190.05479900803462,6.130799982045679,41.562661768744604,32.23452838376897,24.824434446166535,0.2395192297924143,0.21396022777342308,1771.1485728386644,,legacy_detailed,,
2024-07-01,2024,7,Mianwali District,0.21027878346426945,-0.28118627771099663,102.43335919806204,3.304301908560024,44.00046126343725,33.503044864028645,25.618370111061836,0.19459582079693014,0.16646422418501716,862.5723423527992,,legacy_detailed,,
2024-07-01,2024,7,Multan District,0.39972327368611754,-0.40970915684616815,56.63732896184906,1.8270106099661565,43.45980374812194,36.17775768298184,27.9288070471437,0.15252243092268933,0.1496528676383274,675.5013465543699,,legacy_detailed,,
2024-07-01,2024,7,Muzaffargarh District,0.3333344942334143,-0.34014600176606946,64.40593009968524,2.0776106407080617,43.799287153992246,36.243337732333174,28.164915424270003,0.1185443946019479,0.13202856445869224,954.9379246802382,,legacy_detailed,,
2024-07-01,2024,7,Narowal District,0.2258358302480626,-0.2468792386610788,327.2026702208114,10.554924783081896,36.68521877218228,30.428692236921364,24.82250217805575,0.326421932155162,0.28412474612217775,127.73152371746872,,legacy_detailed,,
2024-07-01,2024,7,Okara District,0.4014025855304305,-0.3917604084577121,111.79347767870824,3.6062412065324807,42.157882014342945,33.3065193213122,25.67551802767757,0.20873039685154224,0.20128851375036308,649.5748023901682,,legacy_detailed,,
2024-07-01,2024,7,Pakpattan District,0.4019672269991251,-0.37073504013063624,99.04038628682868,3.194851168701951,42.41982480851345,34.47213827122269,26.75565837789515,0.16880099535004608,0.1513619404692673,982.1020633081996,,legacy_detailed,,
2024-07-01,2024,7,Rahim Yar Khan District,0.3042698384090542,-0.3485155552487068,45.57036835397102,1.470011883570591,43.61786540156903,36.83113392986963,29.691080786638523,0.07085845689955282,0.11214883225138511,3750.9233437838725,,legacy_detailed,,
2024-07-01,2024,7,Rajanpur District,0.1760438426152816,-0.2364699418028043,56.22527409058058,1.8137185190404583,42.778987814434124,35.835082006547275,28.52390329585786,0.05692162747283835,0.13261841536213764,1176.9408065069103,,legacy_detailed,,
2024-07-01,2024,7,Rawalpindi District,0.3617526780621129,-0.39559800559776526,270.0040479093798,8.709807993217604,38.69641591369598,29.816857009983355,22.424137671923848,0.29513019974753774,0.2596586799798226,1520.7318223585428,,legacy_detailed,,
2024-07-01,2024,7,Sahiwal District,0.3528651829046347,-0.35253404169812547,124.82354296483932,4.0265658971585285,42.62282785425807,34.37575651651383,26.375055533898365,0.17910199881134545,0.16040401997990805,239.20132510721976,,legacy_detailed,,
2024-07-01,2024,7,Sargodha District,0.3654429389653521,-0.4046195356894647,130.98391934444928,4.225287711549667,43.25086516983407,33.453898270117385,25.43178887364509,0.203554907477271,0.17177675926467334,3688.88409479897,,legacy_detailed,,
2024-07-01,2024,7,Sheikhupura District,0.2540934302679908,-0.2510491043815988,194.74648124369162,6.282144544929973,41.87811468427271,32.83585870614905,25.777569563487734,0.20355968005715105,0.15630231268814077,938.0622488653727,,legacy_detailed,,
2024-07-01,2024,7,Sialkot District,0.28778872159239577,-0.29553746752848375,289.24494148390806,9.330481988431382,38.4078846336247,31.150600616771413,24.7315508817878,0.2918243934218261,0.23419779387520467,715.8759765837927,,legacy_detailed,,
2024-07-01,2024,7,Toba Tek Singh District,0.3778794301981432,-0.40092335154301056,90.0538452550051,2.9049627448211544,43.00568873037736,34.431623671237396,26.37632890930112,0.17971005790541153,0.16329994072479015,903.6930342327291,,legacy_detailed,,
2024-07-01,2024,7,Vehari District,0.38285086096575405,-0.38153000350251615,87.8374601094002,2.833466459016435,42.77568270585326,35.57210033240383,27.44676358674341,0.1448442458853513,0.13357319168817958,464.10524271355166,,legacy_detailed,,
2024-08-01,2024,8,Attock District,0.3106941942831959,-0.3377115729124874,164.70261915484267,5.312987703179719,35.459775331549245,28.751120784391293,21.77810705648292,0.3427111749762893,0.3215572747460389,1797.8761404209201,,legacy_detailed,,
2024-08-01,2024,8,Bahawalnagar District,0.4117857946939956,-0.39331782848146224,139.90121822493145,4.512942514529253,37.55052126789292,30.97781513079895,25.75077256175209,0.2095843688989771,0.18697564926967175,3429.630230265499,,legacy_detailed,,
2024-08-01,2024,8,Bahawalpur District,0.27239599732121395,-0.3055898181173107,202.4308466150343,6.530027312978774,38.91534750337126,30.757493408631415,25.58810840732659,0.1652278889408507,0.20425753442351915,2734.735683738663,,legacy_detailed,,
2024-08-01,2024,8,Bhakkar District,0.24084722949071943,-0.2606923938906249,146.70997703037685,4.732579894318756,39.75484328925017,30.654572167097662,24.487181917074864,0.2049697493770081,0.19293698535023815,931.8320854991456,,legacy_detailed,,
2024-08-01,2024,8,Chakwal District,0.36133475724501973,-0.3557199802448347,206.0758139150035,6.64760691169064,34.05007678462307,27.934540994815805,21.648605323169647,0.35189457504309807,0.3230223290165282,1062.6088049318423,,legacy_detailed,,
2024-08-01,2024,8,Dera Ghazi Khan District,0.25621666401755105,-0.2793643144274421,110.80785379959225,3.574446885198617,37.73752651413685,28.631331175366352,23.491480506705607,0.32682576942678854,0.33148685350347973,1722.3883562262515,,legacy_detailed,,
2024-08-01,2024,8,Faisalabad District,0.36674723752793925,-0.3308738003092188,160.78321483408655,5.186555320381184,35.890422639049106,30.14461220618271,24.675934455937718,0.316361404757019,0.27674983179013574,171.29721100178054,,legacy_detailed,,
2024-08-01,2024,8,Gujranwala District,0.5892814145240979,-0.5003436884645066,248.34998175407003,8.011289735461927,34.49574505596772,28.748010857277617,24.45873479665677,0.3839907038937827,0.3721968172711231,2640.4434511931536,,legacy_detailed,,
2024-08-01,2024,8,Gujrat District,0.5469659153320795,-0.48256208146429047,330.5710923507197,10.663583639365783,34.28003029467486,28.3482837799622,23.936930558231044,0.3850401460102507,0.3739648951125906,2085.039938709629,,legacy_detailed,,
2024-08-01,2024,8,Hafizabad District,0.4124950833803248,-0.3197042119796782,183.01179117506294,5.90360616843571,35.1272740746462,29.225737966527884,24.41819374341346,0.3675472288283881,0.34809741550033657,70.49167867255784,,legacy_detailed,,
2024-08-01,2024,8,Jhang District,0.40117332514205567,-0.36351289521718616,145.64385659162014,4.6981889239857555,37.7825267103001,30.72135587801226,24.878628064203447,0.28854485993475976,0.2444928244867972,1524.6370999413268,,legacy_detailed,,
2024-08-01,2024,8,Jhelum District,0.48314783450978016,-0.461195336856689,301.2862665125907,9.718911844258097,34.32125334012603,28.24622437935013,23.061920554951556,0.3644246738007094,0.3388366034301153,1359.2391686581768,,legacy_detailed,,
2024-08-01,2024,8,Kasur District,0.4301242685428916,-0.37073079618813165,195.15362351544013,6.295278172086714,34.39484631499578,29.437422662829402,24.83028529809054,0.3450620747213059,0.3289943736290114,219.93714573953082,,legacy_detailed,,
2024-08-01,2024,8,Khanewal District,0.4457263812704842,-0.41432298118892524,116.39683683265568,3.7547366824734874,38.59355130157187,31.32855958856651,24.919584984256126,0.26497010868600096,0.21707200818072983,1070.360042398368,,legacy_detailed,,
2024-08-01,2024,8,Khushab District,0.2825658650821852,-0.30320799828120654,146.5464627616929,4.727305246737721,37.14507600637876,29.573201049012667,23.32256900004508,0.26865022289550944,0.23275426784738257,537.4178081863431,,legacy_detailed,,
2024-08-01,2024,8,Lahore District,0.3827626761712054,-0.345968243956549,265.3859486992148,8.560837069336017,34.1203314932931,29.034849844316017,24.71573352133184,0.3777317703925356,0.369337532769761,298.43176349202787,,legacy_detailed,,
2024-08-01,2024,8,Layyah District,0.35669615530935306,-0.34855832023225397,131.98883697155276,4.257704421553581,39.569604381698355,30.805549353298385,24.85546422397864,0.2191896988962955,0.21184711788542313,1758.5438310107872,,legacy_detailed,,
2024-08-01,2024,8,Lodhran District,0.5036930650637209,-0.4681035112988174,136.94301061783298,4.417516475617782,39.17922003360197,31.328290944967154,24.926928936130846,0.2613286939168675,0.2294340361798392,1192.7614269447056,,legacy_detailed,,
2024-08-01,2024,8,Mandi Bahauddin District,0.5682240811655088,-0.5017423137486685,244.42776790232338,7.884766696323752,34.92954051168848,28.980596152693412,24.068373125633837,0.3635819639475341,0.3398797785674194,941.732349160065,,legacy_detailed,,
2024-08-01,2024,8,Mianwali District,0.30651333167725675,-0.31332706767320573,194.5276655082053,6.2750859790254365,36.645622241159884,29.7003762130805,23.125072239040094,0.31400383697176887,0.2895038018873206,1095.6824749863504,,legacy_detailed,,
2024-08-01,2024,8,Multan District,0.45292924856016414,-0.4245884238830348,110.75286643394455,3.57267311941699,38.872112049575534,31.216476218392295,24.966123331493748,0.2897585678727233,0.25177436636474754,1113.288775262025,,legacy_detailed,,
2024-08-01,2024,8,Muzaffargarh District,0.3808580938142383,-0.3576956597219437,114.86208697931903,3.7052286137915096,38.8060016839922,30.859120207723947,24.901256974076457,0.27450857269768936,0.257438203455921,2443.2180374654995,,legacy_detailed,,
2024-08-01,2024,8,Narowal District,0.609034238367532,-0.5302020226282743,321.12379055725796,10.358831987472888,33.69716489024103,28.132001859163605,23.84091395479891,0.40265727717574473,0.4008149262807375,1915.1922065622698,,legacy_detailed,,
2024-08-01,2024,8,Okara District,0.476440523472568,-0.4331097191980787,111.97531394015827,3.612106896302356,35.22617780411622,30.012059750997246,25.00523360782778,0.3175464805565934,0.29535787081128567,1754.440664662395,,legacy_detailed,,
2024-08-01,2024,8,Pakpattan District,0.4473521050504203,-0.4200227118235934,120.43040469597285,3.8848517528813367,36.4586791720539,30.71523607896766,25.075322536630253,0.27925839005435343,0.2286299414003396,1603.4597370160166,,legacy_detailed,,
2024-08-01,2024,8,Rahim Yar Khan District,0.36915641144157774,-0.38074632011018256,191.77918678021413,6.186425390303499,39.45830149061746,30.583361188345933,25.488806853090356,0.22107639208460447,0.23894454255500044,4456.9196925609685,,legacy_detailed,,
2024-08-01,2024,8,Rajanpur District,0.21154254964481978,-0.23434324017167416,162.6962509733419,5.24826615361056,38.78998062395565,29.437857805417305,24.288481861277017,0.29495344110856364,0.30805258701912674,1562.2047209139914,,legacy_detailed,,
2024-08-01,2024,8,Rawalpindi District,0.5500279520994323,-0.5111288401904689,300.76915990006205,9.70223098406154,33.658339708736094,27.082001356587384,21.355972709904112,0.37991209089486117,0.35411310623281866,2078.327725588052,,legacy_detailed,,
2024-08-01,2024,8,Sahiwal District,0.39723517147242826,-0.37650892877000336,127.25081282865818,4.1048649343086945,36.95147312208521,30.810404221594666,24.775482544506165,0.26906421176212053,0.21562181252690163,564.9049273918326,,legacy_detailed,,
2024-08-01,2024,8,Sargodha District,0.5066405017676288,-0.4687827337983212,160.7938394725317,5.1868980477552356,36.18478566738874,29.771864423499565,24.34496873639768,0.3383588096009999,0.2990802856070422,219.53516967179732,,legacy_detailed,,
2024-08-01,2024,8,Sheikhupura District,0.4953992886941561,-0.42178959327213306,216.01137372295398,6.9681088227136385,34.716620679863524,29.26915219041078,24.612554887108544,0.3662123556094689,0.3482790063193202,2346.463774373053,,legacy_detailed,,
2024-08-01,2024,8,Sialkot District,0.573511872741584,-0.4918200055727294,320.46625559948325,10.337621135943811,34.16849977429701,28.305844945921763,24.222218305797877,0.39984316020995814,0.39558117729573605,2324.011114635096,,legacy_detailed,,
2024-08-01,2024,8,Toba Tek Singh District,0.42445374940935904,-0.3953876020013903,144.62725497587923,4.665395321669882,37.66784782019314,31.002374028983777,24.9468751697636,0.26532862776627403,0.20434148421533946,457.800596536506,,legacy_detailed,,
2024-08-01,2024,8,Vehari District,0.4137543410592922,-0.39788682285437643,120.57213541111496,3.8894237338610025,38.24884538976103,31.38485214788333,24.806857435433287,0.24027122476046983,0.2017579468506547,1383.0129432243166,,legacy_detailed,,
2024-09-01,2024,9,Attock District,0.38008205156773484,-0.39986141852769697,64.70583242350929,2.156861079138256,37.499458687329394,28.43098699725782,21.08741148147619,0.29722430155108803,0.31282582259308905,3082.3212048099904,,legacy_detailed,,
2024-09-01,2024,9,Bahawalnagar District,0.4543344305275418,-0.4519042639131005,23.831867186044867,0.7943955743122327,40.33263208851846,32.14722580911266,25.378902095650545,0.15096225620811154,0.18559886064581396,3896.0669399551066,,legacy_detailed,,
2024-09-01,2024,9,Bahawalpur District,0.2968655506823889,-0.3420974073173081,18.786685480281477,0.6262228488275149,41.108431519817614,32.984510673597086,25.833100501363376,0.08945142386690133,0.17288402780720608,4292.22417357022,,legacy_detailed,,
2024-09-01,2024,9,Bhakkar District,0.24538808153396094,-0.2750962401965477,37.79248987426758,1.2597496642036936,40.36983572685121,31.400198154908153,24.153435337337896,0.1292010798203079,0.18518325256237275,1542.4658161269906,,legacy_detailed,,
2024-09-01,2024,9,Chakwal District,0.40076387246041356,-0.40628352862420225,91.65112488422673,3.0550374884785496,37.18166491772023,28.340333084357574,21.589340492081707,0.27580945529288897,0.2894537637837812,3016.484948056132,,legacy_detailed,,
2024-09-01,2024,9,Dera Ghazi Khan District,0.3196359557205918,-0.3478584376595665,21.792901989163408,0.7264300661672959,37.250521780595115,29.244284120740943,22.433506649974763,0.18397229474291163,0.2757715005480189,2770.792143365011,,legacy_detailed,,
2024-09-01,2024,9,Faisalabad District,0.4574629665140124,-0.44240022830409637,42.29670298941188,1.4098900959615304,38.169350449067004,30.30663640295462,23.77957308055392,0.23195145396200245,0.2473608662329503,3386.433667501753,,legacy_detailed,,
2024-09-01,2024,9,Gujranwala District,0.6132077247560459,-0.5476383046695628,99.59392869812106,3.3197976336301465,35.97811550091776,28.750234178719182,22.830256331263108,0.28783828948736184,0.30625271592178205,2885.0813594944884,,legacy_detailed,,
2024-09-01,2024,9,Gujrat District,0.5239256623290374,-0.4872353374133671,130.0289514702765,4.334298389818496,35.967212035853734,28.421348820711916,22.135921274810418,0.3086454681971432,0.3208338441841927,1893.2031243510066,,legacy_detailed,,
2024-09-01,2024,9,Hafizabad District,0.6018780561770204,-0.5323166980374164,85.69336593134312,2.8564455277605707,36.95024186859778,29.400507192524138,23.23982883637407,0.26122519495836677,0.2806221140566354,1939.89409150036,,legacy_detailed,,
2024-09-01,2024,9,Jhang District,0.4725622743685053,-0.45840777933186233,31.66441771944031,1.0554805906509412,39.62998483954878,31.240708252966005,24.286071784871353,0.2145142379176973,0.23865875727874544,4711.248922728485,,legacy_detailed,,
2024-09-01,2024,9,Jhelum District,0.46736210615477525,-0.4480963549856713,95.97190592013726,3.1990635353673187,37.10389450969187,28.7314705520269,22.32713545537508,0.2788375244368276,0.28838055682955216,1330.3241147094752,,legacy_detailed,,
2024-09-01,2024,9,Kasur District,0.5200200582973866,-0.49285712392721254,47.49040926386762,1.5830136400710426,36.230514125009186,29.2290407397205,23.33232437375016,0.2596191935106729,0.2661041080022769,2440.367221520359,,legacy_detailed,,
2024-09-01,2024,9,Khanewal District,0.5090238947916708,-0.4935120176595577,14.776536909146078,0.492551232179025,40.14342872728416,31.72461357877434,25.198821844584597,0.20691556106579737,0.22330040725752157,2416.8447825631715,,legacy_detailed,,
2024-09-01,2024,9,Khushab District,0.33915369508669524,-0.35284571896523015,57.922559177820446,1.9307519668981932,38.986755608435644,30.298394777332327,23.34723109404644,0.19560311004656536,0.22652780513164758,1966.0540260007824,,legacy_detailed,,
2024-09-01,2024,9,Lahore District,0.4006609900054181,-0.39013508211559994,76.43511382091437,2.547837121330985,35.81469598253302,28.81257594814565,22.58748094196378,0.27277335396740815,0.29926476336235686,527.2147668552311,,legacy_detailed,,
2024-09-01,2024,9,Layyah District,0.3246032849788791,-0.33881255781790726,29.764983596879755,0.9921661226756556,39.56730062795235,31.28993798559474,24.728331154950318,0.13827513086871415,0.1938316345158837,1553.3834598482315,,legacy_detailed,,
2024-09-01,2024,9,Lodhran District,0.5282060118765673,-0.5073551832149242,10.093511446681,0.3364503810734375,39.9231530206501,31.880791276376893,25.77582470066374,0.20237380268009564,0.21989549148814097,1224.5642704533852,,legacy_detailed,,
2024-09-01,2024,9,Mandi Bahauddin District,0.5388198367041964,-0.48201843973913117,95.37701747549012,3.179233911865774,37.69915536435805,29.457549246764174,23.28662566462617,0.25445637124651777,0.2805742183144204,1900.6307116755231,,legacy_detailed,,
2024-09-01,2024,9,Mianwali District,0.3449498114112457,-0.3493394578500725,56.363982125888285,1.8787994058015354,38.92844662847358,30.25653268609484,22.680751942344624,0.2321414702243244,0.2595197984320812,2043.1154017010663,,legacy_detailed,,
2024-09-01,2024,9,Multan District,0.47624575745421943,-0.4698814045413618,7.162092600827564,0.23873641932232448,39.552946637703414,31.57581594368814,25.345349928043497,0.2173653946282505,0.2361332026968541,1320.7868855642191,,legacy_detailed,,
2024-09-01,2024,9,Muzaffargarh District,0.4069245915830585,-0.4005075646411892,10.09610216928139,0.33653673932371553,39.13267187644514,31.32266640573187,25.214127996616092,0.1854437725028823,0.2225374653351766,2093.5035021838785,,legacy_detailed,,
2024-09-01,2024,9,Narowal District,0.6219998617296304,-0.5618524750862779,120.2198879469199,4.0073295978706325,34.71629880876227,27.93141129202392,21.88664627170738,0.34750152862597417,0.3559020725102392,1749.551965587885,,legacy_detailed,,
2024-09-01,2024,9,Okara District,0.5181798383991633,-0.49916627945189224,35.03476742982468,1.167825575688353,37.41145856278184,30.068288489725912,23.78536419743424,0.22203475191175012,0.2402539763361395,3385.652859099774,,legacy_detailed,,
2024-09-01,2024,9,Pakpattan District,0.5081207749126899,-0.4831045195659536,20.344698131619456,0.6781566058010998,38.73279264105597,30.9493556033243,24.18570646284671,0.2062406186034096,0.22614098476136765,2187.806022436545,,legacy_detailed,,
2024-09-01,2024,9,Rahim Yar Khan District,0.4028627382780298,-0.4205475051588257,11.306551927727766,0.37688506506900815,40.64492178550809,32.85509257589495,25.142789378562558,0.1194612472343062,0.17767995004828102,4727.40595199652,,legacy_detailed,,
2024-09-01,2024,9,Rajanpur District,0.27965525601795005,-0.31125449362244184,12.659442763231866,0.42198142611396317,39.32558853368969,31.410313110855867,24.402378093675118,0.12179370272784835,0.23526711573175915,2518.640120919129,,legacy_detailed,,
2024-09-01,2024,9,Rawalpindi District,0.5251286050870219,-0.4995370249411124,105.06069999000002,3.502023345262171,36.07528410459318,26.915346365675944,19.434188616031072,0.31625545409302375,0.32777103631038657,1711.9793940407428,,legacy_detailed,,
2024-09-01,2024,9,Sahiwal District,0.48732274961726757,-0.4798771678520024,24.100143637170248,0.8033381184048376,39.06392142893417,31.008297704524274,24.36463179734204,0.20889298474420906,0.22664645656625396,2118.5884187427996,,legacy_detailed,,
2024-09-01,2024,9,Sargodha District,0.4687055766477717,-0.45101011745510927,47.4392693871642,1.5813089777250708,38.36069534363106,30.200898540386568,23.81358395247265,0.25248704553373197,0.2696995874741241,3353.792858236608,,legacy_detailed,,
2024-09-01,2024,9,Sheikhupura District,0.5957415645765888,-0.5380485990015089,66.93147109924895,2.2310490364879576,36.50964975425271,29.223593650883384,23.147482130408125,0.2623653922941286,0.27874569443590663,4720.092508034018,,legacy_detailed,,
2024-09-01,2024,9,Sialkot District,0.6239062493605064,-0.5561420785191636,136.67136228349605,4.555712075198537,35.08949307013593,28.135747139086444,22.39664415916538,0.33574952010439835,0.3457317175943881,2348.497391547744,,legacy_detailed,,
2024-09-01,2024,9,Toba Tek Singh District,0.5081885740367994,-0.49682227267354645,22.094517501776483,0.7364839171939204,39.906384426509824,31.45376544850145,24.87127419373531,0.20602218842856515,0.2210492029122467,2075.665641648011,,legacy_detailed,,
2024-09-01,2024,9,Vehari District,0.4791326039933565,-0.46791851454995476,15.222899984819248,0.5074299998481807,39.88342475724734,31.650331011805157,25.255319254027956,0.20309757631659855,0.2201515646884931,2650.311317100985,,legacy_detailed,,
2024-10-01,2024,10,Attock District,0.31773931887581885,-0.3877417374316819,14.427591102584753,0.4654061646709519,33.80908565329315,24.471709664511856,14.940977567225843,0.21161011154492662,0.24189023310538782,3227.1481845367293,,legacy_detailed,,
2024-10-01,2024,10,Bahawalnagar District,0.3572138506415441,-0.40411743015494506,2.526687954529292,0.08150606303634629,40.86888123453925,29.785642625874964,20.54934360613193,0.10247729876608658,0.1334490673241961,4049.894866679663,,legacy_detailed,,
2024-10-01,2024,10,Bahawalpur District,0.24275051784406979,-0.32710835717881265,1.5911355168945545,0.0513269521888978,41.546904028482906,30.690405197463942,21.539901426526257,0.05443228197484793,0.13699955265212793,4733.474697824222,,legacy_detailed,,
2024-10-01,2024,10,Bhakkar District,0.22156642277253838,-0.28107388376615555,2.937046821526308,0.09474344586925237,38.659132987504464,28.591073447999708,19.42407586198055,0.05871988098892379,0.11353184457683836,1653.3836264199524,,legacy_detailed,,
2024-10-01,2024,10,Chakwal District,0.33833611636503175,-0.4052830353325437,8.997962993682082,0.2902568701550537,34.62681488355633,25.17096755027508,16.532025132075002,0.19468856015642982,0.20856257343065943,3001.694415458824,,legacy_detailed,,
2024-10-01,2024,10,Dera Ghazi Khan District,0.2672920994636227,-0.34477101583102016,3.012490315195826,0.09717710683533355,37.09791243934779,26.69072693231632,18.935492280135737,0.06575381840654285,0.1960248289281505,3213.023306404486,,legacy_detailed,,
2024-10-01,2024,10,Faisalabad District,0.43202153298780877,-0.4617041277477232,4.1073124731153,0.13249395060057093,36.708682241013584,27.480658353936626,18.960700698984827,0.15653907541502757,0.16229535394193642,3971.2346508948763,,legacy_detailed,,
2024-10-01,2024,10,Gujranwala District,0.3861773462232656,-0.41768537079169893,9.427600624366955,0.3041161489394778,34.96686634368296,26.305343326435988,18.03662939439699,0.148609191474174,0.18071533567743364,2903.8231778197096,,legacy_detailed,,
2024-10-01,2024,10,Gujrat District,0.40656091541949346,-0.42029468696247785,17.76162035008041,0.5729554947347084,34.839788681027116,25.53615379863129,16.6609516341234,0.1668587226633298,0.20064659260694337,1811.5437244201844,,legacy_detailed,,
2024-10-01,2024,10,Hafizabad District,0.5062474010530348,-0.5069949539927915,5.3575883682532615,0.172825431192819,35.484912808597194,26.71228830525868,18.24084146308095,0.15206553546795337,0.17471495945300786,1953.6401224681192,,legacy_detailed,,
2024-10-01,2024,10,Jhang District,0.40181460357154786,-0.42865325650502056,2.3273477245891043,0.07507573301251298,37.67927393828618,28.226032975508723,19.38757899293238,0.13880560018984422,0.155432373472642,4815.84115112407,,legacy_detailed,,
2024-10-01,2024,10,Jhelum District,0.40005870670357196,-0.43837459391175054,15.155910181384122,0.4889003295839056,35.4733532495373,25.62519697103948,16.49410136747645,0.18634396522882646,0.19855720772850277,1372.31835582539,,legacy_detailed,,
2024-10-01,2024,10,Kasur District,0.3918126417047406,-0.4173654787899984,5.8259016204724965,0.18793231031082153,36.19873156863513,27.06303039874375,19.056997917270262,0.14656405564824965,0.1581306308219585,2763.5236653371253,,legacy_detailed,,
2024-10-01,2024,10,Khanewal District,0.4073810391972229,-0.44305353264947267,0.9567563731555702,0.030863108875684473,38.945356909887295,29.134282911477776,20.389945484168493,0.14102096714932216,0.14053111878060875,2620.9433113758028,,legacy_detailed,,
2024-10-01,2024,10,Khushab District,0.3305471000486045,-0.38304393128794123,6.077749171756809,0.19605642538078902,37.143585441654416,27.372349845998986,17.18528333818022,0.12154814520706943,0.1412397097032146,2549.2450679409408,,legacy_detailed,,
2024-10-01,2024,10,Lahore District,0.29838328555352767,-0.3248799629934013,6.975129773321414,0.22500418590639817,35.26787815664178,26.61409320596544,18.435718759299498,0.1382170306804499,0.18137506946252788,699.3498933972865,,legacy_detailed,,
2024-10-01,2024,10,Layyah District,0.2533969965880529,-0.3080159419997088,1.3204548323595346,0.042595317245364826,38.349420651522514,28.390704696179373,19.717345092160517,0.06359739693067125,0.11526319908048084,1168.6434168672884,,legacy_detailed,,
2024-10-01,2024,10,Lodhran District,0.46644052660885976,-0.4852305936815181,0.5733464347723473,0.018495046283987168,38.70670009545093,29.092410340348696,20.64675141545655,0.13345447011012093,0.13692763268877475,1608.1488909203888,,legacy_detailed,,
2024-10-01,2024,10,Mandi Bahauddin District,0.48233186525247196,-0.4853212150821264,8.594265725947288,0.2772343788473008,36.38189342536695,26.686513038470817,17.090258252602155,0.14630304447802062,0.17090076566022006,2038.4184876253973,,legacy_detailed,,
2024-10-01,2024,10,Mianwali District,0.2760335504937463,-0.3247544431710655,6.405412929629106,0.206626223367798,36.16376945333564,26.910839847097996,18.182975951570818,0.14901389405994186,0.17689818995901754,2189.8577784380127,,legacy_detailed,,
2024-10-01,2024,10,Multan District,0.4109558994604431,-0.4475835217611484,1.0700712797343888,0.034518428469185077,37.8287215277924,28.54710023188185,19.72396218229239,0.15134723464009167,0.14703962160602918,1670.347161137462,,legacy_detailed,,
2024-10-01,2024,10,Muzaffargarh District,0.34267803859099694,-0.3743241366190024,1.4216073210062923,0.045858300697051727,38.13703731445866,28.223895574178332,19.448473562907612,0.10968210836056554,0.13179220442908998,1812.9445167614185,,legacy_detailed,,
2024-10-01,2024,10,Narowal District,0.4142874384206388,-0.41729028854703004,12.30027610502505,0.39678309935402045,33.59916434616445,24.92612916041093,16.238602164817735,0.18902040791236052,0.23022348920922128,1533.5091126895452,,legacy_detailed,,
2024-10-01,2024,10,Okara District,0.3762425507213881,-0.4170064009046994,5.845052206091179,0.18855007087920206,37.325203909186534,27.81438677918286,19.56671281403732,0.13814804435270028,0.14383138309521726,3375.399233242788,,legacy_detailed,,
2024-10-01,2024,10,Pakpattan District,0.3936104965011856,-0.42548504482776905,2.1321939017833484,0.0687804482772587,38.625742492175384,28.736976804810077,19.910063871239366,0.1330784305423031,0.13728386659249642,2133.191633071243,,legacy_detailed,,
2024-10-01,2024,10,Rahim Yar Khan District,0.35189145568511526,-0.4004138085381041,2.2684404554091384,0.07317549848935502,40.99221023136746,30.263122640311344,20.94273026502028,0.07517942226493698,0.12651099617574935,4009.6813269570184,,legacy_detailed,,
2024-10-01,2024,10,Rajanpur District,0.23618797819469703,-0.305096784025598,3.1791174665177055,0.10255217662480706,40.24345691683021,28.70942561644127,20.139717659794528,0.05595787445311156,0.16943754260781516,3024.152613754746,,legacy_detailed,,
2024-10-01,2024,10,Rawalpindi District,0.43788368702161745,-0.4739521705655502,28.982108026129158,0.9349067123213892,33.253115222378874,23.328776510262706,14.20487642703682,0.20894912858068157,0.2400459527010402,1669.2452257712828,,legacy_detailed,,
2024-10-01,2024,10,Sahiwal District,0.3852444094551288,-0.4297897487975973,2.2780157228659657,0.0734843782778921,38.319458551437734,28.671866708051322,19.890139008604013,0.14110612007042117,0.14409822529482683,2132.3794091524196,,legacy_detailed,,
2024-10-01,2024,10,Sargodha District,0.4401531446019753,-0.4691937345942018,5.792869935853091,0.18686677215413183,36.72075518542906,27.24991795790885,17.364018316997477,0.161720295215913,0.16857163541047346,4209.803207959048,,legacy_detailed,,
2024-10-01,2024,10,Sheikhupura District,0.4499152391813554,-0.4615846358909272,6.715008612328982,0.21661318098035195,35.4102732654839,26.69806466712434,18.615151705107483,0.14854619717758244,0.169526849386078,4689.994828273107,,legacy_detailed,,
2024-10-01,2024,10,Sialkot District,0.4434162441014545,-0.4382582932403014,16.008077265619775,0.516389590643663,33.93182292941937,25.075932453214264,16.31191972219543,0.17723609220487652,0.21835488030121827,2122.268485503918,,legacy_detailed,,
2024-10-01,2024,10,Toba Tek Singh District,0.42183390534789195,-0.4563431772101155,2.7975627978843405,0.0902439612237906,38.53137592171993,28.62527261837441,19.629744630593954,0.14514780245382564,0.14594614725655963,2027.6519840998426,,legacy_detailed,,
2024-10-01,2024,10,Vehari District,0.4417231282692229,-0.4631530432598244,0.9340950695624403,0.030132099152217384,39.0514541270267,29.31082717583316,20.574563371437755,0.1304098537277275,0.13576244573145713,2887.058985198906,,legacy_detailed,,
2024-11-01,2024,11,Attock District,0.2830462194528945,-0.37390334729013863,6.110562227844875,0.20368540743944138,28.703385208049436,17.999928002102894,7.876578840137866,0.2263882817837691,0.23094766844082432,3251.7570841428405,,legacy_detailed,,
2024-11-01,2024,11,Bahawalnagar District,0.20987525521169537,-0.27589722763530083,0.0,0.0,34.81005498325539,23.092081403068352,12.803415974454184,0.09791310600696132,0.12994925539338978,2564.0734136272954,,legacy_detailed,,
2024-11-01,2024,11,Bahawalpur District,0.17328645785946634,-0.2645815205249662,0.0,0.0,36.05560255890254,24.388993041663515,14.217492917371644,0.052598306730475296,0.13087744537495147,2442.0144426618353,,legacy_detailed,,
2024-11-01,2024,11,Bhakkar District,0.19162382820796597,-0.2508195464016941,1.2814398828125364,0.04271466269127873,33.744530825438424,22.003797421357564,12.23622916490852,0.07127692232388805,0.1060149282323918,510.9555738651467,,legacy_detailed,,
2024-11-01,2024,11,Chakwal District,0.2854704389648182,-0.3702533252817255,4.7888597678302895,0.159628659123637,29.439061539879376,18.946851638632168,9.630093725822576,0.19592304495593849,0.1854460099487608,2841.673948841692,,legacy_detailed,,
2024-11-01,2024,11,Dera Ghazi Khan District,0.20186033893587346,-0.2812376938102184,0.36616242183770714,0.012205414141668704,31.88328033266613,21.12133263653742,12.791465554148312,0.06286546929989745,0.17940135739646673,804.4483363237522,,legacy_detailed,,
2024-11-01,2024,11,Faisalabad District,0.34170720218272255,-0.3821377879578327,0.0,0.0,33.17605593706134,21.645528046618733,11.500261827112677,0.14323763145518253,0.14736316185312962,3487.287270774916,,legacy_detailed,,
2024-11-01,2024,11,Gujranwala District,0.247296181283886,-0.28605570881242287,0.0,0.0,31.512227651945945,20.309165924458803,9.92575191910781,0.15852914449559843,0.15435783510445816,2270.9629544309723,,legacy_detailed,,
2024-11-01,2024,11,Gujrat District,0.28804898632813036,-0.33127112223175087,0.8754703628241601,0.029182345694686508,31.23377465846957,19.482144117526055,9.16934527958341,0.17443862018740702,0.16933923878926668,1887.6370582241707,,legacy_detailed,,
2024-11-01,2024,11,Hafizabad District,0.25185564588801,-0.32127243506574416,0.0,0.0,32.54465712822662,20.72784584242605,10.295351337521286,0.15598521963818615,0.15036996639325656,1360.940541454025,,legacy_detailed,,
2024-11-01,2024,11,Jhang District,0.2991452093655449,-0.3366652423345834,0.0,0.0,33.825147144522795,22.086806108404954,12.208362283345636,0.1281975551822452,0.13919777976134123,3902.587453359227,,legacy_detailed,,
2024-11-01,2024,11,Jhelum District,0.3167659093805706,-0.38211195893372596,1.1846638472077786,0.039488795229352315,31.454357389259968,19.38112602623597,8.530196100373047,0.17709860600138846,0.1637447940735934,1432.5771966129942,,legacy_detailed,,
2024-11-01,2024,11,Kasur District,0.3343694659195626,-0.3549224819937057,0.0,0.0,32.653470651348805,21.381283667779297,10.820987052417085,0.1332201707245955,0.14331445037443177,2695.2098358950343,,legacy_detailed,,
2024-11-01,2024,11,Khanewal District,0.31502115955641974,-0.3585877154683123,0.0,0.0,34.68067552716703,23.080059834240057,13.385179676214381,0.13920341735126934,0.13609238488455566,1867.8521829351455,,legacy_detailed,,
2024-11-01,2024,11,Khushab District,0.2817271252186845,-0.35522910354725246,3.043618243007055,0.10145394171768836,32.575832452309875,20.727736372079203,10.677537231139091,0.1301786743119827,0.1327483864572791,2324.6871329961273,,legacy_detailed,,
2024-11-01,2024,11,Lahore District,0.24697714698025577,-0.27394275241567556,0.0,0.0,31.990229322089547,20.836533693775305,10.593448961896193,0.13490243219555248,0.16003568396491155,583.0349064596363,,legacy_detailed,,
2024-11-01,2024,11,Layyah District,0.20468767025635268,-0.25496174608469424,0.018164168863846343,6.054722979080785E-4,33.39085186399817,22.40104351953244,12.622416382965048,0.06307896593800444,0.10400213245721608,450.9403127876677,,legacy_detailed,,
2024-11-01,2024,11,Lodhran District,0.29551697333912796,-0.33371385510768725,0.0,0.0,34.97941816878382,23.312793724247733,13.960959951386219,0.12754382935896882,0.1330428699183875,1178.7210599687608,,legacy_detailed,,
2024-11-01,2024,11,Mandi Bahauddin District,0.34111318839976107,-0.3834806180801769,0.13222366347085768,0.0044074554765878024,32.74930191743506,20.28984648692946,9.472761756185307,0.14855349411323193,0.15130053969778007,1933.6382758709688,,legacy_detailed,,
2024-11-01,2024,11,Mianwali District,0.2164655787631329,-0.2811913020495745,2.0622052448345674,0.06874017468257755,30.787665532757458,20.435161557482186,11.482112153990396,0.16756761975668133,0.17429264937653707,1400.4072020096999,,legacy_detailed,,
2024-11-01,2024,11,Multan District,0.30688419035514347,-0.35468310660805197,0.0,0.0,34.44996526623732,23.054829421865847,14.031975689438337,0.13829926467634915,0.13604328569158983,1175.3078217409588,,legacy_detailed,,
2024-11-01,2024,11,Muzaffargarh District,0.2489914691520069,-0.28566916103190076,0.0,0.0,33.917505718211345,22.797265446477883,13.738415166456802,0.10279933138534154,0.11940369074333596,580.5934187050871,,legacy_detailed,,
2024-11-01,2024,11,Narowal District,0.25109867425870264,-0.32717172364101593,0.0,0.0,29.499938999238147,19.297508921565097,9.633156762654574,0.17315698105294106,0.1873114594354159,1465.8068776241407,,legacy_detailed,,
2024-11-01,2024,11,Okara District,0.30859158428488914,-0.32604252176427356,0.0,0.0,33.30977809802497,21.923903769464413,11.777617925251022,0.1332953188676461,0.13605118106250108,3248.447198093621,,legacy_detailed,,
2024-11-01,2024,11,Pakpattan District,0.2887293563744283,-0.31136605994583433,0.0,0.0,33.92002046700802,22.510883233670157,12.512624352875811,0.1320964127955085,0.13309221047283543,1420.2116414548723,,legacy_detailed,,
2024-11-01,2024,11,Rahim Yar Khan District,0.24963430224674482,-0.30980418257581177,0.0,0.0,35.672263082279,24.47916839151012,14.783165975575276,0.07265081496294727,0.12222860783307357,2110.835494667368,,legacy_detailed,,
2024-11-01,2024,11,Rajanpur District,0.1909062535586747,-0.2575881956114459,0.005309987006653792,1.7699956432502305E-4,34.59474280884599,22.9217978650011,13.970575674845476,0.05245941585026371,0.15836215744142862,1700.434125262692,,legacy_detailed,,
2024-11-01,2024,11,Rawalpindi District,0.35444419706914587,-0.4151563089086878,7.502588338276401,0.25008627790057153,28.97705756785815,17.02474819341051,6.034798946008147,0.2271249864877833,0.22082616951896333,1644.2580080976018,,legacy_detailed,,
2024-11-01,2024,11,Sahiwal District,0.32772655202828277,-0.3611963189919902,0.0,0.0,34.12901228910401,22.48411508410392,12.779269617580004,0.1417132964690811,0.14116138853782323,1845.884178724699,,legacy_detailed,,
2024-11-01,2024,11,Sargodha District,0.37620372286257187,-0.41054126271023356,0.7347263085067212,0.02449087709092431,33.25829614489192,20.951391744232062,10.441802453529165,0.16333435439966087,0.15164338877239267,4196.79695596432,,legacy_detailed,,
2024-11-01,2024,11,Sheikhupura District,0.2591588032673335,-0.30581009614674665,0.0,0.0,32.27158170555452,20.94901347620306,10.666386464655167,0.1380584905464003,0.1455808240811371,3479.7537907317683,,legacy_detailed,,
2024-11-01,2024,11,Sialkot District,0.26459243674742206,-0.3116561481677487,1.1366364750628954,0.037887882857165024,29.867553867986658,19.323637194479222,8.945404069855051,0.18608553839507797,0.18442203639798874,2230.423021958757,,legacy_detailed,,
2024-11-01,2024,11,Toba Tek Singh District,0.31576217733630724,-0.35829780757444296,0.0,0.0,34.13249157640428,22.334489164152416,12.29723892128862,0.14477647021007314,0.1432876507620001,1687.447971006227,,legacy_detailed,,
2024-11-01,2024,11,Vehari District,0.34575216796951924,-0.3766002360248896,0.0,0.0,34.76418923813879,23.130931673607584,13.680383331762425,0.1302938290891461,0.13291568173294577,1206.5699088341976,,legacy_detailed,,
2024-12-01,2024,12,Attock District,0.27091730631000566,-0.35911624756701926,3.8070537684695616,0.12280818575491506,21.654349260097153,11.010540478998909,2.2960202117028157,0.16034234705925574,0.19823737641401296,4834.7241463928685,,legacy_detailed,,
2024-12-01,2024,12,Bahawalnagar District,0.32092492003320716,-0.37002221662506435,0.03536381669435377,0.0011407682518568035,26.34334506937859,14.799387793574141,5.347621660346372,0.10915538727627594,0.12893353446087505,5728.90720748695,,legacy_detailed,,
2024-12-01,2024,12,Bahawalpur District,0.23198277591707678,-0.33212652007233073,0.1083595758815457,0.0034954702035133183,27.290622469231412,15.583534678152917,5.640480310371375,0.05412226905984099,0.1278451132051976,9317.792126539065,,legacy_detailed,,
2024-12-01,2024,12,Bhakkar District,0.24573807367859937,-0.2977151525273699,1.593602664151166,0.051406537386478046,24.481359132420422,13.715780059940807,4.678387622652184,0.06208328219428095,0.10403438895108816,2604.6269412377374,,legacy_detailed,,
2024-12-01,2024,12,Chakwal District,0.30397886867019397,-0.3958840560075812,5.29959464750463,0.17095466557654598,21.5407295295306,11.798699219595493,3.444082464896921,0.1668288957308412,0.17519864107901473,4458.176507081197,,legacy_detailed,,
2024-12-01,2024,12,Dera Ghazi Khan District,0.29801927208684265,-0.3737541727602307,0.8481424553504029,0.027359434050878612,22.787024411789933,13.429313805220431,5.100916804545739,0.07554738274853098,0.17552569658030737,3918.2101175763364,,legacy_detailed,,
2024-12-01,2024,12,Faisalabad District,0.37151979181146494,-0.4087106892646968,0.009937029241733328,3.205493310707898E-4,25.034271099035177,13.605432325653494,4.4855682823098055,0.15736531351446584,0.14713373109271793,4342.122826988214,,legacy_detailed,,
2024-12-01,2024,12,Gujranwala District,0.4014479122238616,-0.40737227746011345,6.063048840278234,0.1955822203168987,24.72980272518814,12.908463072149289,4.204674867753639,0.14264666299731574,0.1502487998334784,3019.7082244163225,,legacy_detailed,,
2024-12-01,2024,12,Gujrat District,0.34400337331170505,-0.396390610127313,5.6555970567675296,0.1824386150593815,24.509023483932914,12.352037830184733,3.7829845545025007,0.14918525998292256,0.16196045012394802,2177.166593149907,,legacy_detailed,,
2024-12-01,2024,12,Hafizabad District,0.3568288756698411,-0.3754147752796458,1.3805879852350258,0.04453509657923102,24.625396487435236,12.984014815661597,4.32714447568588,0.15150553903271327,0.1479204490867962,1761.262022251906,,legacy_detailed,,
2024-12-01,2024,12,Jhang District,0.34547702035890143,-0.3819765183427809,0.0900651978591537,0.0029053289785711946,25.00134860972329,13.900407540502686,5.063165617383006,0.137772406711266,0.13873172829348507,5894.533089311256,,legacy_detailed,,
2024-12-01,2024,12,Jhelum District,0.33723363658240907,-0.41230825356274686,3.972325110080285,0.12813951981382185,23.275498908923684,11.885383135611962,3.148219472254002,0.1543671147972146,0.15733306182918533,1914.7169391873422,,legacy_detailed,,
2024-12-01,2024,12,Kasur District,0.4052849112982446,-0.4093423152890661,1.9634134229609408,0.06333591715920557,25.559310447572276,13.6284127004449,4.7492330497898445,0.16578843959052017,0.14446088597709045,2956.0413582006863,,legacy_detailed,,
2024-12-01,2024,12,Khanewal District,0.4235906088656802,-0.4355012323114177,0.0,0.0,26.054439762728023,14.763933977031066,5.642189304235945,0.13395618803059645,0.13610081718632794,3437.3065506279404,,legacy_detailed,,
2024-12-01,2024,12,Khushab District,0.2974625694870825,-0.37120081571434077,5.351943848907608,0.1726433494481744,23.636106515014465,12.621065768975674,3.4586894554525043,0.1325331597241514,0.13184863483311704,3349.291660364899,,legacy_detailed,,
2024-12-01,2024,12,Lahore District,0.30940711273492816,-0.3448919963130109,7.813147166142232,0.2520370060763795,25.26067408356628,13.20034220318117,4.357723513449651,0.1415032785560638,0.15650125469265871,913.956692491976,,legacy_detailed,,
2024-12-01,2024,12,Layyah District,0.30262897816819384,-0.32524475755204113,0.09102439381042095,0.0029362707857114186,25.004060965411004,14.290435982769463,4.778141526591218,0.059737390943850374,0.10126791460520732,2546.0126722226723,,legacy_detailed,,
2024-12-01,2024,12,Lodhran District,0.43103697708995675,-0.4347634586965065,0.522387888548672,0.016851222213890783,26.569741621332938,15.194990774972593,5.853307410475582,0.126271297294414,0.13282051227589098,2051.4868101780467,,legacy_detailed,,
2024-12-01,2024,12,Mandi Bahauddin District,0.38401260828175504,-0.4191020633156923,2.8393647641065773,0.09159241164419442,24.38292334520838,12.496605328728068,3.7330540113114723,0.1385041131933641,0.1485703141592573,2064.9031992531695,,legacy_detailed,,
2024-12-01,2024,12,Mianwali District,0.2679907905555412,-0.31961256476458316,5.175527438885748,0.16695249786965424,23.074228492149956,12.9946315011132,4.454044675276064,0.14292685135427866,0.16528333665323955,2895.1383040104865,,legacy_detailed,,
2024-12-01,2024,12,Multan District,0.3924622706437649,-0.41040710576192835,0.039862182485252064,0.0012858768719648502,26.06080401682883,15.03539837153181,6.125074841322246,0.1294619592196092,0.13526636886372279,2112.9155450943304,,legacy_detailed,,
2024-12-01,2024,12,Muzaffargarh District,0.36906109584894103,-0.37892138747981763,0.1831074223850861,0.005906691080783217,25.513943504680654,14.865235194206791,5.632876722431365,0.10103866268404964,0.11761168998769973,4340.303250433218,,legacy_detailed,,
2024-12-01,2024,12,Narowal District,0.2947879429155133,-0.37110506096737117,16.08507625729771,0.5188734290541178,24.226885283154235,12.49388257799767,3.615739397394244,0.17114279981874003,0.18367515941535928,2006.1514156625444,,legacy_detailed,,
2024-12-01,2024,12,Okara District,0.4619124694900841,-0.45020070393193934,0.0,0.0,25.656886642615657,14.06228536857943,5.204697307998981,0.1571443702692792,0.1377604497393017,3649.3348252836213,,legacy_detailed,,
2024-12-01,2024,12,Pakpattan District,0.4479141225189924,-0.44662028066976117,0.0,0.0,25.94276276814293,14.489593718520135,5.440897265908107,0.14773617454903934,0.1337990473596202,2496.4600206082396,,legacy_detailed,,
2024-12-01,2024,12,Rahim Yar Khan District,0.31543554436403565,-0.3681881137682047,0.07690813826276736,0.002480907674143349,27.431947671080987,15.894366711785954,6.064641882419475,0.07407899131861966,0.12052130024693308,5703.651165628307,,legacy_detailed,,
2024-12-01,2024,12,Rajanpur District,0.29821621270491305,-0.3605032784098297,1.8937174653235707,0.061087660154396914,25.183438794337082,14.865809976427611,6.001026048855573,0.056380694619216846,0.15391207339355023,5294.436797187998,,legacy_detailed,,
2024-12-01,2024,12,Rawalpindi District,0.34620924754007787,-0.4159879837352166,3.3848645989948047,0.10918918110393483,21.49306184752442,10.203825059120598,1.2429010428484744,0.18411969570620598,0.21129759235018422,2264.842244000368,,legacy_detailed,,
2024-12-01,2024,12,Sahiwal District,0.4648609800224875,-0.47310797326698567,0.45508771148494603,0.014680248904623033,25.80766011381793,14.318809295711779,5.090017232409965,0.15091937209650994,0.1417061733731151,2767.801029856511,,legacy_detailed,,
2024-12-01,2024,12,Sargodha District,0.42975001219730474,-0.45914881738192875,1.2721189811400784,0.04103609618919767,24.519688012365776,13.048036349750006,4.0632966569071405,0.16734390405922295,0.1519426238402615,3799.4572815278325,,legacy_detailed,,
2024-12-01,2024,12,Sheikhupura District,0.3618911653257464,-0.3863902143854848,3.052038198291937,0.09845284511258175,25.091923814154143,13.25803572888968,4.63318039093238,0.14244001401665077,0.14253699279772952,4836.063942521044,,legacy_detailed,,
2024-12-01,2024,12,Sialkot District,0.3532082900919041,-0.3991192909613407,12.855774043205827,0.41470239011050114,24.55863379983535,12.546717809590021,3.4829477877920096,0.16580863740628693,0.17703646886291144,2488.7083676099483,,legacy_detailed,,
2024-12-01,2024,12,Toba Tek Singh District,0.39587295831269326,-0.42609569381059803,0.08781673668788965,0.002832797935971652,25.36332542108812,14.056098413436962,4.869545126760727,0.13912662155095176,0.1432886377509559,2456.799094962711,,legacy_detailed,,
2024-12-01,2024,12,Vehari District,0.44858833924113195,-0.463920121835884,0.0024645969392305678,7.950312894092313E-5,26.352665123413853,14.860003260941165,5.597752262642755,0.14090092649309577,0.13335810297760908,3763.659114335795,,legacy_detailed,,
2025-01-01,2025,1,Attock District,0.28248923964373746,-0.38523760917705824,8.99793839717635,,,11.091377173499334,,0.15094297484032226,,,0.5054077727188311,modern_simplified,,simplified_2025_2026_schema: no mean/min/max/total breakdowns; annual_cropland_fraction_applied_to_all_months
2025-01-01,2025,1,Bahawalnagar District,0.46403092393723533,-0.46270612936863437,7.726403988144648,,,14.01657590527965,,0.12381641612639735,,,0.6343723403917517,modern_simplified,,simplified_2025_2026_schema: no mean/min/max/total breakdowns; annual_cropland_fraction_applied_to_all_months
2025-01-01,2025,1,Bahawalpur District,0.2562002043854496,-0.338343593643849,2.018411853453762,,,15.046713753187676,,0.05492131965707014,,,0.21901651789976576,modern_simplified,,simplified_2025_2026_schema: no mean/min/max/total breakdowns; annual_cropland_fraction_applied_to_all_months
2025-01-01,2025,1,Bhakkar District,0.29624567799511664,-0.3310965454605562,4.616624239701877,,,13.679088664142391,,0.05405760599124004,,,0.3675416082904285,modern_simplified,,simplified_2025_2026_schema: no mean/min/max/total breakdowns; annual_cropland_fraction_applied_to_all_months
2025-01-01,2025,1,Chakwal District,0.30024288519185727,-0.40985127067079163,9.266687070635017,,,11.95162898560579,,0.1441432715216728,,,0.4734274545433044,modern_simplified,,simplified_2025_2026_schema: no mean/min/max/total breakdowns; annual_cropland_fraction_applied_to_all_months
2025-01-01,2025,1,Dera Ghazi Khan District,0.31953575762326325,-0.3892756503593773,6.756079646379217,,,13.365863698260371,,0.0570701409362734,,,0.2667999871818019,modern_simplified,,simplified_2025_2026_schema: no mean/min/max/total breakdowns; annual_cropland_fraction_applied_to_all_months
2025-01-01,2025,1,Faisalabad District,0.47901080570324395,-0.46937472808481934,7.339941904245293,,,13.149143801739664,,0.14767685804100078,,,0.8051537002192442,modern_simplified,,simplified_2025_2026_schema: no mean/min/max/total breakdowns; annual_cropland_fraction_applied_to_all_months
2025-01-01,2025,1,Gujranwala District,0.6256015230312054,-0.5650272107865707,8.30598228594075,,,12.676518567514645,,0.1882066450697999,,,0.8187460251694281,modern_simplified,,simplified_2025_2026_schema: no mean/min/max/total breakdowns; annual_cropland_fraction_applied_to_all_months
2025-01-01,2025,1,Gujrat District,0.4245532357337372,-0.44107499121918553,9.093495468796862,,,12.701637633402152,,0.16389408763713456,,,0.6522548759753058,modern_simplified,,simplified_2025_2026_schema: no mean/min/max/total breakdowns; annual_cropland_fraction_applied_to_all_months
2025-01-01,2025,1,Hafizabad District,0.5796888158644473,-0.5278690851696216,8.866284764908949,,,12.777092698100933,,0.1420017220967256,,,0.8703873273944296,modern_simplified,,simplified_2025_2026_schema: no mean/min/max/total breakdowns; annual_cropland_fraction_applied_to_all_months
2025-01-01,2025,1,Jhang District,0.43984660010966575,-0.4393700671057733,4.539103445670646,,,13.578933046050063,,0.1217209453764325,,,0.7088466426008185,modern_simplified,,simplified_2025_2026_schema: no mean/min/max/total breakdowns; annual_cropland_fraction_applied_to_all_months
2025-01-01,2025,1,Jhelum District,0.3514829326554943,-0.44552271489662704,8.632298872769098,,,12.388177988950252,,0.1343867594658482,,,0.38826453463099586,modern_simplified,,simplified_2025_2026_schema: no mean/min/max/total breakdowns; annual_cropland_fraction_applied_to_all_months
2025-01-01,2025,1,Kasur District,0.48496015971159634,-0.45198745939380236,9.471414820493703,,,12.878790161957497,,0.1954692537444347,,,0.8194466913836085,modern_simplified,,simplified_2025_2026_schema: no mean/min/max/total breakdowns; annual_cropland_fraction_applied_to_all_months
2025-01-01,2025,1,Khanewal District,0.5307488837252806,-0.5046507127515757,5.146448827982841,,,14.067737571474241,,0.12670043435012324,,,0.7875124513913146,modern_simplified,,simplified_2025_2026_schema: no mean/min/max/total breakdowns; annual_cropland_fraction_applied_to_all_months
2025-01-01,2025,1,Khushab District,0.32348422376940617,-0.3926247791871079,5.593755645858538,,,12.684514730120432,,0.09880562487134864,,,0.44689597162740996,modern_simplified,,simplified_2025_2026_schema: no mean/min/max/total breakdowns; annual_cropland_fraction_applied_to_all_months
2025-01-01,2025,1,Lahore District,0.3827000726537813,-0.3832026558633665,8.9293012212746,,,12.643816680155853,,0.18052027794603398,,,0.4813335031959438,modern_simplified,,simplified_2025_2026_schema: no mean/min/max/total breakdowns; annual_cropland_fraction_applied_to_all_months
2025-01-01,2025,1,Layyah District,0.3922719070803868,-0.39408257287707565,6.197461777223654,,,14.050552361631315,,0.05685682256845621,,,0.46952803684394456,modern_simplified,,simplified_2025_2026_schema: no mean/min/max/total breakdowns; annual_cropland_fraction_applied_to_all_months
2025-01-01,2025,1,Lodhran District,0.5297311741259243,-0.5010026952729466,3.1004842711865703,,,14.606777552563049,,0.12230781574291942,,,0.8254143884005849,modern_simplified,,simplified_2025_2026_schema: no mean/min/max/total breakdowns; annual_cropland_fraction_applied_to_all_months
2025-01-01,2025,1,Mandi Bahauddin District,0.49339672456949407,-0.4828625163346313,9.705795214626203,,,12.647339739452612,,0.13169450643355868,,,0.7744242066092499,modern_simplified,,simplified_2025_2026_schema: no mean/min/max/total breakdowns; annual_cropland_fraction_applied_to_all_months
2025-01-01,2025,1,Mianwali District,0.353492499476373,-0.3987064753672646,7.16808617359652,,,13.163526525608733,,0.1030557379654959,,,0.413365309511966,modern_simplified,,simplified_2025_2026_schema: no mean/min/max/total breakdowns; annual_cropland_fraction_applied_to_all_months
2025-01-01,2025,1,Multan District,0.5030601542254677,-0.4869047568992358,4.192228262827131,,,14.471335601040497,,0.12127943398433878,,,0.6500062034588772,modern_simplified,,simplified_2025_2026_schema: no mean/min/max/total breakdowns; annual_cropland_fraction_applied_to_all_months
2025-01-01,2025,1,Muzaffargarh District,0.4469371832665424,-0.43835201869405266,5.686188373193191,,,14.47817490221334,,0.08755953611773175,,,0.4998432175155515,modern_simplified,,simplified_2025_2026_schema: no mean/min/max/total breakdowns; annual_cropland_fraction_applied_to_all_months
2025-01-01,2025,1,Narowal District,0.5382159140330862,-0.47879351796614533,14.477720499607043,,,12.256404689582544,,0.241431647372381,,,0.8462807491096853,modern_simplified,,simplified_2025_2026_schema: no mean/min/max/total breakdowns; annual_cropland_fraction_applied_to_all_months
2025-01-01,2025,1,Okara District,0.590556059493526,-0.5385339053931488,9.25721852552767,,,13.265400134007447,,0.18083313873864226,,,0.86297392261121,modern_simplified,,simplified_2025_2026_schema: no mean/min/max/total breakdowns; annual_cropland_fraction_applied_to_all_months
2025-01-01,2025,1,Pakpattan District,0.5817484929110731,-0.5295869128285793,9.315117456167204,,,13.579951774158737,,0.16360263292202262,,,0.8568732875227923,modern_simplified,,simplified_2025_2026_schema: no mean/min/max/total breakdowns; annual_cropland_fraction_applied_to_all_months
2025-01-01,2025,1,Rahim Yar Khan District,0.34983332064348616,-0.3955653034944664,2.5255231181060442,,,15.536344759836327,,0.07102096604640261,,,0.43325955020183865,modern_simplified,,simplified_2025_2026_schema: no mean/min/max/total breakdowns; annual_cropland_fraction_applied_to_all_months
2025-01-01,2025,1,Rajanpur District,0.29812057638606915,-0.35460027057987187,6.530724320695104,,,14.937889659038344,,0.05098798724753843,,,0.2516935937738264,modern_simplified,,simplified_2025_2026_schema: no mean/min/max/total breakdowns; annual_cropland_fraction_applied_to_all_months
2025-01-01,2025,1,Rawalpindi District,0.36234421427006896,-0.45810382078867856,14.202585965621363,,,10.761372606360192,,0.1889773264675097,,,0.33423377652585706,modern_simplified,,simplified_2025_2026_schema: no mean/min/max/total breakdowns; annual_cropland_fraction_applied_to_all_months
2025-01-01,2025,1,Sahiwal District,0.5783680155679319,-0.5435288927448633,9.887425698087515,,,13.596235504865136,,0.14994508972759968,,,0.8395260950600056,modern_simplified,,simplified_2025_2026_schema: no mean/min/max/total breakdowns; annual_cropland_fraction_applied_to_all_months
2025-01-01,2025,1,Sargodha District,0.501983936444999,-0.5026980548517983,6.833006188429256,,,12.779406984174859,,0.13991161799467444,,,0.8098109878197836,modern_simplified,,simplified_2025_2026_schema: no mean/min/max/total breakdowns; annual_cropland_fraction_applied_to_all_months
2025-01-01,2025,1,Sheikhupura District,0.5977843580269611,-0.5466564500759459,8.31304969964112,,,12.80537638166984,,0.16982985751886273,,,0.8549150445621659,modern_simplified,,simplified_2025_2026_schema: no mean/min/max/total breakdowns; annual_cropland_fraction_applied_to_all_months
2025-01-01,2025,1,Sialkot District,0.5692993923988613,-0.5122850767908826,13.191340520958686,,,12.37838440731467,,0.23211613935804978,,,0.7963338990363944,modern_simplified,,simplified_2025_2026_schema: no mean/min/max/total breakdowns; annual_cropland_fraction_applied_to_all_months
2025-01-01,2025,1,Toba Tek Singh District,0.5278532982976754,-0.5086670110426691,6.815130587926416,,,13.46846388583276,,0.13646997202521638,,,0.8258403678911664,modern_simplified,,simplified_2025_2026_schema: no mean/min/max/total breakdowns; annual_cropland_fraction_applied_to_all_months
2025-01-01,2025,1,Vehari District,0.4731813873292111,-0.4597978185750906,6.311921922353929,,,14.133582217064768,,0.1347555721893618,,,0.8324292842961033,modern_simplified,,simplified_2025_2026_schema: no mean/min/max/total breakdowns; annual_cropland_fraction_applied_to_all_months
2025-02-01,2025,2,Attock District,0.27766072234882694,-0.38658306736660397,72.82612487866503,,,14.116618238257619,,0.1893426920149248,,,0.5054077727188311,modern_simplified,,simplified_2025_2026_schema: no mean/min/max/total breakdowns; annual_cropland_fraction_applied_to_all_months
2025-02-01,2025,2,Bahawalnagar District,0.5262769536669192,-0.528281009790702,10.55182263348016,,,18.32659649533211,,0.10572176621406851,,,0.6343723403917517,modern_simplified,,simplified_2025_2026_schema: no mean/min/max/total breakdowns; annual_cropland_fraction_applied_to_all_months
2025-02-01,2025,2,Bahawalpur District,0.2734320006753224,-0.3576874734836904,6.720366997623677,,,19.726935440202347,,0.05593675279079635,,,0.21901651789976576,modern_simplified,,simplified_2025_2026_schema: no mean/min/max/total breakdowns; annual_cropland_fraction_applied_to_all_months
2025-02-01,2025,2,Bhakkar District,0.34326014263735843,-0.37578716510054383,23.38548670574336,,,17.037631994123483,,0.09734958196553749,,,0.3675416082904285,modern_simplified,,simplified_2025_2026_schema: no mean/min/max/total breakdowns; annual_cropland_fraction_applied_to_all_months
2025-02-01,2025,2,Chakwal District,0.2811956512863798,-0.3934230844223554,48.015694378765225,,,14.762033466474682,,0.1959348868573413,,,0.4734274545433044,modern_simplified,,simplified_2025_2026_schema: no mean/min/max/total breakdowns; annual_cropland_fraction_applied_to_all_months
2025-02-01,2025,2,Dera Ghazi Khan District,0.3370619123554442,-0.40598264544293206,17.614491410402444,,,16.220860140703227,,0.08467419692517329,,,0.2667999871818019,modern_simplified,,simplified_2025_2026_schema: no mean/min/max/total breakdowns; annual_cropland_fraction_applied_to_all_months
2025-02-01,2025,2,Faisalabad District,0.5620182372269052,-0.5485695977428039,30.97521031063367,,,17.02998434156258,,0.16644255393687507,,,0.8051537002192442,modern_simplified,,simplified_2025_2026_schema: no mean/min/max/total breakdowns; annual_cropland_fraction_applied_to_all_months
2025-02-01,2025,2,Gujranwala District,0.6576175033048414,-0.5972621210038132,54.62763812419709,,,16.195257568802308,,0.18977133912141195,,,0.8187460251694281,modern_simplified,,simplified_2025_2026_schema: no mean/min/max/total breakdowns; annual_cropland_fraction_applied_to_all_months
2025-02-01,2025,2,Gujrat District,0.4716440876528013,-0.482599720590825,58.136561638554035,,,15.727639050335434,,0.20042525249740495,,,0.6522548759753058,modern_simplified,,simplified_2025_2026_schema: no mean/min/max/total breakdowns; annual_cropland_fraction_applied_to_all_months
2025-02-01,2025,2,Hafizabad District,0.72709617461563,-0.6568333050783365,42.42220715191732,,,16.450896271798186,,0.16963749178339568,,,0.8703873273944296,modern_simplified,,simplified_2025_2026_schema: no mean/min/max/total breakdowns; annual_cropland_fraction_applied_to_all_months
2025-02-01,2025,2,Jhang District,0.5336290115816359,-0.5254657002869051,24.26907222900671,,,17.3224402506074,,0.1518795902195723,,,0.7088466426008185,modern_simplified,,simplified_2025_2026_schema: no mean/min/max/total breakdowns; annual_cropland_fraction_applied_to_all_months
2025-02-01,2025,2,Jhelum District,0.32811994183376825,-0.4231982918475475,50.82254101041911,,,15.3978953665027,,0.20205934966800784,,,0.38826453463099586,modern_simplified,,simplified_2025_2026_schema: no mean/min/max/total breakdowns; annual_cropland_fraction_applied_to_all_months
2025-02-01,2025,2,Kasur District,0.5458681623490834,-0.5276561319219482,36.88201452569598,,,16.61091185583755,,0.17191313905638508,,,0.8194466913836085,modern_simplified,,simplified_2025_2026_schema: no mean/min/max/total breakdowns; annual_cropland_fraction_applied_to_all_months
2025-02-01,2025,2,Khanewal District,0.5928229765582074,-0.569662743556242,16.09920970544351,,,17.8323379048415,,0.15211977973924468,,,0.7875124513913146,modern_simplified,,simplified_2025_2026_schema: no mean/min/max/total breakdowns; annual_cropland_fraction_applied_to_all_months
2025-02-01,2025,2,Khushab District,0.3317708279646852,-0.3994639618176493,33.25784145244526,,,16.09697153535844,,0.13898706900508823,,,0.44689597162740996,modern_simplified,,simplified_2025_2026_schema: no mean/min/max/total breakdowns; annual_cropland_fraction_applied_to_all_months
2025-02-01,2025,2,Lahore District,0.4110082064808862,-0.4211901717596511,51.56422848181551,,,16.163639191722808,,0.1802664912004428,,,0.4813335031959438,modern_simplified,,simplified_2025_2026_schema: no mean/min/max/total breakdowns; annual_cropland_fraction_applied_to_all_months
2025-02-01,2025,2,Layyah District,0.4507068199081629,-0.4536772946311768,17.685449491256875,,,17.390720340802005,,0.08613584227530806,,,0.46952803684394456,modern_simplified,,simplified_2025_2026_schema: no mean/min/max/total breakdowns; annual_cropland_fraction_applied_to_all_months
2025-02-01,2025,2,Lodhran District,0.5961148997788592,-0.5718170504251576,15.465215317201178,,,18.262861013353383,,0.1422865155126947,,,0.8254143884005849,modern_simplified,,simplified_2025_2026_schema: no mean/min/max/total breakdowns; annual_cropland_fraction_applied_to_all_months
2025-02-01,2025,2,Mandi Bahauddin District,0.604533936895798,-0.5698468493115099,48.22685355909277,,,16.124966672354876,,0.17905913288378544,,,0.7744242066092499,modern_simplified,,simplified_2025_2026_schema: no mean/min/max/total breakdowns; annual_cropland_fraction_applied_to_all_months
2025-02-01,2025,2,Mianwali District,0.3861387457674187,-0.4249086797448838,36.13835513020459,,,15.82051351531784,,0.14873077795739836,,,0.413365309511966,modern_simplified,,simplified_2025_2026_schema: no mean/min/max/total breakdowns; annual_cropland_fraction_applied_to_all_months
2025-02-01,2025,2,Multan District,0.5444336560709996,-0.5295750992796163,14.980020780242302,,,18.03460807483873,,0.14409196564357862,,,0.6500062034588772,modern_simplified,,simplified_2025_2026_schema: no mean/min/max/total breakdowns; annual_cropland_fraction_applied_to_all_months
2025-02-01,2025,2,Muzaffargarh District,0.5008444188236356,-0.49527763197250635,13.568024979095501,,,17.878278456925692,,0.10878424330969456,,,0.4998432175155515,modern_simplified,,simplified_2025_2026_schema: no mean/min/max/total breakdowns; annual_cropland_fraction_applied_to_all_months
2025-02-01,2025,2,Narowal District,0.6713294462610244,-0.6113046409854482,86.88171731059408,,,15.224274658111987,,0.22814269019585143,,,0.8462807491096853,modern_simplified,,simplified_2025_2026_schema: no mean/min/max/total breakdowns; annual_cropland_fraction_applied_to_all_months
2025-02-01,2025,2,Okara District,0.566246998903711,-0.5422374714611335,23.334584745798587,,,17.139596586427736,,0.1576184031491498,,,0.86297392261121,modern_simplified,,simplified_2025_2026_schema: no mean/min/max/total breakdowns; annual_cropland_fraction_applied_to_all_months
2025-02-01,2025,2,Pakpattan District,0.5762735675348385,-0.5455448487731285,16.533415440896473,,,17.486529520100937,,0.1478315253209352,,,0.8568732875227923,modern_simplified,,simplified_2025_2026_schema: no mean/min/max/total breakdowns; annual_cropland_fraction_applied_to_all_months
2025-02-01,2025,2,Rahim Yar Khan District,0.3585706230764474,-0.41285203085521566,7.515856388045359,,,19.779852448943743,,0.07279559546965338,,,0.43325955020183865,modern_simplified,,simplified_2025_2026_schema: no mean/min/max/total breakdowns; annual_cropland_fraction_applied_to_all_months
2025-02-01,2025,2,Rajanpur District,0.3152451682493626,-0.3803265867286958,13.601309206578573,,,18.435681944486024,,0.06095288963917496,,,0.2516935937738264,modern_simplified,,simplified_2025_2026_schema: no mean/min/max/total breakdowns; annual_cropland_fraction_applied_to_all_months
2025-02-01,2025,2,Rawalpindi District,0.3404759506092397,-0.4385710741952431,74.77505650961498,,,13.360570003700875,,0.24885162309172273,,,0.33423377652585706,modern_simplified,,simplified_2025_2026_schema: no mean/min/max/total breakdowns; annual_cropland_fraction_applied_to_all_months
2025-02-01,2025,2,Sahiwal District,0.5726496970049828,-0.5586447040674105,18.06954615356552,,,17.524639961097925,,0.1576979573489737,,,0.8395260950600056,modern_simplified,,simplified_2025_2026_schema: no mean/min/max/total breakdowns; annual_cropland_fraction_applied_to_all_months
2025-02-01,2025,2,Sargodha District,0.5708506292041887,-0.5554600582645058,33.78613158543647,,,16.52995051454934,,0.1725119427343619,,,0.8098109878197836,modern_simplified,,simplified_2025_2026_schema: no mean/min/max/total breakdowns; annual_cropland_fraction_applied_to_all_months
2025-02-01,2025,2,Sheikhupura District,0.6828960455649933,-0.6282588084386997,50.623844914855425,,,16.487325089669024,,0.1729824981815237,,,0.8549150445621659,modern_simplified,,simplified_2025_2026_schema: no mean/min/max/total breakdowns; annual_cropland_fraction_applied_to_all_months
2025-02-01,2025,2,Sialkot District,0.621790301350966,-0.5676567019338348,62.40184552652948,,,15.393122875153535,,0.2278125110339329,,,0.7963338990363944,modern_simplified,,simplified_2025_2026_schema: no mean/min/max/total breakdowns; annual_cropland_fraction_applied_to_all_months
2025-02-01,2025,2,Toba Tek Singh District,0.5959452859923798,-0.5836136203658563,18.7118641732589,,,17.355014205174378,,0.16071249536303372,,,0.8258403678911664,modern_simplified,,simplified_2025_2026_schema: no mean/min/max/total breakdowns; annual_cropland_fraction_applied_to_all_months
2025-02-01,2025,2,Vehari District,0.5407585300618356,-0.5319259387913394,14.544060135048094,,,17.905156734833913,,0.14959955875390485,,,0.8324292842961033,modern_simplified,,simplified_2025_2026_schema: no mean/min/max/total breakdowns; annual_cropland_fraction_applied_to_all_months
2025-03-01,2025,3,Attock District,0.3212766515941494,-0.3867803374826021,45.25534390327719,,,17.735344036726175,,0.26223616340152933,,,0.5054077727188311,modern_simplified,,simplified_2025_2026_schema: no mean/min/max/total breakdowns; annual_cropland_fraction_applied_to_all_months
2025-03-01,2025,3,Bahawalnagar District,0.4159059152744484,-0.45918183034596805,2.657335145071634,,,23.081830419390815,,0.10723582606114519,,,0.6343723403917517,modern_simplified,,simplified_2025_2026_schema: no mean/min/max/total breakdowns; annual_cropland_fraction_applied_to_all_months
2025-03-01,2025,3,Bahawalpur District,0.23433248793669767,-0.3271455373681911,1.504805479614436,,,24.804775530937853,,0.054064685881018926,,,0.21901651789976576,modern_simplified,,simplified_2025_2026_schema: no mean/min/max/total breakdowns; annual_cropland_fraction_applied_to_all_months
2025-03-01,2025,3,Bhakkar District,0.33712223213133363,-0.37013089390491344,6.3720256270041515,,,22.321178270156842,,0.08521406036839035,,,0.3675416082904285,modern_simplified,,simplified_2025_2026_schema: no mean/min/max/total breakdowns; annual_cropland_fraction_applied_to_all_months
2025-03-01,2025,3,Chakwal District,0.28828992113912294,-0.3640580525548689,28.36584686173136,,,18.785485264698497,,0.23693863462957465,,,0.4734274545433044,modern_simplified,,simplified_2025_2026_schema: no mean/min/max/total breakdowns; annual_cropland_fraction_applied_to_all_months
2025-03-01,2025,3,Dera Ghazi Khan District,0.3097641433766953,-0.37462023169130776,7.968867043692612,,,21.091722250267612,,0.08833340487805547,,,0.2667999871818019,modern_simplified,,simplified_2025_2026_schema: no mean/min/max/total breakdowns; annual_cropland_fraction_applied_to_all_months
2025-03-01,2025,3,Faisalabad District,0.5511581274611995,-0.545433925786395,11.637542414888667,,,21.53155319236073,,0.17172828963240427,,,0.8051537002192442,modern_simplified,,simplified_2025_2026_schema: no mean/min/max/total breakdowns; annual_cropland_fraction_applied_to_all_months
2025-03-01,2025,3,Gujranwala District,0.6594463386320396,-0.6088998014816169,8.24193058410053,,,20.262574493058423,,0.2145164240730395,,,0.8187460251694281,modern_simplified,,simplified_2025_2026_schema: no mean/min/max/total breakdowns; annual_cropland_fraction_applied_to_all_months
2025-03-01,2025,3,Gujrat District,0.5298702317615112,-0.5242399664756379,13.601315490428929,,,19.149899668339167,,0.26707562489346287,,,0.6522548759753058,modern_simplified,,simplified_2025_2026_schema: no mean/min/max/total breakdowns; annual_cropland_fraction_applied_to_all_months
2025-03-01,2025,3,Hafizabad District,0.6825154818975605,-0.6273869070893832,9.656159569472273,,,21.063188210581302,,0.18150045980630547,,,0.8703873273944296,modern_simplified,,simplified_2025_2026_schema: no mean/min/max/total breakdowns; annual_cropland_fraction_applied_to_all_months
2025-03-01,2025,3,Jhang District,0.5090580629908884,-0.5075449590971434,5.855601842775526,,,22.32543528974443,,0.1486343805751507,,,0.7088466426008185,modern_simplified,,simplified_2025_2026_schema: no mean/min/max/total breakdowns; annual_cropland_fraction_applied_to_all_months
2025-03-01,2025,3,Jhelum District,0.35743949221260174,-0.42026822348612997,21.658651456536795,,,19.293199728454915,,0.2513019040356706,,,0.38826453463099586,modern_simplified,,simplified_2025_2026_schema: no mean/min/max/total breakdowns; annual_cropland_fraction_applied_to_all_months
2025-03-01,2025,3,Kasur District,0.5478106861731742,-0.5383926926198005,10.14756531003097,,,21.08452767316795,,0.17307639602376224,,,0.8194466913836085,modern_simplified,,simplified_2025_2026_schema: no mean/min/max/total breakdowns; annual_cropland_fraction_applied_to_all_months
2025-03-01,2025,3,Khanewal District,0.519834385894196,-0.5234108944694651,7.2850402645030385,,,22.660335298953303,,0.15246040383031856,,,0.7875124513913146,modern_simplified,,simplified_2025_2026_schema: no mean/min/max/total breakdowns; annual_cropland_fraction_applied_to_all_months
2025-03-01,2025,3,Khushab District,0.32242716113814707,-0.38157804209664054,11.573862797384972,,,21.05235069981542,,0.14609368389353083,,,0.44689597162740996,modern_simplified,,simplified_2025_2026_schema: no mean/min/max/total breakdowns; annual_cropland_fraction_applied_to_all_months
2025-03-01,2025,3,Lahore District,0.45363108629680676,-0.4579331142258663,15.479871999491973,,,20.338602573238276,,0.1869563146427109,,,0.4813335031959438,modern_simplified,,simplified_2025_2026_schema: no mean/min/max/total breakdowns; annual_cropland_fraction_applied_to_all_months
2025-03-01,2025,3,Layyah District,0.4378139061156149,-0.4480347837633656,6.566244597106187,,,22.95230448992158,,0.07715884273067974,,,0.46952803684394456,modern_simplified,,simplified_2025_2026_schema: no mean/min/max/total breakdowns; annual_cropland_fraction_applied_to_all_months
2025-03-01,2025,3,Lodhran District,0.5416198262402869,-0.5442995747190296,5.338376362469917,,,23.209524699771205,,0.1364054157911319,,,0.8254143884005849,modern_simplified,,simplified_2025_2026_schema: no mean/min/max/total breakdowns; annual_cropland_fraction_applied_to_all_months
2025-03-01,2025,3,Mandi Bahauddin District,0.6244570266469632,-0.5890923245481722,12.424874759189425,,,20.50813804734404,,0.20522690388008866,,,0.7744242066092499,modern_simplified,,simplified_2025_2026_schema: no mean/min/max/total breakdowns; annual_cropland_fraction_applied_to_all_months
2025-03-01,2025,3,Mianwali District,0.40414938687186125,-0.4198681384586785,22.0242194677561,,,20.140867403196687,,0.17286130205304753,,,0.413365309511966,modern_simplified,,simplified_2025_2026_schema: no mean/min/max/total breakdowns; annual_cropland_fraction_applied_to_all_months
2025-03-01,2025,3,Multan District,0.5305615357116236,-0.5361342204996296,6.945609431401964,,,23.061387381102595,,0.14385807958153354,,,0.6500062034588772,modern_simplified,,simplified_2025_2026_schema: no mean/min/max/total breakdowns; annual_cropland_fraction_applied_to_all_months
2025-03-01,2025,3,Muzaffargarh District,0.4729994727136788,-0.4806321454851248,7.916192565755941,,,23.08436806506588,,0.10592653516152471,,,0.4998432175155515,modern_simplified,,simplified_2025_2026_schema: no mean/min/max/total breakdowns; annual_cropland_fraction_applied_to_all_months
2025-03-01,2025,3,Narowal District,0.6764467724676236,-0.6186318139410689,14.337992106947876,,,19.118304705178133,,0.2634900784310229,,,0.8462807491096853,modern_simplified,,simplified_2025_2026_schema: no mean/min/max/total breakdowns; annual_cropland_fraction_applied_to_all_months
2025-03-01,2025,3,Okara District,0.5352378941829173,-0.5303360311990699,7.759590915421255,,,21.678629440060547,,0.15851095100571758,,,0.86297392261121,modern_simplified,,simplified_2025_2026_schema: no mean/min/max/total breakdowns; annual_cropland_fraction_applied_to_all_months
2025-03-01,2025,3,Pakpattan District,0.5355913886175776,-0.5259406759168012,2.1301782797612967,,,22.100813295354488,,0.15150506391558521,,,0.8568732875227923,modern_simplified,,simplified_2025_2026_schema: no mean/min/max/total breakdowns; annual_cropland_fraction_applied_to_all_months
2025-03-01,2025,3,Rahim Yar Khan District,0.303837362604714,-0.37103491959363083,2.016243499974643,,,24.780317405677774,,0.07406104689119482,,,0.43325955020183865,modern_simplified,,simplified_2025_2026_schema: no mean/min/max/total breakdowns; annual_cropland_fraction_applied_to_all_months
2025-03-01,2025,3,Rajanpur District,0.261896535142375,-0.33171404281096106,7.941059946110814,,,23.61144211817405,,0.05843269772273565,,,0.2516935937738264,modern_simplified,,simplified_2025_2026_schema: no mean/min/max/total breakdowns; annual_cropland_fraction_applied_to_all_months
2025-03-01,2025,3,Rawalpindi District,0.3984138239117106,-0.45037954618984616,41.544189605329244,,,16.59056732650232,,0.32812571460545836,,,0.33423377652585706,modern_simplified,,simplified_2025_2026_schema: no mean/min/max/total breakdowns; annual_cropland_fraction_applied_to_all_months
2025-03-01,2025,3,Sahiwal District,0.5271953101330913,-0.5306109514318581,7.366191618609477,,,22.103890961404,,0.15756114488672346,,,0.8395260950600056,modern_simplified,,simplified_2025_2026_schema: no mean/min/max/total breakdowns; annual_cropland_fraction_applied_to_all_months
2025-03-01,2025,3,Sargodha District,0.5751783752509004,-0.558486339691712,10.608504720131565,,,21.372237350483854,,0.18479125189237994,,,0.8098109878197836,modern_simplified,,simplified_2025_2026_schema: no mean/min/max/total breakdowns; annual_cropland_fraction_applied_to_all_months
2025-03-01,2025,3,Sheikhupura District,0.6633326233270637,-0.6211832839170335,14.463679246218911,,,20.791008959622886,,0.1857937830147701,,,0.8549150445621659,modern_simplified,,simplified_2025_2026_schema: no mean/min/max/total breakdowns; annual_cropland_fraction_applied_to_all_months
2025-03-01,2025,3,Sialkot District,0.6664596404385347,-0.6126992337991294,8.712051017847154,,,19.066438364395996,,0.27341064760367073,,,0.7963338990363944,modern_simplified,,simplified_2025_2026_schema: no mean/min/max/total breakdowns; annual_cropland_fraction_applied_to_all_months
2025-03-01,2025,3,Toba Tek Singh District,0.5479786890937819,-0.5506643442704566,5.742515701465317,,,22.071637824109306,,0.16028462985170722,,,0.8258403678911664,modern_simplified,,simplified_2025_2026_schema: no mean/min/max/total breakdowns; annual_cropland_fraction_applied_to_all_months
2025-03-01,2025,3,Vehari District,0.5268353632512954,-0.5255113883393132,5.813297941657343,,,22.56051459623907,,0.14699976957886343,,,0.8324292842961033,modern_simplified,,simplified_2025_2026_schema: no mean/min/max/total breakdowns; annual_cropland_fraction_applied_to_all_months
2025-04-01,2025,4,Attock District,0.24305136615752246,-0.33242256815500587,32.50252056387838,,,26.285907263422004,,0.16675581100031325,,,0.5054077727188311,modern_simplified,,simplified_2025_2026_schema: no mean/min/max/total breakdowns; annual_cropland_fraction_applied_to_all_months
2025-04-01,2025,4,Bahawalnagar District,0.19619456571826413,-0.31096649575403135,1.1829391604150887,,,31.292761800577097,,0.09509732387653486,,,0.6343723403917517,modern_simplified,,simplified_2025_2026_schema: no mean/min/max/total breakdowns; annual_cropland_fraction_applied_to_all_months
2025-04-01,2025,4,Bahawalpur District,0.14149812122546476,-0.2554853587628382,1.8993691451654526,,,32.80800473255915,,0.046990270795019905,,,0.21901651789976576,modern_simplified,,simplified_2025_2026_schema: no mean/min/max/total breakdowns; annual_cropland_fraction_applied_to_all_months
2025-04-01,2025,4,Bhakkar District,0.17728602865583248,-0.26158382242611444,6.97650931398698,,,30.837492040651632,,0.05528303170572663,,,0.3675416082904285,modern_simplified,,simplified_2025_2026_schema: no mean/min/max/total breakdowns; annual_cropland_fraction_applied_to_all_months
2025-04-01,2025,4,Chakwal District,0.2168517782992857,-0.30978795789500796,17.828226731224582,,,27.48597300634629,,0.15767915499861296,,,0.4734274545433044,modern_simplified,,simplified_2025_2026_schema: no mean/min/max/total breakdowns; annual_cropland_fraction_applied_to_all_months
2025-04-01,2025,4,Dera Ghazi Khan District,0.16728875164317655,-0.2677847731848327,7.102165062994368,,,29.634570584768525,,0.04578059482473294,,,0.2667999871818019,modern_simplified,,simplified_2025_2026_schema: no mean/min/max/total breakdowns; annual_cropland_fraction_applied_to_all_months
2025-04-01,2025,4,Faisalabad District,0.31567094275370494,-0.3923530445280857,7.516342847332921,,,29.980633790660097,,0.14089887366532683,,,0.8051537002192442,modern_simplified,,simplified_2025_2026_schema: no mean/min/max/total breakdowns; annual_cropland_fraction_applied_to_all_months
2025-04-01,2025,4,Gujranwala District,0.3726262222533013,-0.4403217588117789,11.23786247486813,,,29.364571561233525,,0.13796020953205393,,,0.8187460251694281,modern_simplified,,simplified_2025_2026_schema: no mean/min/max/total breakdowns; annual_cropland_fraction_applied_to_all_months
2025-04-01,2025,4,Gujrat District,0.35819891991790337,-0.42201353056460883,15.03676077591787,,,27.700320047423443,,0.14957060505869466,,,0.6522548759753058,modern_simplified,,simplified_2025_2026_schema: no mean/min/max/total breakdowns; annual_cropland_fraction_applied_to_all_months
2025-04-01,2025,4,Hafizabad District,0.2978940494456277,-0.3967242960237627,10.669230503305764,,,30.048836957057663,,0.13974043468788522,,,0.8703873273944296,modern_simplified,,simplified_2025_2026_schema: no mean/min/max/total breakdowns; annual_cropland_fraction_applied_to_all_months
2025-04-01,2025,4,Jhang District,0.2950940236042463,-0.3665806226879703,5.104031770292455,,,30.761420685897807,,0.12015959198782551,,,0.7088466426008185,modern_simplified,,simplified_2025_2026_schema: no mean/min/max/total breakdowns; annual_cropland_fraction_applied_to_all_months
2025-04-01,2025,4,Jhelum District,0.2774006400770136,-0.3662534298480981,16.5790793754834,,,27.721728347873633,,0.15435345017999805,,,0.38826453463099586,modern_simplified,,simplified_2025_2026_schema: no mean/min/max/total breakdowns; annual_cropland_fraction_applied_to_all_months
2025-04-01,2025,4,Kasur District,0.40067502861514254,-0.4523488460365993,8.27750317834132,,,29.55757202568852,,0.14022669841191768,,,0.8194466913836085,modern_simplified,,simplified_2025_2026_schema: no mean/min/max/total breakdowns; annual_cropland_fraction_applied_to_all_months
2025-04-01,2025,4,Khanewal District,0.29193340696646336,-0.3753979539670536,1.372242439858231,,,31.1772320944262,,0.12343499061955929,,,0.7875124513913146,modern_simplified,,simplified_2025_2026_schema: no mean/min/max/total breakdowns; annual_cropland_fraction_applied_to_all_months
2025-04-01,2025,4,Khushab District,0.20430231504513316,-0.2995947410918497,11.526231812784525,,,29.606060519922103,,0.1014469725261107,,,0.44689597162740996,modern_simplified,,simplified_2025_2026_schema: no mean/min/max/total breakdowns; annual_cropland_fraction_applied_to_all_months
2025-04-01,2025,4,Lahore District,0.3132184578264214,-0.37036826839619574,11.147968404564951,,,29.107446126720323,,0.13515026591013246,,,0.4813335031959438,modern_simplified,,simplified_2025_2026_schema: no mean/min/max/total breakdowns; annual_cropland_fraction_applied_to_all_months
2025-04-01,2025,4,Layyah District,0.21055383566260494,-0.2946838646861992,4.541864569533674,,,31.293038588397526,,0.05637992519189176,,,0.46952803684394456,modern_simplified,,simplified_2025_2026_schema: no mean/min/max/total breakdowns; annual_cropland_fraction_applied_to_all_months
2025-04-01,2025,4,Lodhran District,0.27558741737351256,-0.36902895774339584,1.7015954342294368,,,31.628761967064445,,0.12050789294959374,,,0.8254143884005849,modern_simplified,,simplified_2025_2026_schema: no mean/min/max/total breakdowns; annual_cropland_fraction_applied_to_all_months
2025-04-01,2025,4,Mandi Bahauddin District,0.36227699049573253,-0.42346724012356685,11.567051314333511,,,29.510377612144413,,0.14128085076943458,,,0.7744242066092499,modern_simplified,,simplified_2025_2026_schema: no mean/min/max/total breakdowns; annual_cropland_fraction_applied_to_all_months
2025-04-01,2025,4,Mianwali District,0.22743309471725248,-0.31061392073171434,16.592598319643514,,,29.08404806718763,,0.10041879248957264,,,0.413365309511966,modern_simplified,,simplified_2025_2026_schema: no mean/min/max/total breakdowns; annual_cropland_fraction_applied_to_all_months
2025-04-01,2025,4,Multan District,0.2986526017484152,-0.3781759633137582,3.9293475018740307,,,31.421604047171435,,0.12021437626455739,,,0.6500062034588772,modern_simplified,,simplified_2025_2026_schema: no mean/min/max/total breakdowns; annual_cropland_fraction_applied_to_all_months
2025-04-01,2025,4,Muzaffargarh District,0.24002883611372858,-0.3219673996752819,5.913086205174012,,,31.144951629095967,,0.0861189883491506,,,0.4998432175155515,modern_simplified,,simplified_2025_2026_schema: no mean/min/max/total breakdowns; annual_cropland_fraction_applied_to_all_months
2025-04-01,2025,4,Narowal District,0.40102734370800736,-0.4742622112635976,17.505633680261315,,,27.280307387679535,,0.1522492750509443,,,0.8462807491096853,modern_simplified,,simplified_2025_2026_schema: no mean/min/max/total breakdowns; annual_cropland_fraction_applied_to_all_months
2025-04-01,2025,4,Okara District,0.430192668487469,-0.47825712296417405,5.546597532673186,,,29.976959263810993,,0.13363072582541718,,,0.86297392261121,modern_simplified,,simplified_2025_2026_schema: no mean/min/max/total breakdowns; annual_cropland_fraction_applied_to_all_months
2025-04-01,2025,4,Pakpattan District,0.4155129077121605,-0.46462893234786473,1.2402052603220666,,,30.372598773161474,,0.12908261275525718,,,0.8568732875227923,modern_simplified,,simplified_2025_2026_schema: no mean/min/max/total breakdowns; annual_cropland_fraction_applied_to_all_months
2025-04-01,2025,4,Rahim Yar Khan District,0.18728488617091446,-0.28678561847779666,0.5220942827954267,,,32.789013133238626,,0.06886211934464768,,,0.43325955020183865,modern_simplified,,simplified_2025_2026_schema: no mean/min/max/total breakdowns; annual_cropland_fraction_applied_to_all_months
2025-04-01,2025,4,Rajanpur District,0.1455498960904597,-0.2465330858891079,3.6368480113737927,,,31.67325754857411,,0.04833038992500979,,,0.2516935937738264,modern_simplified,,simplified_2025_2026_schema: no mean/min/max/total breakdowns; annual_cropland_fraction_applied_to_all_months
2025-04-01,2025,4,Rawalpindi District,0.3552490947987196,-0.41613330760240436,37.6985122026804,,,24.5167781770203,,0.2186247595420329,,,0.33423377652585706,modern_simplified,,simplified_2025_2026_schema: no mean/min/max/total breakdowns; annual_cropland_fraction_applied_to_all_months
2025-04-01,2025,4,Sahiwal District,0.3680923248967959,-0.4342180052913161,2.435042466848702,,,30.315386756932096,,0.13569755338820183,,,0.8395260950600056,modern_simplified,,simplified_2025_2026_schema: no mean/min/max/total breakdowns; annual_cropland_fraction_applied_to_all_months
2025-04-01,2025,4,Sargodha District,0.3372279519691777,-0.4016088901222998,10.914685376371015,,,29.958265827626292,,0.1418653233362667,,,0.8098109878197836,modern_simplified,,simplified_2025_2026_schema: no mean/min/max/total breakdowns; annual_cropland_fraction_applied_to_all_months
2025-04-01,2025,4,Sheikhupura District,0.3481878391891604,-0.4284785854328128,11.77995023479443,,,29.563994055504477,,0.13543978353007896,,,0.8549150445621659,modern_simplified,,simplified_2025_2026_schema: no mean/min/max/total breakdowns; annual_cropland_fraction_applied_to_all_months
2025-04-01,2025,4,Sialkot District,0.4114023545554168,-0.4715382214639627,12.334601780800613,,,27.615773345214237,,0.15151269289782615,,,0.7963338990363944,modern_simplified,,simplified_2025_2026_schema: no mean/min/max/total breakdowns; annual_cropland_fraction_applied_to_all_months
2025-04-01,2025,4,Toba Tek Singh District,0.31459929304543705,-0.39952083794510646,5.327395803724712,,,30.22881076519134,,0.13687681905906915,,,0.8258403678911664,modern_simplified,,simplified_2025_2026_schema: no mean/min/max/total breakdowns; annual_cropland_fraction_applied_to_all_months
2025-04-01,2025,4,Vehari District,0.36106421348814477,-0.42550233444658664,0.6279248236150894,,,31.043887063198,,0.12279648832553651,,,0.8324292842961033,modern_simplified,,simplified_2025_2026_schema: no mean/min/max/total breakdowns; annual_cropland_fraction_applied_to_all_months
2025-05-01,2025,5,Attock District,0.17571692970788266,-0.27204910829818124,43.58008525474932,,,30.790512525536858,,0.15621706074550096,,,0.5054077727188311,modern_simplified,,simplified_2025_2026_schema: no mean/min/max/total breakdowns; annual_cropland_fraction_applied_to_all_months
2025-05-01,2025,5,Bahawalnagar District,0.14975589353286936,-0.251019578951619,7.10195944810227,,,34.359588993726156,,0.09823420163942441,,,0.6343723403917517,modern_simplified,,simplified_2025_2026_schema: no mean/min/max/total breakdowns; annual_cropland_fraction_applied_to_all_months
2025-05-01,2025,5,Bahawalpur District,0.11022546775322364,-0.21521809249922794,5.823207287600121,,,35.748943192325804,,0.04905507647344574,,,0.21901651789976576,modern_simplified,,simplified_2025_2026_schema: no mean/min/max/total breakdowns; annual_cropland_fraction_applied_to_all_months
2025-05-01,2025,5,Bhakkar District,0.1448553189652062,-0.224671061548527,12.214943625001405,,,33.68564591214966,,0.0617303536992639,,,0.3675416082904285,modern_simplified,,simplified_2025_2026_schema: no mean/min/max/total breakdowns; annual_cropland_fraction_applied_to_all_months
2025-05-01,2025,5,Chakwal District,0.1782165251025456,-0.2713541481510311,36.158297117988994,,,30.88041296436516,,0.1638824851560542,,,0.4734274545433044,modern_simplified,,simplified_2025_2026_schema: no mean/min/max/total breakdowns; annual_cropland_fraction_applied_to_all_months
2025-05-01,2025,5,Dera Ghazi Khan District,0.12589758620732688,-0.21865673851098386,19.32736527958899,,,32.32123893114004,,0.05666967059079731,,,0.2667999871818019,modern_simplified,,simplified_2025_2026_schema: no mean/min/max/total breakdowns; annual_cropland_fraction_applied_to_all_months
2025-05-01,2025,5,Faisalabad District,0.22822266959761525,-0.29675841211194826,11.420451500734579,,,32.7520167514146,,0.14349202877056294,,,0.8051537002192442,modern_simplified,,simplified_2025_2026_schema: no mean/min/max/total breakdowns; annual_cropland_fraction_applied_to_all_months
2025-05-01,2025,5,Gujranwala District,0.20097684577819613,-0.28501711063827406,21.406913966258447,,,32.18317262659916,,0.16609325076244066,,,0.8187460251694281,modern_simplified,,simplified_2025_2026_schema: no mean/min/max/total breakdowns; annual_cropland_fraction_applied_to_all_months
2025-05-01,2025,5,Gujrat District,0.25644691026425354,-0.34688491574055813,30.331446896455805,,,31.302376076093683,,0.13814665498008608,,,0.6522548759753058,modern_simplified,,simplified_2025_2026_schema: no mean/min/max/total breakdowns; annual_cropland_fraction_applied_to_all_months
2025-05-01,2025,5,Hafizabad District,0.1545950764478296,-0.2401249048443965,21.618505784981615,,,32.72576726243513,,0.14747978244418813,,,0.8703873273944296,modern_simplified,,simplified_2025_2026_schema: no mean/min/max/total breakdowns; annual_cropland_fraction_applied_to_all_months
2025-05-01,2025,5,Jhang District,0.22433583587549358,-0.29525740400083256,12.156912647339242,,,33.45640052639031,,0.12341341571558383,,,0.7088466426008185,modern_simplified,,simplified_2025_2026_schema: no mean/min/max/total breakdowns; annual_cropland_fraction_applied_to_all_months
2025-05-01,2025,5,Jhelum District,0.2267809066195406,-0.32553084880675365,34.00918420943895,,,31.13095691656659,,0.14414709980222506,,,0.38826453463099586,modern_simplified,,simplified_2025_2026_schema: no mean/min/max/total breakdowns; annual_cropland_fraction_applied_to_all_months
2025-05-01,2025,5,Kasur District,0.3017821611634569,-0.36367731527972935,14.21825541393525,,,32.21224883794702,,0.14376247989446417,,,0.8194466913836085,modern_simplified,,simplified_2025_2026_schema: no mean/min/max/total breakdowns; annual_cropland_fraction_applied_to_all_months
2025-05-01,2025,5,Khanewal District,0.2593307714641427,-0.3296665094672814,7.516019802573581,,,34.16354604239878,,0.13061760836280403,,,0.7875124513913146,modern_simplified,,simplified_2025_2026_schema: no mean/min/max/total breakdowns; annual_cropland_fraction_applied_to_all_months
2025-05-01,2025,5,Khushab District,0.1642114612337027,-0.2606789185715206,24.104906991135316,,,32.39765909093537,,0.108485100375714,,,0.44689597162740996,modern_simplified,,simplified_2025_2026_schema: no mean/min/max/total breakdowns; annual_cropland_fraction_applied_to_all_months
2025-05-01,2025,5,Lahore District,0.22157940954996216,-0.29197227933781456,23.572949613239825,,,31.935741440293715,,0.14919970648839923,,,0.4813335031959438,modern_simplified,,simplified_2025_2026_schema: no mean/min/max/total breakdowns; annual_cropland_fraction_applied_to_all_months
2025-05-01,2025,5,Layyah District,0.16606775164774018,-0.24519645206835122,9.947154683818951,,,34.25425810227451,,0.06154513546229706,,,0.46952803684394456,modern_simplified,,simplified_2025_2026_schema: no mean/min/max/total breakdowns; annual_cropland_fraction_applied_to_all_months
2025-05-01,2025,5,Lodhran District,0.211137846408223,-0.2838190971711674,6.772641090226951,,,34.603795687211374,,0.12711752142764784,,,0.8254143884005849,modern_simplified,,simplified_2025_2026_schema: no mean/min/max/total breakdowns; annual_cropland_fraction_applied_to_all_months
2025-05-01,2025,5,Mandi Bahauddin District,0.2523449822211848,-0.3237029727767192,24.393848645170955,,,32.55089060788309,,0.1401705248645603,,,0.7744242066092499,modern_simplified,,simplified_2025_2026_schema: no mean/min/max/total breakdowns; annual_cropland_fraction_applied_to_all_months
2025-05-01,2025,5,Mianwali District,0.15582576135356793,-0.24673483233916377,26.84461602514136,,,32.26763518068784,,0.11053858164708967,,,0.413365309511966,modern_simplified,,simplified_2025_2026_schema: no mean/min/max/total breakdowns; annual_cropland_fraction_applied_to_all_months
2025-05-01,2025,5,Multan District,0.24355451444151283,-0.3151151697937779,10.032154762053098,,,34.633792286102626,,0.1266609478148373,,,0.6500062034588772,modern_simplified,,simplified_2025_2026_schema: no mean/min/max/total breakdowns; annual_cropland_fraction_applied_to_all_months
2025-05-01,2025,5,Muzaffargarh District,0.2087090585770153,-0.2810597865920621,12.554674978686217,,,34.44841089725452,,0.09087268978527394,,,0.4998432175155515,modern_simplified,,simplified_2025_2026_schema: no mean/min/max/total breakdowns; annual_cropland_fraction_applied_to_all_months
2025-05-01,2025,5,Narowal District,0.2111901595337999,-0.31656435027270635,27.626612449970498,,,30.637627028253444,,0.1742615831183324,,,0.8462807491096853,modern_simplified,,simplified_2025_2026_schema: no mean/min/max/total breakdowns; annual_cropland_fraction_applied_to_all_months
2025-05-01,2025,5,Okara District,0.3206694310456129,-0.3750345777586014,9.381083092367465,,,32.96726446807267,,0.13710934528172797,,,0.86297392261121,modern_simplified,,simplified_2025_2026_schema: no mean/min/max/total breakdowns; annual_cropland_fraction_applied_to_all_months
2025-05-01,2025,5,Pakpattan District,0.3114757818233313,-0.37263390660125206,10.365441846438584,,,33.522021426410014,,0.13063455780466365,,,0.8568732875227923,modern_simplified,,simplified_2025_2026_schema: no mean/min/max/total breakdowns; annual_cropland_fraction_applied_to_all_months
2025-05-01,2025,5,Rahim Yar Khan District,0.18148398086617468,-0.26539028898181005,6.474759893856131,,,35.832874034973365,,0.07145862202100192,,,0.43325955020183865,modern_simplified,,simplified_2025_2026_schema: no mean/min/max/total breakdowns; annual_cropland_fraction_applied_to_all_months
2025-05-01,2025,5,Rajanpur District,0.12811776009620615,-0.2211509323896444,13.599054950398571,,,34.39662131927501,,0.05104448146758039,,,0.2516935937738264,modern_simplified,,simplified_2025_2026_schema: no mean/min/max/total breakdowns; annual_cropland_fraction_applied_to_all_months
2025-05-01,2025,5,Rawalpindi District,0.2993642661986978,-0.36304071261118676,63.861832398830934,,,28.612337766960685,,0.19599786025066687,,,0.33423377652585706,modern_simplified,,simplified_2025_2026_schema: no mean/min/max/total breakdowns; annual_cropland_fraction_applied_to_all_months
2025-05-01,2025,5,Sahiwal District,0.29074177408951607,-0.3626565577927125,7.698842845058347,,,33.47224673733295,,0.13671541177157753,,,0.8395260950600056,modern_simplified,,simplified_2025_2026_schema: no mean/min/max/total breakdowns; annual_cropland_fraction_applied_to_all_months
2025-05-01,2025,5,Sargodha District,0.25965406798688345,-0.3296136819116212,25.749815399204433,,,32.61504556801218,,0.14241252364951498,,,0.8098109878197836,modern_simplified,,simplified_2025_2026_schema: no mean/min/max/total breakdowns; annual_cropland_fraction_applied_to_all_months
2025-05-01,2025,5,Sheikhupura District,0.18643320363830865,-0.2758851701075624,18.052267775384554,,,32.35515962380945,,0.14546448602555007,,,0.8549150445621659,modern_simplified,,simplified_2025_2026_schema: no mean/min/max/total breakdowns; annual_cropland_fraction_applied_to_all_months
2025-05-01,2025,5,Sialkot District,0.2341238801907334,-0.3305935876399689,23.725629954021027,,,31.24579949758792,,0.1608300982886072,,,0.7963338990363944,modern_simplified,,simplified_2025_2026_schema: no mean/min/max/total breakdowns; annual_cropland_fraction_applied_to_all_months
2025-05-01,2025,5,Toba Tek Singh District,0.24854642812034075,-0.32805188921662465,8.0760100205735,,,33.29092915499425,,0.1371057841451079,,,0.8258403678911664,modern_simplified,,simplified_2025_2026_schema: no mean/min/max/total breakdowns; annual_cropland_fraction_applied_to_all_months
2025-05-01,2025,5,Vehari District,0.28219440093400183,-0.34773243425707523,6.701202653029513,,,34.041638784640334,,0.1273227901516945,,,0.8324292842961033,modern_simplified,,simplified_2025_2026_schema: no mean/min/max/total breakdowns; annual_cropland_fraction_applied_to_all_months
2025-06-01,2025,6,Attock District,0.17054261497190293,-0.2653594972057407,64.48843204061244,,,33.58292777857428,,0.15327862143380394,,,0.5054077727188311,modern_simplified,,simplified_2025_2026_schema: no mean/min/max/total breakdowns; annual_cropland_fraction_applied_to_all_months
2025-06-01,2025,6,Bahawalnagar District,0.20929801889117022,-0.28173249959877944,36.04236679886623,,,35.18674151001555,,0.10759361255733307,,,0.6343723403917517,modern_simplified,,simplified_2025_2026_schema: no mean/min/max/total breakdowns; annual_cropland_fraction_applied_to_all_months
2025-06-01,2025,6,Bahawalpur District,0.1311401910651477,-0.22912872996635622,31.002984485620193,,,36.41581187233166,,0.048557314240733694,,,0.21901651789976576,modern_simplified,,simplified_2025_2026_schema: no mean/min/max/total breakdowns; annual_cropland_fraction_applied_to_all_months
2025-06-01,2025,6,Bhakkar District,0.16141834565361707,-0.22627701382452162,35.29906851361082,,,36.38041658033962,,0.05201523904136496,,,0.3675416082904285,modern_simplified,,simplified_2025_2026_schema: no mean/min/max/total breakdowns; annual_cropland_fraction_applied_to_all_months
2025-06-01,2025,6,Chakwal District,0.16478761896273314,-0.26269441127444704,44.668239991870394,,,33.0250727977627,,0.15987027225278316,,,0.4734274545433044,modern_simplified,,simplified_2025_2026_schema: no mean/min/max/total breakdowns; annual_cropland_fraction_applied_to_all_months
2025-06-01,2025,6,Dera Ghazi Khan District,0.13505655913900094,-0.2163710124360691,19.6385557829585,,,34.77598970739389,,0.05025487984410565,,,0.2667999871818019,modern_simplified,,simplified_2025_2026_schema: no mean/min/max/total breakdowns; annual_cropland_fraction_applied_to_all_months
2025-06-01,2025,6,Faisalabad District,0.2888404373151014,-0.356820121079477,42.54968899966122,,,33.966182731295554,,0.1599531396357798,,,0.8051537002192442,modern_simplified,,simplified_2025_2026_schema: no mean/min/max/total breakdowns; annual_cropland_fraction_applied_to_all_months
2025-06-01,2025,6,Gujranwala District,0.18455241825691548,-0.2649214599198532,68.06291588282515,,,33.48262609491926,,0.1822420465568907,,,0.8187460251694281,modern_simplified,,simplified_2025_2026_schema: no mean/min/max/total breakdowns; annual_cropland_fraction_applied_to_all_months
2025-06-01,2025,6,Gujrat District,0.235263029593203,-0.3305686940909121,65.20824249890887,,,32.527660081435705,,0.19161597324022073,,,0.6522548759753058,modern_simplified,,simplified_2025_2026_schema: no mean/min/max/total breakdowns; annual_cropland_fraction_applied_to_all_months
2025-06-01,2025,6,Hafizabad District,0.17720075093074267,-0.2749451074077857,43.721777441972115,,,33.871326396774364,,0.17112336624260374,,,0.8703873273944296,modern_simplified,,simplified_2025_2026_schema: no mean/min/max/total breakdowns; annual_cropland_fraction_applied_to_all_months
2025-06-01,2025,6,Jhang District,0.2647894251201583,-0.32923320222859737,40.607060945090126,,,35.063602375739734,,0.13060932213019355,,,0.7088466426008185,modern_simplified,,simplified_2025_2026_schema: no mean/min/max/total breakdowns; annual_cropland_fraction_applied_to_all_months
2025-06-01,2025,6,Jhelum District,0.2009137632281658,-0.3166861570614469,61.32937838456178,,,32.828039266412645,,0.17574362946292485,,,0.38826453463099586,modern_simplified,,simplified_2025_2026_schema: no mean/min/max/total breakdowns; annual_cropland_fraction_applied_to_all_months
2025-06-01,2025,6,Kasur District,0.2837894315532132,-0.3368208559331464,59.077304704098694,,,33.30839965250367,,0.179960543160518,,,0.8194466913836085,modern_simplified,,simplified_2025_2026_schema: no mean/min/max/total breakdowns; annual_cropland_fraction_applied_to_all_months
2025-06-01,2025,6,Khanewal District,0.31695862167469424,-0.34927669766719927,28.285097524665627,,,35.648345834984035,,0.13483835565596222,,,0.7875124513913146,modern_simplified,,simplified_2025_2026_schema: no mean/min/max/total breakdowns; annual_cropland_fraction_applied_to_all_months
2025-06-01,2025,6,Khushab District,0.157921526657725,-0.2545964368937215,36.96991700685209,,,34.3213557623876,,0.10052742785019478,,,0.44689597162740996,modern_simplified,,simplified_2025_2026_schema: no mean/min/max/total breakdowns; annual_cropland_fraction_applied_to_all_months
2025-06-01,2025,6,Lahore District,0.2169370795287745,-0.27933713248780456,67.69715698392979,,,33.28979619605577,,0.17366022534584907,,,0.4813335031959438,modern_simplified,,simplified_2025_2026_schema: no mean/min/max/total breakdowns; annual_cropland_fraction_applied_to_all_months
2025-06-01,2025,6,Layyah District,0.1981343155773482,-0.25133407407158587,27.32578426209871,,,36.60502525173869,,0.05557653935815458,,,0.46952803684394456,modern_simplified,,simplified_2025_2026_schema: no mean/min/max/total breakdowns; annual_cropland_fraction_applied_to_all_months
2025-06-01,2025,6,Lodhran District,0.28533845581971573,-0.3294857656080245,28.502380715225037,,,36.084196127133616,,0.12461513845876948,,,0.8254143884005849,modern_simplified,,simplified_2025_2026_schema: no mean/min/max/total breakdowns; annual_cropland_fraction_applied_to_all_months
2025-06-01,2025,6,Mandi Bahauddin District,0.28217748763908207,-0.3657201030964113,55.04046184577654,,,33.72990053913277,,0.17365213458924117,,,0.7744242066092499,modern_simplified,,simplified_2025_2026_schema: no mean/min/max/total breakdowns; annual_cropland_fraction_applied_to_all_months
2025-06-01,2025,6,Mianwali District,0.15046728365027037,-0.2368048405042271,33.839372864980405,,,34.782634740247836,,0.10433563577367908,,,0.413365309511966,modern_simplified,,simplified_2025_2026_schema: no mean/min/max/total breakdowns; annual_cropland_fraction_applied_to_all_months
2025-06-01,2025,6,Multan District,0.29071412873918834,-0.33687914023666843,22.362553143818936,,,36.31195802742471,,0.12494155424528927,,,0.6500062034588772,modern_simplified,,simplified_2025_2026_schema: no mean/min/max/total breakdowns; annual_cropland_fraction_applied_to_all_months
2025-06-01,2025,6,Muzaffargarh District,0.2676664028995844,-0.3037837541694061,20.397331178945205,,,36.34619481272904,,0.09361330001534895,,,0.4998432175155515,modern_simplified,,simplified_2025_2026_schema: no mean/min/max/total breakdowns; annual_cropland_fraction_applied_to_all_months
2025-06-01,2025,6,Narowal District,0.17772505494999355,-0.2705405936882053,89.69050747733169,,,31.80781800569224,,0.2135393649208294,,,0.8462807491096853,modern_simplified,,simplified_2025_2026_schema: no mean/min/max/total breakdowns; annual_cropland_fraction_applied_to_all_months
2025-06-01,2025,6,Okara District,0.2910568910651265,-0.338291049216461,42.75437448232971,,,33.88087513194742,,0.16670649375725632,,,0.86297392261121,modern_simplified,,simplified_2025_2026_schema: no mean/min/max/total breakdowns; annual_cropland_fraction_applied_to_all_months
2025-06-01,2025,6,Pakpattan District,0.3041988670812932,-0.34438942867561123,31.806002115632232,,,34.3998157960157,,0.15533629859776305,,,0.8568732875227923,modern_simplified,,simplified_2025_2026_schema: no mean/min/max/total breakdowns; annual_cropland_fraction_applied_to_all_months
2025-06-01,2025,6,Rahim Yar Khan District,0.23662140039997245,-0.2940971634829723,42.26901400499443,,,36.373512482831465,,0.07051223630037572,,,0.43325955020183865,modern_simplified,,simplified_2025_2026_schema: no mean/min/max/total breakdowns; annual_cropland_fraction_applied_to_all_months
2025-06-01,2025,6,Rajanpur District,0.1541309713697393,-0.22710184266993405,22.16809218402269,,,35.867267699732295,,0.0516846309322883,,,0.2516935937738264,modern_simplified,,simplified_2025_2026_schema: no mean/min/max/total breakdowns; annual_cropland_fraction_applied_to_all_months
2025-06-01,2025,6,Rawalpindi District,0.26171872881758557,-0.34109450100945543,98.4714202410341,,,31.153177931715142,,0.2213968928972407,,,0.33423377652585706,modern_simplified,,simplified_2025_2026_schema: no mean/min/max/total breakdowns; annual_cropland_fraction_applied_to_all_months
2025-06-01,2025,6,Sahiwal District,0.31546814871147194,-0.36085640755277243,32.40683542915964,,,34.471230637141126,,0.16065983433223066,,,0.8395260950600056,modern_simplified,,simplified_2025_2026_schema: no mean/min/max/total breakdowns; annual_cropland_fraction_applied_to_all_months
2025-06-01,2025,6,Sargodha District,0.29461446469862773,-0.37023496222832486,39.58594699498235,,,34.11548768387998,,0.1526313158437338,,,0.8098109878197836,modern_simplified,,simplified_2025_2026_schema: no mean/min/max/total breakdowns; annual_cropland_fraction_applied_to_all_months
2025-06-01,2025,6,Sheikhupura District,0.18738889506232737,-0.27042538171328456,59.15273785718409,,,33.63474801761423,,0.16452802352885332,,,0.8549150445621659,modern_simplified,,simplified_2025_2026_schema: no mean/min/max/total breakdowns; annual_cropland_fraction_applied_to_all_months
2025-06-01,2025,6,Sialkot District,0.20944644474802826,-0.2976190176530796,81.21030613743731,,,32.30577200482607,,0.20889329866999656,,,0.7963338990363944,modern_simplified,,simplified_2025_2026_schema: no mean/min/max/total breakdowns; annual_cropland_fraction_applied_to_all_months
2025-06-01,2025,6,Toba Tek Singh District,0.2864763408193095,-0.3473889798502574,40.1388297049908,,,34.63074881293947,,0.153138580266878,,,0.8258403678911664,modern_simplified,,simplified_2025_2026_schema: no mean/min/max/total breakdowns; annual_cropland_fraction_applied_to_all_months
2025-06-01,2025,6,Vehari District,0.2926336201243401,-0.3433490121542869,30.122851889648402,,,35.24142375703613,,0.13690102773960774,,,0.8324292842961033,modern_simplified,,simplified_2025_2026_schema: no mean/min/max/total breakdowns; annual_cropland_fraction_applied_to_all_months
2025-07-01,2025,7,Attock District,0.2730716532129303,-0.29539236881091935,235.6596352894535,,,29.230766818444074,,0.3383574246548365,,,0.5054077727188311,modern_simplified,,simplified_2025_2026_schema: no mean/min/max/total breakdowns; annual_cropland_fraction_applied_to_all_months
2025-07-01,2025,7,Bahawalnagar District,0.2575439265971977,-0.3045667329912643,164.73857969102144,,,32.38380996528134,,0.1856862547304529,,,0.6343723403917517,modern_simplified,,simplified_2025_2026_schema: no mean/min/max/total breakdowns; annual_cropland_fraction_applied_to_all_months
2025-07-01,2025,7,Bahawalpur District,0.15323476888835688,-0.23890547031513898,115.44739366964723,,,33.987289047558,,0.0720732990450167,,,0.21901651789976576,modern_simplified,,simplified_2025_2026_schema: no mean/min/max/total breakdowns; annual_cropland_fraction_applied_to_all_months
2025-07-01,2025,7,Bhakkar District,0.23260700527637945,-0.25902933196778266,108.95642681256471,,,33.22085356518355,,0.10080173435344783,,,0.3675416082904285,modern_simplified,,simplified_2025_2026_schema: no mean/min/max/total breakdowns; annual_cropland_fraction_applied_to_all_months
2025-07-01,2025,7,Chakwal District,0.3422320378495862,-0.3355132982669866,192.36115921792825,,,28.860099990520837,,0.33173254048909234,,,0.4734274545433044,modern_simplified,,simplified_2025_2026_schema: no mean/min/max/total breakdowns; annual_cropland_fraction_applied_to_all_months
2025-07-01,2025,7,Dera Ghazi Khan District,0.16139171520645654,-0.20700338834657514,78.63686569066665,,,32.18123722702816,,0.10994905869761656,,,0.2667999871818019,modern_simplified,,simplified_2025_2026_schema: no mean/min/max/total breakdowns; annual_cropland_fraction_applied_to_all_months
2025-07-01,2025,7,Faisalabad District,0.4009582299409004,-0.36688058430575954,281.17709304917145,,,30.9518767590511,,0.2810678811636172,,,0.8051537002192442,modern_simplified,,simplified_2025_2026_schema: no mean/min/max/total breakdowns; annual_cropland_fraction_applied_to_all_months
2025-07-01,2025,7,Gujranwala District,0.24301181726147492,-0.21075142713336112,282.2892641806254,,,29.493565559098208,,0.358640915158043,,,0.8187460251694281,modern_simplified,,simplified_2025_2026_schema: no mean/min/max/total breakdowns; annual_cropland_fraction_applied_to_all_months
2025-07-01,2025,7,Gujrat District,0.35732673208640164,-0.3138560312080732,375.6810301637341,,,28.832279634242727,,0.3632747142845347,,,0.6522548759753058,modern_simplified,,simplified_2025_2026_schema: no mean/min/max/total breakdowns; annual_cropland_fraction_applied_to_all_months
2025-07-01,2025,7,Hafizabad District,0.24090557833938742,-0.22092250592898066,245.22223161517238,,,30.104107233433766,,0.33471721208708594,,,0.8703873273944296,modern_simplified,,simplified_2025_2026_schema: no mean/min/max/total breakdowns; annual_cropland_fraction_applied_to_all_months
2025-07-01,2025,7,Jhang District,0.3517195278889053,-0.37055036843219125,144.71685995631566,,,32.027128596920434,,0.23134606404582284,,,0.7088466426008185,modern_simplified,,simplified_2025_2026_schema: no mean/min/max/total breakdowns; annual_cropland_fraction_applied_to_all_months
2025-07-01,2025,7,Jhelum District,0.40016053865499346,-0.37433863997840466,284.0021211743233,,,28.76483581811607,,0.3502990543146758,,,0.38826453463099586,modern_simplified,,simplified_2025_2026_schema: no mean/min/max/total breakdowns; annual_cropland_fraction_applied_to_all_months
2025-07-01,2025,7,Kasur District,0.370511274054165,-0.35584864395184596,336.43146224419434,,,29.981453855632193,,0.3224572501992461,,,0.8194466913836085,modern_simplified,,simplified_2025_2026_schema: no mean/min/max/total breakdowns; annual_cropland_fraction_applied_to_all_months
2025-07-01,2025,7,Khanewal District,0.392089461118273,-0.39377020124222695,106.74586668755653,,,33.00050719022148,,0.21516779736565544,,,0.7875124513913146,modern_simplified,,simplified_2025_2026_schema: no mean/min/max/total breakdowns; annual_cropland_fraction_applied_to_all_months
2025-07-01,2025,7,Khushab District,0.22302423466753926,-0.25502692788205106,180.1738731162309,,,30.70886581507934,,0.2217756754496277,,,0.44689597162740996,modern_simplified,,simplified_2025_2026_schema: no mean/min/max/total breakdowns; annual_cropland_fraction_applied_to_all_months
2025-07-01,2025,7,Lahore District,0.2917276660930735,-0.31309623151777866,447.6565565587146,,,29.58190465116324,,0.3351123402359459,,,0.4813335031959438,modern_simplified,,simplified_2025_2026_schema: no mean/min/max/total breakdowns; annual_cropland_fraction_applied_to_all_months
2025-07-01,2025,7,Layyah District,0.29382577585325587,-0.3103103925106164,77.8240321093242,,,33.81532062550284,,0.10228201100256598,,,0.46952803684394456,modern_simplified,,simplified_2025_2026_schema: no mean/min/max/total breakdowns; annual_cropland_fraction_applied_to_all_months
2025-07-01,2025,7,Lodhran District,0.3637007727438293,-0.380229670094067,58.45680229800375,,,33.98495116708421,,0.17689576341372393,,,0.8254143884005849,modern_simplified,,simplified_2025_2026_schema: no mean/min/max/total breakdowns; annual_cropland_fraction_applied_to_all_months
2025-07-01,2025,7,Mandi Bahauddin District,0.33001565985454806,-0.2901978509729975,244.30280926480506,,,29.66137187744629,,0.3456594608405847,,,0.7744242066092499,modern_simplified,,simplified_2025_2026_schema: no mean/min/max/total breakdowns; annual_cropland_fraction_applied_to_all_months
2025-07-01,2025,7,Mianwali District,0.2692359470203407,-0.29634764513338635,131.36921343359208,,,30.92898165044567,,0.25102594876229367,,,0.413365309511966,modern_simplified,,simplified_2025_2026_schema: no mean/min/max/total breakdowns; annual_cropland_fraction_applied_to_all_months
2025-07-01,2025,7,Multan District,0.34567205674242235,-0.37163056279681966,59.319966802990535,,,34.065280058611684,,0.1746051874259867,,,0.6500062034588772,modern_simplified,,simplified_2025_2026_schema: no mean/min/max/total breakdowns; annual_cropland_fraction_applied_to_all_months
2025-07-01,2025,7,Muzaffargarh District,0.3303233366661025,-0.33905491511126434,61.340864896728284,,,34.288105308396716,,0.12344349112435296,,,0.4998432175155515,modern_simplified,,simplified_2025_2026_schema: no mean/min/max/total breakdowns; annual_cropland_fraction_applied_to_all_months
2025-07-01,2025,7,Narowal District,0.3972658285455347,-0.37672254198667954,377.9042434314388,,,28.504511601869268,,0.3934611303804024,,,0.8462807491096853,modern_simplified,,simplified_2025_2026_schema: no mean/min/max/total breakdowns; annual_cropland_fraction_applied_to_all_months
2025-07-01,2025,7,Okara District,0.3582041733862527,-0.329683004760162,281.77235899200724,,,30.730771947755617,,0.292958091892366,,,0.86297392261121,modern_simplified,,simplified_2025_2026_schema: no mean/min/max/total breakdowns; annual_cropland_fraction_applied_to_all_months
2025-07-01,2025,7,Pakpattan District,0.3630972188283252,-0.3400508440440633,244.7493633729079,,,31.523170283139972,,0.2721095317121547,,,0.8568732875227923,modern_simplified,,simplified_2025_2026_schema: no mean/min/max/total breakdowns; annual_cropland_fraction_applied_to_all_months
2025-07-01,2025,7,Rahim Yar Khan District,0.2896317671587237,-0.3283086524113983,60.23360133974798,,,34.83551032090212,,0.07883598080933948,,,0.43325955020183865,modern_simplified,,simplified_2025_2026_schema: no mean/min/max/total breakdowns; annual_cropland_fraction_applied_to_all_months
2025-07-01,2025,7,Rajanpur District,0.1683648966654964,-0.22783522367719794,60.28859541142846,,,34.15294826845087,,0.0607665947702601,,,0.2516935937738264,modern_simplified,,simplified_2025_2026_schema: no mean/min/max/total breakdowns; annual_cropland_fraction_applied_to_all_months
2025-07-01,2025,7,Rawalpindi District,0.455252766115063,-0.40961040923709807,415.3736688720272,,,27.431312881583978,,0.3953944855414592,,,0.33423377652585706,modern_simplified,,simplified_2025_2026_schema: no mean/min/max/total breakdowns; annual_cropland_fraction_applied_to_all_months
2025-07-01,2025,7,Sahiwal District,0.3761930704849267,-0.3600865154433638,228.9177150161913,,,31.638619528153374,,0.2628299219999184,,,0.8395260950600056,modern_simplified,,simplified_2025_2026_schema: no mean/min/max/total breakdowns; annual_cropland_fraction_applied_to_all_months
2025-07-01,2025,7,Sargodha District,0.3629187330102886,-0.3665822352087238,208.95879447542,,,30.67638852312646,,0.29805929250841023,,,0.8098109878197836,modern_simplified,,simplified_2025_2026_schema: no mean/min/max/total breakdowns; annual_cropland_fraction_applied_to_all_months
2025-07-01,2025,7,Sheikhupura District,0.22480946293353357,-0.20753032449557304,343.83484500877967,,,30.040749320114728,,0.3277773915894579,,,0.8549150445621659,modern_simplified,,simplified_2025_2026_schema: no mean/min/max/total breakdowns; annual_cropland_fraction_applied_to_all_months
2025-07-01,2025,7,Sialkot District,0.3446600934052396,-0.3281050576309951,412.98683849685983,,,28.79355595105846,,0.38821690950319726,,,0.7963338990363944,modern_simplified,,simplified_2025_2026_schema: no mean/min/max/total breakdowns; annual_cropland_fraction_applied_to_all_months
2025-07-01,2025,7,Toba Tek Singh District,0.3684092864240547,-0.3713473584646894,141.14055605438304,,,31.9747718892812,,0.23344265733396122,,,0.8258403678911664,modern_simplified,,simplified_2025_2026_schema: no mean/min/max/total breakdowns; annual_cropland_fraction_applied_to_all_months
2025-07-01,2025,7,Vehari District,0.3386770269225803,-0.34693687079030555,118.77775955999476,,,32.80012531980529,,0.21779831306998002,,,0.8324292842961033,modern_simplified,,simplified_2025_2026_schema: no mean/min/max/total breakdowns; annual_cropland_fraction_applied_to_all_months
2025-08-01,2025,8,Attock District,0.38894133091598593,-0.38417860652600627,200.91511214230007,,,28.8092337407817,,0.3331017925933691,,,0.5054077727188311,modern_simplified,,simplified_2025_2026_schema: no mean/min/max/total breakdowns; annual_cropland_fraction_applied_to_all_months
2025-08-01,2025,8,Bahawalnagar District,0.3782483220787137,-0.37717248501379574,89.33492837458854,,,31.662774855735197,,0.17139039964457548,,,0.6343723403917517,modern_simplified,,simplified_2025_2026_schema: no mean/min/max/total breakdowns; annual_cropland_fraction_applied_to_all_months
2025-08-01,2025,8,Bahawalpur District,0.2246780827031055,-0.28629349255490233,68.67522863770495,,,33.38196239959736,,0.06839590585593819,,,0.21901651789976576,modern_simplified,,simplified_2025_2026_schema: no mean/min/max/total breakdowns; annual_cropland_fraction_applied_to_all_months
2025-08-01,2025,8,Bhakkar District,0.21969939192734228,-0.2534056163061404,109.06619122146691,,,32.56305585291989,,0.12367274104353485,,,0.3675416082904285,modern_simplified,,simplified_2025_2026_schema: no mean/min/max/total breakdowns; annual_cropland_fraction_applied_to_all_months
2025-08-01,2025,8,Chakwal District,0.4138565091414461,-0.411123221925312,246.61159474671686,,,28.522178110988392,,0.32016898553983647,,,0.4734274545433044,modern_simplified,,simplified_2025_2026_schema: no mean/min/max/total breakdowns; annual_cropland_fraction_applied_to_all_months
2025-08-01,2025,8,Dera Ghazi Khan District,0.22918239632895496,-0.2760682480140493,59.01769845870916,,,30.8817922889306,,0.11507259253827444,,,0.2667999871818019,modern_simplified,,simplified_2025_2026_schema: no mean/min/max/total breakdowns; annual_cropland_fraction_applied_to_all_months
2025-08-01,2025,8,Faisalabad District,0.409813253418256,-0.4049916433082762,109.2606488000625,,,30.267900525953316,,0.25860558302152037,,,0.8051537002192442,modern_simplified,,simplified_2025_2026_schema: no mean/min/max/total breakdowns; annual_cropland_fraction_applied_to_all_months
2025-08-01,2025,8,Gujranwala District,0.4722350350851033,-0.4037752777282318,304.1396043038737,,,28.69103981308568,,0.3299263758674285,,,0.8187460251694281,modern_simplified,,simplified_2025_2026_schema: no mean/min/max/total breakdowns; annual_cropland_fraction_applied_to_all_months
2025-08-01,2025,8,Gujrat District,0.505377009407267,-0.44899616263063563,444.52241705658764,,,28.115047688872636,,0.347111298299086,,,0.6522548759753058,modern_simplified,,simplified_2025_2026_schema: no mean/min/max/total breakdowns; annual_cropland_fraction_applied_to_all_months
2025-08-01,2025,8,Hafizabad District,0.33848220266720797,-0.29959530980839477,182.41539395564956,,,29.595028930409807,,0.2767573368308632,,,0.8703873273944296,modern_simplified,,simplified_2025_2026_schema: no mean/min/max/total breakdowns; annual_cropland_fraction_applied_to_all_months
2025-08-01,2025,8,Jhang District,0.3609881261928169,-0.3636149705120814,71.23469186258274,,,31.28279426030205,,0.21921898028255046,,,0.7088466426008185,modern_simplified,,simplified_2025_2026_schema: no mean/min/max/total breakdowns; annual_cropland_fraction_applied_to_all_months
2025-08-01,2025,8,Jhelum District,0.4447216455570671,-0.4183418024775009,355.23369475119256,,,28.406821937158625,,0.32841084138441734,,,0.38826453463099586,modern_simplified,,simplified_2025_2026_schema: no mean/min/max/total breakdowns; annual_cropland_fraction_applied_to_all_months
2025-08-01,2025,8,Kasur District,0.4922379279854048,-0.45427982454784493,201.65644203574342,,,29.26071242050713,,0.30651907225184,,,0.8194466913836085,modern_simplified,,simplified_2025_2026_schema: no mean/min/max/total breakdowns; annual_cropland_fraction_applied_to_all_months
2025-08-01,2025,8,Khanewal District,0.39800235952961355,-0.3899327767548037,40.176027933919585,,,31.561732098315932,,0.21722632577291545,,,0.7875124513913146,modern_simplified,,simplified_2025_2026_schema: no mean/min/max/total breakdowns; annual_cropland_fraction_applied_to_all_months
2025-08-01,2025,8,Khushab District,0.2825176591476939,-0.3111364911410569,132.89584983719215,,,30.504388530553744,,0.2040677805644115,,,0.44689597162740996,modern_simplified,,simplified_2025_2026_schema: no mean/min/max/total breakdowns; annual_cropland_fraction_applied_to_all_months
2025-08-01,2025,8,Lahore District,0.3941994710890676,-0.3702850498293034,301.8743645673001,,,28.780895262428924,,0.3296651958794097,,,0.4813335031959438,modern_simplified,,simplified_2025_2026_schema: no mean/min/max/total breakdowns; annual_cropland_fraction_applied_to_all_months
2025-08-01,2025,8,Layyah District,0.290437746759877,-0.3050178406035766,63.78836692398043,,,32.47361537541445,,0.11517914880852337,,,0.46952803684394456,modern_simplified,,simplified_2025_2026_schema: no mean/min/max/total breakdowns; annual_cropland_fraction_applied_to_all_months
2025-08-01,2025,8,Lodhran District,0.3757259170536217,-0.38835870119763194,43.99558725989109,,,32.6993845886339,,0.16601651819087554,,,0.8254143884005849,modern_simplified,,simplified_2025_2026_schema: no mean/min/max/total breakdowns; annual_cropland_fraction_applied_to_all_months
2025-08-01,2025,8,Mandi Bahauddin District,0.4487919826770361,-0.4021158515757038,267.307121775709,,,29.33349224664285,,0.2882118000753062,,,0.7744242066092499,modern_simplified,,simplified_2025_2026_schema: no mean/min/max/total breakdowns; annual_cropland_fraction_applied_to_all_months
2025-08-01,2025,8,Mianwali District,0.3259922174321428,-0.3499509375895009,203.20525526018312,,,30.75393409231552,,0.24506886440811432,,,0.413365309511966,modern_simplified,,simplified_2025_2026_schema: no mean/min/max/total breakdowns; annual_cropland_fraction_applied_to_all_months
2025-08-01,2025,8,Multan District,0.3593808178648656,-0.37331467799928364,36.06354931103499,,,32.499446269108994,,0.18617391492843965,,,0.6500062034588772,modern_simplified,,simplified_2025_2026_schema: no mean/min/max/total breakdowns; annual_cropland_fraction_applied_to_all_months
2025-08-01,2025,8,Muzaffargarh District,0.34432381227745923,-0.34806303818942846,36.522147610343566,,,32.64231209722978,,0.13912118255967626,,,0.4998432175155515,modern_simplified,,simplified_2025_2026_schema: no mean/min/max/total breakdowns; annual_cropland_fraction_applied_to_all_months
2025-08-01,2025,8,Narowal District,0.5247748264543961,-0.46128094522986246,486.7105724100935,,,27.509428615674373,,0.4067213658167084,,,0.8462807491096853,modern_simplified,,simplified_2025_2026_schema: no mean/min/max/total breakdowns; annual_cropland_fraction_applied_to_all_months
2025-08-01,2025,8,Okara District,0.4608886268818941,-0.44053363465187984,108.679722797435,,,30.00961761054035,,0.26874224137576197,,,0.86297392261121,modern_simplified,,simplified_2025_2026_schema: no mean/min/max/total breakdowns; annual_cropland_fraction_applied_to_all_months
2025-08-01,2025,8,Pakpattan District,0.4288668762476269,-0.40334651147007433,88.05546365634699,,,30.677192724374546,,0.24344890533815403,,,0.8568732875227923,modern_simplified,,simplified_2025_2026_schema: no mean/min/max/total breakdowns; annual_cropland_fraction_applied_to_all_months
2025-08-01,2025,8,Rahim Yar Khan District,0.3566237740734652,-0.3907392456803136,40.796328738276394,,,33.6372231422128,,0.08323735722001581,,,0.43325955020183865,modern_simplified,,simplified_2025_2026_schema: no mean/min/max/total breakdowns; annual_cropland_fraction_applied_to_all_months
2025-08-01,2025,8,Rajanpur District,0.21533248037980482,-0.26618554161477137,31.889704926351577,,,32.643992509639176,,0.07296548111557441,,,0.2516935937738264,modern_simplified,,simplified_2025_2026_schema: no mean/min/max/total breakdowns; annual_cropland_fraction_applied_to_all_months
2025-08-01,2025,8,Rawalpindi District,0.5223335329851843,-0.49986992890996923,363.08701075110037,,,26.938395652078825,,0.38696794062773854,,,0.33423377652585706,modern_simplified,,simplified_2025_2026_schema: no mean/min/max/total breakdowns; annual_cropland_fraction_applied_to_all_months
2025-08-01,2025,8,Sahiwal District,0.3876428493915409,-0.3855215182782,86.94105498674463,,,30.723091460362117,,0.24515197646267647,,,0.8395260950600056,modern_simplified,,simplified_2025_2026_schema: no mean/min/max/total breakdowns; annual_cropland_fraction_applied_to_all_months
2025-08-01,2025,8,Sargodha District,0.385517025916692,-0.38155470524064633,132.73162750739368,,,30.359984933528338,,0.25938413356921847,,,0.8098109878197836,modern_simplified,,simplified_2025_2026_schema: no mean/min/max/total breakdowns; annual_cropland_fraction_applied_to_all_months
2025-08-01,2025,8,Sheikhupura District,0.39386133527595857,-0.35588893307358055,222.0782226681856,,,29.274005243166236,,0.30344495549667233,,,0.8549150445621659,modern_simplified,,simplified_2025_2026_schema: no mean/min/max/total breakdowns; annual_cropland_fraction_applied_to_all_months
2025-08-01,2025,8,Sialkot District,0.4748002842117952,-0.40705949159299787,403.04235567764863,,,27.77623965297611,,0.3945496249276008,,,0.7963338990363944,modern_simplified,,simplified_2025_2026_schema: no mean/min/max/total breakdowns; annual_cropland_fraction_applied_to_all_months
2025-08-01,2025,8,Toba Tek Singh District,0.39859216811599585,-0.40942747540140373,60.224395679428085,,,31.017642297658256,,0.23889649086103787,,,0.8258403678911664,modern_simplified,,simplified_2025_2026_schema: no mean/min/max/total breakdowns; annual_cropland_fraction_applied_to_all_months
2025-08-01,2025,8,Vehari District,0.35003240788069423,-0.35247751764878327,61.98399185314621,,,31.729780543916984,,0.19802581243480136,,,0.8324292842961033,modern_simplified,,simplified_2025_2026_schema: no mean/min/max/total breakdowns; annual_cropland_fraction_applied_to_all_months
2025-09-01,2025,9,Attock District,0.35318054627570883,-0.398739264174421,72.15558717804234,,,28.993662427775757,,0.2444937230538042,,,0.5054077727188311,modern_simplified,,simplified_2025_2026_schema: no mean/min/max/total breakdowns; annual_cropland_fraction_applied_to_all_months
2025-09-01,2025,9,Bahawalnagar District,0.4314631819699977,-0.4401342748960469,31.40153285384512,,,29.897354574348117,,0.19313680877114872,,,0.6343723403917517,modern_simplified,,simplified_2025_2026_schema: no mean/min/max/total breakdowns; annual_cropland_fraction_applied_to_all_months
2025-09-01,2025,9,Bahawalpur District,0.2341194830008653,-0.2981697980286248,23.246491244567,,,31.269873789531957,,0.09481279997623535,,,0.21901651789976576,modern_simplified,,simplified_2025_2026_schema: no mean/min/max/total breakdowns; annual_cropland_fraction_applied_to_all_months
2025-09-01,2025,9,Bhakkar District,0.2535894100179122,-0.2860900192079401,69.37068908991426,,,30.995283587148023,,0.11497085173582983,,,0.3675416082904285,modern_simplified,,simplified_2025_2026_schema: no mean/min/max/total breakdowns; annual_cropland_fraction_applied_to_all_months
2025-09-01,2025,9,Chakwal District,0.3916580110228249,-0.41835361873999033,83.60658467704872,,,28.329746018391848,,0.2746472283834267,,,0.4734274545433044,modern_simplified,,simplified_2025_2026_schema: no mean/min/max/total breakdowns; annual_cropland_fraction_applied_to_all_months
2025-09-01,2025,9,Dera Ghazi Khan District,0.27234696350338194,-0.31333771789503273,25.993002721228162,,,28.915467960092656,,0.12565928975599955,,,0.2667999871818019,modern_simplified,,simplified_2025_2026_schema: no mean/min/max/total breakdowns; annual_cropland_fraction_applied_to_all_months
2025-09-01,2025,9,Faisalabad District,0.48799414783010014,-0.48668848715870067,49.66676536570724,,,28.976314248215782,,0.26609148632457363,,,0.8051537002192442,modern_simplified,,simplified_2025_2026_schema: no mean/min/max/total breakdowns; annual_cropland_fraction_applied_to_all_months
2025-09-01,2025,9,Gujranwala District,0.6244024927643994,-0.5614248275733035,128.51150196659646,,,28.195355216111654,,0.31063006117518194,,,0.8187460251694281,modern_simplified,,simplified_2025_2026_schema: no mean/min/max/total breakdowns; annual_cropland_fraction_applied_to_all_months
2025-09-01,2025,9,Gujrat District,0.46347278843934003,-0.4558848519068292,142.15390410988124,,,27.937010508101125,,0.3058761670474725,,,0.6522548759753058,modern_simplified,,simplified_2025_2026_schema: no mean/min/max/total breakdowns; annual_cropland_fraction_applied_to_all_months
2025-09-01,2025,9,Hafizabad District,0.6414745252504562,-0.591094474224263,94.17664827356452,,,28.881802376449745,,0.2746724918964919,,,0.8703873273944296,modern_simplified,,simplified_2025_2026_schema: no mean/min/max/total breakdowns; annual_cropland_fraction_applied_to_all_months
2025-09-01,2025,9,Jhang District,0.4409062583959836,-0.4445311428224551,51.391257892387856,,,29.971643661966628,,0.2190042145007644,,,0.7088466426008185,modern_simplified,,simplified_2025_2026_schema: no mean/min/max/total breakdowns; annual_cropland_fraction_applied_to_all_months
2025-09-01,2025,9,Jhelum District,0.4406633728069177,-0.4506552397546071,93.3156061249816,,,28.24466394351486,,0.29044107826641913,,,0.38826453463099586,modern_simplified,,simplified_2025_2026_schema: no mean/min/max/total breakdowns; annual_cropland_fraction_applied_to_all_months
2025-09-01,2025,9,Kasur District,0.5069271282538244,-0.4900699155123214,49.60875797003355,,,28.259592787593693,,0.30876394624403286,,,0.8194466913836085,modern_simplified,,simplified_2025_2026_schema: no mean/min/max/total breakdowns; annual_cropland_fraction_applied_to_all_months
2025-09-01,2025,9,Khanewal District,0.4833106931659,-0.48062706225107793,29.1654836657894,,,30.12254384323054,,0.20275860082463318,,,0.7875124513913146,modern_simplified,,simplified_2025_2026_schema: no mean/min/max/total breakdowns; annual_cropland_fraction_applied_to_all_months
2025-09-01,2025,9,Khushab District,0.3891480375439362,-0.4092329296221199,77.97306822893955,,,29.698433253229602,,0.1909624209269384,,,0.44689597162740996,modern_simplified,,simplified_2025_2026_schema: no mean/min/max/total breakdowns; annual_cropland_fraction_applied_to_all_months
2025-09-01,2025,9,Lahore District,0.3783957026654139,-0.38250900108545505,96.52980676039518,,,28.098859209865378,,0.30533777754625424,,,0.4813335031959438,modern_simplified,,simplified_2025_2026_schema: no mean/min/max/total breakdowns; annual_cropland_fraction_applied_to_all_months
2025-09-01,2025,9,Layyah District,0.3161098528461304,-0.33747012330872356,37.68568338425436,,,30.67327784056569,,0.1288905022535491,,,0.46952803684394456,modern_simplified,,simplified_2025_2026_schema: no mean/min/max/total breakdowns; annual_cropland_fraction_applied_to_all_months
2025-09-01,2025,9,Lodhran District,0.5138009555051092,-0.4934358801582951,16.07011064033611,,,30.860494368290585,,0.174593282434194,,,0.8254143884005849,modern_simplified,,simplified_2025_2026_schema: no mean/min/max/total breakdowns; annual_cropland_fraction_applied_to_all_months
2025-09-01,2025,9,Mandi Bahauddin District,0.5646112183488928,-0.5378257664627941,93.10914070036472,,,28.927555891718292,,0.27884050986595693,,,0.7744242066092499,modern_simplified,,simplified_2025_2026_schema: no mean/min/max/total breakdowns; annual_cropland_fraction_applied_to_all_months
2025-09-01,2025,9,Mianwali District,0.3291695716232369,-0.35101783401733117,74.56244658422376,,,30.147714462280312,,0.19245972663939145,,,0.413365309511966,modern_simplified,,simplified_2025_2026_schema: no mean/min/max/total breakdowns; annual_cropland_fraction_applied_to_all_months
2025-09-01,2025,9,Multan District,0.40138747984594947,-0.40949444156826587,15.838160226139715,,,30.751234830768585,,0.18773481666233255,,,0.6500062034588772,modern_simplified,,simplified_2025_2026_schema: no mean/min/max/total breakdowns; annual_cropland_fraction_applied_to_all_months
2025-09-01,2025,9,Muzaffargarh District,0.3775955109748672,-0.3809018782365928,25.020714479850856,,,30.66812745702864,,0.15730673460352315,,,0.4998432175155515,modern_simplified,,simplified_2025_2026_schema: no mean/min/max/total breakdowns; annual_cropland_fraction_applied_to_all_months
2025-09-01,2025,9,Narowal District,0.5272446018544887,-0.4994670750940911,147.56809804905132,,,27.477715155908726,,0.34148084988396277,,,0.8462807491096853,modern_simplified,,simplified_2025_2026_schema: no mean/min/max/total breakdowns; annual_cropland_fraction_applied_to_all_months
2025-09-01,2025,9,Okara District,0.5420622127487938,-0.5164511727155464,36.7172444502811,,,28.594142330492087,,0.2900341975779897,,,0.86297392261121,modern_simplified,,simplified_2025_2026_schema: no mean/min/max/total breakdowns; annual_cropland_fraction_applied_to_all_months
2025-09-01,2025,9,Pakpattan District,0.5061894026531971,-0.4863400890756946,30.207781861423463,,,28.965261602173484,,0.2628105912769612,,,0.8568732875227923,modern_simplified,,simplified_2025_2026_schema: no mean/min/max/total breakdowns; annual_cropland_fraction_applied_to_all_months
2025-09-01,2025,9,Rahim Yar Khan District,0.37352672207666826,-0.3984052018620314,13.890013563764866,,,31.60479170612949,,0.1042500029390961,,,0.43325955020183865,modern_simplified,,simplified_2025_2026_schema: no mean/min/max/total breakdowns; annual_cropland_fraction_applied_to_all_months
2025-09-01,2025,9,Rajanpur District,0.20478470650675695,-0.25478650484622806,19.71620339581278,,,30.430251863290405,,0.10200751169482146,,,0.2516935937738264,modern_simplified,,simplified_2025_2026_schema: no mean/min/max/total breakdowns; annual_cropland_fraction_applied_to_all_months
2025-09-01,2025,9,Rawalpindi District,0.4776473219288115,-0.4772953679157117,97.54491782557015,,,26.647688174146445,,0.31516750336528043,,,0.33423377652585706,modern_simplified,,simplified_2025_2026_schema: no mean/min/max/total breakdowns; annual_cropland_fraction_applied_to_all_months
2025-09-01,2025,9,Sahiwal District,0.5163907934102498,-0.5132783379677688,39.00640922906515,,,29.089929431779982,,0.2518376926856141,,,0.8395260950600056,modern_simplified,,simplified_2025_2026_schema: no mean/min/max/total breakdowns; annual_cropland_fraction_applied_to_all_months
2025-09-01,2025,9,Sargodha District,0.45964224002212584,-0.470360580858442,64.64909707163767,,,29.661452714314244,,0.25027219382864196,,,0.8098109878197836,modern_simplified,,simplified_2025_2026_schema: no mean/min/max/total breakdowns; annual_cropland_fraction_applied_to_all_months
2025-09-01,2025,9,Sheikhupura District,0.6083400469455397,-0.5590301280660733,83.64687082416197,,,28.363491610440466,,0.3016497303373309,,,0.8549150445621659,modern_simplified,,simplified_2025_2026_schema: no mean/min/max/total breakdowns; annual_cropland_fraction_applied_to_all_months
2025-09-01,2025,9,Sialkot District,0.5391914892790175,-0.48931213004223983,181.2951192646421,,,27.61999072519147,,0.33392398456077743,,,0.7963338990363944,modern_simplified,,simplified_2025_2026_schema: no mean/min/max/total breakdowns; annual_cropland_fraction_applied_to_all_months
2025-09-01,2025,9,Toba Tek Singh District,0.49095883306534516,-0.5010186857627191,42.57199033225548,,,29.405689372029467,,0.245027314764813,,,0.8258403678911664,modern_simplified,,simplified_2025_2026_schema: no mean/min/max/total breakdowns; annual_cropland_fraction_applied_to_all_months
2025-09-01,2025,9,Vehari District,0.5195432757027598,-0.5048672858476357,26.756304217264766,,,30.04136012433576,,0.20334726980993406,,,0.8324292842961033,modern_simplified,,simplified_2025_2026_schema: no mean/min/max/total breakdowns; annual_cropland_fraction_applied_to_all_months
2025-10-01,2025,10,Attock District,0.28754818702519264,-0.3783822728340788,12.076903275915777,,,22.63526847931157,,0.23052844438187517,,,0.5054077727188311,modern_simplified,,simplified_2025_2026_schema: no mean/min/max/total breakdowns; annual_cropland_fraction_applied_to_all_months
2025-10-01,2025,10,Bahawalnagar District,0.33612210928851116,-0.38190311973723784,4.433740848493979,,,26.73111811418886,,0.10886591140553534,,,0.6343723403917517,modern_simplified,,simplified_2025_2026_schema: no mean/min/max/total breakdowns; annual_cropland_fraction_applied_to_all_months
2025-10-01,2025,10,Bahawalpur District,0.21728189454860372,-0.3001102921949058,3.4651401286612047,,,27.478257727143188,,0.06284940416267722,,,0.21901651789976576,modern_simplified,,simplified_2025_2026_schema: no mean/min/max/total breakdowns; annual_cropland_fraction_applied_to_all_months
2025-10-01,2025,10,Bhakkar District,0.2407251009372624,-0.29196344271633407,5.816857788585671,,,25.881387916759454,,0.09483527776577419,,,0.3675416082904285,modern_simplified,,simplified_2025_2026_schema: no mean/min/max/total breakdowns; annual_cropland_fraction_applied_to_all_months
2025-10-01,2025,10,Chakwal District,0.31991925225323226,-0.3931638227713898,14.179345366577579,,,23.418985407590434,,0.22480079701659872,,,0.4734274545433044,modern_simplified,,simplified_2025_2026_schema: no mean/min/max/total breakdowns; annual_cropland_fraction_applied_to_all_months
2025-10-01,2025,10,Dera Ghazi Khan District,0.24078991679069672,-0.3172345519914163,5.137560722030661,,,24.78424136526362,,0.057206644444807685,,,0.2667999871818019,modern_simplified,,simplified_2025_2026_schema: no mean/min/max/total breakdowns; annual_cropland_fraction_applied_to_all_months
2025-10-01,2025,10,Faisalabad District,0.4342269433698294,-0.4621555711520805,18.402305787610246,,,24.690145015826847,,0.2085472406948165,,,0.8051537002192442,modern_simplified,,simplified_2025_2026_schema: no mean/min/max/total breakdowns; annual_cropland_fraction_applied_to_all_months
2025-10-01,2025,10,Gujranwala District,0.449115263519573,-0.4603795407800224,25.929851125635842,,,24.058331868970917,,0.2204848766742967,,,0.8187460251694281,modern_simplified,,simplified_2025_2026_schema: no mean/min/max/total breakdowns; annual_cropland_fraction_applied_to_all_months
2025-10-01,2025,10,Gujrat District,0.40177048142756283,-0.4286333951722611,31.59751268256286,,,23.673066814987216,,0.19961156506518185,,,0.6522548759753058,modern_simplified,,simplified_2025_2026_schema: no mean/min/max/total breakdowns; annual_cropland_fraction_applied_to_all_months
2025-10-01,2025,10,Hafizabad District,0.5006801704790071,-0.5071206513535264,16.305115978561293,,,24.59935685049652,,0.19463542304114015,,,0.8703873273944296,modern_simplified,,simplified_2025_2026_schema: no mean/min/max/total breakdowns; annual_cropland_fraction_applied_to_all_months
2025-10-01,2025,10,Jhang District,0.3960427752374293,-0.4249454917150424,9.223731931200657,,,25.796760043319484,,0.15743801153507944,,,0.7088466426008185,modern_simplified,,simplified_2025_2026_schema: no mean/min/max/total breakdowns; annual_cropland_fraction_applied_to_all_months
2025-10-01,2025,10,Jhelum District,0.3891182069742072,-0.4328890260036608,24.14400405241402,,,23.315217043630135,,0.22481924279024146,,,0.38826453463099586,modern_simplified,,simplified_2025_2026_schema: no mean/min/max/total breakdowns; annual_cropland_fraction_applied_to_all_months
2025-10-01,2025,10,Kasur District,0.39138893310642886,-0.41299570914608574,21.473071798729606,,,24.222515458365393,,0.2545561354077239,,,0.8194466913836085,modern_simplified,,simplified_2025_2026_schema: no mean/min/max/total breakdowns; annual_cropland_fraction_applied_to_all_months
2025-10-01,2025,10,Khanewal District,0.39906924064661004,-0.42438207437433867,2.168476260853488,,,26.41540048743467,,0.1456851181400672,,,0.7875124513913146,modern_simplified,,simplified_2025_2026_schema: no mean/min/max/total breakdowns; annual_cropland_fraction_applied_to_all_months
2025-10-01,2025,10,Khushab District,0.35886166111925505,-0.40701926287457324,11.446493017572388,,,25.070798869334745,,0.1452188097576782,,,0.44689597162740996,modern_simplified,,simplified_2025_2026_schema: no mean/min/max/total breakdowns; annual_cropland_fraction_applied_to_all_months
2025-10-01,2025,10,Lahore District,0.32865936748089514,-0.3629621012868415,30.027536059574015,,,23.818156686411186,,0.2595831617007201,,,0.4813335031959438,modern_simplified,,simplified_2025_2026_schema: no mean/min/max/total breakdowns; annual_cropland_fraction_applied_to_all_months
2025-10-01,2025,10,Layyah District,0.2605177339607539,-0.310954935776864,2.3023422831811375,,,26.26282831647582,,0.07855258748703356,,,0.46952803684394456,modern_simplified,,simplified_2025_2026_schema: no mean/min/max/total breakdowns; annual_cropland_fraction_applied_to_all_months
2025-10-01,2025,10,Lodhran District,0.4686226554261563,-0.47731684522171797,1.8898431765583283,,,26.596992669440898,,0.14186114733323096,,,0.8254143884005849,modern_simplified,,simplified_2025_2026_schema: no mean/min/max/total breakdowns; annual_cropland_fraction_applied_to_all_months
2025-10-01,2025,10,Mandi Bahauddin District,0.47970603556846997,-0.48534498429964434,16.539573701399917,,,24.684503673724684,,0.18466133222328263,,,0.7744242066092499,modern_simplified,,simplified_2025_2026_schema: no mean/min/max/total breakdowns; annual_cropland_fraction_applied_to_all_months
2025-10-01,2025,10,Mianwali District,0.25355137320170107,-0.306857269767132,10.105680220372431,,,25.08178421043202,,0.14663754328250123,,,0.413365309511966,modern_simplified,,simplified_2025_2026_schema: no mean/min/max/total breakdowns; annual_cropland_fraction_applied_to_all_months
2025-10-01,2025,10,Multan District,0.3860372071923997,-0.41041322473942293,3.439740314770039,,,26.72047688312706,,0.13580198998408186,,,0.6500062034588772,modern_simplified,,simplified_2025_2026_schema: no mean/min/max/total breakdowns; annual_cropland_fraction_applied_to_all_months
2025-10-01,2025,10,Muzaffargarh District,0.34973682561523434,-0.3749601639109846,3.32640889821125,,,26.40444874275775,,0.10237224256063904,,,0.4998432175155515,modern_simplified,,simplified_2025_2026_schema: no mean/min/max/total breakdowns; annual_cropland_fraction_applied_to_all_months
2025-10-01,2025,10,Narowal District,0.444222883642029,-0.4642025379854417,33.56873758916577,,,23.259966846394665,,0.286919347079993,,,0.8462807491096853,modern_simplified,,simplified_2025_2026_schema: no mean/min/max/total breakdowns; annual_cropland_fraction_applied_to_all_months
2025-10-01,2025,10,Okara District,0.3704065430416108,-0.40304649709143575,14.378246065157859,,,24.761746544980127,,0.19504784612248285,,,0.86297392261121,modern_simplified,,simplified_2025_2026_schema: no mean/min/max/total breakdowns; annual_cropland_fraction_applied_to_all_months
2025-10-01,2025,10,Pakpattan District,0.35052895637987985,-0.38368077570107345,3.5431609065201064,,,25.6816592588842,,0.14922707213034234,,,0.8568732875227923,modern_simplified,,simplified_2025_2026_schema: no mean/min/max/total breakdowns; annual_cropland_fraction_applied_to_all_months
2025-10-01,2025,10,Rahim Yar Khan District,0.3460452203504509,-0.3941156956905308,2.4589580074601147,,,27.548384564707135,,0.07962919461658306,,,0.43325955020183865,modern_simplified,,simplified_2025_2026_schema: no mean/min/max/total breakdowns; annual_cropland_fraction_applied_to_all_months
2025-10-01,2025,10,Rajanpur District,0.20971508359881738,-0.2823428188963378,5.255312089597925,,,26.42696359110708,,0.056314746164862206,,,0.2516935937738264,modern_simplified,,simplified_2025_2026_schema: no mean/min/max/total breakdowns; annual_cropland_fraction_applied_to_all_months
2025-10-01,2025,10,Rawalpindi District,0.44328548799412915,-0.47931770232435095,34.77630966336641,,,21.12823652480188,,0.2676864244330454,,,0.33423377652585706,modern_simplified,,simplified_2025_2026_schema: no mean/min/max/total breakdowns; annual_cropland_fraction_applied_to_all_months
2025-10-01,2025,10,Sahiwal District,0.39440493212625827,-0.4343125798779362,6.395556826550167,,,25.57004822542996,,0.1635911777147204,,,0.8395260950600056,modern_simplified,,simplified_2025_2026_schema: no mean/min/max/total breakdowns; annual_cropland_fraction_applied_to_all_months
2025-10-01,2025,10,Sargodha District,0.44036255344099584,-0.47430078133983494,12.604406460164684,,,25.210588594801447,,0.18870018695770327,,,0.8098109878197836,modern_simplified,,simplified_2025_2026_schema: no mean/min/max/total breakdowns; annual_cropland_fraction_applied_to_all_months
2025-10-01,2025,10,Sheikhupura District,0.4626676578439901,-0.4730487761138954,28.488840728598134,,,23.978732604390757,,0.25136469350696866,,,0.8549150445621659,modern_simplified,,simplified_2025_2026_schema: no mean/min/max/total breakdowns; annual_cropland_fraction_applied_to_all_months
2025-10-01,2025,10,Sialkot District,0.46417854844085055,-0.4637820896170244,37.32493274135295,,,23.25301892301058,,0.2552014391621254,,,0.7963338990363944,modern_simplified,,simplified_2025_2026_schema: no mean/min/max/total breakdowns; annual_cropland_fraction_applied_to_all_months
2025-10-01,2025,10,Toba Tek Singh District,0.4103725993492946,-0.44051461127291935,9.61548390751029,,,25.688490025880853,,0.16802042638172265,,,0.8258403678911664,modern_simplified,,simplified_2025_2026_schema: no mean/min/max/total breakdowns; annual_cropland_fraction_applied_to_all_months
2025-10-01,2025,10,Vehari District,0.4353036550313404,-0.45170080246237077,1.9897856839088215,,,26.438923270488793,,0.14490270738073288,,,0.8324292842961033,modern_simplified,,simplified_2025_2026_schema: no mean/min/max/total breakdowns; annual_cropland_fraction_applied_to_all_months
2025-11-01,2025,11,Attock District,0.2632311444112756,-0.3632007313804586,5.091176132854635,,,15.497654173024381,,0.16366207189437043,,,0.5054077727188311,modern_simplified,,simplified_2025_2026_schema: no mean/min/max/total breakdowns; annual_cropland_fraction_applied_to_all_months
2025-11-01,2025,11,Bahawalnagar District,0.23792892648707226,-0.311156401887266,1.820548810624759,,,19.894409164958613,,0.09294996513557116,,,0.6343723403917517,modern_simplified,,simplified_2025_2026_schema: no mean/min/max/total breakdowns; annual_cropland_fraction_applied_to_all_months
2025-11-01,2025,11,Bahawalpur District,0.1896418240698059,-0.28967863747607353,1.3236203224522458,,,20.64425173881537,,0.05083984797939907,,,0.21901651789976576,modern_simplified,,simplified_2025_2026_schema: no mean/min/max/total breakdowns; annual_cropland_fraction_applied_to_all_months
2025-11-01,2025,11,Bhakkar District,0.2281697456464732,-0.2820340208918817,2.424568883657467,,,19.10872777187827,,0.05320641926804144,,,0.3675416082904285,modern_simplified,,simplified_2025_2026_schema: no mean/min/max/total breakdowns; annual_cropland_fraction_applied_to_all_months
2025-11-01,2025,11,Chakwal District,0.2970003192584795,-0.3867073066826615,4.054654653468616,,,16.59106670773564,,0.15078785583619905,,,0.4734274545433044,modern_simplified,,simplified_2025_2026_schema: no mean/min/max/total breakdowns; annual_cropland_fraction_applied_to_all_months
2025-11-01,2025,11,Dera Ghazi Khan District,0.20800526337344272,-0.2937212365851837,1.428934118708683,,,18.22736516470453,,0.045157148570347874,,,0.2667999871818019,modern_simplified,,simplified_2025_2026_schema: no mean/min/max/total breakdowns; annual_cropland_fraction_applied_to_all_months
2025-11-01,2025,11,Faisalabad District,0.36993401868813075,-0.414250579640116,2.3469703485789735,,,18.518036162696923,,0.14004392338045163,,,0.8051537002192442,modern_simplified,,simplified_2025_2026_schema: no mean/min/max/total breakdowns; annual_cropland_fraction_applied_to_all_months
2025-11-01,2025,11,Gujranwala District,0.27091439058209404,-0.3397738056066669,3.177479298458624,,,17.696671030996708,,0.1653683559195732,,,0.8187460251694281,modern_simplified,,simplified_2025_2026_schema: no mean/min/max/total breakdowns; annual_cropland_fraction_applied_to_all_months
2025-11-01,2025,11,Gujrat District,0.33760294400071017,-0.39925711930465047,3.573739860416959,,,17.008643444454776,,0.16885006359331312,,,0.6522548759753058,modern_simplified,,simplified_2025_2026_schema: no mean/min/max/total breakdowns; annual_cropland_fraction_applied_to_all_months
2025-11-01,2025,11,Hafizabad District,0.2538247374419313,-0.3402209517381994,2.7009775862022707,,,18.178068838835205,,0.13393778821528965,,,0.8703873273944296,modern_simplified,,simplified_2025_2026_schema: no mean/min/max/total breakdowns; annual_cropland_fraction_applied_to_all_months
2025-11-01,2025,11,Jhang District,0.3184631423549706,-0.3661858074177575,1.774110700372068,,,19.113403156331316,,0.11520163557682567,,,0.7088466426008185,modern_simplified,,simplified_2025_2026_schema: no mean/min/max/total breakdowns; annual_cropland_fraction_applied_to_all_months
2025-11-01,2025,11,Jhelum District,0.35998142009450607,-0.4323685528006367,3.2117643763823733,,,16.381762898356467,,0.16274100423352567,,,0.38826453463099586,modern_simplified,,simplified_2025_2026_schema: no mean/min/max/total breakdowns; annual_cropland_fraction_applied_to_all_months
2025-11-01,2025,11,Kasur District,0.35636587429859334,-0.39180109483243436,2.677779253258937,,,17.937127281072254,,0.1650353988832206,,,0.8194466913836085,modern_simplified,,simplified_2025_2026_schema: no mean/min/max/total breakdowns; annual_cropland_fraction_applied_to_all_months
2025-11-01,2025,11,Khanewal District,0.29872138313634405,-0.35056869731107787,0.8493014360439749,,,19.442781583340807,,0.1229038484023747,,,0.7875124513913146,modern_simplified,,simplified_2025_2026_schema: no mean/min/max/total breakdowns; annual_cropland_fraction_applied_to_all_months
2025-11-01,2025,11,Khushab District,0.30502679427210616,-0.3776446783679999,3.498637209096318,,,18.028134153458108,,0.09409350246683594,,,0.44689597162740996,modern_simplified,,simplified_2025_2026_schema: no mean/min/max/total breakdowns; annual_cropland_fraction_applied_to_all_months
2025-11-01,2025,11,Lahore District,0.30307665393303207,-0.3484364283548766,2.827497564480651,,,17.569013488872972,,0.15904706038819377,,,0.4813335031959438,modern_simplified,,simplified_2025_2026_schema: no mean/min/max/total breakdowns; annual_cropland_fraction_applied_to_all_months
2025-11-01,2025,11,Layyah District,0.2138495476468107,-0.26451094695326316,0.984625956841184,,,19.321667483093112,,0.05509079180075754,,,0.46952803684394456,modern_simplified,,simplified_2025_2026_schema: no mean/min/max/total breakdowns; annual_cropland_fraction_applied_to_all_months
2025-11-01,2025,11,Lodhran District,0.3094710663901255,-0.3525733219020378,0.9093335543313916,,,19.556024302291,,0.12034654428164245,,,0.8254143884005849,modern_simplified,,simplified_2025_2026_schema: no mean/min/max/total breakdowns; annual_cropland_fraction_applied_to_all_months
2025-11-01,2025,11,Mandi Bahauddin District,0.37540665187361205,-0.43420137702988626,3.1714524993736304,,,17.58945057523884,,0.13372631813453245,,,0.7744242066092499,modern_simplified,,simplified_2025_2026_schema: no mean/min/max/total breakdowns; annual_cropland_fraction_applied_to_all_months
2025-11-01,2025,11,Mianwali District,0.2205392645717459,-0.2854954189009499,2.2580910633890396,,,17.91184506689124,,0.09273515330843327,,,0.413365309511966,modern_simplified,,simplified_2025_2026_schema: no mean/min/max/total breakdowns; annual_cropland_fraction_applied_to_all_months
2025-11-01,2025,11,Multan District,0.29502707407131573,-0.3427583001380764,0.8271412853450772,,,19.58517865979481,,0.11963264384010686,,,0.6500062034588772,modern_simplified,,simplified_2025_2026_schema: no mean/min/max/total breakdowns; annual_cropland_fraction_applied_to_all_months
2025-11-01,2025,11,Muzaffargarh District,0.2805009832370462,-0.316401225699652,0.796247337956086,,,19.304901057543727,,0.0857812310733048,,,0.4998432175155515,modern_simplified,,simplified_2025_2026_schema: no mean/min/max/total breakdowns; annual_cropland_fraction_applied_to_all_months
2025-11-01,2025,11,Narowal District,0.29088241201848053,-0.3694690755204031,4.235034209464602,,,17.198093138571767,,0.23325945247189514,,,0.8462807491096853,modern_simplified,,simplified_2025_2026_schema: no mean/min/max/total breakdowns; annual_cropland_fraction_applied_to_all_months
2025-11-01,2025,11,Okara District,0.3109080909417604,-0.3521102728632549,2.6837259808402845,,,18.633685879702107,,0.13113808818685926,,,0.86297392261121,modern_simplified,,simplified_2025_2026_schema: no mean/min/max/total breakdowns; annual_cropland_fraction_applied_to_all_months
2025-11-01,2025,11,Pakpattan District,0.2921817539293354,-0.33563309233793925,1.8698925400904072,,,19.381150035084485,,0.12165543220300885,,,0.8568732875227923,modern_simplified,,simplified_2025_2026_schema: no mean/min/max/total breakdowns; annual_cropland_fraction_applied_to_all_months
2025-11-01,2025,11,Rahim Yar Khan District,0.2777380803221195,-0.3443885332183014,1.0367598110151093,,,20.899076973772097,,0.07059354648243113,,,0.43325955020183865,modern_simplified,,simplified_2025_2026_schema: no mean/min/max/total breakdowns; annual_cropland_fraction_applied_to_all_months
2025-11-01,2025,11,Rajanpur District,0.18865395775347965,-0.2652367828843923,1.14071433476354,,,19.401103498910384,,0.048245214014410696,,,0.2516935937738264,modern_simplified,,simplified_2025_2026_schema: no mean/min/max/total breakdowns; annual_cropland_fraction_applied_to_all_months
2025-11-01,2025,11,Rawalpindi District,0.40703695906919707,-0.4622821411040706,6.591744039721343,,,14.494292970405835,,0.2052580581322566,,,0.33423377652585706,modern_simplified,,simplified_2025_2026_schema: no mean/min/max/total breakdowns; annual_cropland_fraction_applied_to_all_months
2025-11-01,2025,11,Sahiwal District,0.33162022895079496,-0.3773461204705507,2.508753417518869,,,19.138715845476824,,0.129106964463212,,,0.8395260950600056,modern_simplified,,simplified_2025_2026_schema: no mean/min/max/total breakdowns; annual_cropland_fraction_applied_to_all_months
2025-11-01,2025,11,Sargodha District,0.4004332182525668,-0.4491270390049823,3.01002030978173,,,18.203601015453476,,0.1345119978027283,,,0.8098109878197836,modern_simplified,,simplified_2025_2026_schema: no mean/min/max/total breakdowns; annual_cropland_fraction_applied_to_all_months
2025-11-01,2025,11,Sheikhupura District,0.2792909181803677,-0.3470232487138615,3.0566878746257147,,,17.800976674820472,,0.1579763224722604,,,0.8549150445621659,modern_simplified,,simplified_2025_2026_schema: no mean/min/max/total breakdowns; annual_cropland_fraction_applied_to_all_months
2025-11-01,2025,11,Sialkot District,0.3219261195995727,-0.3847216898346736,4.685875384812104,,,17.12079201214357,,0.21199585929718,,,0.7963338990363944,modern_simplified,,simplified_2025_2026_schema: no mean/min/max/total breakdowns; annual_cropland_fraction_applied_to_all_months
2025-11-01,2025,11,Toba Tek Singh District,0.3431231805589015,-0.39277709320336024,1.723109010024326,,,19.048383141727683,,0.13051383725832874,,,0.8258403678911664,modern_simplified,,simplified_2025_2026_schema: no mean/min/max/total breakdowns; annual_cropland_fraction_applied_to_all_months
2025-11-01,2025,11,Vehari District,0.34250837861194094,-0.37989991178014526,1.21676136170179,,,19.518051377204117,,0.12029838036105071,,,0.8324292842961033,modern_simplified,,simplified_2025_2026_schema: no mean/min/max/total breakdowns; annual_cropland_fraction_applied_to_all_months
2025-12-01,2025,12,Attock District,0.2574862842626064,-0.36265210413208193,25.01169954806581,,,12.986178405424225,,0.14811246228704475,,,0.5054077727188311,modern_simplified,,simplified_2025_2026_schema: no mean/min/max/total breakdowns; annual_cropland_fraction_applied_to_all_months
2025-12-01,2025,12,Bahawalnagar District,0.3756596685750276,-0.4128762616560755,0.41249437063547356,,,16.205871683945066,,0.0930968718730535,,,0.6343723403917517,modern_simplified,,simplified_2025_2026_schema: no mean/min/max/total breakdowns; annual_cropland_fraction_applied_to_all_months
2025-12-01,2025,12,Bahawalpur District,0.23809614689669054,-0.3232362645340766,0.4858686006359425,,,16.816219166314756,,0.05116154939755071,,,0.21901651789976576,modern_simplified,,simplified_2025_2026_schema: no mean/min/max/total breakdowns; annual_cropland_fraction_applied_to_all_months
2025-12-01,2025,12,Bhakkar District,0.27696733912915783,-0.32384749067659374,7.034002204887887,,,15.365269959207634,,0.06535920886105738,,,0.3675416082904285,modern_simplified,,simplified_2025_2026_schema: no mean/min/max/total breakdowns; annual_cropland_fraction_applied_to_all_months
2025-12-01,2025,12,Chakwal District,0.3158633841147903,-0.418756355372886,17.43318861954434,,,13.8197098285023,,0.16051261402409586,,,0.4734274545433044,modern_simplified,,simplified_2025_2026_schema: no mean/min/max/total breakdowns; annual_cropland_fraction_applied_to_all_months
2025-12-01,2025,12,Dera Ghazi Khan District,0.2654936433952872,-0.3427272702262785,7.101630268262946,,,15.25053421390259,,0.05326026689002174,,,0.2667999871818019,modern_simplified,,simplified_2025_2026_schema: no mean/min/max/total breakdowns; annual_cropland_fraction_applied_to_all_months
2025-12-01,2025,12,Faisalabad District,0.3869219553733228,-0.4257270888678822,4.07325573569882,,,15.237099202954203,,0.13501434240604276,,,0.8051537002192442,modern_simplified,,simplified_2025_2026_schema: no mean/min/max/total breakdowns; annual_cropland_fraction_applied_to_all_months
2025-12-01,2025,12,Gujranwala District,0.34951165689305985,-0.37424758950407433,7.316040977304821,,,14.646884999591425,,0.13719324797816929,,,0.8187460251694281,modern_simplified,,simplified_2025_2026_schema: no mean/min/max/total breakdowns; annual_cropland_fraction_applied_to_all_months
2025-12-01,2025,12,Gujrat District,0.3284628491793721,-0.3738970206780695,15.639653992217093,,,14.421610806753932,,0.14207010020180905,,,0.6522548759753058,modern_simplified,,simplified_2025_2026_schema: no mean/min/max/total breakdowns; annual_cropland_fraction_applied_to_all_months
2025-12-01,2025,12,Hafizabad District,0.37439825142911126,-0.40752761862361475,5.553381437971836,,,14.858232471896436,,0.1295343850870969,,,0.8703873273944296,modern_simplified,,simplified_2025_2026_schema: no mean/min/max/total breakdowns; annual_cropland_fraction_applied_to_all_months
2025-12-01,2025,12,Jhang District,0.35418277562109773,-0.3739791266231253,6.066020602752549,,,15.486911366677587,,0.11652888684479137,,,0.7088466426008185,modern_simplified,,simplified_2025_2026_schema: no mean/min/max/total breakdowns; annual_cropland_fraction_applied_to_all_months
2025-12-01,2025,12,Jhelum District,0.3661701244476775,-0.4460486293296879,19.133723135394714,,,13.96199893239965,,0.14715227109089996,,,0.38826453463099586,modern_simplified,,simplified_2025_2026_schema: no mean/min/max/total breakdowns; annual_cropland_fraction_applied_to_all_months
2025-12-01,2025,12,Kasur District,0.41872193763616483,-0.43769597002424887,3.245303794520384,,,14.770425229752988,,0.14222055747049744,,,0.8194466913836085,modern_simplified,,simplified_2025_2026_schema: no mean/min/max/total breakdowns; annual_cropland_fraction_applied_to_all_months
2025-12-01,2025,12,Khanewal District,0.43264183647738935,-0.44613248988815907,3.806975749376471,,,15.876711739217306,,0.12439680233254978,,,0.7875124513913146,modern_simplified,,simplified_2025_2026_schema: no mean/min/max/total breakdowns; annual_cropland_fraction_applied_to_all_months
2025-12-01,2025,12,Khushab District,0.31590597583315194,-0.40674494979646525,11.903841369913794,,,14.682050333872793,,0.11080124755484412,,,0.44689597162740996,modern_simplified,,simplified_2025_2026_schema: no mean/min/max/total breakdowns; annual_cropland_fraction_applied_to_all_months
2025-12-01,2025,12,Lahore District,0.2981984202306503,-0.3299007947926456,5.3590432123082525,,,14.448071927693904,,0.13993576177574954,,,0.4813335031959438,modern_simplified,,simplified_2025_2026_schema: no mean/min/max/total breakdowns; annual_cropland_fraction_applied_to_all_months
2025-12-01,2025,12,Layyah District,0.291017570331772,-0.3237538407972466,7.434459740601003,,,15.655534282166832,,0.06369948393088098,,,0.46952803684394456,modern_simplified,,simplified_2025_2026_schema: no mean/min/max/total breakdowns; annual_cropland_fraction_applied_to_all_months
2025-12-01,2025,12,Lodhran District,0.4659597123944269,-0.4629899868944213,0.6138224815793335,,,16.092605029465403,,0.12120884312267623,,,0.8254143884005849,modern_simplified,,simplified_2025_2026_schema: no mean/min/max/total breakdowns; annual_cropland_fraction_applied_to_all_months
2025-12-01,2025,12,Mandi Bahauddin District,0.38398195598539214,-0.4280699159008068,7.8185073587553005,,,14.494273716464022,,0.13349243129579078,,,0.7744242066092499,modern_simplified,,simplified_2025_2026_schema: no mean/min/max/total breakdowns; annual_cropland_fraction_applied_to_all_months
2025-12-01,2025,12,Mianwali District,0.28031534363108673,-0.34436146160901426,12.716017525841728,,,14.82248535304616,,0.0981511171187015,,,0.413365309511966,modern_simplified,,simplified_2025_2026_schema: no mean/min/max/total breakdowns; annual_cropland_fraction_applied_to_all_months
2025-12-01,2025,12,Multan District,0.39225392104476686,-0.41417111978793175,2.5211684297170436,,,16.13384831620699,,0.12067948296884644,,,0.6500062034588772,modern_simplified,,simplified_2025_2026_schema: no mean/min/max/total breakdowns; annual_cropland_fraction_applied_to_all_months
2025-12-01,2025,12,Muzaffargarh District,0.3503427410502496,-0.35969288982651454,4.708767969490128,,,15.979905678211251,,0.08636720177622038,,,0.4998432175155515,modern_simplified,,simplified_2025_2026_schema: no mean/min/max/total breakdowns; annual_cropland_fraction_applied_to_all_months
2025-12-01,2025,12,Narowal District,0.2743004310047998,-0.3418907441120056,11.091990239188545,,,14.130783837008655,,0.1851319884017057,,,0.8462807491096853,modern_simplified,,simplified_2025_2026_schema: no mean/min/max/total breakdowns; annual_cropland_fraction_applied_to_all_months
2025-12-01,2025,12,Okara District,0.46393987156078936,-0.4664195734881989,2.0941182601587176,,,15.325931993089204,,0.12626378344229056,,,0.86297392261121,modern_simplified,,simplified_2025_2026_schema: no mean/min/max/total breakdowns; annual_cropland_fraction_applied_to_all_months
2025-12-01,2025,12,Pakpattan District,0.4634164557557644,-0.462952172995619,2.3696918507644984,,,15.865276399611094,,0.12214803731430161,,,0.8568732875227923,modern_simplified,,simplified_2025_2026_schema: no mean/min/max/total breakdowns; annual_cropland_fraction_applied_to_all_months
2025-12-01,2025,12,Rahim Yar Khan District,0.32350936550786835,-0.3770438787972533,0.4232116486528563,,,17.14324379593906,,0.07077180993016259,,,0.43325955020183865,modern_simplified,,simplified_2025_2026_schema: no mean/min/max/total breakdowns; annual_cropland_fraction_applied_to_all_months
2025-12-01,2025,12,Rajanpur District,0.23790389786277097,-0.3073272988196977,3.1549934102419783,,,16.17114408080273,,0.050045420352290385,,,0.2516935937738264,modern_simplified,,simplified_2025_2026_schema: no mean/min/max/total breakdowns; annual_cropland_fraction_applied_to_all_months
2025-12-01,2025,12,Rawalpindi District,0.40701068936618284,-0.4669183113184383,34.41818547008601,,,12.509634755174943,,0.1993022149625292,,,0.33423377652585706,modern_simplified,,simplified_2025_2026_schema: no mean/min/max/total breakdowns; annual_cropland_fraction_applied_to_all_months
2025-12-01,2025,12,Sahiwal District,0.4770931096834311,-0.4811567604859442,4.247613073834727,,,15.615649962505152,,0.130090423172963,,,0.8395260950600056,modern_simplified,,simplified_2025_2026_schema: no mean/min/max/total breakdowns; annual_cropland_fraction_applied_to_all_months
2025-12-01,2025,12,Sargodha District,0.4314620546538058,-0.473281533094014,7.5735172669172135,,,14.766272288448876,,0.14023530186014352,,,0.8098109878197836,modern_simplified,,simplified_2025_2026_schema: no mean/min/max/total breakdowns; annual_cropland_fraction_applied_to_all_months
2025-12-01,2025,12,Sheikhupura District,0.35763829897377564,-0.39180151256458445,4.706328382662464,,,14.716806181623305,,0.13568319056148453,,,0.8549150445621659,modern_simplified,,simplified_2025_2026_schema: no mean/min/max/total breakdowns; annual_cropland_fraction_applied_to_all_months
2025-12-01,2025,12,Sialkot District,0.31700434589402976,-0.36183568891419676,11.319471106017453,,,14.319107895991872,,0.16556641458564686,,,0.7963338990363944,modern_simplified,,simplified_2025_2026_schema: no mean/min/max/total breakdowns; annual_cropland_fraction_applied_to_all_months
2025-12-01,2025,12,Toba Tek Singh District,0.443924758050165,-0.46062172005821284,4.205374749777988,,,15.543621552631723,,0.13139850112692925,,,0.8258403678911664,modern_simplified,,simplified_2025_2026_schema: no mean/min/max/total breakdowns; annual_cropland_fraction_applied_to_all_months
2025-12-01,2025,12,Vehari District,0.45934916028701095,-0.47553195476759497,1.936892976994974,,,15.93622259170121,,0.1211748183084609,,,0.8324292842961033,modern_simplified,,simplified_2025_2026_schema: no mean/min/max/total breakdowns; annual_cropland_fraction_applied_to_all_months
2026-01-01,2026,1,Attock District,0.27631964384306795,-0.37482308134442205,52.080509015519205,,,10.209513627819101,,0.21489376610085453,,,0.37921811113293385,modern_simplified,,simplified_2025_2026_schema: no mean/min/max/total breakdowns; annual_cropland_fraction_applied_to_all_months
2026-01-01,2026,1,Bahawalnagar District,0.48344088666120655,-0.47116749223241305,11.800455224284402,,,12.517011615776688,,0.11599078259123634,,,0.5327038315981946,modern_simplified,,simplified_2025_2026_schema: no mean/min/max/total breakdowns; annual_cropland_fraction_applied_to_all_months
2026-01-01,2026,1,Bahawalpur District,0.2542261871006453,-0.32876313707246035,3.983363764222799,,,13.123661061185969,,0.06709141714330716,,,0.18148418751166745,modern_simplified,,simplified_2025_2026_schema: no mean/min/max/total breakdowns; annual_cropland_fraction_applied_to_all_months
2026-01-01,2026,1,Bhakkar District,0.3590404541430411,-0.3689135455821544,18.907469087265742,,,12.24102770428102,,0.08734148281306658,,,0.26675072814978645,modern_simplified,,simplified_2025_2026_schema: no mean/min/max/total breakdowns; annual_cropland_fraction_applied_to_all_months
2026-01-01,2026,1,Chakwal District,0.3250460269414825,-0.4159095513334681,38.91646516408101,,,10.614102930650153,,0.21743919819261076,,,0.4022725843229477,modern_simplified,,simplified_2025_2026_schema: no mean/min/max/total breakdowns; annual_cropland_fraction_applied_to_all_months
2026-01-01,2026,1,Dera Ghazi Khan District,0.3137892950738656,-0.37522649681683473,14.92218880640139,,,11.930741477607437,,0.07100191950106846,,,0.22878334475776127,modern_simplified,,simplified_2025_2026_schema: no mean/min/max/total breakdowns; annual_cropland_fraction_applied_to_all_months
2026-01-01,2026,1,Faisalabad District,0.50340355362397,-0.48116524982965414,13.350003556369092,,,11.87599140020767,,0.17581279504715924,,,0.7468412933522115,modern_simplified,,simplified_2025_2026_schema: no mean/min/max/total breakdowns; annual_cropland_fraction_applied_to_all_months
2026-01-01,2026,1,Gujranwala District,0.5834345925818842,-0.5233328458503667,23.9538166387043,,,11.442650842024056,,0.21040191800059785,,,0.8009167542607903,modern_simplified,,simplified_2025_2026_schema: no mean/min/max/total breakdowns; annual_cropland_fraction_applied_to_all_months
2026-01-01,2026,1,Gujrat District,0.4313429884826186,-0.4374122198116273,43.67176861095141,,,11.328224764216838,,0.2241132079308188,,,0.6585110313727162,modern_simplified,,simplified_2025_2026_schema: no mean/min/max/total breakdowns; annual_cropland_fraction_applied_to_all_months
2026-01-01,2026,1,Hafizabad District,0.6153255368411077,-0.5424452724483836,21.334641516657758,,,11.672475658732896,,0.1849445843305626,,,0.8223888731142005,modern_simplified,,simplified_2025_2026_schema: no mean/min/max/total breakdowns; annual_cropland_fraction_applied_to_all_months
2026-01-01,2026,1,Jhang District,0.48705559838430273,-0.4649867844331685,10.945559827085019,,,12.281856165483081,,0.15909696556306627,,,0.6256672973983664,modern_simplified,,simplified_2025_2026_schema: no mean/min/max/total breakdowns; annual_cropland_fraction_applied_to_all_months
2026-01-01,2026,1,Jhelum District,0.3476574730923091,-0.4120227914152338,37.82482555361583,,,11.029540805509352,,0.21179963511656652,,,0.36235062905309323,modern_simplified,,simplified_2025_2026_schema: no mean/min/max/total breakdowns; annual_cropland_fraction_applied_to_all_months
2026-01-01,2026,1,Kasur District,0.5348941766723195,-0.49630999904542333,18.14977752998155,,,11.473651355070977,,0.18136914856467026,,,0.7865557430785306,modern_simplified,,simplified_2025_2026_schema: no mean/min/max/total breakdowns; annual_cropland_fraction_applied_to_all_months
2026-01-01,2026,1,Khanewal District,0.5775418118032762,-0.5361863347748446,8.73543291739487,,,12.537358242147175,,0.17564741968345046,,,0.687537553594526,modern_simplified,,simplified_2025_2026_schema: no mean/min/max/total breakdowns; annual_cropland_fraction_applied_to_all_months
2026-01-01,2026,1,Khushab District,0.3440857954685138,-0.38786180210099847,23.02267209288947,,,11.542623342772497,,0.14855507556554282,,,0.3257686281912053,modern_simplified,,simplified_2025_2026_schema: no mean/min/max/total breakdowns; annual_cropland_fraction_applied_to_all_months
2026-01-01,2026,1,Lahore District,0.37949176545185753,-0.3788138270287263,23.072643878739413,,,11.237556377693885,,0.20835829274648265,,,0.4492339840610849,modern_simplified,,simplified_2025_2026_schema: no mean/min/max/total breakdowns; annual_cropland_fraction_applied_to_all_months
2026-01-01,2026,1,Layyah District,0.42000060906815506,-0.4086016267550495,14.774504782498589,,,12.530780744924325,,0.0866315910056939,,,0.38704612691669366,modern_simplified,,simplified_2025_2026_schema: no mean/min/max/total breakdowns; annual_cropland_fraction_applied_to_all_months
2026-01-01,2026,1,Lodhran District,0.5564108921164357,-0.5142124974069339,8.172318010077257,,,12.816395275243424,,0.1668742905307072,,,0.6959071526301707,modern_simplified,,simplified_2025_2026_schema: no mean/min/max/total breakdowns; annual_cropland_fraction_applied_to_all_months
2026-01-01,2026,1,Mandi Bahauddin District,0.5132985894889475,-0.4784217171337593,33.07954393745444,,,11.584352247060016,,0.19681941222092292,,,0.7566216445648294,modern_simplified,,simplified_2025_2026_schema: no mean/min/max/total breakdowns; annual_cropland_fraction_applied_to_all_months
2026-01-01,2026,1,Mianwali District,0.3573925088471297,-0.38018395973955355,35.52377770869694,,,11.808817520612905,,0.1667889874768569,,,0.3349863410824239,modern_simplified,,simplified_2025_2026_schema: no mean/min/max/total breakdowns; annual_cropland_fraction_applied_to_all_months
2026-01-01,2026,1,Multan District,0.5046964994953677,-0.47267234429629246,10.033630018760137,,,12.87990819270391,,0.16432912216796788,,,0.5451452832216929,modern_simplified,,simplified_2025_2026_schema: no mean/min/max/total breakdowns; annual_cropland_fraction_applied_to_all_months
2026-01-01,2026,1,Muzaffargarh District,0.46169517510494446,-0.44097387339027316,11.882631935983177,,,12.869993032702634,,0.12112924824694044,,,0.4294454747841108,modern_simplified,,simplified_2025_2026_schema: no mean/min/max/total breakdowns; annual_cropland_fraction_applied_to_all_months
2026-01-01,2026,1,Narowal District,0.48637386840597147,-0.4526722157542418,49.26750328012172,,,11.169374982601312,,0.24441069291259115,,,0.8373936391061032,modern_simplified,,simplified_2025_2026_schema: no mean/min/max/total breakdowns; annual_cropland_fraction_applied_to_all_months
2026-01-01,2026,1,Okara District,0.5975348392866613,-0.54184952652726,13.647216246681408,,,11.867963011201875,,0.15815684349675235,,,0.8219599089006896,modern_simplified,,simplified_2025_2026_schema: no mean/min/max/total breakdowns; annual_cropland_fraction_applied_to_all_months
2026-01-01,2026,1,Pakpattan District,0.5932100028721612,-0.5373212726955768,13.970583407015997,,,12.172145248341298,,0.15553762001931162,,,0.7885804701696555,modern_simplified,,simplified_2025_2026_schema: no mean/min/max/total breakdowns; annual_cropland_fraction_applied_to_all_months
2026-01-01,2026,1,Rahim Yar Khan District,0.3489254577366637,-0.3855992213724189,5.091106601199493,,,13.672168694128741,,0.08939405857558355,,,0.4063933799439845,modern_simplified,,simplified_2025_2026_schema: no mean/min/max/total breakdowns; annual_cropland_fraction_applied_to_all_months
2026-01-01,2026,1,Rajanpur District,0.2742525521242107,-0.32860692573619726,11.763550396936218,,,13.13433402056171,,0.06643984645970866,,,0.2102505054948824,modern_simplified,,simplified_2025_2026_schema: no mean/min/max/total breakdowns; annual_cropland_fraction_applied_to_all_months
2026-01-01,2026,1,Rawalpindi District,0.4193730188112402,-0.4730551673609202,64.60778200305622,,,9.377259341937723,,0.27895850127987604,,,0.3441819891787142,modern_simplified,,simplified_2025_2026_schema: no mean/min/max/total breakdowns; annual_cropland_fraction_applied_to_all_months
2026-01-01,2026,1,Sahiwal District,0.606825643436508,-0.566725982241976,14.821380619207497,,,12.112645102086399,,0.17309481686203654,,,0.768753549705835,modern_simplified,,simplified_2025_2026_schema: no mean/min/max/total breakdowns; annual_cropland_fraction_applied_to_all_months
2026-01-01,2026,1,Sargodha District,0.5140502661733545,-0.4836099687424557,22.977765142463372,,,11.828959629839892,,0.18142504973997886,,,0.770029923518835,modern_simplified,,simplified_2025_2026_schema: no mean/min/max/total breakdowns; annual_cropland_fraction_applied_to_all_months
2026-01-01,2026,1,Sheikhupura District,0.5841484954364418,-0.5246909391502426,19.903686383379636,,,11.517634471168735,,0.18958702743053085,,,0.8155665261935112,modern_simplified,,simplified_2025_2026_schema: no mean/min/max/total breakdowns; annual_cropland_fraction_applied_to_all_months
2026-01-01,2026,1,Sialkot District,0.5399085825765862,-0.49224485418650377,45.10848070357778,,,11.300203745826652,,0.24190802403052714,,,0.7816099299748643,modern_simplified,,simplified_2025_2026_schema: no mean/min/max/total breakdowns; annual_cropland_fraction_applied_to_all_months
2026-01-01,2026,1,Toba Tek Singh District,0.5823110629700771,-0.5519843294627662,11.208783506171644,,,12.159637280922352,,0.1775238484790873,,,0.7177088916026266,modern_simplified,,simplified_2025_2026_schema: no mean/min/max/total breakdowns; annual_cropland_fraction_applied_to_all_months
2026-01-01,2026,1,Vehari District,0.5428210831207801,-0.5182492159224306,9.770066250434503,,,12.534829354933036,,0.15945535351842785,,,0.7614846388115011,modern_simplified,,simplified_2025_2026_schema: no mean/min/max/total breakdowns; annual_cropland_fraction_applied_to_all_months
2026-02-01,2026,2,Attock District,0.28897625972394914,-0.38418696704917915,17.301558757456085,,,15.205726498513826,,0.2160029848778297,,,0.37921811113293385,modern_simplified,,simplified_2025_2026_schema: no mean/min/max/total breakdowns; annual_cropland_fraction_applied_to_all_months
2026-02-01,2026,2,Bahawalnagar District,0.5168144030495622,-0.5156372654852901,2.2333401241163626,,,19.543351464125628,,0.10275340599896916,,,0.5327038315981946,modern_simplified,,simplified_2025_2026_schema: no mean/min/max/total breakdowns; annual_cropland_fraction_applied_to_all_months
2026-02-01,2026,2,Bahawalpur District,0.25248256456770707,-0.3341933863857108,2.1262803228492992,,,20.713803512118286,,0.05415869253048417,,,0.18148418751166745,modern_simplified,,simplified_2025_2026_schema: no mean/min/max/total breakdowns; annual_cropland_fraction_applied_to_all_months
2026-02-01,2026,2,Bhakkar District,0.4120597457264641,-0.4258583725731808,8.262415137912496,,,18.80452096552454,,0.07167445927508474,,,0.26675072814978645,modern_simplified,,simplified_2025_2026_schema: no mean/min/max/total breakdowns; annual_cropland_fraction_applied_to_all_months
2026-02-01,2026,2,Chakwal District,0.3154329210201716,-0.4039020471967468,10.40563805048935,,,16.120266115905576,,0.20872125070233438,,,0.4022725843229477,modern_simplified,,simplified_2025_2026_schema: no mean/min/max/total breakdowns; annual_cropland_fraction_applied_to_all_months
2026-02-01,2026,2,Dera Ghazi Khan District,0.31384405032424495,-0.3719783916893612,8.777478588956763,,,18.230822729492427,,0.05747782902301383,,,0.22878334475776127,modern_simplified,,simplified_2025_2026_schema: no mean/min/max/total breakdowns; annual_cropland_fraction_applied_to_all_months
2026-02-01,2026,2,Faisalabad District,0.5567726593901002,-0.5426041455704511,7.061892662358404,,,18.11969604902802,,0.1512624935976038,,,0.7468412933522115,modern_simplified,,simplified_2025_2026_schema: no mean/min/max/total breakdowns; annual_cropland_fraction_applied_to_all_months
2026-02-01,2026,2,Gujranwala District,0.627848221550327,-0.5727142829114225,3.678682837044528,,,17.295873599902002,,0.16068102574622822,,,0.8009167542607903,modern_simplified,,simplified_2025_2026_schema: no mean/min/max/total breakdowns; annual_cropland_fraction_applied_to_all_months
2026-02-01,2026,2,Gujrat District,0.48577817093487835,-0.47921546710321633,4.686661482414451,,,16.53839773746864,,0.19586654950349952,,,0.6585110313727162,modern_simplified,,simplified_2025_2026_schema: no mean/min/max/total breakdowns; annual_cropland_fraction_applied_to_all_months
2026-02-01,2026,2,Hafizabad District,0.7026555658515012,-0.6356283867464811,4.477581007224481,,,17.74191223893448,,0.15232649926965902,,,0.8223888731142005,modern_simplified,,simplified_2025_2026_schema: no mean/min/max/total breakdowns; annual_cropland_fraction_applied_to_all_months
2026-02-01,2026,2,Jhang District,0.543463251909071,-0.5295470466567687,7.889117984509973,,,18.629725844620573,,0.13369782651988804,,,0.6256672973983664,modern_simplified,,simplified_2025_2026_schema: no mean/min/max/total breakdowns; annual_cropland_fraction_applied_to_all_months
2026-02-01,2026,2,Jhelum District,0.35038673069514276,-0.415823269155334,6.720607541328484,,,16.25216110421067,,0.18572972031542226,,,0.36235062905309323,modern_simplified,,simplified_2025_2026_schema: no mean/min/max/total breakdowns; annual_cropland_fraction_applied_to_all_months
2026-02-01,2026,2,Kasur District,0.5147914068973988,-0.491328616750654,3.1393841584762976,,,17.713442246460254,,0.15202122981391494,,,0.7865557430785306,modern_simplified,,simplified_2025_2026_schema: no mean/min/max/total breakdowns; annual_cropland_fraction_applied_to_all_months
2026-02-01,2026,2,Khanewal District,0.6162667210559344,-0.5942060018885006,4.7116524661514605,,,18.9643617223946,,0.141783581928138,,,0.687537553594526,modern_simplified,,simplified_2025_2026_schema: no mean/min/max/total breakdowns; annual_cropland_fraction_applied_to_all_months
2026-02-01,2026,2,Khushab District,0.38279766526915804,-0.43073168708942683,6.988635966973814,,,17.627705093331617,,0.13014353933838071,,,0.3257686281912053,modern_simplified,,simplified_2025_2026_schema: no mean/min/max/total breakdowns; annual_cropland_fraction_applied_to_all_months
2026-02-01,2026,2,Lahore District,0.39962555557443386,-0.3969723337071271,3.8228654120484005,,,17.26796345326964,,0.15190302146864587,,,0.4492339840610849,modern_simplified,,simplified_2025_2026_schema: no mean/min/max/total breakdowns; annual_cropland_fraction_applied_to_all_months
2026-02-01,2026,2,Layyah District,0.4722952999446271,-0.4677759952966405,8.240454589970115,,,19.170689584496102,,0.06561516728567594,,,0.38704612691669366,modern_simplified,,simplified_2025_2026_schema: no mean/min/max/total breakdowns; annual_cropland_fraction_applied_to_all_months
2026-02-01,2026,2,Lodhran District,0.6158665822068149,-0.5879656141044655,4.70957750005952,,,19.32253012012481,,0.1372523707341523,,,0.6959071526301707,modern_simplified,,simplified_2025_2026_schema: no mean/min/max/total breakdowns; annual_cropland_fraction_applied_to_all_months
2026-02-01,2026,2,Mandi Bahauddin District,0.5901323396804049,-0.5496238883015531,4.236961941981748,,,17.20502345396659,,0.15732498740957493,,,0.7566216445648294,modern_simplified,,simplified_2025_2026_schema: no mean/min/max/total breakdowns; annual_cropland_fraction_applied_to_all_months
2026-02-01,2026,2,Mianwali District,0.4029632073667761,-0.4222508345432266,7.407061378459975,,,17.25846599957624,,0.1529514993200308,,,0.3349863410824239,modern_simplified,,simplified_2025_2026_schema: no mean/min/max/total breakdowns; annual_cropland_fraction_applied_to_all_months
2026-02-01,2026,2,Multan District,0.565138167192923,-0.5501759584819662,4.558662270167055,,,19.3440424271126,,0.13618685062952987,,,0.5451452832216929,modern_simplified,,simplified_2025_2026_schema: no mean/min/max/total breakdowns; annual_cropland_fraction_applied_to_all_months
2026-02-01,2026,2,Muzaffargarh District,0.4992769123746671,-0.49422378506530523,4.079094982435042,,,19.40201793813139,,0.09701962150447642,,,0.4294454747841108,modern_simplified,,simplified_2025_2026_schema: no mean/min/max/total breakdowns; annual_cropland_fraction_applied_to_all_months
2026-02-01,2026,2,Narowal District,0.5910794529961847,-0.5331823692819182,9.298017746119266,,,16.17870990520429,,0.2636262666105406,,,0.8373936391061032,modern_simplified,,simplified_2025_2026_schema: no mean/min/max/total breakdowns; annual_cropland_fraction_applied_to_all_months
2026-02-01,2026,2,Okara District,0.5397185289561329,-0.5183593739817273,3.0792151265230543,,,18.15830902930957,,0.1459653513601202,,,0.8219599089006896,modern_simplified,,simplified_2025_2026_schema: no mean/min/max/total breakdowns; annual_cropland_fraction_applied_to_all_months
2026-02-01,2026,2,Pakpattan District,0.5506010404176667,-0.5256382645295273,2.350609656042588,,,18.474784143783815,,0.13892363428413035,,,0.7885804701696555,modern_simplified,,simplified_2025_2026_schema: no mean/min/max/total breakdowns; annual_cropland_fraction_applied_to_all_months
2026-02-01,2026,2,Rahim Yar Khan District,0.34763281812611363,-0.403252155907509,2.947924385201749,,,20.68718597903705,,0.07614097611221404,,,0.4063933799439845,modern_simplified,,simplified_2025_2026_schema: no mean/min/max/total breakdowns; annual_cropland_fraction_applied_to_all_months
2026-02-01,2026,2,Rajanpur District,0.2845651195801689,-0.34700808117044896,5.572277283954192,,,20.136528001691644,,0.05186125024528357,,,0.2102505054948824,modern_simplified,,simplified_2025_2026_schema: no mean/min/max/total breakdowns; annual_cropland_fraction_applied_to_all_months
2026-02-01,2026,2,Rawalpindi District,0.40802531974523587,-0.4601817909369982,13.237914347878696,,,13.994022095285677,,0.27406559774776523,,,0.3441819891787142,modern_simplified,,simplified_2025_2026_schema: no mean/min/max/total breakdowns; annual_cropland_fraction_applied_to_all_months
2026-02-01,2026,2,Sahiwal District,0.5623942016935447,-0.5553531373946247,4.389536141211011,,,18.458107576505505,,0.14547100572295216,,,0.768753549705835,modern_simplified,,simplified_2025_2026_schema: no mean/min/max/total breakdowns; annual_cropland_fraction_applied_to_all_months
2026-02-01,2026,2,Sargodha District,0.5679096871747464,-0.5448708430815589,6.355914796986933,,,17.694999359926502,,0.15506766368780542,,,0.770029923518835,modern_simplified,,simplified_2025_2026_schema: no mean/min/max/total breakdowns; annual_cropland_fraction_applied_to_all_months
2026-02-01,2026,2,Sheikhupura District,0.66504514709153,-0.6095740886299389,4.675738451705442,,,17.606374351943206,,0.14981322768592342,,,0.8155665261935112,modern_simplified,,simplified_2025_2026_schema: no mean/min/max/total breakdowns; annual_cropland_fraction_applied_to_all_months
2026-02-01,2026,2,Sialkot District,0.5658982954072358,-0.5133119112846743,4.422617954033379,,,16.219799643582203,,0.22595724942078002,,,0.7816099299748643,modern_simplified,,simplified_2025_2026_schema: no mean/min/max/total breakdowns; annual_cropland_fraction_applied_to_all_months
2026-02-01,2026,2,Toba Tek Singh District,0.5881220531261535,-0.5787635321953152,6.966089065999785,,,18.4520853779474,,0.14776077865505247,,,0.7177088916026266,modern_simplified,,simplified_2025_2026_schema: no mean/min/max/total breakdowns; annual_cropland_fraction_applied_to_all_months
2026-02-01,2026,2,Vehari District,0.5575753929708109,-0.5481375762990965,3.0049204265622795,,,19.02576589609566,,0.13609064481772895,,,0.7614846388115011,modern_simplified,,simplified_2025_2026_schema: no mean/min/max/total breakdowns; annual_cropland_fraction_applied_to_all_months
2026-03-01,2026,3,Attock District,0.28397199623531155,-0.3484372713488425,100.2233189204697,,,19.724104159035402,,0.24005432167354152,,,0.37921811113293385,modern_simplified,,simplified_2025_2026_schema: no mean/min/max/total breakdowns; annual_cropland_fraction_applied_to_all_months
2026-03-01,2026,3,Bahawalnagar District,0.44502216794112487,-0.4724358597914054,9.122667752496712,,,24.721272556385475,,0.10223615555720755,,,0.5327038315981946,modern_simplified,,simplified_2025_2026_schema: no mean/min/max/total breakdowns; annual_cropland_fraction_applied_to_all_months
2026-03-01,2026,3,Bahawalpur District,0.20729403241560598,-0.3033981426544177,4.064145071279083,,,25.992797115746477,,0.05059231743853554,,,0.18148418751166745,modern_simplified,,simplified_2025_2026_schema: no mean/min/max/total breakdowns; annual_cropland_fraction_applied_to_all_months
2026-03-01,2026,3,Bhakkar District,0.38316922390498737,-0.40955642470875253,28.56302701000636,,,22.963245990678505,,0.10317081693320734,,,0.26675072814978645,modern_simplified,,simplified_2025_2026_schema: no mean/min/max/total breakdowns; annual_cropland_fraction_applied_to_all_months
2026-03-01,2026,3,Chakwal District,0.2957868472917039,-0.36644432730826604,80.6814462798029,,,20.172353824020366,,0.24761642965451128,,,0.4022725843229477,modern_simplified,,simplified_2025_2026_schema: no mean/min/max/total breakdowns; annual_cropland_fraction_applied_to_all_months
2026-03-01,2026,3,Dera Ghazi Khan District,0.28661884672638377,-0.35845142325880824,28.2446822755027,,,22.214759834633977,,0.10253142887991362,,,0.22878334475776127,modern_simplified,,simplified_2025_2026_schema: no mean/min/max/total breakdowns; annual_cropland_fraction_applied_to_all_months
2026-03-01,2026,3,Faisalabad District,0.5523242343280782,-0.5424984720892145,44.078124026021115,,,22.642227981634647,,0.1873339410531014,,,0.7468412933522115,modern_simplified,,simplified_2025_2026_schema: no mean/min/max/total breakdowns; annual_cropland_fraction_applied_to_all_months
2026-03-01,2026,3,Gujranwala District,0.6369914490058121,-0.5861740436551659,61.08521626758618,,,22.293070762261507,,0.19845668632261648,,,0.8009167542607903,modern_simplified,,simplified_2025_2026_schema: no mean/min/max/total breakdowns; annual_cropland_fraction_applied_to_all_months
2026-03-01,2026,3,Gujrat District,0.5072631596273857,-0.5022750504631687,71.74927571438282,,,21.719630916131397,,0.20234810090196,,,0.6585110313727162,modern_simplified,,simplified_2025_2026_schema: no mean/min/max/total breakdowns; annual_cropland_fraction_applied_to_all_months
2026-03-01,2026,3,Hafizabad District,0.7042284711175453,-0.644625570440939,50.03844275544366,,,22.392458151391697,,0.20201107538410137,,,0.8223888731142005,modern_simplified,,simplified_2025_2026_schema: no mean/min/max/total breakdowns; annual_cropland_fraction_applied_to_all_months
2026-03-01,2026,3,Jhang District,0.5328899717812731,-0.5245274806577919,28.69970379552286,,,22.99172487741134,,0.17245464684139214,,,0.6256672973983664,modern_simplified,,simplified_2025_2026_schema: no mean/min/max/total breakdowns; annual_cropland_fraction_applied_to_all_months
2026-03-01,2026,3,Jhelum District,0.3624236039046071,-0.41373728343316124,76.69034987148889,,,21.129461605588464,,0.22006681674761341,,,0.36235062905309323,modern_simplified,,simplified_2025_2026_schema: no mean/min/max/total breakdowns; annual_cropland_fraction_applied_to_all_months
2026-03-01,2026,3,Kasur District,0.5223559901804476,-0.515572976353768,45.28427293083226,,,22.499287311060428,,0.17533491734423515,,,0.7865557430785306,modern_simplified,,simplified_2025_2026_schema: no mean/min/max/total breakdowns; annual_cropland_fraction_applied_to_all_months
2026-03-01,2026,3,Khanewal District,0.5295655309884469,-0.5306114020325426,11.619317196585781,,,23.9042078691783,,0.1359969987021223,,,0.687537553594526,modern_simplified,,simplified_2025_2026_schema: no mean/min/max/total breakdowns; annual_cropland_fraction_applied_to_all_months
2026-03-01,2026,3,Khushab District,0.36370148586365897,-0.4095762143157557,42.066353925802396,,,21.710719071225697,,0.16952676911150805,,,0.3257686281912053,modern_simplified,,simplified_2025_2026_schema: no mean/min/max/total breakdowns; annual_cropland_fraction_applied_to_all_months
2026-03-01,2026,3,Lahore District,0.4355490808281309,-0.4435553359691858,62.3522375363548,,,21.997228248664364,,0.18782097779081716,,,0.4492339840610849,modern_simplified,,simplified_2025_2026_schema: no mean/min/max/total breakdowns; annual_cropland_fraction_applied_to_all_months
2026-03-01,2026,3,Layyah District,0.4350850652565636,-0.44600546979620537,26.336348041777136,,,23.620724668122758,,0.08973390814762099,,,0.38704612691669366,modern_simplified,,simplified_2025_2026_schema: no mean/min/max/total breakdowns; annual_cropland_fraction_applied_to_all_months
2026-03-01,2026,3,Lodhran District,0.5128219441501037,-0.5205706092486777,5.681878906573353,,,24.53262126579625,,0.12476350154943582,,,0.6959071526301707,modern_simplified,,simplified_2025_2026_schema: no mean/min/max/total breakdowns; annual_cropland_fraction_applied_to_all_months
2026-03-01,2026,3,Mandi Bahauddin District,0.610722150527893,-0.5726342658125397,55.37193148057146,,,22.168058737948854,,0.19544512950934903,,,0.7566216445648294,modern_simplified,,simplified_2025_2026_schema: no mean/min/max/total breakdowns; annual_cropland_fraction_applied_to_all_months
2026-03-01,2026,3,Mianwali District,0.4034152830725638,-0.4199977938052978,64.7552563257819,,,21.05589442177844,,0.18460985920407963,,,0.3349863410824239,modern_simplified,,simplified_2025_2026_schema: no mean/min/max/total breakdowns; annual_cropland_fraction_applied_to_all_months
2026-03-01,2026,3,Multan District,0.49842683671081844,-0.5116030336749332,9.0472337437556,,,24.526273277900263,,0.1289199312695156,,,0.5451452832216929,modern_simplified,,simplified_2025_2026_schema: no mean/min/max/total breakdowns; annual_cropland_fraction_applied_to_all_months
2026-03-01,2026,3,Muzaffargarh District,0.4339564894474681,-0.4509254050747178,16.832556951424817,,,24.371220838563598,,0.09907925092228509,,,0.4294454747841108,modern_simplified,,simplified_2025_2026_schema: no mean/min/max/total breakdowns; annual_cropland_fraction_applied_to_all_months
2026-03-01,2026,3,Narowal District,0.6588655799417352,-0.6101334874733502,81.65855644911595,,,20.948347657949682,,0.230156536288965,,,0.8373936391061032,modern_simplified,,simplified_2025_2026_schema: no mean/min/max/total breakdowns; annual_cropland_fraction_applied_to_all_months
2026-03-01,2026,3,Okara District,0.4909257228272258,-0.49459285236179523,35.01046102078227,,,23.129891619570266,,0.1506403564177702,,,0.8219599089006896,modern_simplified,,simplified_2025_2026_schema: no mean/min/max/total breakdowns; annual_cropland_fraction_applied_to_all_months
2026-03-01,2026,3,Pakpattan District,0.5017381925531308,-0.4932516163178862,17.378533453455763,,,23.614657051658092,,0.133446892867001,,,0.7885804701696555,modern_simplified,,simplified_2025_2026_schema: no mean/min/max/total breakdowns; annual_cropland_fraction_applied_to_all_months
2026-03-01,2026,3,Rahim Yar Khan District,0.27907702564483666,-0.35619967056128954,6.443269094241209,,,25.91825092159079,,0.07066798994168114,,,0.4063933799439845,modern_simplified,,simplified_2025_2026_schema: no mean/min/max/total breakdowns; annual_cropland_fraction_applied_to_all_months
2026-03-01,2026,3,Rajanpur District,0.22960785961585992,-0.30919217227017504,14.657823776996995,,,24.853094500164236,,0.05277251725948566,,,0.2102505054948824,modern_simplified,,simplified_2025_2026_schema: no mean/min/max/total breakdowns; annual_cropland_fraction_applied_to_all_months
2026-03-01,2026,3,Rawalpindi District,0.43830485840404876,-0.4649136563803863,114.31537120293042,,,18.90843417157964,,0.2933555980197658,,,0.3441819891787142,modern_simplified,,simplified_2025_2026_schema: no mean/min/max/total breakdowns; annual_cropland_fraction_applied_to_all_months
2026-03-01,2026,3,Sahiwal District,0.5307831434973208,-0.5325724285073458,23.46575579192775,,,23.392773301199387,,0.1434695354717033,,,0.768753549705835,modern_simplified,,simplified_2025_2026_schema: no mean/min/max/total breakdowns; annual_cropland_fraction_applied_to_all_months
2026-03-01,2026,3,Sargodha District,0.5773572413956864,-0.5652157324160323,47.545457878211884,,,22.215114571793677,,0.2045366054312189,,,0.770029923518835,modern_simplified,,simplified_2025_2026_schema: no mean/min/max/total breakdowns; annual_cropland_fraction_applied_to_all_months
2026-03-01,2026,3,Sheikhupura District,0.6477488821945697,-0.6056309497958461,63.45799506937682,,,22.247782354658316,,0.18715302826471528,,,0.8155665261935112,modern_simplified,,simplified_2025_2026_schema: no mean/min/max/total breakdowns; annual_cropland_fraction_applied_to_all_months
2026-03-01,2026,3,Sialkot District,0.6549854361057642,-0.599303251526401,84.7751592821204,,,21.251701634753974,,0.22640335738446166,,,0.7816099299748643,modern_simplified,,simplified_2025_2026_schema: no mean/min/max/total breakdowns; annual_cropland_fraction_applied_to_all_months
2026-03-01,2026,3,Toba Tek Singh District,0.5740226670746292,-0.5731173041148783,20.30054363889401,,,23.036700223321173,,0.1644002717789082,,,0.7177088916026266,modern_simplified,,simplified_2025_2026_schema: no mean/min/max/total breakdowns; annual_cropland_fraction_applied_to_all_months
2026-03-01,2026,3,Vehari District,0.5370528092991202,-0.5289550905419561,10.96536046232214,,,24.129307978121282,,0.1284320811072033,,,0.7614846388115011,modern_simplified,,simplified_2025_2026_schema: no mean/min/max/total breakdowns; annual_cropland_fraction_applied_to_all_months
2026-04-01,2026,4,Attock District,0.32282908359599227,-0.37729228708756624,97.38674393449688,,,22.395170619385,,0.2952499887485741,,,0.37921811113293385,modern_simplified,,simplified_2025_2026_schema: no mean/min/max/total breakdowns; annual_cropland_fraction_applied_to_all_months
2026-04-01,2026,4,Bahawalnagar District,0.20003132479247127,-0.30356250012161196,11.596277763112422,,,28.67394577832603,,0.12097476474764367,,,0.5327038315981946,modern_simplified,,simplified_2025_2026_schema: no mean/min/max/total breakdowns; annual_cropland_fraction_applied_to_all_months
2026-04-01,2026,4,Bahawalpur District,0.1309209138029498,-0.23906817124426155,17.07447005286781,,,29.641183548643987,,0.05654572801934974,,,0.18148418751166745,modern_simplified,,simplified_2025_2026_schema: no mean/min/max/total breakdowns; annual_cropland_fraction_applied_to_all_months
2026-04-01,2026,4,Bhakkar District,0.20340714969605306,-0.26968603940035807,58.60293304319836,,,25.37661051055368,,0.16007418069231238,,,0.26675072814978645,modern_simplified,,simplified_2025_2026_schema: no mean/min/max/total breakdowns; annual_cropland_fraction_applied_to_all_months
2026-04-01,2026,4,Chakwal District,0.32086528777600504,-0.3686839602360121,87.99477269615738,,,22.757526464736333,,0.29895143482860737,,,0.4022725843229477,modern_simplified,,simplified_2025_2026_schema: no mean/min/max/total breakdowns; annual_cropland_fraction_applied_to_all_months
2026-04-01,2026,4,Dera Ghazi Khan District,0.19022713163076332,-0.28093400504514143,40.56132250676143,,,24.382962680076705,,0.17599248912647017,,,0.22878334475776127,modern_simplified,,simplified_2025_2026_schema: no mean/min/max/total breakdowns; annual_cropland_fraction_applied_to_all_months
2026-04-01,2026,4,Faisalabad District,0.3406929755076853,-0.3914071330792432,23.597582431634432,,,26.587335258506766,,0.1912426893981376,,,0.7468412933522115,modern_simplified,,simplified_2025_2026_schema: no mean/min/max/total breakdowns; annual_cropland_fraction_applied_to_all_months
2026-04-01,2026,4,Gujranwala District,0.36302206391098846,-0.4195714971852955,39.80908327678755,,,25.81100127400117,,0.22333058442251472,,,0.8009167542607903,modern_simplified,,simplified_2025_2026_schema: no mean/min/max/total breakdowns; annual_cropland_fraction_applied_to_all_months
2026-04-01,2026,4,Gujrat District,0.3780093475265967,-0.4233768454030425,57.60865179970865,,,24.413869583981878,,0.25702711798407296,,,0.6585110313727162,modern_simplified,,simplified_2025_2026_schema: no mean/min/max/total breakdowns; annual_cropland_fraction_applied_to_all_months
2026-04-01,2026,4,Hafizabad District,0.30600519760391665,-0.38648286956616795,48.42450420747911,,,25.816132592343557,,0.22518654236426716,,,0.8223888731142005,modern_simplified,,simplified_2025_2026_schema: no mean/min/max/total breakdowns; annual_cropland_fraction_applied_to_all_months
2026-04-01,2026,4,Jhang District,0.30787326985161717,-0.36826560726831425,29.689248439514735,,,26.417698446453237,,0.19975227800905332,,,0.6256672973983664,modern_simplified,,simplified_2025_2026_schema: no mean/min/max/total breakdowns; annual_cropland_fraction_applied_to_all_months
2026-04-01,2026,4,Jhelum District,0.350692505132765,-0.3982272369878195,74.80721194211307,,,23.70340763429879,,0.2755839706621347,,,0.36235062905309323,modern_simplified,,simplified_2025_2026_schema: no mean/min/max/total breakdowns; annual_cropland_fraction_applied_to_all_months
2026-04-01,2026,4,Kasur District,0.40537937147924846,-0.4366672484518926,25.27963605284213,,,27.039818300358895,,0.17652347485453077,,,0.7865557430785306,modern_simplified,,simplified_2025_2026_schema: no mean/min/max/total breakdowns; annual_cropland_fraction_applied_to_all_months
2026-04-01,2026,4,Khanewal District,0.30801773311303554,-0.37460076724805913,22.19298979817418,,,28.00735850367364,,0.15129419911039774,,,0.687537553594526,modern_simplified,,simplified_2025_2026_schema: no mean/min/max/total breakdowns; annual_cropland_fraction_applied_to_all_months
2026-04-01,2026,4,Khushab District,0.26932172284113454,-0.33488592854849125,77.48975997631523,,,24.380570965347577,,0.22179679072469885,,,0.3257686281912053,modern_simplified,,simplified_2025_2026_schema: no mean/min/max/total breakdowns; annual_cropland_fraction_applied_to_all_months
2026-04-01,2026,4,Lahore District,0.3372693123696426,-0.36887746186288456,28.90552158307618,,,26.4389909273765,,0.1760239142868434,,,0.4492339840610849,modern_simplified,,simplified_2025_2026_schema: no mean/min/max/total breakdowns; annual_cropland_fraction_applied_to_all_months
2026-04-01,2026,4,Layyah District,0.2123684940090092,-0.28927580893974086,38.40690922468884,,,26.23104123319503,,0.14121680479461776,,,0.38704612691669366,modern_simplified,,simplified_2025_2026_schema: no mean/min/max/total breakdowns; annual_cropland_fraction_applied_to_all_months
2026-04-01,2026,4,Lodhran District,0.27290809007809613,-0.3556725476326563,11.329556174108616,,,28.555907947803306,,0.1354708325934895,,,0.6959071526301707,modern_simplified,,simplified_2025_2026_schema: no mean/min/max/total breakdowns; annual_cropland_fraction_applied_to_all_months
2026-04-01,2026,4,Mandi Bahauddin District,0.3881382760844185,-0.43122929925610065,59.17004448293759,,,25.213234852253155,,0.2433330197610115,,,0.7566216445648294,modern_simplified,,simplified_2025_2026_schema: no mean/min/max/total breakdowns; annual_cropland_fraction_applied_to_all_months
2026-04-01,2026,4,Mianwali District,0.2478132495540112,-0.3152404758994677,99.50064670719419,,,23.804492960088936,,0.2453570334722529,,,0.3349863410824239,modern_simplified,,simplified_2025_2026_schema: no mean/min/max/total breakdowns; annual_cropland_fraction_applied_to_all_months
2026-04-01,2026,4,Multan District,0.3108844524467328,-0.3741867485331634,25.806550732366848,,,28.228802021067096,,0.15127697161302037,,,0.5451452832216929,modern_simplified,,simplified_2025_2026_schema: no mean/min/max/total breakdowns; annual_cropland_fraction_applied_to_all_months
2026-04-01,2026,4,Muzaffargarh District,0.2486947188088966,-0.31510996712100814,35.85972258381191,,,27.512749317825225,,0.13718966567828783,,,0.4294454747841108,modern_simplified,,simplified_2025_2026_schema: no mean/min/max/total breakdowns; annual_cropland_fraction_applied_to_all_months
2026-04-01,2026,4,Narowal District,0.3667868022392796,-0.43864202408812114,43.605832293839605,,,24.232511127197974,,0.26923847723385574,,,0.8373936391061032,modern_simplified,,simplified_2025_2026_schema: no mean/min/max/total breakdowns; annual_cropland_fraction_applied_to_all_months
2026-04-01,2026,4,Okara District,0.4386151931214538,-0.46235234591364993,16.647402827196156,,,27.532876465633592,,0.16272830067909835,,,0.8219599089006896,modern_simplified,,simplified_2025_2026_schema: no mean/min/max/total breakdowns; annual_cropland_fraction_applied_to_all_months
2026-04-01,2026,4,Pakpattan District,0.4318769731876611,-0.4560551568881321,10.615504802006452,,,28.056387272347266,,0.15377708922167752,,,0.7885804701696555,modern_simplified,,simplified_2025_2026_schema: no mean/min/max/total breakdowns; annual_cropland_fraction_applied_to_all_months
2026-04-01,2026,4,Rahim Yar Khan District,0.19046013969561515,-0.2845079939480603,14.195490506052767,,,29.25116004837396,,0.09505910438553447,,,0.4063933799439845,modern_simplified,,simplified_2025_2026_schema: no mean/min/max/total breakdowns; annual_cropland_fraction_applied_to_all_months
2026-04-01,2026,4,Rajanpur District,0.14659119457445235,-0.2385180579968569,26.642283002763957,,,27.56011035767724,,0.09299950224127614,,,0.2102505054948824,modern_simplified,,simplified_2025_2026_schema: no mean/min/max/total breakdowns; annual_cropland_fraction_applied_to_all_months
2026-04-01,2026,4,Rawalpindi District,0.4258834301068838,-0.4533017908207837,97.9321972036211,,,21.51708306869366,,0.3234076537346929,,,0.3441819891787142,modern_simplified,,simplified_2025_2026_schema: no mean/min/max/total breakdowns; annual_cropland_fraction_applied_to_all_months
2026-04-01,2026,4,Sahiwal District,0.4045362274249471,-0.4452531189091154,13.239824700066405,,,27.796836354105153,,0.15375658642433185,,,0.768753549705835,modern_simplified,,simplified_2025_2026_schema: no mean/min/max/total breakdowns; annual_cropland_fraction_applied_to_all_months
2026-04-01,2026,4,Sargodha District,0.3766077255237536,-0.42575302776020996,67.0572814035655,,,25.291335058726986,,0.2534602308410735,,,0.770029923518835,modern_simplified,,simplified_2025_2026_schema: no mean/min/max/total breakdowns; annual_cropland_fraction_applied_to_all_months
2026-04-01,2026,4,Sheikhupura District,0.33454265899108965,-0.4016927472046121,35.216733313852494,,,26.234821749780295,,0.19646226215544332,,,0.8155665261935112,modern_simplified,,simplified_2025_2026_schema: no mean/min/max/total breakdowns; annual_cropland_fraction_applied_to_all_months
2026-04-01,2026,4,Sialkot District,0.4131060838515183,-0.4632059768528524,48.006471708708254,,,24.397513352891533,,0.262450631404422,,,0.7816099299748643,modern_simplified,,simplified_2025_2026_schema: no mean/min/max/total breakdowns; annual_cropland_fraction_applied_to_all_months
2026-04-01,2026,4,Toba Tek Singh District,0.3210579775256792,-0.3860747539497364,18.49837547575571,,,27.144413783306067,,0.17835244067213446,,,0.7177088916026266,modern_simplified,,simplified_2025_2026_schema: no mean/min/max/total breakdowns; annual_cropland_fraction_applied_to_all_months
2026-04-01,2026,4,Vehari District,0.3803640861171385,-0.4264199629261826,10.241722027360673,,,28.325363036553806,,0.14156458763259888,,,0.7614846388115011,modern_simplified,,simplified_2025_2026_schema: no mean/min/max/total breakdowns; annual_cropland_fraction_applied_to_all_months
2026-05-01,2026,5,Attock District,0.25288905008354434,-0.319229373142769,39.85930057524873,,,28.723202004061655,,0.18169907179246517,,,0.37921811113293385,modern_simplified,,simplified_2025_2026_schema: no mean/min/max/total breakdowns; annual_cropland_fraction_applied_to_all_months
2026-05-01,2026,5,Bahawalnagar District,0.17051530272637994,-0.2619337173346672,9.543198012140525,,,33.91744456478826,,0.09814320120970194,,,0.5327038315981946,modern_simplified,,simplified_2025_2026_schema: no mean/min/max/total breakdowns; annual_cropland_fraction_applied_to_all_months
2026-05-01,2026,5,Bahawalpur District,0.12066388599913594,-0.22200551306430233,6.34337186953518,,,35.471575671000494,,0.04694122681828737,,,0.18148418751166745,modern_simplified,,simplified_2025_2026_schema: no mean/min/max/total breakdowns; annual_cropland_fraction_applied_to_all_months
2026-05-01,2026,5,Bhakkar District,0.17523305721574778,-0.24750730326816792,12.72187182943653,,,32.67809098679139,,0.05884267764049768,,,0.26675072814978645,modern_simplified,,simplified_2025_2026_schema: no mean/min/max/total breakdowns; annual_cropland_fraction_applied_to_all_months
2026-05-01,2026,5,Chakwal District,0.26830828797453843,-0.3278174091386821,41.22572976803383,,,28.790194077534125,,0.19524054074650915,,,0.4022725843229477,modern_simplified,,simplified_2025_2026_schema: no mean/min/max/total breakdowns; annual_cropland_fraction_applied_to_all_months
2026-05-01,2026,5,Dera Ghazi Khan District,0.17558472750867787,-0.25928669850655334,12.022263747424784,,,31.84453640841588,,0.0474289327649745,,,0.22878334475776127,modern_simplified,,simplified_2025_2026_schema: no mean/min/max/total breakdowns; annual_cropland_fraction_applied_to_all_months
2026-05-01,2026,5,Faisalabad District,0.29970897615366926,-0.3554683148988129,22.621233646881432,,,32.45698413396386,,0.1400443655563318,,,0.7468412933522115,modern_simplified,,simplified_2025_2026_schema: no mean/min/max/total breakdowns; annual_cropland_fraction_applied_to_all_months
2026-05-01,2026,5,Gujranwala District,0.24814442182824906,-0.3188684705280117,45.26989921128422,,,31.468230775207825,,0.1682679882998547,,,0.8009167542607903,modern_simplified,,simplified_2025_2026_schema: no mean/min/max/total breakdowns; annual_cropland_fraction_applied_to_all_months
2026-05-01,2026,5,Gujrat District,0.2761431149394339,-0.33062833153742427,50.72038068274397,,,30.280661503884172,,0.16283763748263502,,,0.6585110313727162,modern_simplified,,simplified_2025_2026_schema: no mean/min/max/total breakdowns; annual_cropland_fraction_applied_to_all_months
2026-05-01,2026,5,Hafizabad District,0.20352654893093067,-0.2838205126323088,42.51755349590292,,,31.903635296286204,,0.15379536001631677,,,0.8223888731142005,modern_simplified,,simplified_2025_2026_schema: no mean/min/max/total breakdowns; annual_cropland_fraction_applied_to_all_months
2026-05-01,2026,5,Jhang District,0.2690043256863141,-0.323717796113656,18.620975941524758,,,32.88635016716849,,0.12386593127734169,,,0.6256672973983664,modern_simplified,,simplified_2025_2026_schema: no mean/min/max/total breakdowns; annual_cropland_fraction_applied_to_all_months
2026-05-01,2026,5,Jhelum District,0.28022851486648387,-0.3430182090797156,51.47691213060606,,,29.796748413200934,,0.1803035801886254,,,0.36235062905309323,modern_simplified,,simplified_2025_2026_schema: no mean/min/max/total breakdowns; annual_cropland_fraction_applied_to_all_months
2026-05-01,2026,5,Kasur District,0.3624774211468393,-0.3994385397825185,25.02260420179576,,,32.17999001797777,,0.1508853070111002,,,0.7865557430785306,modern_simplified,,simplified_2025_2026_schema: no mean/min/max/total breakdowns; annual_cropland_fraction_applied_to_all_months
2026-05-01,2026,5,Khanewal District,0.28754422247681416,-0.3520413729485604,13.083711121742732,,,33.74175904603041,,0.1299196180427793,,,0.687537553594526,modern_simplified,,simplified_2025_2026_schema: no mean/min/max/total breakdowns; annual_cropland_fraction_applied_to_all_months
2026-05-01,2026,5,Khushab District,0.23120230932207103,-0.30522620778449505,36.211156630588505,,,31.176233211955438,,0.11442942432484655,,,0.3257686281912053,modern_simplified,,simplified_2025_2026_schema: no mean/min/max/total breakdowns; annual_cropland_fraction_applied_to_all_months
2026-05-01,2026,5,Lahore District,0.2733987033656169,-0.32447810764965324,53.86073221952833,,,31.72779358296274,,0.14124317038432377,,,0.4492339840610849,modern_simplified,,simplified_2025_2026_schema: no mean/min/max/total breakdowns; annual_cropland_fraction_applied_to_all_months
2026-05-01,2026,5,Layyah District,0.19338642220584185,-0.26435439269622146,8.140867438262582,,,33.5165721962998,,0.05861892597137549,,,0.38704612691669366,modern_simplified,,simplified_2025_2026_schema: no mean/min/max/total breakdowns; annual_cropland_fraction_applied_to_all_months
2026-05-01,2026,5,Lodhran District,0.24613354084336622,-0.31952328082537923,7.026094377119856,,,34.053900737785234,,0.12445341221707786,,,0.6959071526301707,modern_simplified,,simplified_2025_2026_schema: no mean/min/max/total breakdowns; annual_cropland_fraction_applied_to_all_months
2026-05-01,2026,5,Mandi Bahauddin District,0.3097503351082135,-0.3618742722915461,45.71217238617801,,,31.44901935675309,,0.15687835911294118,,,0.7566216445648294,modern_simplified,,simplified_2025_2026_schema: no mean/min/max/total breakdowns; annual_cropland_fraction_applied_to_all_months
2026-05-01,2026,5,Mianwali District,0.20229731998998124,-0.2751126197960914,37.44517075477546,,,30.371548290859263,,0.12461424218765582,,,0.3349863410824239,modern_simplified,,simplified_2025_2026_schema: no mean/min/max/total breakdowns; annual_cropland_fraction_applied_to_all_months
2026-05-01,2026,5,Multan District,0.28115464312845684,-0.3479713546651279,9.601608784569923,,,34.156783882198184,,0.12307390028171636,,,0.5451452832216929,modern_simplified,,simplified_2025_2026_schema: no mean/min/max/total breakdowns; annual_cropland_fraction_applied_to_all_months
2026-05-01,2026,5,Muzaffargarh District,0.24587321676386156,-0.3025618862804886,9.86896395727938,,,33.89730164107514,,0.08765478627622314,,,0.4294454747841108,modern_simplified,,simplified_2025_2026_schema: no mean/min/max/total breakdowns; annual_cropland_fraction_applied_to_all_months
2026-05-01,2026,5,Narowal District,0.24996100423029682,-0.3445123168531616,48.81046436468474,,,29.40096409914452,,0.1722921099252659,,,0.8373936391061032,modern_simplified,,simplified_2025_2026_schema: no mean/min/max/total breakdowns; annual_cropland_fraction_applied_to_all_months
2026-05-01,2026,5,Okara District,0.3902085319742231,-0.4233943260480878,15.765371315518616,,,32.752408519654814,,0.134993988225465,,,0.8219599089006896,modern_simplified,,simplified_2025_2026_schema: no mean/min/max/total breakdowns; annual_cropland_fraction_applied_to_all_months
2026-05-01,2026,5,Pakpattan District,0.36730469168387425,-0.40593687761212427,18.50621921030736,,,33.27200695050215,,0.12895240911117714,,,0.7885804701696555,modern_simplified,,simplified_2025_2026_schema: no mean/min/max/total breakdowns; annual_cropland_fraction_applied_to_all_months
2026-05-01,2026,5,Rahim Yar Khan District,0.20097455959154592,-0.2715560383984242,4.79269204508077,,,35.29018003279987,,0.06934218353072787,,,0.4063933799439845,modern_simplified,,simplified_2025_2026_schema: no mean/min/max/total breakdowns; annual_cropland_fraction_applied_to_all_months
2026-05-01,2026,5,Rajanpur District,0.14412194734140954,-0.22434857636587724,6.628002631135476,,,34.151493961985,,0.04762731672486709,,,0.2102505054948824,modern_simplified,,simplified_2025_2026_schema: no mean/min/max/total breakdowns; annual_cropland_fraction_applied_to_all_months
2026-05-01,2026,5,Rawalpindi District,0.3465625077253995,-0.38356432166170923,60.50313436520947,,,27.555388540166053,,0.2204874826640937,,,0.3441819891787142,modern_simplified,,simplified_2025_2026_schema: no mean/min/max/total breakdowns; annual_cropland_fraction_applied_to_all_months
2026-05-01,2026,5,Sahiwal District,0.3452427111651203,-0.3997649920585784,15.554053574152345,,,33.2126429957586,,0.1354409955638661,,,0.768753549705835,modern_simplified,,simplified_2025_2026_schema: no mean/min/max/total breakdowns; annual_cropland_fraction_applied_to_all_months
2026-05-01,2026,5,Sargodha District,0.30769139456975464,-0.3619936378145675,43.21437903360243,,,31.638996795286356,,0.14932569495782186,,,0.770029923518835,modern_simplified,,simplified_2025_2026_schema: no mean/min/max/total breakdowns; annual_cropland_fraction_applied_to_all_months
2026-05-01,2026,5,Sheikhupura District,0.2391583743640692,-0.316574261264329,38.355933926531776,,,31.889383820105998,,0.1421523697065507,,,0.8155665261935112,modern_simplified,,simplified_2025_2026_schema: no mean/min/max/total breakdowns; annual_cropland_fraction_applied_to_all_months
2026-05-01,2026,5,Sialkot District,0.27802987637460397,-0.3575777764206487,44.201431261557566,,,29.975953582420207,,0.17345526425879798,,,0.7816099299748643,modern_simplified,,simplified_2025_2026_schema: no mean/min/max/total breakdowns; annual_cropland_fraction_applied_to_all_months
2026-05-01,2026,5,Toba Tek Singh District,0.29643025688865526,-0.36429875198694406,14.667239876926686,,,33.04861957805471,,0.13763964020924765,,,0.7177088916026266,modern_simplified,,simplified_2025_2026_schema: no mean/min/max/total breakdowns; annual_cropland_fraction_applied_to_all_months
2026-05-01,2026,5,Vehari District,0.3147016975285931,-0.37094768370209485,14.53817798694216,,,33.63569992220307,,0.1258509281974141,,,0.7614846388115011,modern_simplified,,simplified_2025_2026_schema: no mean/min/max/total breakdowns; annual_cropland_fraction_applied_to_all_months
2026-06-01,2026,6,Attock District,0.226481500589462,-0.3102343451097643,39.215856131896714,,,32.18883650107888,,0.14849872897175,,,0.37921811113293385,modern_simplified,,simplified_2025_2026_schema: no mean/min/max/total breakdowns; annual_cropland_fraction_applied_to_all_months
2026-06-01,2026,6,Bahawalnagar District,0.22121733476851124,-0.28926211766529736,29.051037156732107,,,35.06140750020572,,0.09820033649830577,,,0.5327038315981946,modern_simplified,,simplified_2025_2026_schema: no mean/min/max/total breakdowns; annual_cropland_fraction_applied_to_all_months
2026-06-01,2026,6,Bahawalpur District,0.1400261300690278,-0.2296095370046934,19.43050392054446,,,36.45877255114628,,0.042404856028140384,,,0.18148418751166745,modern_simplified,,simplified_2025_2026_schema: no mean/min/max/total breakdowns; annual_cropland_fraction_applied_to_all_months
2026-06-01,2026,6,Bhakkar District,0.19886070949835744,-0.2597834267708446,21.723894293447245,,,35.00269753908137,,0.0589372093758864,,,0.26675072814978645,modern_simplified,,simplified_2025_2026_schema: no mean/min/max/total breakdowns; annual_cropland_fraction_applied_to_all_months
2026-06-01,2026,6,Chakwal District,0.2868120732709658,-0.3413636498811312,42.11153227650808,,,31.748895319082617,,0.1592295858275861,,,0.4022725843229477,modern_simplified,,simplified_2025_2026_schema: no mean/min/max/total breakdowns; annual_cropland_fraction_applied_to_all_months
2026-06-01,2026,6,Dera Ghazi Khan District,0.16783302542018255,-0.24602555795507133,26.908240117066143,,,33.38245863319134,,0.05619301920954842,,,0.22878334475776127,modern_simplified,,simplified_2025_2026_schema: no mean/min/max/total breakdowns; annual_cropland_fraction_applied_to_all_months
2026-06-01,2026,6,Faisalabad District,0.32456192641018483,-0.36895731006418725,41.10503053866837,,,33.7642369806336,,0.14005337067898602,,,0.7468412933522115,modern_simplified,,simplified_2025_2026_schema: no mean/min/max/total breakdowns; annual_cropland_fraction_applied_to_all_months
2026-06-01,2026,6,Gujranwala District,0.21743732128507884,-0.27732361918040327,40.890102123674524,,,33.48099424965449,,0.139725503422131,,,0.8009167542607903,modern_simplified,,simplified_2025_2026_schema: no mean/min/max/total breakdowns; annual_cropland_fraction_applied_to_all_months
2026-06-01,2026,6,Gujrat District,0.27075833284343803,-0.3436228408063278,61.217299155370405,,,32.688799731951704,,0.13782165158634968,,,0.6585110313727162,modern_simplified,,simplified_2025_2026_schema: no mean/min/max/total breakdowns; annual_cropland_fraction_applied_to_all_months
2026-06-01,2026,6,Hafizabad District,0.20254820991032246,-0.2709651226096291,33.73083792056695,,,33.88979102324425,,0.140567982936199,,,0.8223888731142005,modern_simplified,,simplified_2025_2026_schema: no mean/min/max/total breakdowns; annual_cropland_fraction_applied_to_all_months
2026-06-01,2026,6,Jhang District,0.2950964385972227,-0.33497614027183803,25.29889579180067,,,34.48230844170088,,0.12278818772949118,,,0.6256672973983664,modern_simplified,,simplified_2025_2026_schema: no mean/min/max/total breakdowns; annual_cropland_fraction_applied_to_all_months
2026-06-01,2026,6,Jhelum District,0.25818663845928524,-0.33362413069518226,58.51979029640958,,,32.42285705565663,,0.14615311635135955,,,0.36235062905309323,modern_simplified,,simplified_2025_2026_schema: no mean/min/max/total breakdowns; annual_cropland_fraction_applied_to_all_months
2026-06-01,2026,6,Kasur District,0.32244172149803096,-0.3666744656522141,46.09572144268902,,,33.33058109041757,,0.1453208447659496,,,0.7865557430785306,modern_simplified,,simplified_2025_2026_schema: no mean/min/max/total breakdowns; annual_cropland_fraction_applied_to_all_months
2026-06-01,2026,6,Khanewal District,0.332341195687146,-0.36933429892008396,17.365042749877432,,,34.949772356357265,,0.13083476531169427,,,0.687537553594526,modern_simplified,,simplified_2025_2026_schema: no mean/min/max/total breakdowns; annual_cropland_fraction_applied_to_all_months
2026-06-01,2026,6,Khushab District,0.21020387315678202,-0.28887384142031053,22.814465013728803,,,33.469175192992836,,0.10377518005435894,,,0.3257686281912053,modern_simplified,,simplified_2025_2026_schema: no mean/min/max/total breakdowns; annual_cropland_fraction_applied_to_all_months
2026-06-01,2026,6,Lahore District,0.2706808506440537,-0.31775191884488485,38.72491877944635,,,33.00584409771257,,0.13835116313744877,,,0.4492339840610849,modern_simplified,,simplified_2025_2026_schema: no mean/min/max/total breakdowns; annual_cropland_fraction_applied_to_all_months
2026-06-01,2026,6,Layyah District,0.22361311087249863,-0.2747986035423889,16.837899503345856,,,35.47386450761887,,0.06292807878016156,,,0.38704612691669366,modern_simplified,,simplified_2025_2026_schema: no mean/min/max/total breakdowns; annual_cropland_fraction_applied_to_all_months
2026-06-01,2026,6,Lodhran District,0.2954779977826198,-0.3455452056226538,20.5194027372343,,,35.17277688209,,0.12495782864151513,,,0.6959071526301707,modern_simplified,,simplified_2025_2026_schema: no mean/min/max/total breakdowns; annual_cropland_fraction_applied_to_all_months
2026-06-01,2026,6,Mandi Bahauddin District,0.3237388793884942,-0.373476637461312,43.351053512256684,,,33.66778086586467,,0.1339195017028364,,,0.7566216445648294,modern_simplified,,simplified_2025_2026_schema: no mean/min/max/total breakdowns; annual_cropland_fraction_applied_to_all_months
2026-06-01,2026,6,Mianwali District,0.19889829288879082,-0.2732548697628828,25.235374003492264,,,33.21532039633318,,0.10890512716262903,,,0.3349863410824239,modern_simplified,,simplified_2025_2026_schema: no mean/min/max/total breakdowns; annual_cropland_fraction_applied_to_all_months
2026-06-01,2026,6,Multan District,0.3038062097455528,-0.34865956158246947,16.20737717170274,,,35.379915716701895,,0.12551463650361672,,,0.5451452832216929,modern_simplified,,simplified_2025_2026_schema: no mean/min/max/total breakdowns; annual_cropland_fraction_applied_to_all_months
2026-06-01,2026,6,Muzaffargarh District,0.2972001848627139,-0.3258692030635066,17.136434137029777,,,35.339519526868266,,0.08971443291355609,,,0.4294454747841108,modern_simplified,,simplified_2025_2026_schema: no mean/min/max/total breakdowns; annual_cropland_fraction_applied_to_all_months
2026-06-01,2026,6,Narowal District,0.22697065436442088,-0.3090093289461036,73.26462748835961,,,31.489446874584175,,0.16979660799380464,,,0.8373936391061032,modern_simplified,,simplified_2025_2026_schema: no mean/min/max/total breakdowns; annual_cropland_fraction_applied_to_all_months
2026-06-01,2026,6,Okara District,0.30806511883318305,-0.35499310457192573,39.488857069738785,,,33.77748411541817,,0.1355546183027116,,,0.8219599089006896,modern_simplified,,simplified_2025_2026_schema: no mean/min/max/total breakdowns; annual_cropland_fraction_applied_to_all_months
2026-06-01,2026,6,Pakpattan District,0.30173559569203273,-0.34630105336216743,24.157398927566756,,,34.17387825948342,,0.1328309734331988,,,0.7885804701696555,modern_simplified,,simplified_2025_2026_schema: no mean/min/max/total breakdowns; annual_cropland_fraction_applied_to_all_months
2026-06-01,2026,6,Rahim Yar Khan District,0.25310075473814975,-0.30443977899658703,34.33293828444239,,,36.05220529460167,,0.06326982953794702,,,0.4063933799439845,modern_simplified,,simplified_2025_2026_schema: no mean/min/max/total breakdowns; annual_cropland_fraction_applied_to_all_months
2026-06-01,2026,6,Rajanpur District,0.15800099796515032,-0.2257087434145639,28.04900795092715,,,35.19816510747525,,0.04682914396267219,,,0.2102505054948824,modern_simplified,,simplified_2025_2026_schema: no mean/min/max/total breakdowns; annual_cropland_fraction_applied_to_all_months
2026-06-01,2026,6,Rawalpindi District,0.3532336297959381,-0.39738628797697634,69.16363761461429,,,30.49758110659878,,0.19083348633406796,,,0.3441819891787142,modern_simplified,,simplified_2025_2026_schema: no mean/min/max/total breakdowns; annual_cropland_fraction_applied_to_all_months
2026-06-01,2026,6,Sahiwal District,0.3083774075383636,-0.3648887685738495,20.75217556130903,,,34.158351660575455,,0.13763409729222234,,,0.768753549705835,modern_simplified,,simplified_2025_2026_schema: no mean/min/max/total breakdowns; annual_cropland_fraction_applied_to_all_months
2026-06-01,2026,6,Sargodha District,0.3463438146370341,-0.3902665854816217,27.170318104157033,,,33.69635210749825,,0.13851098687497224,,,0.770029923518835,modern_simplified,,simplified_2025_2026_schema: no mean/min/max/total breakdowns; annual_cropland_fraction_applied_to_all_months
2026-06-01,2026,6,Sheikhupura District,0.21305364355686052,-0.28070512181206153,43.5083737385074,,,33.485125661302426,,0.13535179117688653,,,0.8155665261935112,modern_simplified,,simplified_2025_2026_schema: no mean/min/max/total breakdowns; annual_cropland_fraction_applied_to_all_months
2026-06-01,2026,6,Sialkot District,0.25347599494882533,-0.32887642694756475,63.04164081831405,,,32.21750210627394,,0.15386291468731994,,,0.7816099299748643,modern_simplified,,simplified_2025_2026_schema: no mean/min/max/total breakdowns; annual_cropland_fraction_applied_to_all_months
2026-06-01,2026,6,Toba Tek Singh District,0.2914354279214262,-0.34837476112949267,22.593850186228735,,,34.19133881879191,,0.13980047184719133,,,0.7177088916026266,modern_simplified,,simplified_2025_2026_schema: no mean/min/max/total breakdowns; annual_cropland_fraction_applied_to_all_months
2026-06-01,2026,6,Vehari District,0.3036232745841766,-0.3552507786827095,21.458819875912987,,,34.79373286346535,,0.12459127230603699,,,0.7614846388115011,modern_simplified,,simplified_2025_2026_schema: no mean/min/max/total breakdowns; annual_cropland_fraction_applied_to_all_months
2026-07-01,2026,7,Attock District,0.23746471680121298,-0.3062068522162492,184.88929028837427,,,30.94436828459192,,0.25077807281124187,,,0.37921811113293385,modern_simplified,,simplified_2025_2026_schema: no mean/min/max/total breakdowns; annual_cropland_fraction_applied_to_all_months
2026-07-01,2026,7,Bahawalnagar District,0.2787501302088632,-0.3255589899473545,82.67641591852842,,,34.446169386226984,,0.13447189692372183,,,0.5327038315981946,modern_simplified,,simplified_2025_2026_schema: no mean/min/max/total breakdowns; annual_cropland_fraction_applied_to_all_months
2026-07-01,2026,7,Bahawalpur District,0.1658808484626973,-0.24394842218409094,57.000978255363854,,,35.57356654495015,,0.05221518591173376,,,0.18148418751166745,modern_simplified,,simplified_2025_2026_schema: no mean/min/max/total breakdowns; annual_cropland_fraction_applied_to_all_months
2026-07-01,2026,7,Bhakkar District,0.222086738478708,-0.26245844012334224,92.30491383952541,,,34.71536482138064,,0.08792037498262419,,,0.26675072814978645,modern_simplified,,simplified_2025_2026_schema: no mean/min/max/total breakdowns; annual_cropland_fraction_applied_to_all_months
2026-07-01,2026,7,Chakwal District,0.2953240625951358,-0.3383106170684732,186.161394597889,,,30.709328616490566,,0.2454526858311397,,,0.4022725843229477,modern_simplified,,simplified_2025_2026_schema: no mean/min/max/total breakdowns; annual_cropland_fraction_applied_to_all_months
2026-07-01,2026,7,Dera Ghazi Khan District,0.1924851738959044,-0.25319400674792686,59.03448169801306,,,33.13897249641547,,0.07581576941668744,,,0.22878334475776127,modern_simplified,,simplified_2025_2026_schema: no mean/min/max/total breakdowns; annual_cropland_fraction_applied_to_all_months
2026-07-01,2026,7,Faisalabad District,0.3224994130430633,-0.3463134629300351,122.52097290615875,,,33.07711595889616,,0.1966443330086376,,,0.7468412933522115,modern_simplified,,simplified_2025_2026_schema: no mean/min/max/total breakdowns; annual_cropland_fraction_applied_to_all_months
2026-07-01,2026,7,Gujranwala District,0.3042951912209381,-0.3032179521117965,262.54907062627706,,,31.53948700500074,,0.24782148609533794,,,0.8009167542607903,modern_simplified,,simplified_2025_2026_schema: no mean/min/max/total breakdowns; annual_cropland_fraction_applied_to_all_months
2026-07-01,2026,7,Gujrat District,0.256760504039681,-0.29041034176302255,397.3287611694568,,,30.774473657508345,,0.26310154941468844,,,0.6585110313727162,modern_simplified,,simplified_2025_2026_schema: no mean/min/max/total breakdowns; annual_cropland_fraction_applied_to_all_months
2026-07-01,2026,7,Hafizabad District,0.24446668321249926,-0.2561355315935009,171.71002209246873,,,32.44010630285489,,0.22126868694909638,,,0.8223888731142005,modern_simplified,,simplified_2025_2026_schema: no mean/min/max/total breakdowns; annual_cropland_fraction_applied_to_all_months
2026-07-01,2026,7,Jhang District,0.3126537187020572,-0.33920782123762533,92.6187950338134,,,34.04806504971162,,0.15421148039394006,,,0.6256672973983664,modern_simplified,,simplified_2025_2026_schema: no mean/min/max/total breakdowns; annual_cropland_fraction_applied_to_all_months
2026-07-01,2026,7,Jhelum District,0.2552648319162751,-0.31387308173594847,321.12192431848683,,,30.84495122128468,,0.25465572880571685,,,0.36235062905309323,modern_simplified,,simplified_2025_2026_schema: no mean/min/max/total breakdowns; annual_cropland_fraction_applied_to_all_months
2026-07-01,2026,7,Kasur District,0.3412328022150354,-0.3614179900996138,173.9155864028616,,,32.1875755200717,,0.2089177226699411,,,0.7865557430785306,modern_simplified,,simplified_2025_2026_schema: no mean/min/max/total breakdowns; annual_cropland_fraction_applied_to_all_months
2026-07-01,2026,7,Khanewal District,0.3472758091799427,-0.3787181349831712,55.029028388660215,,,34.422521997459754,,0.1522456570755542,,,0.687537553594526,modern_simplified,,simplified_2025_2026_schema: no mean/min/max/total breakdowns; annual_cropland_fraction_applied_to_all_months
2026-07-01,2026,7,Khushab District,0.21675783793073597,-0.27652920516159496,139.8655297225559,,,32.808521506845295,,0.15765936876387635,,,0.3257686281912053,modern_simplified,,simplified_2025_2026_schema: no mean/min/max/total breakdowns; annual_cropland_fraction_applied_to_all_months
2026-07-01,2026,7,Lahore District,0.29691967317503265,-0.3218483279588165,317.2440636397892,,,31.546357885635196,,0.2232682569720655,,,0.4492339840610849,modern_simplified,,simplified_2025_2026_schema: no mean/min/max/total breakdowns; annual_cropland_fraction_applied_to_all_months
2026-07-01,2026,7,Layyah District,0.2473869439365473,-0.2796868371942667,49.80558206619232,,,35.11574398585722,,0.08602635358092332,,,0.38704612691669366,modern_simplified,,simplified_2025_2026_schema: no mean/min/max/total breakdowns; annual_cropland_fraction_applied_to_all_months
2026-07-01,2026,7,Lodhran District,0.2988509837833916,-0.34113490604620667,33.348920624212575,,,34.72222709884196,,0.14351780061771754,,,0.6959071526301707,modern_simplified,,simplified_2025_2026_schema: no mean/min/max/total breakdowns; annual_cropland_fraction_applied_to_all_months
2026-07-01,2026,7,Mandi Bahauddin District,0.33889979910249035,-0.3589594499266844,245.98561822588138,,,32.06174951624206,,0.2250385872945254,,,0.7566216445648294,modern_simplified,,simplified_2025_2026_schema: no mean/min/max/total breakdowns; annual_cropland_fraction_applied_to_all_months
2026-07-01,2026,7,Mianwali District,0.24230748530465962,-0.2933389380371129,127.60457435735977,,,32.82738925573404,,0.15850246782243957,,,0.3349863410824239,modern_simplified,,simplified_2025_2026_schema: no mean/min/max/total breakdowns; annual_cropland_fraction_applied_to_all_months
2026-07-01,2026,7,Multan District,0.32070475061962767,-0.35563382256468984,33.46668692765642,,,34.868470092389806,,0.1446951097436868,,,0.5451452832216929,modern_simplified,,simplified_2025_2026_schema: no mean/min/max/total breakdowns; annual_cropland_fraction_applied_to_all_months
2026-07-01,2026,7,Muzaffargarh District,0.3274652944809674,-0.34134950788097573,35.10325028352298,,,35.03654764143957,,0.1048207084613916,,,0.4294454747841108,modern_simplified,,simplified_2025_2026_schema: no mean/min/max/total breakdowns; annual_cropland_fraction_applied_to_all_months
2026-07-01,2026,7,Narowal District,0.2721026879548754,-0.29275534465027714,486.738391690516,,,29.990036204940736,,0.29469647348952793,,,0.8373936391061032,modern_simplified,,simplified_2025_2026_schema: no mean/min/max/total breakdowns; annual_cropland_fraction_applied_to_all_months
2026-07-01,2026,7,Okara District,0.2753400703460862,-0.28632263173133066,113.97805077489055,,,32.99053459445859,,0.1963464253347166,,,0.8219599089006896,modern_simplified,,simplified_2025_2026_schema: no mean/min/max/total breakdowns; annual_cropland_fraction_applied_to_all_months
2026-07-01,2026,7,Pakpattan District,0.3050720267042542,-0.32490187357286454,111.97426278318045,,,33.62073917975357,,0.182362734412547,,,0.7885804701696555,modern_simplified,,simplified_2025_2026_schema: no mean/min/max/total breakdowns; annual_cropland_fraction_applied_to_all_months
2026-07-01,2026,7,Rahim Yar Khan District,0.2985401361095574,-0.340204931512795,25.868761388264232,,,35.28377041846962,,0.06519365677218279,,,0.4063933799439845,modern_simplified,,simplified_2025_2026_schema: no mean/min/max/total breakdowns; annual_cropland_fraction_applied_to_all_months
2026-07-01,2026,7,Rajanpur District,0.17733248945363747,-0.23825564815528072,26.133067553174946,,,34.76054492895599,,0.05104725901528638,,,0.2102505054948824,modern_simplified,,simplified_2025_2026_schema: no mean/min/max/total breakdowns; annual_cropland_fraction_applied_to_all_months
2026-07-01,2026,7,Rawalpindi District,0.352545784547906,-0.3829362066623177,310.82683625183427,,,29.0598508265239,,0.31797819870475846,,,0.3441819891787142,modern_simplified,,simplified_2025_2026_schema: no mean/min/max/total breakdowns; annual_cropland_fraction_applied_to_all_months
2026-07-01,2026,7,Sahiwal District,0.3019043695584389,-0.34365190590507905,103.96957805130904,,,33.65911910057056,,0.17849780509012028,,,0.768753549705835,modern_simplified,,simplified_2025_2026_schema: no mean/min/max/total breakdowns; annual_cropland_fraction_applied_to_all_months
2026-07-01,2026,7,Sargodha District,0.3554928782396581,-0.37682192801526543,159.55762490035195,,,33.009329966421966,,0.20395028594551973,,,0.770029923518835,modern_simplified,,simplified_2025_2026_schema: no mean/min/max/total breakdowns; annual_cropland_fraction_applied_to_all_months
2026-07-01,2026,7,Sheikhupura District,0.25091998927785364,-0.273428511403205,248.54936580557163,,,32.12434427414679,,0.21746029983549245,,,0.8155665261935112,modern_simplified,,simplified_2025_2026_schema: no mean/min/max/total breakdowns; annual_cropland_fraction_applied_to_all_months
2026-07-01,2026,7,Sialkot District,0.2771617988970443,-0.32106187494914085,426.4247243595058,,,30.49507445940345,,0.2826989467264619,,,0.7816099299748643,modern_simplified,,simplified_2025_2026_schema: no mean/min/max/total breakdowns; annual_cropland_fraction_applied_to_all_months
2026-07-01,2026,7,Toba Tek Singh District,0.30262066761740386,-0.34787493294759997,76.85519001672058,,,33.850362291399,,0.1642903087641868,,,0.7177088916026266,modern_simplified,,simplified_2025_2026_schema: no mean/min/max/total breakdowns; annual_cropland_fraction_applied_to_all_months
2026-07-01,2026,7,Vehari District,0.2933714876296504,-0.3341261826140666,64.14677744392982,,,34.311078821066566,,0.15441721700035843,,,0.7614846388115011,modern_simplified,,simplified_2025_2026_schema: no mean/min/max/total breakdowns; annual_cropland_fraction_applied_to_all_months
2026-08-01,2026,8,Attock District,0.41376355188420855,-0.41971005396505356,,,,30.916372030034882,,0.2441102754494157,,,0.37921811113293385,modern_simplified,,simplified_2025_2026_schema: no mean/min/max/total breakdowns; annual_cropland_fraction_applied_to_all_months
2026-08-01,2026,8,Bahawalnagar District,0.3842385691686325,-0.4016271165565053,,,,33.06289044684835,,0.14260446066437116,,,0.5327038315981946,modern_simplified,,simplified_2025_2026_schema: no mean/min/max/total breakdowns; annual_cropland_fraction_applied_to_all_months
2026-08-01,2026,8,Bahawalpur District,0.21373776172824288,-0.2732930249516562,,,,34.335923829188864,,0.06540206424972445,,,0.18148418751166745,modern_simplified,,simplified_2025_2026_schema: no mean/min/max/total breakdowns; annual_cropland_fraction_applied_to_all_months
2026-08-01,2026,8,Bhakkar District,0.22783373811821606,-0.26368193283594654,,,,34.57295682679057,,0.08485747667582941,,,0.26675072814978645,modern_simplified,,simplified_2025_2026_schema: no mean/min/max/total breakdowns; annual_cropland_fraction_applied_to_all_months
2026-08-01,2026,8,Chakwal District,0.394565499492407,-0.40556477738275737,,,,30.187046889611704,,0.25893539282850614,,,0.4022725843229477,modern_simplified,,simplified_2025_2026_schema: no mean/min/max/total breakdowns; annual_cropland_fraction_applied_to_all_months
2026-08-01,2026,8,Dera Ghazi Khan District,0.25080262547444887,-0.29845876594433485,,,,32.77537680327038,,0.07270558252020638,,,0.22878334475776127,modern_simplified,,simplified_2025_2026_schema: no mean/min/max/total breakdowns; annual_cropland_fraction_applied_to_all_months
2026-08-01,2026,8,Faisalabad District,0.46321015568794777,-0.46659092882167774,,,,31.897962768915924,,0.23082523852131404,,,0.7468412933522115,modern_simplified,,simplified_2025_2026_schema: no mean/min/max/total breakdowns; annual_cropland_fraction_applied_to_all_months
2026-08-01,2026,8,Gujranwala District,0.5105107810652315,-0.43648848427428666,,,,29.965779192210036,,0.32523542526385696,,,0.8009167542607903,modern_simplified,,simplified_2025_2026_schema: no mean/min/max/total breakdowns; annual_cropland_fraction_applied_to_all_months
2026-08-01,2026,8,Gujrat District,0.4582988288849139,-0.4080758278189958,,,,29.310716890583986,,0.34182542935991234,,,0.6585110313727162,modern_simplified,,simplified_2025_2026_schema: no mean/min/max/total breakdowns; annual_cropland_fraction_applied_to_all_months
2026-08-01,2026,8,Hafizabad District,0.5687239709628652,-0.504754130753938,,,,30.859076406833143,,0.2802382175439873,,,0.8223888731142005,modern_simplified,,simplified_2025_2026_schema: no mean/min/max/total breakdowns; annual_cropland_fraction_applied_to_all_months
2026-08-01,2026,8,Jhang District,0.44667030541977965,-0.44495539033282994,,,,33.37806111858156,,0.17331784860368257,,,0.6256672973983664,modern_simplified,,simplified_2025_2026_schema: no mean/min/max/total breakdowns; annual_cropland_fraction_applied_to_all_months
2026-08-01,2026,8,Jhelum District,0.45258922926674516,-0.43356287072986327,,,,29.73757829086663,,0.30488842821383105,,,0.36235062905309323,modern_simplified,,simplified_2025_2026_schema: no mean/min/max/total breakdowns; annual_cropland_fraction_applied_to_all_months
2026-08-01,2026,8,Kasur District,0.5412623317341546,-0.5145235648675758,,,,30.693584806933742,,0.26140747455311225,,,0.7865557430785306,modern_simplified,,simplified_2025_2026_schema: no mean/min/max/total breakdowns; annual_cropland_fraction_applied_to_all_months
2026-08-01,2026,8,Khanewal District,0.4164935904285121,-0.42349059051858373,,,,34.15777820304271,,0.13656023235696385,,,0.687537553594526,modern_simplified,,simplified_2025_2026_schema: no mean/min/max/total breakdowns; annual_cropland_fraction_applied_to_all_months
2026-08-01,2026,8,Khushab District,0.3105402552552854,-0.34686662384620387,,,,32.17294611150769,,0.1621096364309131,,,0.3257686281912053,modern_simplified,,simplified_2025_2026_schema: no mean/min/max/total breakdowns; annual_cropland_fraction_applied_to_all_months
2026-08-01,2026,8,Lahore District,0.38841595364022086,-0.37216153550380654,,,,30.059237083421504,,0.30697597234394874,,,0.4492339840610849,modern_simplified,,simplified_2025_2026_schema: no mean/min/max/total breakdowns; annual_cropland_fraction_applied_to_all_months
2026-08-01,2026,8,Layyah District,0.2637832165324753,-0.29295303440546416,,,,34.775298266750696,,0.08066933103597682,,,0.38704612691669366,modern_simplified,,simplified_2025_2026_schema: no mean/min/max/total breakdowns; annual_cropland_fraction_applied_to_all_months
2026-08-01,2026,8,Lodhran District,0.3616327719731138,-0.36847786874729277,,,,34.38501031438287,,0.1345510215354829,,,0.6959071526301707,modern_simplified,,simplified_2025_2026_schema: no mean/min/max/total breakdowns; annual_cropland_fraction_applied_to_all_months
2026-08-01,2026,8,Mandi Bahauddin District,0.5104749708349141,-0.46567950259504964,,,,30.642315635937365,,0.27954995615149414,,,0.7566216445648294,modern_simplified,,simplified_2025_2026_schema: no mean/min/max/total breakdowns; annual_cropland_fraction_applied_to_all_months
2026-08-01,2026,8,Mianwali District,0.2992555958599013,-0.32286578836106755,,,,32.26969556412319,,0.17942138155623497,,,0.3349863410824239,modern_simplified,,simplified_2025_2026_schema: no mean/min/max/total breakdowns; annual_cropland_fraction_applied_to_all_months
2026-08-01,2026,8,Multan District,0.3702342042492236,-0.3856871321944733,,,,34.316688168806685,,0.14778834341995822,,,0.5451452832216929,modern_simplified,,simplified_2025_2026_schema: no mean/min/max/total breakdowns; annual_cropland_fraction_applied_to_all_months
2026-08-01,2026,8,Muzaffargarh District,0.3536613715667921,-0.36113168826458625,,,,34.48249141394903,,0.1086994360950789,,,0.4294454747841108,modern_simplified,,simplified_2025_2026_schema: no mean/min/max/total breakdowns; annual_cropland_fraction_applied_to_all_months
2026-08-01,2026,8,Narowal District,0.4450753489761276,-0.37403952057048295,,,,28.787993111703237,,0.37513506079460357,,,0.8373936391061032,modern_simplified,,simplified_2025_2026_schema: no mean/min/max/total breakdowns; annual_cropland_fraction_applied_to_all_months
2026-08-01,2026,8,Okara District,0.5690147084076987,-0.5406523523863302,,,,31.576638178631427,,0.22761842402014626,,,0.8219599089006896,modern_simplified,,simplified_2025_2026_schema: no mean/min/max/total breakdowns; annual_cropland_fraction_applied_to_all_months
2026-08-01,2026,8,Pakpattan District,0.49484054567131386,-0.48331448314756187,,,,32.43958547468799,,0.19023942160468219,,,0.7885804701696555,modern_simplified,,simplified_2025_2026_schema: no mean/min/max/total breakdowns; annual_cropland_fraction_applied_to_all_months
2026-08-01,2026,8,Rahim Yar Khan District,0.3504509618979828,-0.37995301840195067,,,,34.20722309847717,,0.09472785504588599,,,0.4063933799439845,modern_simplified,,simplified_2025_2026_schema: no mean/min/max/total breakdowns; annual_cropland_fraction_applied_to_all_months
2026-08-01,2026,8,Rajanpur District,0.19505416498843464,-0.2530801087518992,,,,34.09443034434662,,0.059986645155354554,,,0.2102505054948824,modern_simplified,,simplified_2025_2026_schema: no mean/min/max/total breakdowns; annual_cropland_fraction_applied_to_all_months
2026-08-01,2026,8,Rawalpindi District,0.5121171333402341,-0.4731893272427927,,,,28.463311921548485,,0.34667129275967024,,,0.3441819891787142,modern_simplified,,simplified_2025_2026_schema: no mean/min/max/total breakdowns; annual_cropland_fraction_applied_to_all_months
2026-08-01,2026,8,Sahiwal District,0.4622492749551205,-0.4744930288921622,,,,32.80285531127746,,0.17585418769772107,,,0.768753549705835,modern_simplified,,simplified_2025_2026_schema: no mean/min/max/total breakdowns; annual_cropland_fraction_applied_to_all_months
2026-08-01,2026,8,Sargodha District,0.4688414878715029,-0.46610198866722435,,,,31.757991070112766,,0.24197029406952883,,,0.770029923518835,modern_simplified,,simplified_2025_2026_schema: no mean/min/max/total breakdowns; annual_cropland_fraction_applied_to_all_months
2026-08-01,2026,8,Sheikhupura District,0.537482981725099,-0.484628486541353,,,,30.653570005947167,,0.278452709639077,,,0.8155665261935112,modern_simplified,,simplified_2025_2026_schema: no mean/min/max/total breakdowns; annual_cropland_fraction_applied_to_all_months
2026-08-01,2026,8,Sialkot District,0.4384014728586394,-0.3670069247689343,,,,29.09660866746835,,0.3686637524470166,,,0.7816099299748643,modern_simplified,,simplified_2025_2026_schema: no mean/min/max/total breakdowns; annual_cropland_fraction_applied_to_all_months
2026-08-01,2026,8,Toba Tek Singh District,0.4439815064700437,-0.4619253863580984,,,,33.14787656267077,,0.17497772245425805,,,0.7177088916026266,modern_simplified,,simplified_2025_2026_schema: no mean/min/max/total breakdowns; annual_cropland_fraction_applied_to_all_months
2026-08-01,2026,8,Vehari District,0.3857842110954559,-0.40196853011223693,,,,33.94178960925777,,0.1334687172626067,,,0.7614846388115011,modern_simplified,,simplified_2025_2026_schema: no mean/min/max/total breakdowns; annual_cropland_fraction_applied_to_all_months
