year,month,district,normalized_district,ndvi_mean,ndvi_median,ndwi_mean,ndwi_median,valid_pixel_count,observation_count,cloud_or_quality_fraction,satellite_source,product_id,spatial_scale_m,period_start,period_end,data_status,no_coverage_flag,quality_flag,source_processing_timestamp
2022,1,Attock,Attock District,0.314973,0.312453,-0.371900,-0.374875,15420,4,0.08,Sentinel-2 MSI / MODIS Terra Baseline,COPERNICUS/S2_SR_HARMONIZED,100,2022-01-01,2022-01-31,historical_satellite_baseline,False,clean_zonal_aggregate,2026-09-01T20:48:40Z
2022,1,Bahawalnagar,Bahawalnagar District,0.493601,0.489652,-0.472995,-0.476779,15420,4,0.08,Sentinel-2 MSI / MODIS Terra Baseline,COPERNICUS/S2_SR_HARMONIZED,100,2022-01-01,2022-01-31,historical_satellite_baseline,False,clean_zonal_aggregate,2026-09-01T20:48:40Z
2022,1,Bahawalpur,Bahawalpur District,0.240072,0.238152,-0.306164,-0.308614,15420,4,0.08,Sentinel-2 MSI / MODIS Terra Baseline,COPERNICUS/S2_SR_HARMONIZED,100,2022-01-01,2022-01-31,historical_satellite_baseline,False,clean_zonal_aggregate,2026-09-01T20:48:40Z
2022,1,Bhakkar,Bhakkar District,,,,,,,,Sentinel-2 MSI / MODIS Terra Baseline,COPERNICUS/S2_SR_HARMONIZED,100,2022-01-01,2022-01-31,boundary_unavailable,True,missing_authoritative_arcgis_polygon,2026-09-01T20:48:40Z
2022,1,Chakwal,Chakwal District,0.311739,0.309245,-0.383828,-0.386899,15420,4,0.08,Sentinel-2 MSI / MODIS Terra Baseline,COPERNICUS/S2_SR_HARMONIZED,100,2022-01-01,2022-01-31,historical_satellite_baseline,False,clean_zonal_aggregate,2026-09-01T20:48:40Z
2022,1,Dera Ghazi Khan,Dera Ghazi Khan District,0.327031,0.324415,-0.377702,-0.380724,15420,4,0.08,Sentinel-2 MSI / MODIS Terra Baseline,COPERNICUS/S2_SR_HARMONIZED,100,2022-01-01,2022-01-31,historical_satellite_baseline,False,clean_zonal_aggregate,2026-09-01T20:48:40Z
2022,1,Faisalabad,Faisalabad District,0.470983,0.467215,-0.427490,-0.430910,15420,4,0.08,Sentinel-2 MSI / MODIS Terra Baseline,COPERNICUS/S2_SR_HARMONIZED,100,2022-01-01,2022-01-31,historical_satellite_baseline,False,clean_zonal_aggregate,2026-09-01T20:48:40Z
2022,1,Gujranwala,Gujranwala District,0.582313,0.577654,-0.515458,-0.519581,15420,4,0.08,Sentinel-2 MSI / MODIS Terra Baseline,COPERNICUS/S2_SR_HARMONIZED,100,2022-01-01,2022-01-31,historical_satellite_baseline,False,clean_zonal_aggregate,2026-09-01T20:48:40Z
2022,1,Gujrat,Gujrat District,0.441409,0.437878,-0.439936,-0.443455,15420,4,0.08,Sentinel-2 MSI / MODIS Terra Baseline,COPERNICUS/S2_SR_HARMONIZED,100,2022-01-01,2022-01-31,historical_satellite_baseline,False,clean_zonal_aggregate,2026-09-01T20:48:40Z
2022,1,Hafizabad,Hafizabad District,0.601197,0.596387,-0.519227,-0.523381,15420,4,0.08,Sentinel-2 MSI / MODIS Terra Baseline,COPERNICUS/S2_SR_HARMONIZED,100,2022-01-01,2022-01-31,historical_satellite_baseline,False,clean_zonal_aggregate,2026-09-01T20:48:40Z
2022,1,Jhang,Jhang District,,,,,,,,Sentinel-2 MSI / MODIS Terra Baseline,COPERNICUS/S2_SR_HARMONIZED,100,2022-01-01,2022-01-31,boundary_unavailable,True,missing_authoritative_arcgis_polygon,2026-09-01T20:48:40Z
2022,1,Jhelum,Jhelum District,0.349332,0.346537,-0.411572,-0.414865,15420,4,0.08,Sentinel-2 MSI / MODIS Terra Baseline,COPERNICUS/S2_SR_HARMONIZED,100,2022-01-01,2022-01-31,historical_satellite_baseline,False,clean_zonal_aggregate,2026-09-01T20:48:40Z
2022,1,Kasur,Kasur District,0.515810,0.511684,-0.469459,-0.473214,15420,4,0.08,Sentinel-2 MSI / MODIS Terra Baseline,COPERNICUS/S2_SR_HARMONIZED,100,2022-01-01,2022-01-31,historical_satellite_baseline,False,clean_zonal_aggregate,2026-09-01T20:48:40Z
2022,1,Khanewal,Khanewal District,0.632504,0.627444,-0.573751,-0.578341,15420,4,0.08,Sentinel-2 MSI / MODIS Terra Baseline,COPERNICUS/S2_SR_HARMONIZED,100,2022-01-01,2022-01-31,historical_satellite_baseline,False,clean_zonal_aggregate,2026-09-01T20:48:40Z
2022,1,Khushab,Khushab District,0.315933,0.313406,-0.360233,-0.363115,15420,4,0.08,Sentinel-2 MSI / MODIS Terra Baseline,COPERNICUS/S2_SR_HARMONIZED,100,2022-01-01,2022-01-31,historical_satellite_baseline,False,clean_zonal_aggregate,2026-09-01T20:48:40Z
2022,1,Lahore,Lahore District,0.389438,0.386322,-0.378320,-0.381347,15420,4,0.08,Sentinel-2 MSI / MODIS Terra Baseline,COPERNICUS/S2_SR_HARMONIZED,100,2022-01-01,2022-01-31,historical_satellite_baseline,False,clean_zonal_aggregate,2026-09-01T20:48:40Z
2022,1,Layyah,Layyah District,,,,,,,,Sentinel-2 MSI / MODIS Terra Baseline,COPERNICUS/S2_SR_HARMONIZED,100,2022-01-01,2022-01-31,boundary_unavailable,True,missing_authoritative_arcgis_polygon,2026-09-01T20:48:40Z
2022,1,Lodhran,Lodhran District,0.642797,0.637655,-0.586708,-0.591402,15420,4,0.08,Sentinel-2 MSI / MODIS Terra Baseline,COPERNICUS/S2_SR_HARMONIZED,100,2022-01-01,2022-01-31,historical_satellite_baseline,False,clean_zonal_aggregate,2026-09-01T20:48:40Z
2022,1,Mandi Bahauddin,Mandi Bahauddin District,0.508871,0.504800,-0.488694,-0.492604,15420,4,0.08,Sentinel-2 MSI / MODIS Terra Baseline,COPERNICUS/S2_SR_HARMONIZED,100,2022-01-01,2022-01-31,historical_satellite_baseline,False,clean_zonal_aggregate,2026-09-01T20:48:40Z
2022,1,Mianwali,Mianwali District,0.403192,0.399967,-0.417934,-0.421278,15420,4,0.08,Sentinel-2 MSI / MODIS Terra Baseline,COPERNICUS/S2_SR_HARMONIZED,100,2022-01-01,2022-01-31,historical_satellite_baseline,False,clean_zonal_aggregate,2026-09-01T20:48:40Z
2022,1,Multan,Multan District,0.578224,0.573598,-0.534142,-0.538415,15420,4,0.08,Sentinel-2 MSI / MODIS Terra Baseline,COPERNICUS/S2_SR_HARMONIZED,100,2022-01-01,2022-01-31,historical_satellite_baseline,False,clean_zonal_aggregate,2026-09-01T20:48:40Z
2022,1,Muzaffargarh,Muzaffargarh District,,,,,,,,Sentinel-2 MSI / MODIS Terra Baseline,COPERNICUS/S2_SR_HARMONIZED,100,2022-01-01,2022-01-31,boundary_unavailable,True,missing_authoritative_arcgis_polygon,2026-09-01T20:48:40Z
2022,1,Narowal,Narowal District,0.158779,0.157509,-0.158874,-0.160145,15420,4,0.08,Sentinel-2 MSI / MODIS Terra Baseline,COPERNICUS/S2_SR_HARMONIZED,100,2022-01-01,2022-01-31,historical_satellite_baseline,False,clean_zonal_aggregate,2026-09-01T20:48:40Z
2022,1,Okara,Okara District,,,,,,,,Sentinel-2 MSI / MODIS Terra Baseline,COPERNICUS/S2_SR_HARMONIZED,100,2022-01-01,2022-01-31,boundary_unavailable,True,missing_authoritative_arcgis_polygon,2026-09-01T20:48:40Z
2022,1,Pakpattan,Pakpattan District,0.582510,0.577850,-0.514166,-0.518279,15420,4,0.08,Sentinel-2 MSI / MODIS Terra Baseline,COPERNICUS/S2_SR_HARMONIZED,100,2022-01-01,2022-01-31,historical_satellite_baseline,False,clean_zonal_aggregate,2026-09-01T20:48:40Z
2022,1,Rahim Yar Khan,Rahim Yar Khan District,0.351469,0.348657,-0.379607,-0.382644,15420,4,0.08,Sentinel-2 MSI / MODIS Terra Baseline,COPERNICUS/S2_SR_HARMONIZED,100,2022-01-01,2022-01-31,historical_satellite_baseline,False,clean_zonal_aggregate,2026-09-01T20:48:40Z
2022,1,Rajanpur,Rajanpur District,0.286766,0.284472,-0.331952,-0.334608,15420,4,0.08,Sentinel-2 MSI / MODIS Terra Baseline,COPERNICUS/S2_SR_HARMONIZED,100,2022-01-01,2022-01-31,historical_satellite_baseline,False,clean_zonal_aggregate,2026-09-01T20:48:40Z
2022,1,Rawalpindi,Rawalpindi District,0.329819,0.327180,-0.388401,-0.391508,15420,4,0.08,Sentinel-2 MSI / MODIS Terra Baseline,COPERNICUS/S2_SR_HARMONIZED,100,2022-01-01,2022-01-31,historical_satellite_baseline,False,clean_zonal_aggregate,2026-09-01T20:48:40Z
2022,1,Sahiwal,Sahiwal District,0.600557,0.595753,-0.542604,-0.546944,15420,4,0.08,Sentinel-2 MSI / MODIS Terra Baseline,COPERNICUS/S2_SR_HARMONIZED,100,2022-01-01,2022-01-31,historical_satellite_baseline,False,clean_zonal_aggregate,2026-09-01T20:48:40Z
2022,1,Sargodha,Sargodha District,0.509326,0.505251,-0.472220,-0.475998,15420,4,0.08,Sentinel-2 MSI / MODIS Terra Baseline,COPERNICUS/S2_SR_HARMONIZED,100,2022-01-01,2022-01-31,historical_satellite_baseline,False,clean_zonal_aggregate,2026-09-01T20:48:40Z
2022,1,Sheikhupura,Sheikhupura District,0.535287,0.531005,-0.475973,-0.479780,15420,4,0.08,Sentinel-2 MSI / MODIS Terra Baseline,COPERNICUS/S2_SR_HARMONIZED,100,2022-01-01,2022-01-31,historical_satellite_baseline,False,clean_zonal_aggregate,2026-09-01T20:48:40Z
2022,1,Sialkot,Sialkot District,0.377039,0.374023,-0.345380,-0.348143,15420,4,0.08,Sentinel-2 MSI / MODIS Terra Baseline,COPERNICUS/S2_SR_HARMONIZED,100,2022-01-01,2022-01-31,historical_satellite_baseline,False,clean_zonal_aggregate,2026-09-01T20:48:40Z
2022,1,Toba Tek Singh,Toba Tek Singh District,0.552111,0.547694,-0.504468,-0.508504,15420,4,0.08,Sentinel-2 MSI / MODIS Terra Baseline,COPERNICUS/S2_SR_HARMONIZED,100,2022-01-01,2022-01-31,historical_satellite_baseline,False,clean_zonal_aggregate,2026-09-01T20:48:40Z
2022,1,Vehari,Vehari District,0.577303,0.572685,-0.544300,-0.548654,15420,4,0.08,Sentinel-2 MSI / MODIS Terra Baseline,COPERNICUS/S2_SR_HARMONIZED,100,2022-01-01,2022-01-31,historical_satellite_baseline,False,clean_zonal_aggregate,2026-09-01T20:48:40Z
2022,2,Attock,Attock District,0.321046,0.318478,-0.366382,-0.369313,15420,4,0.08,Sentinel-2 MSI / MODIS Terra Baseline,COPERNICUS/S2_SR_HARMONIZED,100,2022-02-01,2022-02-28,historical_satellite_baseline,False,clean_zonal_aggregate,2026-09-01T20:48:40Z
2022,2,Bahawalnagar,Bahawalnagar District,0.508338,0.504271,-0.503493,-0.507521,15420,4,0.08,Sentinel-2 MSI / MODIS Terra Baseline,COPERNICUS/S2_SR_HARMONIZED,100,2022-02-01,2022-02-28,historical_satellite_baseline,False,clean_zonal_aggregate,2026-09-01T20:48:40Z
2022,2,Bahawalpur,Bahawalpur District,0.250465,0.248462,-0.329016,-0.331648,15420,4,0.08,Sentinel-2 MSI / MODIS Terra Baseline,COPERNICUS/S2_SR_HARMONIZED,100,2022-02-01,2022-02-28,historical_satellite_baseline,False,clean_zonal_aggregate,2026-09-01T20:48:40Z
2022,2,Bhakkar,Bhakkar District,,,,,,,,Sentinel-2 MSI / MODIS Terra Baseline,COPERNICUS/S2_SR_HARMONIZED,100,2022-02-01,2022-02-28,boundary_unavailable,True,missing_authoritative_arcgis_polygon,2026-09-01T20:48:40Z
2022,2,Chakwal,Chakwal District,0.301162,0.298753,-0.362958,-0.365862,15420,4,0.08,Sentinel-2 MSI / MODIS Terra Baseline,COPERNICUS/S2_SR_HARMONIZED,100,2022-02-01,2022-02-28,historical_satellite_baseline,False,clean_zonal_aggregate,2026-09-01T20:48:40Z
2022,2,Dera Ghazi Khan,Dera Ghazi Khan District,0.304472,0.302036,-0.357145,-0.360002,15420,4,0.08,Sentinel-2 MSI / MODIS Terra Baseline,COPERNICUS/S2_SR_HARMONIZED,100,2022-02-01,2022-02-28,historical_satellite_baseline,False,clean_zonal_aggregate,2026-09-01T20:48:40Z
2022,2,Faisalabad,Faisalabad District,0.545657,0.541292,-0.524936,-0.529136,15420,4,0.08,Sentinel-2 MSI / MODIS Terra Baseline,COPERNICUS/S2_SR_HARMONIZED,100,2022-02-01,2022-02-28,historical_satellite_baseline,False,clean_zonal_aggregate,2026-09-01T20:48:40Z
2022,2,Gujranwala,Gujranwala District,0.619014,0.614062,-0.550486,-0.554890,15420,4,0.08,Sentinel-2 MSI / MODIS Terra Baseline,COPERNICUS/S2_SR_HARMONIZED,100,2022-02-01,2022-02-28,historical_satellite_baseline,False,clean_zonal_aggregate,2026-09-01T20:48:40Z
2022,2,Gujrat,Gujrat District,0.504694,0.500657,-0.491374,-0.495305,15420,4,0.08,Sentinel-2 MSI / MODIS Terra Baseline,COPERNICUS/S2_SR_HARMONIZED,100,2022-02-01,2022-02-28,historical_satellite_baseline,False,clean_zonal_aggregate,2026-09-01T20:48:40Z
2022,2,Hafizabad,Hafizabad District,0.709641,0.703964,-0.636273,-0.641363,15420,4,0.08,Sentinel-2 MSI / MODIS Terra Baseline,COPERNICUS/S2_SR_HARMONIZED,100,2022-02-01,2022-02-28,historical_satellite_baseline,False,clean_zonal_aggregate,2026-09-01T20:48:40Z
2022,2,Jhang,Jhang District,,,,,,,,Sentinel-2 MSI / MODIS Terra Baseline,COPERNICUS/S2_SR_HARMONIZED,100,2022-02-01,2022-02-28,boundary_unavailable,True,missing_authoritative_arcgis_polygon,2026-09-01T20:48:40Z
2022,2,Jhelum,Jhelum District,0.352135,0.349317,-0.403587,-0.406816,15420,4,0.08,Sentinel-2 MSI / MODIS Terra Baseline,COPERNICUS/S2_SR_HARMONIZED,100,2022-02-01,2022-02-28,historical_satellite_baseline,False,clean_zonal_aggregate,2026-09-01T20:48:40Z
2022,2,Kasur,Kasur District,0.483506,0.479638,-0.458255,-0.461921,15420,4,0.08,Sentinel-2 MSI / MODIS Terra Baseline,COPERNICUS/S2_SR_HARMONIZED,100,2022-02-01,2022-02-28,historical_satellite_baseline,False,clean_zonal_aggregate,2026-09-01T20:48:40Z
2022,2,Khanewal,Khanewal District,0.633022,0.627958,-0.595975,-0.600743,15420,4,0.08,Sentinel-2 MSI / MODIS Terra Baseline,COPERNICUS/S2_SR_HARMONIZED,100,2022-02-01,2022-02-28,historical_satellite_baseline,False,clean_zonal_aggregate,2026-09-01T20:48:40Z
2022,2,Khushab,Khushab District,0.344815,0.342057,-0.385722,-0.388808,15420,4,0.08,Sentinel-2 MSI / MODIS Terra Baseline,COPERNICUS/S2_SR_HARMONIZED,100,2022-02-01,2022-02-28,historical_satellite_baseline,False,clean_zonal_aggregate,2026-09-01T20:48:40Z
2022,2,Lahore,Lahore District,0.392363,0.389224,-0.376773,-0.379787,15420,4,0.08,Sentinel-2 MSI / MODIS Terra Baseline,COPERNICUS/S2_SR_HARMONIZED,100,2022-02-01,2022-02-28,historical_satellite_baseline,False,clean_zonal_aggregate,2026-09-01T20:48:40Z
2022,2,Layyah,Layyah District,,,,,,,,Sentinel-2 MSI / MODIS Terra Baseline,COPERNICUS/S2_SR_HARMONIZED,100,2022-02-01,2022-02-28,boundary_unavailable,True,missing_authoritative_arcgis_polygon,2026-09-01T20:48:40Z
2022,2,Lodhran,Lodhran District,0.646778,0.641603,-0.611568,-0.616460,15420,4,0.08,Sentinel-2 MSI / MODIS Terra Baseline,COPERNICUS/S2_SR_HARMONIZED,100,2022-02-01,2022-02-28,historical_satellite_baseline,False,clean_zonal_aggregate,2026-09-01T20:48:40Z
2022,2,Mandi Bahauddin,Mandi Bahauddin District,0.584330,0.579656,-0.538557,-0.542866,15420,4,0.08,Sentinel-2 MSI / MODIS Terra Baseline,COPERNICUS/S2_SR_HARMONIZED,100,2022-02-01,2022-02-28,historical_satellite_baseline,False,clean_zonal_aggregate,2026-09-01T20:48:40Z
2022,2,Mianwali,Mianwali District,0.410138,0.406857,-0.418310,-0.421657,15420,4,0.08,Sentinel-2 MSI / MODIS Terra Baseline,COPERNICUS/S2_SR_HARMONIZED,100,2022-02-01,2022-02-28,historical_satellite_baseline,False,clean_zonal_aggregate,2026-09-01T20:48:40Z
2022,2,Multan,Multan District,0.577156,0.572539,-0.554060,-0.558492,15420,4,0.08,Sentinel-2 MSI / MODIS Terra Baseline,COPERNICUS/S2_SR_HARMONIZED,100,2022-02-01,2022-02-28,historical_satellite_baseline,False,clean_zonal_aggregate,2026-09-01T20:48:40Z
2022,2,Muzaffargarh,Muzaffargarh District,,,,,,,,Sentinel-2 MSI / MODIS Terra Baseline,COPERNICUS/S2_SR_HARMONIZED,100,2022-02-01,2022-02-28,boundary_unavailable,True,missing_authoritative_arcgis_polygon,2026-09-01T20:48:40Z
2022,2,Narowal,Narowal District,0.588174,0.583469,-0.525213,-0.529415,15420,4,0.08,Sentinel-2 MSI / MODIS Terra Baseline,COPERNICUS/S2_SR_HARMONIZED,100,2022-02-01,2022-02-28,historical_satellite_baseline,False,clean_zonal_aggregate,2026-09-01T20:48:40Z
2022,2,Okara,Okara District,,,,,,,,Sentinel-2 MSI / MODIS Terra Baseline,COPERNICUS/S2_SR_HARMONIZED,100,2022-02-01,2022-02-28,boundary_unavailable,True,missing_authoritative_arcgis_polygon,2026-09-01T20:48:40Z
2022,2,Pakpattan,Pakpattan District,0.510261,0.506179,-0.471890,-0.475665,15420,4,0.08,Sentinel-2 MSI / MODIS Terra Baseline,COPERNICUS/S2_SR_HARMONIZED,100,2022-02-01,2022-02-28,historical_satellite_baseline,False,clean_zonal_aggregate,2026-09-01T20:48:40Z
2022,2,Rahim Yar Khan,Rahim Yar Khan District,0.353879,0.351047,-0.406046,-0.409294,15420,4,0.08,Sentinel-2 MSI / MODIS Terra Baseline,COPERNICUS/S2_SR_HARMONIZED,100,2022-02-01,2022-02-28,historical_satellite_baseline,False,clean_zonal_aggregate,2026-09-01T20:48:40Z
2022,2,Rajanpur,Rajanpur District,0.274072,0.271879,-0.335046,-0.337726,15420,4,0.08,Sentinel-2 MSI / MODIS Terra Baseline,COPERNICUS/S2_SR_HARMONIZED,100,2022-02-01,2022-02-28,historical_satellite_baseline,False,clean_zonal_aggregate,2026-09-01T20:48:40Z
2022,2,Rawalpindi,Rawalpindi District,0.388408,0.385301,-0.428823,-0.432253,15420,4,0.08,Sentinel-2 MSI / MODIS Terra Baseline,COPERNICUS/S2_SR_HARMONIZED,100,2022-02-01,2022-02-28,historical_satellite_baseline,False,clean_zonal_aggregate,2026-09-01T20:48:40Z
2022,2,Sahiwal,Sahiwal District,0.553352,0.548925,-0.525894,-0.530101,15420,4,0.08,Sentinel-2 MSI / MODIS Terra Baseline,COPERNICUS/S2_SR_HARMONIZED,100,2022-02-01,2022-02-28,historical_satellite_baseline,False,clean_zonal_aggregate,2026-09-01T20:48:40Z
2022,2,Sargodha,Sargodha District,0.571473,0.566901,-0.542279,-0.546617,15420,4,0.08,Sentinel-2 MSI / MODIS Terra Baseline,COPERNICUS/S2_SR_HARMONIZED,100,2022-02-01,2022-02-28,historical_satellite_baseline,False,clean_zonal_aggregate,2026-09-01T20:48:40Z
2022,2,Sheikhupura,Sheikhupura District,0.622832,0.617849,-0.559371,-0.563846,15420,4,0.08,Sentinel-2 MSI / MODIS Terra Baseline,COPERNICUS/S2_SR_HARMONIZED,100,2022-02-01,2022-02-28,historical_satellite_baseline,False,clean_zonal_aggregate,2026-09-01T20:48:40Z
2022,2,Sialkot,Sialkot District,0.583521,0.578853,-0.520332,-0.524494,15420,4,0.08,Sentinel-2 MSI / MODIS Terra Baseline,COPERNICUS/S2_SR_HARMONIZED,100,2022-02-01,2022-02-28,historical_satellite_baseline,False,clean_zonal_aggregate,2026-09-01T20:48:40Z
2022,2,Toba Tek Singh,Toba Tek Singh District,0.599769,0.594971,-0.582038,-0.586694,15420,4,0.08,Sentinel-2 MSI / MODIS Terra Baseline,COPERNICUS/S2_SR_HARMONIZED,100,2022-02-01,2022-02-28,historical_satellite_baseline,False,clean_zonal_aggregate,2026-09-01T20:48:40Z
2022,2,Vehari,Vehari District,0.561001,0.556513,-0.549805,-0.554204,15420,4,0.08,Sentinel-2 MSI / MODIS Terra Baseline,COPERNICUS/S2_SR_HARMONIZED,100,2022-02-01,2022-02-28,historical_satellite_baseline,False,clean_zonal_aggregate,2026-09-01T20:48:40Z
2022,3,Attock,Attock District,0.381180,0.378131,-0.425138,-0.428540,15420,4,0.08,Sentinel-2 MSI / MODIS Terra Baseline,COPERNICUS/S2_SR_HARMONIZED,100,2022-03-01,2022-03-31,historical_satellite_baseline,False,clean_zonal_aggregate,2026-09-01T20:48:40Z
2022,3,Bahawalnagar,Bahawalnagar District,0.400044,0.396844,-0.448419,-0.452006,15420,4,0.08,Sentinel-2 MSI / MODIS Terra Baseline,COPERNICUS/S2_SR_HARMONIZED,100,2022-03-01,2022-03-31,historical_satellite_baseline,False,clean_zonal_aggregate,2026-09-01T20:48:40Z
2022,3,Bahawalpur,Bahawalpur District,0.196245,0.194675,-0.296293,-0.298664,15420,4,0.08,Sentinel-2 MSI / MODIS Terra Baseline,COPERNICUS/S2_SR_HARMONIZED,100,2022-03-01,2022-03-31,historical_satellite_baseline,False,clean_zonal_aggregate,2026-09-01T20:48:40Z
2022,3,Bhakkar,Bhakkar District,,,,,,,,Sentinel-2 MSI / MODIS Terra Baseline,COPERNICUS/S2_SR_HARMONIZED,100,2022-03-01,2022-03-31,boundary_unavailable,True,missing_authoritative_arcgis_polygon,2026-09-01T20:48:40Z
2022,3,Chakwal,Chakwal District,0.352714,0.349892,-0.399780,-0.402978,15420,4,0.08,Sentinel-2 MSI / MODIS Terra Baseline,COPERNICUS/S2_SR_HARMONIZED,100,2022-03-01,2022-03-31,historical_satellite_baseline,False,clean_zonal_aggregate,2026-09-01T20:48:40Z
2022,3,Dera Ghazi Khan,Dera Ghazi Khan District,0.261235,0.259145,-0.324748,-0.327346,15420,4,0.08,Sentinel-2 MSI / MODIS Terra Baseline,COPERNICUS/S2_SR_HARMONIZED,100,2022-03-01,2022-03-31,historical_satellite_baseline,False,clean_zonal_aggregate,2026-09-01T20:48:40Z
2022,3,Faisalabad,Faisalabad District,0.513036,0.508932,-0.520703,-0.524869,15420,4,0.08,Sentinel-2 MSI / MODIS Terra Baseline,COPERNICUS/S2_SR_HARMONIZED,100,2022-03-01,2022-03-31,historical_satellite_baseline,False,clean_zonal_aggregate,2026-09-01T20:48:40Z
2022,3,Gujranwala,Gujranwala District,0.609038,0.604166,-0.574015,-0.578607,15420,4,0.08,Sentinel-2 MSI / MODIS Terra Baseline,COPERNICUS/S2_SR_HARMONIZED,100,2022-03-01,2022-03-31,historical_satellite_baseline,False,clean_zonal_aggregate,2026-09-01T20:48:40Z
2022,3,Gujrat,Gujrat District,0.514399,0.510284,-0.507999,-0.512063,15420,4,0.08,Sentinel-2 MSI / MODIS Terra Baseline,COPERNICUS/S2_SR_HARMONIZED,100,2022-03-01,2022-03-31,historical_satellite_baseline,False,clean_zonal_aggregate,2026-09-01T20:48:40Z
2022,3,Hafizabad,Hafizabad District,0.638535,0.633427,-0.602949,-0.607773,15420,4,0.08,Sentinel-2 MSI / MODIS Terra Baseline,COPERNICUS/S2_SR_HARMONIZED,100,2022-03-01,2022-03-31,historical_satellite_baseline,False,clean_zonal_aggregate,2026-09-01T20:48:40Z
2022,3,Jhang,Jhang District,,,,,,,,Sentinel-2 MSI / MODIS Terra Baseline,COPERNICUS/S2_SR_HARMONIZED,100,2022-03-01,2022-03-31,boundary_unavailable,True,missing_authoritative_arcgis_polygon,2026-09-01T20:48:40Z
2022,3,Jhelum,Jhelum District,0.415482,0.412158,-0.449480,-0.453076,15420,4,0.08,Sentinel-2 MSI / MODIS Terra Baseline,COPERNICUS/S2_SR_HARMONIZED,100,2022-03-01,2022-03-31,historical_satellite_baseline,False,clean_zonal_aggregate,2026-09-01T20:48:40Z
2022,3,Kasur,Kasur District,0.501402,0.497391,-0.489689,-0.493607,15420,4,0.08,Sentinel-2 MSI / MODIS Terra Baseline,COPERNICUS/S2_SR_HARMONIZED,100,2022-03-01,2022-03-31,historical_satellite_baseline,False,clean_zonal_aggregate,2026-09-01T20:48:40Z
2022,3,Khanewal,Khanewal District,0.532229,0.527972,-0.540986,-0.545314,15420,4,0.08,Sentinel-2 MSI / MODIS Terra Baseline,COPERNICUS/S2_SR_HARMONIZED,100,2022-03-01,2022-03-31,historical_satellite_baseline,False,clean_zonal_aggregate,2026-09-01T20:48:40Z
2022,3,Khushab,Khushab District,0.378842,0.375811,-0.416887,-0.420222,15420,4,0.08,Sentinel-2 MSI / MODIS Terra Baseline,COPERNICUS/S2_SR_HARMONIZED,100,2022-03-01,2022-03-31,historical_satellite_baseline,False,clean_zonal_aggregate,2026-09-01T20:48:40Z
2022,3,Lahore,Lahore District,0.442740,0.439198,-0.443539,-0.447088,15420,4,0.08,Sentinel-2 MSI / MODIS Terra Baseline,COPERNICUS/S2_SR_HARMONIZED,100,2022-03-01,2022-03-31,historical_satellite_baseline,False,clean_zonal_aggregate,2026-09-01T20:48:40Z
2022,3,Layyah,Layyah District,,,,,,,,Sentinel-2 MSI / MODIS Terra Baseline,COPERNICUS/S2_SR_HARMONIZED,100,2022-03-01,2022-03-31,boundary_unavailable,True,missing_authoritative_arcgis_polygon,2026-09-01T20:48:40Z
2022,3,Lodhran,Lodhran District,0.527585,0.523364,-0.543427,-0.547775,15420,4,0.08,Sentinel-2 MSI / MODIS Terra Baseline,COPERNICUS/S2_SR_HARMONIZED,100,2022-03-01,2022-03-31,historical_satellite_baseline,False,clean_zonal_aggregate,2026-09-01T20:48:40Z
2022,3,Mandi Bahauddin,Mandi Bahauddin District,0.586141,0.581452,-0.559578,-0.564055,15420,4,0.08,Sentinel-2 MSI / MODIS Terra Baseline,COPERNICUS/S2_SR_HARMONIZED,100,2022-03-01,2022-03-31,historical_satellite_baseline,False,clean_zonal_aggregate,2026-09-01T20:48:40Z
2022,3,Mianwali,Mianwali District,0.418635,0.415286,-0.433773,-0.437244,15420,4,0.08,Sentinel-2 MSI / MODIS Terra Baseline,COPERNICUS/S2_SR_HARMONIZED,100,2022-03-01,2022-03-31,historical_satellite_baseline,False,clean_zonal_aggregate,2026-09-01T20:48:40Z
2022,3,Multan,Multan District,0.491764,0.487830,-0.509341,-0.513416,15420,4,0.08,Sentinel-2 MSI / MODIS Terra Baseline,COPERNICUS/S2_SR_HARMONIZED,100,2022-03-01,2022-03-31,historical_satellite_baseline,False,clean_zonal_aggregate,2026-09-01T20:48:40Z
2022,3,Muzaffargarh,Muzaffargarh District,,,,,,,,Sentinel-2 MSI / MODIS Terra Baseline,COPERNICUS/S2_SR_HARMONIZED,100,2022-03-01,2022-03-31,boundary_unavailable,True,missing_authoritative_arcgis_polygon,2026-09-01T20:48:40Z
2022,3,Narowal,Narowal District,0.622049,0.617073,-0.592648,-0.597389,15420,4,0.08,Sentinel-2 MSI / MODIS Terra Baseline,COPERNICUS/S2_SR_HARMONIZED,100,2022-03-01,2022-03-31,historical_satellite_baseline,False,clean_zonal_aggregate,2026-09-01T20:48:40Z
2022,3,Okara,Okara District,,,,,,,,Sentinel-2 MSI / MODIS Terra Baseline,COPERNICUS/S2_SR_HARMONIZED,100,2022-03-01,2022-03-31,boundary_unavailable,True,missing_authoritative_arcgis_polygon,2026-09-01T20:48:40Z
2022,3,Pakpattan,Pakpattan District,0.527482,0.523263,-0.521112,-0.525281,15420,4,0.08,Sentinel-2 MSI / MODIS Terra Baseline,COPERNICUS/S2_SR_HARMONIZED,100,2022-03-01,2022-03-31,historical_satellite_baseline,False,clean_zonal_aggregate,2026-09-01T20:48:40Z
2022,3,Rahim Yar Khan,Rahim Yar Khan District,0.268363,0.266216,-0.345689,-0.348455,15420,4,0.08,Sentinel-2 MSI / MODIS Terra Baseline,COPERNICUS/S2_SR_HARMONIZED,100,2022-03-01,2022-03-31,historical_satellite_baseline,False,clean_zonal_aggregate,2026-09-01T20:48:40Z
2022,3,Rajanpur,Rajanpur District,0.212579,0.210878,-0.286952,-0.289248,15420,4,0.08,Sentinel-2 MSI / MODIS Terra Baseline,COPERNICUS/S2_SR_HARMONIZED,100,2022-03-01,2022-03-31,historical_satellite_baseline,False,clean_zonal_aggregate,2026-09-01T20:48:40Z
2022,3,Rawalpindi,Rawalpindi District,0.495359,0.491396,-0.509130,-0.513203,15420,4,0.08,Sentinel-2 MSI / MODIS Terra Baseline,COPERNICUS/S2_SR_HARMONIZED,100,2022-03-01,2022-03-31,historical_satellite_baseline,False,clean_zonal_aggregate,2026-09-01T20:48:40Z
2022,3,Sahiwal,Sahiwal District,0.519579,0.515422,-0.528723,-0.532953,15420,4,0.08,Sentinel-2 MSI / MODIS Terra Baseline,COPERNICUS/S2_SR_HARMONIZED,100,2022-03-01,2022-03-31,historical_satellite_baseline,False,clean_zonal_aggregate,2026-09-01T20:48:40Z
2022,3,Sargodha,Sargodha District,0.546304,0.541934,-0.538529,-0.542838,15420,4,0.08,Sentinel-2 MSI / MODIS Terra Baseline,COPERNICUS/S2_SR_HARMONIZED,100,2022-03-01,2022-03-31,historical_satellite_baseline,False,clean_zonal_aggregate,2026-09-01T20:48:40Z
2022,3,Sheikhupura,Sheikhupura District,0.619291,0.614337,-0.589209,-0.593923,15420,4,0.08,Sentinel-2 MSI / MODIS Terra Baseline,COPERNICUS/S2_SR_HARMONIZED,100,2022-03-01,2022-03-31,historical_satellite_baseline,False,clean_zonal_aggregate,2026-09-01T20:48:40Z
2022,3,Sialkot,Sialkot District,0.617272,0.612334,-0.580828,-0.585475,15420,4,0.08,Sentinel-2 MSI / MODIS Terra Baseline,COPERNICUS/S2_SR_HARMONIZED,100,2022-03-01,2022-03-31,historical_satellite_baseline,False,clean_zonal_aggregate,2026-09-01T20:48:40Z
2022,3,Toba Tek Singh,Toba Tek Singh District,0.518622,0.514473,-0.532921,-0.537184,15420,4,0.08,Sentinel-2 MSI / MODIS Terra Baseline,COPERNICUS/S2_SR_HARMONIZED,100,2022-03-01,2022-03-31,historical_satellite_baseline,False,clean_zonal_aggregate,2026-09-01T20:48:40Z
2022,3,Vehari,Vehari District,0.524308,0.520113,-0.533822,-0.538093,15420,4,0.08,Sentinel-2 MSI / MODIS Terra Baseline,COPERNICUS/S2_SR_HARMONIZED,100,2022-03-01,2022-03-31,historical_satellite_baseline,False,clean_zonal_aggregate,2026-09-01T20:48:40Z
2022,4,Attock,Attock District,0.243323,0.241377,-0.340774,-0.343501,15420,4,0.08,Sentinel-2 MSI / MODIS Terra Baseline,COPERNICUS/S2_SR_HARMONIZED,100,2022-04-01,2022-04-30,historical_satellite_baseline,False,clean_zonal_aggregate,2026-09-01T20:48:40Z
2022,4,Bahawalnagar,Bahawalnagar District,0.172998,0.171614,-0.291330,-0.293660,15420,4,0.08,Sentinel-2 MSI / MODIS Terra Baseline,COPERNICUS/S2_SR_HARMONIZED,100,2022-04-01,2022-04-30,historical_satellite_baseline,False,clean_zonal_aggregate,2026-09-01T20:48:40Z
2022,4,Bahawalpur,Bahawalpur District,0.114018,0.113105,-0.230690,-0.232536,15420,4,0.08,Sentinel-2 MSI / MODIS Terra Baseline,COPERNICUS/S2_SR_HARMONIZED,100,2022-04-01,2022-04-30,historical_satellite_baseline,False,clean_zonal_aggregate,2026-09-01T20:48:40Z
2022,4,Bhakkar,Bhakkar District,,,,,,,,Sentinel-2 MSI / MODIS Terra Baseline,COPERNICUS/S2_SR_HARMONIZED,100,2022-04-01,2022-04-30,boundary_unavailable,True,missing_authoritative_arcgis_polygon,2026-09-01T20:48:40Z
2022,4,Chakwal,Chakwal District,0.247817,0.245835,-0.342887,-0.345630,15420,4,0.08,Sentinel-2 MSI / MODIS Terra Baseline,COPERNICUS/S2_SR_HARMONIZED,100,2022-04-01,2022-04-30,historical_satellite_baseline,False,clean_zonal_aggregate,2026-09-01T20:48:40Z
2022,4,Dera Ghazi Khan,Dera Ghazi Khan District,0.166272,0.164942,-0.276449,-0.278660,15420,4,0.08,Sentinel-2 MSI / MODIS Terra Baseline,COPERNICUS/S2_SR_HARMONIZED,100,2022-04-01,2022-04-30,historical_satellite_baseline,False,clean_zonal_aggregate,2026-09-01T20:48:40Z
2022,4,Faisalabad,Faisalabad District,0.292220,0.289882,-0.376526,-0.379538,15420,4,0.08,Sentinel-2 MSI / MODIS Terra Baseline,COPERNICUS/S2_SR_HARMONIZED,100,2022-04-01,2022-04-30,historical_satellite_baseline,False,clean_zonal_aggregate,2026-09-01T20:48:40Z
2022,4,Gujranwala,Gujranwala District,0.327226,0.324608,-0.424267,-0.427661,15420,4,0.08,Sentinel-2 MSI / MODIS Terra Baseline,COPERNICUS/S2_SR_HARMONIZED,100,2022-04-01,2022-04-30,historical_satellite_baseline,False,clean_zonal_aggregate,2026-09-01T20:48:40Z
2022,4,Gujrat,Gujrat District,0.341519,0.338787,-0.420992,-0.424360,15420,4,0.08,Sentinel-2 MSI / MODIS Terra Baseline,COPERNICUS/S2_SR_HARMONIZED,100,2022-04-01,2022-04-30,historical_satellite_baseline,False,clean_zonal_aggregate,2026-09-01T20:48:40Z
2022,4,Hafizabad,Hafizabad District,0.285997,0.283709,-0.417382,-0.420721,15420,4,0.08,Sentinel-2 MSI / MODIS Terra Baseline,COPERNICUS/S2_SR_HARMONIZED,100,2022-04-01,2022-04-30,historical_satellite_baseline,False,clean_zonal_aggregate,2026-09-01T20:48:40Z
2022,4,Jhang,Jhang District,,,,,,,,Sentinel-2 MSI / MODIS Terra Baseline,COPERNICUS/S2_SR_HARMONIZED,100,2022-04-01,2022-04-30,boundary_unavailable,True,missing_authoritative_arcgis_polygon,2026-09-01T20:48:40Z
2022,4,Jhelum,Jhelum District,0.300695,0.298289,-0.392519,-0.395659,15420,4,0.08,Sentinel-2 MSI / MODIS Terra Baseline,COPERNICUS/S2_SR_HARMONIZED,100,2022-04-01,2022-04-30,historical_satellite_baseline,False,clean_zonal_aggregate,2026-09-01T20:48:40Z
2022,4,Kasur,Kasur District,0.371155,0.368186,-0.429093,-0.432525,15420,4,0.08,Sentinel-2 MSI / MODIS Terra Baseline,COPERNICUS/S2_SR_HARMONIZED,100,2022-04-01,2022-04-30,historical_satellite_baseline,False,clean_zonal_aggregate,2026-09-01T20:48:40Z
2022,4,Khanewal,Khanewal District,0.279288,0.277054,-0.377382,-0.380401,15420,4,0.08,Sentinel-2 MSI / MODIS Terra Baseline,COPERNICUS/S2_SR_HARMONIZED,100,2022-04-01,2022-04-30,historical_satellite_baseline,False,clean_zonal_aggregate,2026-09-01T20:48:40Z
2022,4,Khushab,Khushab District,0.231541,0.229689,-0.335296,-0.337978,15420,4,0.08,Sentinel-2 MSI / MODIS Terra Baseline,COPERNICUS/S2_SR_HARMONIZED,100,2022-04-01,2022-04-30,historical_satellite_baseline,False,clean_zonal_aggregate,2026-09-01T20:48:40Z
2022,4,Lahore,Lahore District,0.310992,0.308504,-0.370273,-0.373236,15420,4,0.08,Sentinel-2 MSI / MODIS Terra Baseline,COPERNICUS/S2_SR_HARMONIZED,100,2022-04-01,2022-04-30,historical_satellite_baseline,False,clean_zonal_aggregate,2026-09-01T20:48:40Z
2022,4,Layyah,Layyah District,,,,,,,,Sentinel-2 MSI / MODIS Terra Baseline,COPERNICUS/S2_SR_HARMONIZED,100,2022-04-01,2022-04-30,boundary_unavailable,True,missing_authoritative_arcgis_polygon,2026-09-01T20:48:40Z
2022,4,Lodhran,Lodhran District,0.249509,0.247513,-0.356801,-0.359655,15420,4,0.08,Sentinel-2 MSI / MODIS Terra Baseline,COPERNICUS/S2_SR_HARMONIZED,100,2022-04-01,2022-04-30,historical_satellite_baseline,False,clean_zonal_aggregate,2026-09-01T20:48:40Z
2022,4,Mandi Bahauddin,Mandi Bahauddin District,0.365597,0.362672,-0.454836,-0.458475,15420,4,0.08,Sentinel-2 MSI / MODIS Terra Baseline,COPERNICUS/S2_SR_HARMONIZED,100,2022-04-01,2022-04-30,historical_satellite_baseline,False,clean_zonal_aggregate,2026-09-01T20:48:40Z
2022,4,Mianwali,Mianwali District,0.231261,0.229411,-0.329676,-0.332313,15420,4,0.08,Sentinel-2 MSI / MODIS Terra Baseline,COPERNICUS/S2_SR_HARMONIZED,100,2022-04-01,2022-04-30,historical_satellite_baseline,False,clean_zonal_aggregate,2026-09-01T20:48:40Z
2022,4,Multan,Multan District,0.274421,0.272226,-0.370937,-0.373905,15420,4,0.08,Sentinel-2 MSI / MODIS Terra Baseline,COPERNICUS/S2_SR_HARMONIZED,100,2022-04-01,2022-04-30,historical_satellite_baseline,False,clean_zonal_aggregate,2026-09-01T20:48:40Z
2022,4,Muzaffargarh,Muzaffargarh District,,,,,,,,Sentinel-2 MSI / MODIS Terra Baseline,COPERNICUS/S2_SR_HARMONIZED,100,2022-04-01,2022-04-30,boundary_unavailable,True,missing_authoritative_arcgis_polygon,2026-09-01T20:48:40Z
2022,4,Narowal,Narowal District,0.362486,0.359586,-0.453940,-0.457571,15420,4,0.08,Sentinel-2 MSI / MODIS Terra Baseline,COPERNICUS/S2_SR_HARMONIZED,100,2022-04-01,2022-04-30,historical_satellite_baseline,False,clean_zonal_aggregate,2026-09-01T20:48:40Z
2022,4,Okara,Okara District,,,,,,,,Sentinel-2 MSI / MODIS Terra Baseline,COPERNICUS/S2_SR_HARMONIZED,100,2022-04-01,2022-04-30,boundary_unavailable,True,missing_authoritative_arcgis_polygon,2026-09-01T20:48:40Z
2022,4,Pakpattan,Pakpattan District,0.383149,0.380084,-0.440588,-0.444113,15420,4,0.08,Sentinel-2 MSI / MODIS Terra Baseline,COPERNICUS/S2_SR_HARMONIZED,100,2022-04-01,2022-04-30,historical_satellite_baseline,False,clean_zonal_aggregate,2026-09-01T20:48:40Z
2022,4,Rahim Yar Khan,Rahim Yar Khan District,0.160866,0.159579,-0.265303,-0.267425,15420,4,0.08,Sentinel-2 MSI / MODIS Terra Baseline,COPERNICUS/S2_SR_HARMONIZED,100,2022-04-01,2022-04-30,historical_satellite_baseline,False,clean_zonal_aggregate,2026-09-01T20:48:40Z
2022,4,Rajanpur,Rajanpur District,0.120581,0.119616,-0.220066,-0.221827,15420,4,0.08,Sentinel-2 MSI / MODIS Terra Baseline,COPERNICUS/S2_SR_HARMONIZED,100,2022-04-01,2022-04-30,historical_satellite_baseline,False,clean_zonal_aggregate,2026-09-01T20:48:40Z
2022,4,Rawalpindi,Rawalpindi District,0.386146,0.383057,-0.448199,-0.451785,15420,4,0.08,Sentinel-2 MSI / MODIS Terra Baseline,COPERNICUS/S2_SR_HARMONIZED,100,2022-04-01,2022-04-30,historical_satellite_baseline,False,clean_zonal_aggregate,2026-09-01T20:48:40Z
2022,4,Sahiwal,Sahiwal District,0.346767,0.343993,-0.418623,-0.421972,15420,4,0.08,Sentinel-2 MSI / MODIS Terra Baseline,COPERNICUS/S2_SR_HARMONIZED,100,2022-04-01,2022-04-30,historical_satellite_baseline,False,clean_zonal_aggregate,2026-09-01T20:48:40Z
2022,4,Sargodha,Sargodha District,0.345524,0.342760,-0.438388,-0.441895,15420,4,0.08,Sentinel-2 MSI / MODIS Terra Baseline,COPERNICUS/S2_SR_HARMONIZED,100,2022-04-01,2022-04-30,historical_satellite_baseline,False,clean_zonal_aggregate,2026-09-01T20:48:40Z
2022,4,Sheikhupura,Sheikhupura District,0.312302,0.309803,-0.411567,-0.414860,15420,4,0.08,Sentinel-2 MSI / MODIS Terra Baseline,COPERNICUS/S2_SR_HARMONIZED,100,2022-04-01,2022-04-30,historical_satellite_baseline,False,clean_zonal_aggregate,2026-09-01T20:48:40Z
2022,4,Sialkot,Sialkot District,0.376781,0.373767,-0.455450,-0.459093,15420,4,0.08,Sentinel-2 MSI / MODIS Terra Baseline,COPERNICUS/S2_SR_HARMONIZED,100,2022-04-01,2022-04-30,historical_satellite_baseline,False,clean_zonal_aggregate,2026-09-01T20:48:40Z
2022,4,Toba Tek Singh,Toba Tek Singh District,0.299905,0.297506,-0.396487,-0.399659,15420,4,0.08,Sentinel-2 MSI / MODIS Terra Baseline,COPERNICUS/S2_SR_HARMONIZED,100,2022-04-01,2022-04-30,historical_satellite_baseline,False,clean_zonal_aggregate,2026-09-01T20:48:40Z
2022,4,Vehari,Vehari District,0.350759,0.347953,-0.424960,-0.428360,15420,4,0.08,Sentinel-2 MSI / MODIS Terra Baseline,COPERNICUS/S2_SR_HARMONIZED,100,2022-04-01,2022-04-30,historical_satellite_baseline,False,clean_zonal_aggregate,2026-09-01T20:48:40Z
2022,5,Attock,Attock District,0.181545,0.180093,-0.299653,-0.302051,15420,4,0.08,Sentinel-2 MSI / MODIS Terra Baseline,COPERNICUS/S2_SR_HARMONIZED,100,2022-05-01,2022-05-31,historical_satellite_baseline,False,clean_zonal_aggregate,2026-09-01T20:48:40Z
2022,5,Bahawalnagar,Bahawalnagar District,0.149013,0.147821,-0.254204,-0.256238,15420,4,0.08,Sentinel-2 MSI / MODIS Terra Baseline,COPERNICUS/S2_SR_HARMONIZED,100,2022-05-01,2022-05-31,historical_satellite_baseline,False,clean_zonal_aggregate,2026-09-01T20:48:40Z
2022,5,Bahawalpur,Bahawalpur District,0.099821,0.099022,-0.211539,-0.213232,15420,4,0.08,Sentinel-2 MSI / MODIS Terra Baseline,COPERNICUS/S2_SR_HARMONIZED,100,2022-05-01,2022-05-31,historical_satellite_baseline,False,clean_zonal_aggregate,2026-09-01T20:48:40Z
2022,5,Bhakkar,Bhakkar District,,,,,,,,Sentinel-2 MSI / MODIS Terra Baseline,COPERNICUS/S2_SR_HARMONIZED,100,2022-05-01,2022-05-31,boundary_unavailable,True,missing_authoritative_arcgis_polygon,2026-09-01T20:48:40Z
2022,5,Chakwal,Chakwal District,0.191726,0.190192,-0.307769,-0.310231,15420,4,0.08,Sentinel-2 MSI / MODIS Terra Baseline,COPERNICUS/S2_SR_HARMONIZED,100,2022-05-01,2022-05-31,historical_satellite_baseline,False,clean_zonal_aggregate,2026-09-01T20:48:40Z
2022,5,Dera Ghazi Khan,Dera Ghazi Khan District,0.116855,0.115920,-0.211026,-0.212715,15420,4,0.08,Sentinel-2 MSI / MODIS Terra Baseline,COPERNICUS/S2_SR_HARMONIZED,100,2022-05-01,2022-05-31,historical_satellite_baseline,False,clean_zonal_aggregate,2026-09-01T20:48:40Z
2022,5,Faisalabad,Faisalabad District,0.272939,0.270755,-0.370180,-0.373141,15420,4,0.08,Sentinel-2 MSI / MODIS Terra Baseline,COPERNICUS/S2_SR_HARMONIZED,100,2022-05-01,2022-05-31,historical_satellite_baseline,False,clean_zonal_aggregate,2026-09-01T20:48:40Z
2022,5,Gujranwala,Gujranwala District,0.212848,0.211145,-0.318371,-0.320918,15420,4,0.08,Sentinel-2 MSI / MODIS Terra Baseline,COPERNICUS/S2_SR_HARMONIZED,100,2022-05-01,2022-05-31,historical_satellite_baseline,False,clean_zonal_aggregate,2026-09-01T20:48:40Z
2022,5,Gujrat,Gujrat District,0.236037,0.234149,-0.343048,-0.345793,15420,4,0.08,Sentinel-2 MSI / MODIS Terra Baseline,COPERNICUS/S2_SR_HARMONIZED,100,2022-05-01,2022-05-31,historical_satellite_baseline,False,clean_zonal_aggregate,2026-09-01T20:48:40Z
2022,5,Hafizabad,Hafizabad District,0.194436,0.192880,-0.319173,-0.321726,15420,4,0.08,Sentinel-2 MSI / MODIS Terra Baseline,COPERNICUS/S2_SR_HARMONIZED,100,2022-05-01,2022-05-31,historical_satellite_baseline,False,clean_zonal_aggregate,2026-09-01T20:48:40Z
2022,5,Jhang,Jhang District,,,,,,,,Sentinel-2 MSI / MODIS Terra Baseline,COPERNICUS/S2_SR_HARMONIZED,100,2022-05-01,2022-05-31,boundary_unavailable,True,missing_authoritative_arcgis_polygon,2026-09-01T20:48:40Z
2022,5,Jhelum,Jhelum District,0.216743,0.215009,-0.319589,-0.322146,15420,4,0.08,Sentinel-2 MSI / MODIS Terra Baseline,COPERNICUS/S2_SR_HARMONIZED,100,2022-05-01,2022-05-31,historical_satellite_baseline,False,clean_zonal_aggregate,2026-09-01T20:48:40Z
2022,5,Kasur,Kasur District,0.315469,0.312945,-0.393888,-0.397039,15420,4,0.08,Sentinel-2 MSI / MODIS Terra Baseline,COPERNICUS/S2_SR_HARMONIZED,100,2022-05-01,2022-05-31,historical_satellite_baseline,False,clean_zonal_aggregate,2026-09-01T20:48:40Z
2022,5,Khanewal,Khanewal District,0.250475,0.248471,-0.337411,-0.340110,15420,4,0.08,Sentinel-2 MSI / MODIS Terra Baseline,COPERNICUS/S2_SR_HARMONIZED,100,2022-05-01,2022-05-31,historical_satellite_baseline,False,clean_zonal_aggregate,2026-09-01T20:48:40Z
2022,5,Khushab,Khushab District,0.176842,0.175427,-0.288273,-0.290579,15420,4,0.08,Sentinel-2 MSI / MODIS Terra Baseline,COPERNICUS/S2_SR_HARMONIZED,100,2022-05-01,2022-05-31,historical_satellite_baseline,False,clean_zonal_aggregate,2026-09-01T20:48:40Z
2022,5,Lahore,Lahore District,0.245771,0.243805,-0.333291,-0.335957,15420,4,0.08,Sentinel-2 MSI / MODIS Terra Baseline,COPERNICUS/S2_SR_HARMONIZED,100,2022-05-01,2022-05-31,historical_satellite_baseline,False,clean_zonal_aggregate,2026-09-01T20:48:40Z
2022,5,Layyah,Layyah District,,,,,,,,Sentinel-2 MSI / MODIS Terra Baseline,COPERNICUS/S2_SR_HARMONIZED,100,2022-05-01,2022-05-31,boundary_unavailable,True,missing_authoritative_arcgis_polygon,2026-09-01T20:48:40Z
2022,5,Lodhran,Lodhran District,0.207758,0.206096,-0.295589,-0.297954,15420,4,0.08,Sentinel-2 MSI / MODIS Terra Baseline,COPERNICUS/S2_SR_HARMONIZED,100,2022-05-01,2022-05-31,historical_satellite_baseline,False,clean_zonal_aggregate,2026-09-01T20:48:40Z
2022,5,Mandi Bahauddin,Mandi Bahauddin District,0.275366,0.273163,-0.381687,-0.384740,15420,4,0.08,Sentinel-2 MSI / MODIS Terra Baseline,COPERNICUS/S2_SR_HARMONIZED,100,2022-05-01,2022-05-31,historical_satellite_baseline,False,clean_zonal_aggregate,2026-09-01T20:48:40Z
2022,5,Mianwali,Mianwali District,0.162733,0.161431,-0.272470,-0.274650,15420,4,0.08,Sentinel-2 MSI / MODIS Terra Baseline,COPERNICUS/S2_SR_HARMONIZED,100,2022-05-01,2022-05-31,historical_satellite_baseline,False,clean_zonal_aggregate,2026-09-01T20:48:40Z
2022,5,Multan,Multan District,0.231013,0.229165,-0.318238,-0.320784,15420,4,0.08,Sentinel-2 MSI / MODIS Terra Baseline,COPERNICUS/S2_SR_HARMONIZED,100,2022-05-01,2022-05-31,historical_satellite_baseline,False,clean_zonal_aggregate,2026-09-01T20:48:40Z
2022,5,Muzaffargarh,Muzaffargarh District,,,,,,,,Sentinel-2 MSI / MODIS Terra Baseline,COPERNICUS/S2_SR_HARMONIZED,100,2022-05-01,2022-05-31,boundary_unavailable,True,missing_authoritative_arcgis_polygon,2026-09-01T20:48:40Z
2022,5,Narowal,Narowal District,0.205520,0.203876,-0.334981,-0.337661,15420,4,0.08,Sentinel-2 MSI / MODIS Terra Baseline,COPERNICUS/S2_SR_HARMONIZED,100,2022-05-01,2022-05-31,historical_satellite_baseline,False,clean_zonal_aggregate,2026-09-01T20:48:40Z
2022,5,Okara,Okara District,,,,,,,,Sentinel-2 MSI / MODIS Terra Baseline,COPERNICUS/S2_SR_HARMONIZED,100,2022-05-01,2022-05-31,boundary_unavailable,True,missing_authoritative_arcgis_polygon,2026-09-01T20:48:40Z
2022,5,Pakpattan,Pakpattan District,0.326465,0.323854,-0.385605,-0.388690,15420,4,0.08,Sentinel-2 MSI / MODIS Terra Baseline,COPERNICUS/S2_SR_HARMONIZED,100,2022-05-01,2022-05-31,historical_satellite_baseline,False,clean_zonal_aggregate,2026-09-01T20:48:40Z
2022,5,Rahim Yar Khan,Rahim Yar Khan District,0.162876,0.161573,-0.242654,-0.244595,15420,4,0.08,Sentinel-2 MSI / MODIS Terra Baseline,COPERNICUS/S2_SR_HARMONIZED,100,2022-05-01,2022-05-31,historical_satellite_baseline,False,clean_zonal_aggregate,2026-09-01T20:48:40Z
2022,5,Rajanpur,Rajanpur District,0.106117,0.105268,-0.190951,-0.192478,15420,4,0.08,Sentinel-2 MSI / MODIS Terra Baseline,COPERNICUS/S2_SR_HARMONIZED,100,2022-05-01,2022-05-31,historical_satellite_baseline,False,clean_zonal_aggregate,2026-09-01T20:48:40Z
2022,5,Rawalpindi,Rawalpindi District,0.271876,0.269701,-0.339305,-0.342020,15420,4,0.08,Sentinel-2 MSI / MODIS Terra Baseline,COPERNICUS/S2_SR_HARMONIZED,100,2022-05-01,2022-05-31,historical_satellite_baseline,False,clean_zonal_aggregate,2026-09-01T20:48:40Z
2022,5,Sahiwal,Sahiwal District,0.309919,0.307439,-0.387671,-0.390772,15420,4,0.08,Sentinel-2 MSI / MODIS Terra Baseline,COPERNICUS/S2_SR_HARMONIZED,100,2022-05-01,2022-05-31,historical_satellite_baseline,False,clean_zonal_aggregate,2026-09-01T20:48:40Z
2022,5,Sargodha,Sargodha District,0.276244,0.274035,-0.365862,-0.368789,15420,4,0.08,Sentinel-2 MSI / MODIS Terra Baseline,COPERNICUS/S2_SR_HARMONIZED,100,2022-05-01,2022-05-31,historical_satellite_baseline,False,clean_zonal_aggregate,2026-09-01T20:48:40Z
2022,5,Sheikhupura,Sheikhupura District,0.215558,0.213834,-0.328412,-0.331039,15420,4,0.08,Sentinel-2 MSI / MODIS Terra Baseline,COPERNICUS/S2_SR_HARMONIZED,100,2022-05-01,2022-05-31,historical_satellite_baseline,False,clean_zonal_aggregate,2026-09-01T20:48:40Z
2022,5,Sialkot,Sialkot District,0.237872,0.235969,-0.352260,-0.355078,15420,4,0.08,Sentinel-2 MSI / MODIS Terra Baseline,COPERNICUS/S2_SR_HARMONIZED,100,2022-05-01,2022-05-31,historical_satellite_baseline,False,clean_zonal_aggregate,2026-09-01T20:48:40Z
2022,5,Toba Tek Singh,Toba Tek Singh District,0.268387,0.266240,-0.363150,-0.366055,15420,4,0.08,Sentinel-2 MSI / MODIS Terra Baseline,COPERNICUS/S2_SR_HARMONIZED,100,2022-05-01,2022-05-31,historical_satellite_baseline,False,clean_zonal_aggregate,2026-09-01T20:48:40Z
2022,5,Vehari,Vehari District,0.302597,0.300176,-0.368527,-0.371476,15420,4,0.08,Sentinel-2 MSI / MODIS Terra Baseline,COPERNICUS/S2_SR_HARMONIZED,100,2022-05-01,2022-05-31,historical_satellite_baseline,False,clean_zonal_aggregate,2026-09-01T20:48:40Z
2022,6,Attock,Attock District,0.157270,0.156011,-0.263333,-0.265440,15420,4,0.08,Sentinel-2 MSI / MODIS Terra Baseline,COPERNICUS/S2_SR_HARMONIZED,100,2022-06-01,2022-06-30,historical_satellite_baseline,False,clean_zonal_aggregate,2026-09-01T20:48:40Z
2022,6,Bahawalnagar,Bahawalnagar District,0.188025,0.186521,-0.267141,-0.269278,15420,4,0.08,Sentinel-2 MSI / MODIS Terra Baseline,COPERNICUS/S2_SR_HARMONIZED,100,2022-06-01,2022-06-30,historical_satellite_baseline,False,clean_zonal_aggregate,2026-09-01T20:48:40Z
2022,6,Bahawalpur,Bahawalpur District,0.110022,0.109142,-0.207094,-0.208751,15420,4,0.08,Sentinel-2 MSI / MODIS Terra Baseline,COPERNICUS/S2_SR_HARMONIZED,100,2022-06-01,2022-06-30,historical_satellite_baseline,False,clean_zonal_aggregate,2026-09-01T20:48:40Z
2022,6,Bhakkar,Bhakkar District,,,,,,,,Sentinel-2 MSI / MODIS Terra Baseline,COPERNICUS/S2_SR_HARMONIZED,100,2022-06-01,2022-06-30,boundary_unavailable,True,missing_authoritative_arcgis_polygon,2026-09-01T20:48:40Z
2022,6,Chakwal,Chakwal District,0.173901,0.172509,-0.282746,-0.285008,15420,4,0.08,Sentinel-2 MSI / MODIS Terra Baseline,COPERNICUS/S2_SR_HARMONIZED,100,2022-06-01,2022-06-30,historical_satellite_baseline,False,clean_zonal_aggregate,2026-09-01T20:48:40Z
2022,6,Dera Ghazi Khan,Dera Ghazi Khan District,0.133390,0.132323,-0.224723,-0.226521,15420,4,0.08,Sentinel-2 MSI / MODIS Terra Baseline,COPERNICUS/S2_SR_HARMONIZED,100,2022-06-01,2022-06-30,historical_satellite_baseline,False,clean_zonal_aggregate,2026-09-01T20:48:40Z
2022,6,Faisalabad,Faisalabad District,0.323073,0.320488,-0.384015,-0.387087,15420,4,0.08,Sentinel-2 MSI / MODIS Terra Baseline,COPERNICUS/S2_SR_HARMONIZED,100,2022-06-01,2022-06-30,historical_satellite_baseline,False,clean_zonal_aggregate,2026-09-01T20:48:40Z
2022,6,Gujranwala,Gujranwala District,0.205392,0.203748,-0.275624,-0.277829,15420,4,0.08,Sentinel-2 MSI / MODIS Terra Baseline,COPERNICUS/S2_SR_HARMONIZED,100,2022-06-01,2022-06-30,historical_satellite_baseline,False,clean_zonal_aggregate,2026-09-01T20:48:40Z
2022,6,Gujrat,Gujrat District,0.218645,0.216896,-0.305841,-0.308288,15420,4,0.08,Sentinel-2 MSI / MODIS Terra Baseline,COPERNICUS/S2_SR_HARMONIZED,100,2022-06-01,2022-06-30,historical_satellite_baseline,False,clean_zonal_aggregate,2026-09-01T20:48:40Z
2022,6,Hafizabad,Hafizabad District,0.187648,0.186146,-0.264847,-0.266966,15420,4,0.08,Sentinel-2 MSI / MODIS Terra Baseline,COPERNICUS/S2_SR_HARMONIZED,100,2022-06-01,2022-06-30,historical_satellite_baseline,False,clean_zonal_aggregate,2026-09-01T20:48:40Z
2022,6,Jhang,Jhang District,,,,,,,,Sentinel-2 MSI / MODIS Terra Baseline,COPERNICUS/S2_SR_HARMONIZED,100,2022-06-01,2022-06-30,boundary_unavailable,True,missing_authoritative_arcgis_polygon,2026-09-01T20:48:40Z
2022,6,Jhelum,Jhelum District,0.197174,0.195596,-0.306390,-0.308842,15420,4,0.08,Sentinel-2 MSI / MODIS Terra Baseline,COPERNICUS/S2_SR_HARMONIZED,100,2022-06-01,2022-06-30,historical_satellite_baseline,False,clean_zonal_aggregate,2026-09-01T20:48:40Z
2022,6,Kasur,Kasur District,0.303922,0.301491,-0.361885,-0.364780,15420,4,0.08,Sentinel-2 MSI / MODIS Terra Baseline,COPERNICUS/S2_SR_HARMONIZED,100,2022-06-01,2022-06-30,historical_satellite_baseline,False,clean_zonal_aggregate,2026-09-01T20:48:40Z
2022,6,Khanewal,Khanewal District,0.341045,0.338316,-0.387251,-0.390349,15420,4,0.08,Sentinel-2 MSI / MODIS Terra Baseline,COPERNICUS/S2_SR_HARMONIZED,100,2022-06-01,2022-06-30,historical_satellite_baseline,False,clean_zonal_aggregate,2026-09-01T20:48:40Z
2022,6,Khushab,Khushab District,0.164008,0.162696,-0.260995,-0.263083,15420,4,0.08,Sentinel-2 MSI / MODIS Terra Baseline,COPERNICUS/S2_SR_HARMONIZED,100,2022-06-01,2022-06-30,historical_satellite_baseline,False,clean_zonal_aggregate,2026-09-01T20:48:40Z
2022,6,Lahore,Lahore District,0.248767,0.246777,-0.311201,-0.313690,15420,4,0.08,Sentinel-2 MSI / MODIS Terra Baseline,COPERNICUS/S2_SR_HARMONIZED,100,2022-06-01,2022-06-30,historical_satellite_baseline,False,clean_zonal_aggregate,2026-09-01T20:48:40Z
2022,6,Layyah,Layyah District,,,,,,,,Sentinel-2 MSI / MODIS Terra Baseline,COPERNICUS/S2_SR_HARMONIZED,100,2022-06-01,2022-06-30,boundary_unavailable,True,missing_authoritative_arcgis_polygon,2026-09-01T20:48:40Z
2022,6,Lodhran,Lodhran District,0.296488,0.294116,-0.350906,-0.353713,15420,4,0.08,Sentinel-2 MSI / MODIS Terra Baseline,COPERNICUS/S2_SR_HARMONIZED,100,2022-06-01,2022-06-30,historical_satellite_baseline,False,clean_zonal_aggregate,2026-09-01T20:48:40Z
2022,6,Mandi Bahauddin,Mandi Bahauddin District,0.275880,0.273673,-0.342711,-0.345452,15420,4,0.08,Sentinel-2 MSI / MODIS Terra Baseline,COPERNICUS/S2_SR_HARMONIZED,100,2022-06-01,2022-06-30,historical_satellite_baseline,False,clean_zonal_aggregate,2026-09-01T20:48:40Z
2022,6,Mianwali,Mianwali District,0.165305,0.163982,-0.255888,-0.257935,15420,4,0.08,Sentinel-2 MSI / MODIS Terra Baseline,COPERNICUS/S2_SR_HARMONIZED,100,2022-06-01,2022-06-30,historical_satellite_baseline,False,clean_zonal_aggregate,2026-09-01T20:48:40Z
2022,6,Multan,Multan District,0.302853,0.300430,-0.357050,-0.359906,15420,4,0.08,Sentinel-2 MSI / MODIS Terra Baseline,COPERNICUS/S2_SR_HARMONIZED,100,2022-06-01,2022-06-30,historical_satellite_baseline,False,clean_zonal_aggregate,2026-09-01T20:48:40Z
2022,6,Muzaffargarh,Muzaffargarh District,,,,,,,,Sentinel-2 MSI / MODIS Terra Baseline,COPERNICUS/S2_SR_HARMONIZED,100,2022-06-01,2022-06-30,boundary_unavailable,True,missing_authoritative_arcgis_polygon,2026-09-01T20:48:40Z
2022,6,Narowal,Narowal District,0.180303,0.178860,-0.293391,-0.295738,15420,4,0.08,Sentinel-2 MSI / MODIS Terra Baseline,COPERNICUS/S2_SR_HARMONIZED,100,2022-06-01,2022-06-30,historical_satellite_baseline,False,clean_zonal_aggregate,2026-09-01T20:48:40Z
2022,6,Okara,Okara District,,,,,,,,Sentinel-2 MSI / MODIS Terra Baseline,COPERNICUS/S2_SR_HARMONIZED,100,2022-06-01,2022-06-30,boundary_unavailable,True,missing_authoritative_arcgis_polygon,2026-09-01T20:48:40Z
2022,6,Pakpattan,Pakpattan District,0.310179,0.307698,-0.364025,-0.366937,15420,4,0.08,Sentinel-2 MSI / MODIS Terra Baseline,COPERNICUS/S2_SR_HARMONIZED,100,2022-06-01,2022-06-30,historical_satellite_baseline,False,clean_zonal_aggregate,2026-09-01T20:48:40Z
2022,6,Rahim Yar Khan,Rahim Yar Khan District,0.219100,0.217347,-0.283169,-0.285434,15420,4,0.08,Sentinel-2 MSI / MODIS Terra Baseline,COPERNICUS/S2_SR_HARMONIZED,100,2022-06-01,2022-06-30,historical_satellite_baseline,False,clean_zonal_aggregate,2026-09-01T20:48:40Z
2022,6,Rajanpur,Rajanpur District,0.137026,0.135930,-0.214887,-0.216606,15420,4,0.08,Sentinel-2 MSI / MODIS Terra Baseline,COPERNICUS/S2_SR_HARMONIZED,100,2022-06-01,2022-06-30,historical_satellite_baseline,False,clean_zonal_aggregate,2026-09-01T20:48:40Z
2022,6,Rawalpindi,Rawalpindi District,0.250695,0.248690,-0.332631,-0.335292,15420,4,0.08,Sentinel-2 MSI / MODIS Terra Baseline,COPERNICUS/S2_SR_HARMONIZED,100,2022-06-01,2022-06-30,historical_satellite_baseline,False,clean_zonal_aggregate,2026-09-01T20:48:40Z
2022,6,Sahiwal,Sahiwal District,0.322192,0.319615,-0.385820,-0.388907,15420,4,0.08,Sentinel-2 MSI / MODIS Terra Baseline,COPERNICUS/S2_SR_HARMONIZED,100,2022-06-01,2022-06-30,historical_satellite_baseline,False,clean_zonal_aggregate,2026-09-01T20:48:40Z
2022,6,Sargodha,Sargodha District,0.294429,0.292073,-0.359172,-0.362045,15420,4,0.08,Sentinel-2 MSI / MODIS Terra Baseline,COPERNICUS/S2_SR_HARMONIZED,100,2022-06-01,2022-06-30,historical_satellite_baseline,False,clean_zonal_aggregate,2026-09-01T20:48:40Z
2022,6,Sheikhupura,Sheikhupura District,0.215486,0.213762,-0.295332,-0.297695,15420,4,0.08,Sentinel-2 MSI / MODIS Terra Baseline,COPERNICUS/S2_SR_HARMONIZED,100,2022-06-01,2022-06-30,historical_satellite_baseline,False,clean_zonal_aggregate,2026-09-01T20:48:40Z
2022,6,Sialkot,Sialkot District,0.221698,0.219924,-0.310916,-0.313404,15420,4,0.08,Sentinel-2 MSI / MODIS Terra Baseline,COPERNICUS/S2_SR_HARMONIZED,100,2022-06-01,2022-06-30,historical_satellite_baseline,False,clean_zonal_aggregate,2026-09-01T20:48:40Z
2022,6,Toba Tek Singh,Toba Tek Singh District,0.302289,0.299870,-0.374673,-0.377671,15420,4,0.08,Sentinel-2 MSI / MODIS Terra Baseline,COPERNICUS/S2_SR_HARMONIZED,100,2022-06-01,2022-06-30,historical_satellite_baseline,False,clean_zonal_aggregate,2026-09-01T20:48:40Z
2022,6,Vehari,Vehari District,0.306086,0.303638,-0.364029,-0.366942,15420,4,0.08,Sentinel-2 MSI / MODIS Terra Baseline,COPERNICUS/S2_SR_HARMONIZED,100,2022-06-01,2022-06-30,historical_satellite_baseline,False,clean_zonal_aggregate,2026-09-01T20:48:40Z
2022,7,Attock,Attock District,0.227049,0.225233,-0.269537,-0.271693,15420,4,0.08,Sentinel-2 MSI / MODIS Terra Baseline,COPERNICUS/S2_SR_HARMONIZED,100,2022-07-01,2022-07-31,historical_satellite_baseline,False,clean_zonal_aggregate,2026-09-01T20:48:40Z
2022,7,Bahawalnagar,Bahawalnagar District,0.306132,0.303683,-0.285838,-0.288125,15420,4,0.08,Sentinel-2 MSI / MODIS Terra Baseline,COPERNICUS/S2_SR_HARMONIZED,100,2022-07-01,2022-07-31,historical_satellite_baseline,False,clean_zonal_aggregate,2026-09-01T20:48:40Z
2022,7,Bahawalpur,Bahawalpur District,0.184815,0.183336,-0.223099,-0.224883,15420,4,0.08,Sentinel-2 MSI / MODIS Terra Baseline,COPERNICUS/S2_SR_HARMONIZED,100,2022-07-01,2022-07-31,historical_satellite_baseline,False,clean_zonal_aggregate,2026-09-01T20:48:40Z
2022,7,Bhakkar,Bhakkar District,,,,,,,,Sentinel-2 MSI / MODIS Terra Baseline,COPERNICUS/S2_SR_HARMONIZED,100,2022-07-01,2022-07-31,boundary_unavailable,True,missing_authoritative_arcgis_polygon,2026-09-01T20:48:40Z
2022,7,Chakwal,Chakwal District,0.212881,0.211178,-0.226700,-0.228513,15420,4,0.08,Sentinel-2 MSI / MODIS Terra Baseline,COPERNICUS/S2_SR_HARMONIZED,100,2022-07-01,2022-07-31,historical_satellite_baseline,False,clean_zonal_aggregate,2026-09-01T20:48:40Z
2022,7,Dera Ghazi Khan,Dera Ghazi Khan District,0.146552,0.145380,-0.149980,-0.151180,15420,4,0.08,Sentinel-2 MSI / MODIS Terra Baseline,COPERNICUS/S2_SR_HARMONIZED,100,2022-07-01,2022-07-31,historical_satellite_baseline,False,clean_zonal_aggregate,2026-09-01T20:48:40Z
2022,7,Faisalabad,Faisalabad District,0.331255,0.328605,-0.301569,-0.303981,15420,4,0.08,Sentinel-2 MSI / MODIS Terra Baseline,COPERNICUS/S2_SR_HARMONIZED,100,2022-07-01,2022-07-31,historical_satellite_baseline,False,clean_zonal_aggregate,2026-09-01T20:48:40Z
2022,7,Gujranwala,Gujranwala District,0.225159,0.223358,-0.155607,-0.156852,15420,4,0.08,Sentinel-2 MSI / MODIS Terra Baseline,COPERNICUS/S2_SR_HARMONIZED,100,2022-07-01,2022-07-31,historical_satellite_baseline,False,clean_zonal_aggregate,2026-09-01T20:48:40Z
2022,7,Gujrat,Gujrat District,0.364978,0.362058,-0.336760,-0.339454,15420,4,0.08,Sentinel-2 MSI / MODIS Terra Baseline,COPERNICUS/S2_SR_HARMONIZED,100,2022-07-01,2022-07-31,historical_satellite_baseline,False,clean_zonal_aggregate,2026-09-01T20:48:40Z
2022,7,Hafizabad,Hafizabad District,0.160467,0.159183,-0.117696,-0.118638,15420,4,0.08,Sentinel-2 MSI / MODIS Terra Baseline,COPERNICUS/S2_SR_HARMONIZED,100,2022-07-01,2022-07-31,historical_satellite_baseline,False,clean_zonal_aggregate,2026-09-01T20:48:40Z
2022,7,Jhang,Jhang District,,,,,,,,Sentinel-2 MSI / MODIS Terra Baseline,COPERNICUS/S2_SR_HARMONIZED,100,2022-07-01,2022-07-31,boundary_unavailable,True,missing_authoritative_arcgis_polygon,2026-09-01T20:48:40Z
2022,7,Jhelum,Jhelum District,0.276594,0.274382,-0.293711,-0.296061,15420,4,0.08,Sentinel-2 MSI / MODIS Terra Baseline,COPERNICUS/S2_SR_HARMONIZED,100,2022-07-01,2022-07-31,historical_satellite_baseline,False,clean_zonal_aggregate,2026-09-01T20:48:40Z
2022,7,Kasur,Kasur District,0.402856,0.399634,-0.374187,-0.377180,15420,4,0.08,Sentinel-2 MSI / MODIS Terra Baseline,COPERNICUS/S2_SR_HARMONIZED,100,2022-07-01,2022-07-31,historical_satellite_baseline,False,clean_zonal_aggregate,2026-09-01T20:48:40Z
2022,7,Khanewal,Khanewal District,0.453245,0.449619,-0.425823,-0.429229,15420,4,0.08,Sentinel-2 MSI / MODIS Terra Baseline,COPERNICUS/S2_SR_HARMONIZED,100,2022-07-01,2022-07-31,historical_satellite_baseline,False,clean_zonal_aggregate,2026-09-01T20:48:40Z
2022,7,Khushab,Khushab District,0.184702,0.183225,-0.216537,-0.218269,15420,4,0.08,Sentinel-2 MSI / MODIS Terra Baseline,COPERNICUS/S2_SR_HARMONIZED,100,2022-07-01,2022-07-31,historical_satellite_baseline,False,clean_zonal_aggregate,2026-09-01T20:48:40Z
2022,7,Lahore,Lahore District,0.316918,0.314383,-0.303216,-0.305642,15420,4,0.08,Sentinel-2 MSI / MODIS Terra Baseline,COPERNICUS/S2_SR_HARMONIZED,100,2022-07-01,2022-07-31,historical_satellite_baseline,False,clean_zonal_aggregate,2026-09-01T20:48:40Z
2022,7,Layyah,Layyah District,,,,,,,,Sentinel-2 MSI / MODIS Terra Baseline,COPERNICUS/S2_SR_HARMONIZED,100,2022-07-01,2022-07-31,boundary_unavailable,True,missing_authoritative_arcgis_polygon,2026-09-01T20:48:40Z
2022,7,Lodhran,Lodhran District,0.490297,0.486375,-0.452953,-0.456576,15420,4,0.08,Sentinel-2 MSI / MODIS Terra Baseline,COPERNICUS/S2_SR_HARMONIZED,100,2022-07-01,2022-07-31,historical_satellite_baseline,False,clean_zonal_aggregate,2026-09-01T20:48:40Z
2022,7,Mandi Bahauddin,Mandi Bahauddin District,0.339580,0.336863,-0.314942,-0.317462,15420,4,0.08,Sentinel-2 MSI / MODIS Terra Baseline,COPERNICUS/S2_SR_HARMONIZED,100,2022-07-01,2022-07-31,historical_satellite_baseline,False,clean_zonal_aggregate,2026-09-01T20:48:40Z
2022,7,Mianwali,Mianwali District,0.247762,0.245780,-0.283693,-0.285962,15420,4,0.08,Sentinel-2 MSI / MODIS Terra Baseline,COPERNICUS/S2_SR_HARMONIZED,100,2022-07-01,2022-07-31,historical_satellite_baseline,False,clean_zonal_aggregate,2026-09-01T20:48:40Z
2022,7,Multan,Multan District,0.432699,0.429237,-0.423350,-0.426736,15420,4,0.08,Sentinel-2 MSI / MODIS Terra Baseline,COPERNICUS/S2_SR_HARMONIZED,100,2022-07-01,2022-07-31,historical_satellite_baseline,False,clean_zonal_aggregate,2026-09-01T20:48:40Z
2022,7,Muzaffargarh,Muzaffargarh District,,,,,,,,Sentinel-2 MSI / MODIS Terra Baseline,COPERNICUS/S2_SR_HARMONIZED,100,2022-07-01,2022-07-31,boundary_unavailable,True,missing_authoritative_arcgis_polygon,2026-09-01T20:48:40Z
2022,7,Narowal,Narowal District,,,,,0,0,1.00,Sentinel-2 MSI / MODIS Terra Baseline,COPERNICUS/S2_SR_HARMONIZED,100,2022-07-01,2022-07-31,satellite_source_unavailable,True,cloud_masked_no_valid_pixels,2026-09-01T20:48:40Z
2022,7,Okara,Okara District,,,,,,,,Sentinel-2 MSI / MODIS Terra Baseline,COPERNICUS/S2_SR_HARMONIZED,100,2022-07-01,2022-07-31,boundary_unavailable,True,missing_authoritative_arcgis_polygon,2026-09-01T20:48:40Z
2022,7,Pakpattan,Pakpattan District,0.198281,0.196695,-0.151288,-0.152499,15420,4,0.08,Sentinel-2 MSI / MODIS Terra Baseline,COPERNICUS/S2_SR_HARMONIZED,100,2022-07-01,2022-07-31,historical_satellite_baseline,False,clean_zonal_aggregate,2026-09-01T20:48:40Z
2022,7,Rahim Yar Khan,Rahim Yar Khan District,0.299252,0.296858,-0.319115,-0.321668,15420,4,0.08,Sentinel-2 MSI / MODIS Terra Baseline,COPERNICUS/S2_SR_HARMONIZED,100,2022-07-01,2022-07-31,historical_satellite_baseline,False,clean_zonal_aggregate,2026-09-01T20:48:40Z
2022,7,Rajanpur,Rajanpur District,0.180872,0.179425,-0.217152,-0.218890,15420,4,0.08,Sentinel-2 MSI / MODIS Terra Baseline,COPERNICUS/S2_SR_HARMONIZED,100,2022-07-01,2022-07-31,historical_satellite_baseline,False,clean_zonal_aggregate,2026-09-01T20:48:40Z
2022,7,Rawalpindi,Rawalpindi District,0.348260,0.345474,-0.346661,-0.349434,15420,4,0.08,Sentinel-2 MSI / MODIS Terra Baseline,COPERNICUS/S2_SR_HARMONIZED,100,2022-07-01,2022-07-31,historical_satellite_baseline,False,clean_zonal_aggregate,2026-09-01T20:48:40Z
2022,7,Sahiwal,Sahiwal District,0.296037,0.293669,-0.262536,-0.264636,15420,4,0.08,Sentinel-2 MSI / MODIS Terra Baseline,COPERNICUS/S2_SR_HARMONIZED,100,2022-07-01,2022-07-31,historical_satellite_baseline,False,clean_zonal_aggregate,2026-09-01T20:48:40Z
2022,7,Sargodha,Sargodha District,0.357435,0.354575,-0.340474,-0.343198,15420,4,0.08,Sentinel-2 MSI / MODIS Terra Baseline,COPERNICUS/S2_SR_HARMONIZED,100,2022-07-01,2022-07-31,historical_satellite_baseline,False,clean_zonal_aggregate,2026-09-01T20:48:40Z
2022,7,Sheikhupura,Sheikhupura District,0.186858,0.185363,-0.144073,-0.145226,15420,4,0.08,Sentinel-2 MSI / MODIS Terra Baseline,COPERNICUS/S2_SR_HARMONIZED,100,2022-07-01,2022-07-31,historical_satellite_baseline,False,clean_zonal_aggregate,2026-09-01T20:48:40Z
2022,7,Sialkot,Sialkot District,,,,,0,0,1.00,Sentinel-2 MSI / MODIS Terra Baseline,COPERNICUS/S2_SR_HARMONIZED,100,2022-07-01,2022-07-31,satellite_source_unavailable,True,cloud_masked_no_valid_pixels,2026-09-01T20:48:40Z
2022,7,Toba Tek Singh,Toba Tek Singh District,0.331875,0.329220,-0.324511,-0.327107,15420,4,0.08,Sentinel-2 MSI / MODIS Terra Baseline,COPERNICUS/S2_SR_HARMONIZED,100,2022-07-01,2022-07-31,historical_satellite_baseline,False,clean_zonal_aggregate,2026-09-01T20:48:40Z
2022,7,Vehari,Vehari District,0.348158,0.345373,-0.316556,-0.319089,15420,4,0.08,Sentinel-2 MSI / MODIS Terra Baseline,COPERNICUS/S2_SR_HARMONIZED,100,2022-07-01,2022-07-31,historical_satellite_baseline,False,clean_zonal_aggregate,2026-09-01T20:48:40Z
2022,8,Attock,Attock District,0.377428,0.374408,-0.388152,-0.391257,15420,4,0.08,Sentinel-2 MSI / MODIS Terra Baseline,COPERNICUS/S2_SR_HARMONIZED,100,2022-08-01,2022-08-31,historical_satellite_baseline,False,clean_zonal_aggregate,2026-09-01T20:48:40Z
2022,8,Bahawalnagar,Bahawalnagar District,0.372625,0.369644,-0.330414,-0.333057,15420,4,0.08,Sentinel-2 MSI / MODIS Terra Baseline,COPERNICUS/S2_SR_HARMONIZED,100,2022-08-01,2022-08-31,historical_satellite_baseline,False,clean_zonal_aggregate,2026-09-01T20:48:40Z
2022,8,Bahawalpur,Bahawalpur District,0.211936,0.210241,-0.258350,-0.260417,15420,4,0.08,Sentinel-2 MSI / MODIS Terra Baseline,COPERNICUS/S2_SR_HARMONIZED,100,2022-08-01,2022-08-31,historical_satellite_baseline,False,clean_zonal_aggregate,2026-09-01T20:48:40Z
2022,8,Bhakkar,Bhakkar District,,,,,,,,Sentinel-2 MSI / MODIS Terra Baseline,COPERNICUS/S2_SR_HARMONIZED,100,2022-08-01,2022-08-31,boundary_unavailable,True,missing_authoritative_arcgis_polygon,2026-09-01T20:48:40Z
2022,8,Chakwal,Chakwal District,0.393216,0.390070,-0.384940,-0.388020,15420,4,0.08,Sentinel-2 MSI / MODIS Terra Baseline,COPERNICUS/S2_SR_HARMONIZED,100,2022-08-01,2022-08-31,historical_satellite_baseline,False,clean_zonal_aggregate,2026-09-01T20:48:40Z
2022,8,Dera Ghazi Khan,Dera Ghazi Khan District,0.290384,0.288061,-0.306734,-0.309188,15420,4,0.08,Sentinel-2 MSI / MODIS Terra Baseline,COPERNICUS/S2_SR_HARMONIZED,100,2022-08-01,2022-08-31,historical_satellite_baseline,False,clean_zonal_aggregate,2026-09-01T20:48:40Z
2022,8,Faisalabad,Faisalabad District,0.376581,0.373568,-0.364516,-0.367432,15420,4,0.08,Sentinel-2 MSI / MODIS Terra Baseline,COPERNICUS/S2_SR_HARMONIZED,100,2022-08-01,2022-08-31,historical_satellite_baseline,False,clean_zonal_aggregate,2026-09-01T20:48:40Z
2022,8,Gujranwala,Gujranwala District,0.530074,0.525834,-0.448107,-0.451692,15420,4,0.08,Sentinel-2 MSI / MODIS Terra Baseline,COPERNICUS/S2_SR_HARMONIZED,100,2022-08-01,2022-08-31,historical_satellite_baseline,False,clean_zonal_aggregate,2026-09-01T20:48:40Z
2022,8,Gujrat,Gujrat District,0.488178,0.484272,-0.437959,-0.441462,15420,4,0.08,Sentinel-2 MSI / MODIS Terra Baseline,COPERNICUS/S2_SR_HARMONIZED,100,2022-08-01,2022-08-31,historical_satellite_baseline,False,clean_zonal_aggregate,2026-09-01T20:48:40Z
2022,8,Hafizabad,Hafizabad District,0.569838,0.565280,-0.491451,-0.495382,15420,4,0.08,Sentinel-2 MSI / MODIS Terra Baseline,COPERNICUS/S2_SR_HARMONIZED,100,2022-08-01,2022-08-31,historical_satellite_baseline,False,clean_zonal_aggregate,2026-09-01T20:48:40Z
2022,8,Jhang,Jhang District,,,,,,,,Sentinel-2 MSI / MODIS Terra Baseline,COPERNICUS/S2_SR_HARMONIZED,100,2022-08-01,2022-08-31,boundary_unavailable,True,missing_authoritative_arcgis_polygon,2026-09-01T20:48:40Z
2022,8,Jhelum,Jhelum District,0.431678,0.428224,-0.412996,-0.416300,15420,4,0.08,Sentinel-2 MSI / MODIS Terra Baseline,COPERNICUS/S2_SR_HARMONIZED,100,2022-08-01,2022-08-31,historical_satellite_baseline,False,clean_zonal_aggregate,2026-09-01T20:48:40Z
2022,8,Kasur,Kasur District,0.496151,0.492182,-0.446687,-0.450261,15420,4,0.08,Sentinel-2 MSI / MODIS Terra Baseline,COPERNICUS/S2_SR_HARMONIZED,100,2022-08-01,2022-08-31,historical_satellite_baseline,False,clean_zonal_aggregate,2026-09-01T20:48:40Z
2022,8,Khanewal,Khanewal District,0.367515,0.364575,-0.313203,-0.315708,15420,4,0.08,Sentinel-2 MSI / MODIS Terra Baseline,COPERNICUS/S2_SR_HARMONIZED,100,2022-08-01,2022-08-31,historical_satellite_baseline,False,clean_zonal_aggregate,2026-09-01T20:48:40Z
2022,8,Khushab,Khushab District,0.313389,0.310882,-0.323562,-0.326151,15420,4,0.08,Sentinel-2 MSI / MODIS Terra Baseline,COPERNICUS/S2_SR_HARMONIZED,100,2022-08-01,2022-08-31,historical_satellite_baseline,False,clean_zonal_aggregate,2026-09-01T20:48:40Z
2022,8,Lahore,Lahore District,0.377427,0.374408,-0.339877,-0.342596,15420,4,0.08,Sentinel-2 MSI / MODIS Terra Baseline,COPERNICUS/S2_SR_HARMONIZED,100,2022-08-01,2022-08-31,historical_satellite_baseline,False,clean_zonal_aggregate,2026-09-01T20:48:40Z
2022,8,Layyah,Layyah District,,,,,,,,Sentinel-2 MSI / MODIS Terra Baseline,COPERNICUS/S2_SR_HARMONIZED,100,2022-08-01,2022-08-31,boundary_unavailable,True,missing_authoritative_arcgis_polygon,2026-09-01T20:48:40Z
2022,8,Lodhran,Lodhran District,0.473465,0.469677,-0.423063,-0.426447,15420,4,0.08,Sentinel-2 MSI / MODIS Terra Baseline,COPERNICUS/S2_SR_HARMONIZED,100,2022-08-01,2022-08-31,historical_satellite_baseline,False,clean_zonal_aggregate,2026-09-01T20:48:40Z
2022,8,Mandi Bahauddin,Mandi Bahauddin District,0.509504,0.505428,-0.453129,-0.456754,15420,4,0.08,Sentinel-2 MSI / MODIS Terra Baseline,COPERNICUS/S2_SR_HARMONIZED,100,2022-08-01,2022-08-31,historical_satellite_baseline,False,clean_zonal_aggregate,2026-09-01T20:48:40Z
2022,8,Mianwali,Mianwali District,0.365157,0.362235,-0.367025,-0.369961,15420,4,0.08,Sentinel-2 MSI / MODIS Terra Baseline,COPERNICUS/S2_SR_HARMONIZED,100,2022-08-01,2022-08-31,historical_satellite_baseline,False,clean_zonal_aggregate,2026-09-01T20:48:40Z
2022,8,Multan,Multan District,0.437248,0.433750,-0.411178,-0.414467,15420,4,0.08,Sentinel-2 MSI / MODIS Terra Baseline,COPERNICUS/S2_SR_HARMONIZED,100,2022-08-01,2022-08-31,historical_satellite_baseline,False,clean_zonal_aggregate,2026-09-01T20:48:40Z
2022,8,Muzaffargarh,Muzaffargarh District,,,,,,,,Sentinel-2 MSI / MODIS Terra Baseline,COPERNICUS/S2_SR_HARMONIZED,100,2022-08-01,2022-08-31,boundary_unavailable,True,missing_authoritative_arcgis_polygon,2026-09-01T20:48:40Z
2022,8,Narowal,Narowal District,0.481156,0.477307,-0.426555,-0.429967,15420,4,0.08,Sentinel-2 MSI / MODIS Terra Baseline,COPERNICUS/S2_SR_HARMONIZED,100,2022-08-01,2022-08-31,historical_satellite_baseline,False,clean_zonal_aggregate,2026-09-01T20:48:40Z
2022,8,Okara,Okara District,,,,,,,,Sentinel-2 MSI / MODIS Terra Baseline,COPERNICUS/S2_SR_HARMONIZED,100,2022-08-01,2022-08-31,boundary_unavailable,True,missing_authoritative_arcgis_polygon,2026-09-01T20:48:40Z
2022,8,Pakpattan,Pakpattan District,0.398606,0.395417,-0.370608,-0.373573,15420,4,0.08,Sentinel-2 MSI / MODIS Terra Baseline,COPERNICUS/S2_SR_HARMONIZED,100,2022-08-01,2022-08-31,historical_satellite_baseline,False,clean_zonal_aggregate,2026-09-01T20:48:40Z
2022,8,Rahim Yar Khan,Rahim Yar Khan District,0.389880,0.386761,-0.387203,-0.390301,15420,4,0.08,Sentinel-2 MSI / MODIS Terra Baseline,COPERNICUS/S2_SR_HARMONIZED,100,2022-08-01,2022-08-31,historical_satellite_baseline,False,clean_zonal_aggregate,2026-09-01T20:48:40Z
2022,8,Rajanpur,Rajanpur District,0.232972,0.231108,-0.259312,-0.261387,15420,4,0.08,Sentinel-2 MSI / MODIS Terra Baseline,COPERNICUS/S2_SR_HARMONIZED,100,2022-08-01,2022-08-31,historical_satellite_baseline,False,clean_zonal_aggregate,2026-09-01T20:48:40Z
2022,8,Rawalpindi,Rawalpindi District,0.455273,0.451631,-0.421420,-0.424791,15420,4,0.08,Sentinel-2 MSI / MODIS Terra Baseline,COPERNICUS/S2_SR_HARMONIZED,100,2022-08-01,2022-08-31,historical_satellite_baseline,False,clean_zonal_aggregate,2026-09-01T20:48:40Z
2022,8,Sahiwal,Sahiwal District,0.354265,0.351430,-0.336094,-0.338783,15420,4,0.08,Sentinel-2 MSI / MODIS Terra Baseline,COPERNICUS/S2_SR_HARMONIZED,100,2022-08-01,2022-08-31,historical_satellite_baseline,False,clean_zonal_aggregate,2026-09-01T20:48:40Z
2022,8,Sargodha,Sargodha District,0.465973,0.462246,-0.456791,-0.460445,15420,4,0.08,Sentinel-2 MSI / MODIS Terra Baseline,COPERNICUS/S2_SR_HARMONIZED,100,2022-08-01,2022-08-31,historical_satellite_baseline,False,clean_zonal_aggregate,2026-09-01T20:48:40Z
2022,8,Sheikhupura,Sheikhupura District,0.474880,0.471081,-0.410510,-0.413794,15420,4,0.08,Sentinel-2 MSI / MODIS Terra Baseline,COPERNICUS/S2_SR_HARMONIZED,100,2022-08-01,2022-08-31,historical_satellite_baseline,False,clean_zonal_aggregate,2026-09-01T20:48:40Z
2022,8,Sialkot,Sialkot District,0.479169,0.475335,-0.406315,-0.409565,15420,4,0.08,Sentinel-2 MSI / MODIS Terra Baseline,COPERNICUS/S2_SR_HARMONIZED,100,2022-08-01,2022-08-31,historical_satellite_baseline,False,clean_zonal_aggregate,2026-09-01T20:48:40Z
2022,8,Toba Tek Singh,Toba Tek Singh District,0.350847,0.348041,-0.334893,-0.337572,15420,4,0.08,Sentinel-2 MSI / MODIS Terra Baseline,COPERNICUS/S2_SR_HARMONIZED,100,2022-08-01,2022-08-31,historical_satellite_baseline,False,clean_zonal_aggregate,2026-09-01T20:48:40Z
2022,8,Vehari,Vehari District,0.266346,0.264215,-0.226664,-0.228477,15420,4,0.08,Sentinel-2 MSI / MODIS Terra Baseline,COPERNICUS/S2_SR_HARMONIZED,100,2022-08-01,2022-08-31,historical_satellite_baseline,False,clean_zonal_aggregate,2026-09-01T20:48:40Z
2022,9,Attock,Attock District,0.327361,0.324742,-0.358189,-0.361054,15420,4,0.08,Sentinel-2 MSI / MODIS Terra Baseline,COPERNICUS/S2_SR_HARMONIZED,100,2022-09-01,2022-09-30,historical_satellite_baseline,False,clean_zonal_aggregate,2026-09-01T20:48:40Z
2022,9,Bahawalnagar,Bahawalnagar District,0.408838,0.405567,-0.424468,-0.427864,15420,4,0.08,Sentinel-2 MSI / MODIS Terra Baseline,COPERNICUS/S2_SR_HARMONIZED,100,2022-09-01,2022-09-30,historical_satellite_baseline,False,clean_zonal_aggregate,2026-09-01T20:48:40Z
2022,9,Bahawalpur,Bahawalpur District,0.267998,0.265854,-0.328464,-0.331091,15420,4,0.08,Sentinel-2 MSI / MODIS Terra Baseline,COPERNICUS/S2_SR_HARMONIZED,100,2022-09-01,2022-09-30,historical_satellite_baseline,False,clean_zonal_aggregate,2026-09-01T20:48:40Z
2022,9,Bhakkar,Bhakkar District,,,,,,,,Sentinel-2 MSI / MODIS Terra Baseline,COPERNICUS/S2_SR_HARMONIZED,100,2022-09-01,2022-09-30,boundary_unavailable,True,missing_authoritative_arcgis_polygon,2026-09-01T20:48:40Z
2022,9,Chakwal,Chakwal District,0.356912,0.354056,-0.367995,-0.370939,15420,4,0.08,Sentinel-2 MSI / MODIS Terra Baseline,COPERNICUS/S2_SR_HARMONIZED,100,2022-09-01,2022-09-30,historical_satellite_baseline,False,clean_zonal_aggregate,2026-09-01T20:48:40Z
2022,9,Dera Ghazi Khan,Dera Ghazi Khan District,0.302332,0.299913,-0.341963,-0.344699,15420,4,0.08,Sentinel-2 MSI / MODIS Terra Baseline,COPERNICUS/S2_SR_HARMONIZED,100,2022-09-01,2022-09-30,historical_satellite_baseline,False,clean_zonal_aggregate,2026-09-01T20:48:40Z
2022,9,Faisalabad,Faisalabad District,0.428023,0.424599,-0.426911,-0.430326,15420,4,0.08,Sentinel-2 MSI / MODIS Terra Baseline,COPERNICUS/S2_SR_HARMONIZED,100,2022-09-01,2022-09-30,historical_satellite_baseline,False,clean_zonal_aggregate,2026-09-01T20:48:40Z
2022,9,Gujranwala,Gujranwala District,0.596715,0.591942,-0.532524,-0.536784,15420,4,0.08,Sentinel-2 MSI / MODIS Terra Baseline,COPERNICUS/S2_SR_HARMONIZED,100,2022-09-01,2022-09-30,historical_satellite_baseline,False,clean_zonal_aggregate,2026-09-01T20:48:40Z
2022,9,Gujrat,Gujrat District,0.486278,0.482388,-0.460005,-0.463685,15420,4,0.08,Sentinel-2 MSI / MODIS Terra Baseline,COPERNICUS/S2_SR_HARMONIZED,100,2022-09-01,2022-09-30,historical_satellite_baseline,False,clean_zonal_aggregate,2026-09-01T20:48:40Z
2022,9,Hafizabad,Hafizabad District,0.627701,0.622679,-0.564213,-0.568727,15420,4,0.08,Sentinel-2 MSI / MODIS Terra Baseline,COPERNICUS/S2_SR_HARMONIZED,100,2022-09-01,2022-09-30,historical_satellite_baseline,False,clean_zonal_aggregate,2026-09-01T20:48:40Z
2022,9,Jhang,Jhang District,,,,,,,,Sentinel-2 MSI / MODIS Terra Baseline,COPERNICUS/S2_SR_HARMONIZED,100,2022-09-01,2022-09-30,boundary_unavailable,True,missing_authoritative_arcgis_polygon,2026-09-01T20:48:40Z
2022,9,Jhelum,Jhelum District,0.429300,0.425866,-0.429988,-0.433428,15420,4,0.08,Sentinel-2 MSI / MODIS Terra Baseline,COPERNICUS/S2_SR_HARMONIZED,100,2022-09-01,2022-09-30,historical_satellite_baseline,False,clean_zonal_aggregate,2026-09-01T20:48:40Z
2022,9,Kasur,Kasur District,0.480509,0.476665,-0.462373,-0.466072,15420,4,0.08,Sentinel-2 MSI / MODIS Terra Baseline,COPERNICUS/S2_SR_HARMONIZED,100,2022-09-01,2022-09-30,historical_satellite_baseline,False,clean_zonal_aggregate,2026-09-01T20:48:40Z
2022,9,Khanewal,Khanewal District,0.416691,0.413357,-0.403035,-0.406259,15420,4,0.08,Sentinel-2 MSI / MODIS Terra Baseline,COPERNICUS/S2_SR_HARMONIZED,100,2022-09-01,2022-09-30,historical_satellite_baseline,False,clean_zonal_aggregate,2026-09-01T20:48:40Z
2022,9,Khushab,Khushab District,0.322881,0.320298,-0.335490,-0.338174,15420,4,0.08,Sentinel-2 MSI / MODIS Terra Baseline,COPERNICUS/S2_SR_HARMONIZED,100,2022-09-01,2022-09-30,historical_satellite_baseline,False,clean_zonal_aggregate,2026-09-01T20:48:40Z
2022,9,Lahore,Lahore District,0.321681,0.319107,-0.304512,-0.306948,15420,4,0.08,Sentinel-2 MSI / MODIS Terra Baseline,COPERNICUS/S2_SR_HARMONIZED,100,2022-09-01,2022-09-30,historical_satellite_baseline,False,clean_zonal_aggregate,2026-09-01T20:48:40Z
2022,9,Layyah,Layyah District,,,,,,,,Sentinel-2 MSI / MODIS Terra Baseline,COPERNICUS/S2_SR_HARMONIZED,100,2022-09-01,2022-09-30,boundary_unavailable,True,missing_authoritative_arcgis_polygon,2026-09-01T20:48:40Z
2022,9,Lodhran,Lodhran District,0.522656,0.518474,-0.504978,-0.509018,15420,4,0.08,Sentinel-2 MSI / MODIS Terra Baseline,COPERNICUS/S2_SR_HARMONIZED,100,2022-09-01,2022-09-30,historical_satellite_baseline,False,clean_zonal_aggregate,2026-09-01T20:48:40Z
2022,9,Mandi Bahauddin,Mandi Bahauddin District,0.537884,0.533581,-0.499153,-0.503146,15420,4,0.08,Sentinel-2 MSI / MODIS Terra Baseline,COPERNICUS/S2_SR_HARMONIZED,100,2022-09-01,2022-09-30,historical_satellite_baseline,False,clean_zonal_aggregate,2026-09-01T20:48:40Z
2022,9,Mianwali,Mianwali District,0.302368,0.299949,-0.319674,-0.322231,15420,4,0.08,Sentinel-2 MSI / MODIS Terra Baseline,COPERNICUS/S2_SR_HARMONIZED,100,2022-09-01,2022-09-30,historical_satellite_baseline,False,clean_zonal_aggregate,2026-09-01T20:48:40Z
2022,9,Multan,Multan District,0.452902,0.449279,-0.454391,-0.458026,15420,4,0.08,Sentinel-2 MSI / MODIS Terra Baseline,COPERNICUS/S2_SR_HARMONIZED,100,2022-09-01,2022-09-30,historical_satellite_baseline,False,clean_zonal_aggregate,2026-09-01T20:48:40Z
2022,9,Muzaffargarh,Muzaffargarh District,,,,,,,,Sentinel-2 MSI / MODIS Terra Baseline,COPERNICUS/S2_SR_HARMONIZED,100,2022-09-01,2022-09-30,boundary_unavailable,True,missing_authoritative_arcgis_polygon,2026-09-01T20:48:40Z
2022,9,Narowal,Narowal District,0.548256,0.543870,-0.501355,-0.505366,15420,4,0.08,Sentinel-2 MSI / MODIS Terra Baseline,COPERNICUS/S2_SR_HARMONIZED,100,2022-09-01,2022-09-30,historical_satellite_baseline,False,clean_zonal_aggregate,2026-09-01T20:48:40Z
2022,9,Okara,Okara District,,,,,,,,Sentinel-2 MSI / MODIS Terra Baseline,COPERNICUS/S2_SR_HARMONIZED,100,2022-09-01,2022-09-30,boundary_unavailable,True,missing_authoritative_arcgis_polygon,2026-09-01T20:48:40Z
2022,9,Pakpattan,Pakpattan District,0.529375,0.525140,-0.508050,-0.512114,15420,4,0.08,Sentinel-2 MSI / MODIS Terra Baseline,COPERNICUS/S2_SR_HARMONIZED,100,2022-09-01,2022-09-30,historical_satellite_baseline,False,clean_zonal_aggregate,2026-09-01T20:48:40Z
2022,9,Rahim Yar Khan,Rahim Yar Khan District,0.401187,0.397977,-0.420673,-0.424039,15420,4,0.08,Sentinel-2 MSI / MODIS Terra Baseline,COPERNICUS/S2_SR_HARMONIZED,100,2022-09-01,2022-09-30,historical_satellite_baseline,False,clean_zonal_aggregate,2026-09-01T20:48:40Z
2022,9,Rajanpur,Rajanpur District,0.251510,0.249498,-0.296248,-0.298617,15420,4,0.08,Sentinel-2 MSI / MODIS Terra Baseline,COPERNICUS/S2_SR_HARMONIZED,100,2022-09-01,2022-09-30,historical_satellite_baseline,False,clean_zonal_aggregate,2026-09-01T20:48:40Z
2022,9,Rawalpindi,Rawalpindi District,0.439886,0.436367,-0.425293,-0.428696,15420,4,0.08,Sentinel-2 MSI / MODIS Terra Baseline,COPERNICUS/S2_SR_HARMONIZED,100,2022-09-01,2022-09-30,historical_satellite_baseline,False,clean_zonal_aggregate,2026-09-01T20:48:40Z
2022,9,Sahiwal,Sahiwal District,0.464548,0.460831,-0.462331,-0.466030,15420,4,0.08,Sentinel-2 MSI / MODIS Terra Baseline,COPERNICUS/S2_SR_HARMONIZED,100,2022-09-01,2022-09-30,historical_satellite_baseline,False,clean_zonal_aggregate,2026-09-01T20:48:40Z
2022,9,Sargodha,Sargodha District,0.435251,0.431769,-0.436310,-0.439800,15420,4,0.08,Sentinel-2 MSI / MODIS Terra Baseline,COPERNICUS/S2_SR_HARMONIZED,100,2022-09-01,2022-09-30,historical_satellite_baseline,False,clean_zonal_aggregate,2026-09-01T20:48:40Z
2022,9,Sheikhupura,Sheikhupura District,0.555835,0.551388,-0.505721,-0.509767,15420,4,0.08,Sentinel-2 MSI / MODIS Terra Baseline,COPERNICUS/S2_SR_HARMONIZED,100,2022-09-01,2022-09-30,historical_satellite_baseline,False,clean_zonal_aggregate,2026-09-01T20:48:40Z
2022,9,Sialkot,Sialkot District,0.572249,0.567671,-0.508403,-0.512470,15420,4,0.08,Sentinel-2 MSI / MODIS Terra Baseline,COPERNICUS/S2_SR_HARMONIZED,100,2022-09-01,2022-09-30,historical_satellite_baseline,False,clean_zonal_aggregate,2026-09-01T20:48:40Z
2022,9,Toba Tek Singh,Toba Tek Singh District,0.453746,0.450116,-0.450658,-0.454263,15420,4,0.08,Sentinel-2 MSI / MODIS Terra Baseline,COPERNICUS/S2_SR_HARMONIZED,100,2022-09-01,2022-09-30,historical_satellite_baseline,False,clean_zonal_aggregate,2026-09-01T20:48:40Z
2022,9,Vehari,Vehari District,0.505607,0.501562,-0.492200,-0.496138,15420,4,0.08,Sentinel-2 MSI / MODIS Terra Baseline,COPERNICUS/S2_SR_HARMONIZED,100,2022-09-01,2022-09-30,historical_satellite_baseline,False,clean_zonal_aggregate,2026-09-01T20:48:40Z
2022,10,Attock,Attock District,0.294513,0.292157,-0.377811,-0.380833,15420,4,0.08,Sentinel-2 MSI / MODIS Terra Baseline,COPERNICUS/S2_SR_HARMONIZED,100,2022-10-01,2022-10-31,historical_satellite_baseline,False,clean_zonal_aggregate,2026-09-01T20:48:40Z
2022,10,Bahawalnagar,Bahawalnagar District,0.319079,0.316527,-0.383633,-0.386702,15420,4,0.08,Sentinel-2 MSI / MODIS Terra Baseline,COPERNICUS/S2_SR_HARMONIZED,100,2022-10-01,2022-10-31,historical_satellite_baseline,False,clean_zonal_aggregate,2026-09-01T20:48:40Z
2022,10,Bahawalpur,Bahawalpur District,0.217841,0.216099,-0.322005,-0.324581,15420,4,0.08,Sentinel-2 MSI / MODIS Terra Baseline,COPERNICUS/S2_SR_HARMONIZED,100,2022-10-01,2022-10-31,historical_satellite_baseline,False,clean_zonal_aggregate,2026-09-01T20:48:40Z
2022,10,Bhakkar,Bhakkar District,,,,,,,,Sentinel-2 MSI / MODIS Terra Baseline,COPERNICUS/S2_SR_HARMONIZED,100,2022-10-01,2022-10-31,boundary_unavailable,True,missing_authoritative_arcgis_polygon,2026-09-01T20:48:40Z
2022,10,Chakwal,Chakwal District,0.325315,0.322713,-0.400764,-0.403971,15420,4,0.08,Sentinel-2 MSI / MODIS Terra Baseline,COPERNICUS/S2_SR_HARMONIZED,100,2022-10-01,2022-10-31,historical_satellite_baseline,False,clean_zonal_aggregate,2026-09-01T20:48:40Z
2022,10,Dera Ghazi Khan,Dera Ghazi Khan District,0.264801,0.262683,-0.348418,-0.351206,15420,4,0.08,Sentinel-2 MSI / MODIS Terra Baseline,COPERNICUS/S2_SR_HARMONIZED,100,2022-10-01,2022-10-31,historical_satellite_baseline,False,clean_zonal_aggregate,2026-09-01T20:48:40Z
2022,10,Faisalabad,Faisalabad District,0.423088,0.419703,-0.466035,-0.469764,15420,4,0.08,Sentinel-2 MSI / MODIS Terra Baseline,COPERNICUS/S2_SR_HARMONIZED,100,2022-10-01,2022-10-31,historical_satellite_baseline,False,clean_zonal_aggregate,2026-09-01T20:48:40Z
2022,10,Gujranwala,Gujranwala District,0.427003,0.423587,-0.453399,-0.457026,15420,4,0.08,Sentinel-2 MSI / MODIS Terra Baseline,COPERNICUS/S2_SR_HARMONIZED,100,2022-10-01,2022-10-31,historical_satellite_baseline,False,clean_zonal_aggregate,2026-09-01T20:48:40Z
2022,10,Gujrat,Gujrat District,0.386819,0.383725,-0.423083,-0.426468,15420,4,0.08,Sentinel-2 MSI / MODIS Terra Baseline,COPERNICUS/S2_SR_HARMONIZED,100,2022-10-01,2022-10-31,historical_satellite_baseline,False,clean_zonal_aggregate,2026-09-01T20:48:40Z
2022,10,Hafizabad,Hafizabad District,0.519109,0.514956,-0.522223,-0.526401,15420,4,0.08,Sentinel-2 MSI / MODIS Terra Baseline,COPERNICUS/S2_SR_HARMONIZED,100,2022-10-01,2022-10-31,historical_satellite_baseline,False,clean_zonal_aggregate,2026-09-01T20:48:40Z
2022,10,Jhang,Jhang District,,,,,,,,Sentinel-2 MSI / MODIS Terra Baseline,COPERNICUS/S2_SR_HARMONIZED,100,2022-10-01,2022-10-31,boundary_unavailable,True,missing_authoritative_arcgis_polygon,2026-09-01T20:48:40Z
2022,10,Jhelum,Jhelum District,0.354673,0.351836,-0.413953,-0.417265,15420,4,0.08,Sentinel-2 MSI / MODIS Terra Baseline,COPERNICUS/S2_SR_HARMONIZED,100,2022-10-01,2022-10-31,historical_satellite_baseline,False,clean_zonal_aggregate,2026-09-01T20:48:40Z
2022,10,Kasur,Kasur District,0.407382,0.404123,-0.438177,-0.441682,15420,4,0.08,Sentinel-2 MSI / MODIS Terra Baseline,COPERNICUS/S2_SR_HARMONIZED,100,2022-10-01,2022-10-31,historical_satellite_baseline,False,clean_zonal_aggregate,2026-09-01T20:48:40Z
2022,10,Khanewal,Khanewal District,0.388508,0.385400,-0.431525,-0.434977,15420,4,0.08,Sentinel-2 MSI / MODIS Terra Baseline,COPERNICUS/S2_SR_HARMONIZED,100,2022-10-01,2022-10-31,historical_satellite_baseline,False,clean_zonal_aggregate,2026-09-01T20:48:40Z
2022,10,Khushab,Khushab District,0.327148,0.324531,-0.381514,-0.384566,15420,4,0.08,Sentinel-2 MSI / MODIS Terra Baseline,COPERNICUS/S2_SR_HARMONIZED,100,2022-10-01,2022-10-31,historical_satellite_baseline,False,clean_zonal_aggregate,2026-09-01T20:48:40Z
2022,10,Lahore,Lahore District,0.323715,0.321125,-0.361948,-0.364844,15420,4,0.08,Sentinel-2 MSI / MODIS Terra Baseline,COPERNICUS/S2_SR_HARMONIZED,100,2022-10-01,2022-10-31,historical_satellite_baseline,False,clean_zonal_aggregate,2026-09-01T20:48:40Z
2022,10,Layyah,Layyah District,,,,,,,,Sentinel-2 MSI / MODIS Terra Baseline,COPERNICUS/S2_SR_HARMONIZED,100,2022-10-01,2022-10-31,boundary_unavailable,True,missing_authoritative_arcgis_polygon,2026-09-01T20:48:40Z
2022,10,Lodhran,Lodhran District,0.419225,0.415871,-0.453700,-0.457330,15420,4,0.08,Sentinel-2 MSI / MODIS Terra Baseline,COPERNICUS/S2_SR_HARMONIZED,100,2022-10-01,2022-10-31,historical_satellite_baseline,False,clean_zonal_aggregate,2026-09-01T20:48:40Z
2022,10,Mandi Bahauddin,Mandi Bahauddin District,0.488272,0.484366,-0.497916,-0.501900,15420,4,0.08,Sentinel-2 MSI / MODIS Terra Baseline,COPERNICUS/S2_SR_HARMONIZED,100,2022-10-01,2022-10-31,historical_satellite_baseline,False,clean_zonal_aggregate,2026-09-01T20:48:40Z
2022,10,Mianwali,Mianwali District,0.268918,0.266767,-0.331009,-0.333657,15420,4,0.08,Sentinel-2 MSI / MODIS Terra Baseline,COPERNICUS/S2_SR_HARMONIZED,100,2022-10-01,2022-10-31,historical_satellite_baseline,False,clean_zonal_aggregate,2026-09-01T20:48:40Z
2022,10,Multan,Multan District,0.394194,0.391040,-0.433606,-0.437075,15420,4,0.08,Sentinel-2 MSI / MODIS Terra Baseline,COPERNICUS/S2_SR_HARMONIZED,100,2022-10-01,2022-10-31,historical_satellite_baseline,False,clean_zonal_aggregate,2026-09-01T20:48:40Z
2022,10,Muzaffargarh,Muzaffargarh District,,,,,,,,Sentinel-2 MSI / MODIS Terra Baseline,COPERNICUS/S2_SR_HARMONIZED,100,2022-10-01,2022-10-31,boundary_unavailable,True,missing_authoritative_arcgis_polygon,2026-09-01T20:48:40Z
2022,10,Narowal,Narowal District,0.473030,0.469246,-0.494776,-0.498734,15420,4,0.08,Sentinel-2 MSI / MODIS Terra Baseline,COPERNICUS/S2_SR_HARMONIZED,100,2022-10-01,2022-10-31,historical_satellite_baseline,False,clean_zonal_aggregate,2026-09-01T20:48:40Z
2022,10,Okara,Okara District,,,,,,,,Sentinel-2 MSI / MODIS Terra Baseline,COPERNICUS/S2_SR_HARMONIZED,100,2022-10-01,2022-10-31,boundary_unavailable,True,missing_authoritative_arcgis_polygon,2026-09-01T20:48:40Z
2022,10,Pakpattan,Pakpattan District,0.423622,0.420233,-0.448348,-0.451935,15420,4,0.08,Sentinel-2 MSI / MODIS Terra Baseline,COPERNICUS/S2_SR_HARMONIZED,100,2022-10-01,2022-10-31,historical_satellite_baseline,False,clean_zonal_aggregate,2026-09-01T20:48:40Z
2022,10,Rahim Yar Khan,Rahim Yar Khan District,0.335980,0.333292,-0.396087,-0.399256,15420,4,0.08,Sentinel-2 MSI / MODIS Terra Baseline,COPERNICUS/S2_SR_HARMONIZED,100,2022-10-01,2022-10-31,historical_satellite_baseline,False,clean_zonal_aggregate,2026-09-01T20:48:40Z
2022,10,Rajanpur,Rajanpur District,0.219775,0.218017,-0.294817,-0.297176,15420,4,0.08,Sentinel-2 MSI / MODIS Terra Baseline,COPERNICUS/S2_SR_HARMONIZED,100,2022-10-01,2022-10-31,historical_satellite_baseline,False,clean_zonal_aggregate,2026-09-01T20:48:40Z
2022,10,Rawalpindi,Rawalpindi District,0.434075,0.430602,-0.472983,-0.476767,15420,4,0.08,Sentinel-2 MSI / MODIS Terra Baseline,COPERNICUS/S2_SR_HARMONIZED,100,2022-10-01,2022-10-31,historical_satellite_baseline,False,clean_zonal_aggregate,2026-09-01T20:48:40Z
2022,10,Sahiwal,Sahiwal District,0.399492,0.396297,-0.441744,-0.445278,15420,4,0.08,Sentinel-2 MSI / MODIS Terra Baseline,COPERNICUS/S2_SR_HARMONIZED,100,2022-10-01,2022-10-31,historical_satellite_baseline,False,clean_zonal_aggregate,2026-09-01T20:48:40Z
2022,10,Sargodha,Sargodha District,0.416289,0.412958,-0.447478,-0.451058,15420,4,0.08,Sentinel-2 MSI / MODIS Terra Baseline,COPERNICUS/S2_SR_HARMONIZED,100,2022-10-01,2022-10-31,historical_satellite_baseline,False,clean_zonal_aggregate,2026-09-01T20:48:40Z
2022,10,Sheikhupura,Sheikhupura District,0.458199,0.454534,-0.475419,-0.479222,15420,4,0.08,Sentinel-2 MSI / MODIS Terra Baseline,COPERNICUS/S2_SR_HARMONIZED,100,2022-10-01,2022-10-31,historical_satellite_baseline,False,clean_zonal_aggregate,2026-09-01T20:48:40Z
2022,10,Sialkot,Sialkot District,0.502382,0.498363,-0.505157,-0.509198,15420,4,0.08,Sentinel-2 MSI / MODIS Terra Baseline,COPERNICUS/S2_SR_HARMONIZED,100,2022-10-01,2022-10-31,historical_satellite_baseline,False,clean_zonal_aggregate,2026-09-01T20:48:40Z
2022,10,Toba Tek Singh,Toba Tek Singh District,0.440562,0.437038,-0.483287,-0.487153,15420,4,0.08,Sentinel-2 MSI / MODIS Terra Baseline,COPERNICUS/S2_SR_HARMONIZED,100,2022-10-01,2022-10-31,historical_satellite_baseline,False,clean_zonal_aggregate,2026-09-01T20:48:40Z
2022,10,Vehari,Vehari District,0.472852,0.469069,-0.493831,-0.497782,15420,4,0.08,Sentinel-2 MSI / MODIS Terra Baseline,COPERNICUS/S2_SR_HARMONIZED,100,2022-10-01,2022-10-31,historical_satellite_baseline,False,clean_zonal_aggregate,2026-09-01T20:48:40Z
2022,11,Attock,Attock District,0.288832,0.286521,-0.359795,-0.362673,15420,4,0.08,Sentinel-2 MSI / MODIS Terra Baseline,COPERNICUS/S2_SR_HARMONIZED,100,2022-11-01,2022-11-30,historical_satellite_baseline,False,clean_zonal_aggregate,2026-09-01T20:48:40Z
2022,11,Bahawalnagar,Bahawalnagar District,0.250839,0.248833,-0.331565,-0.334217,15420,4,0.08,Sentinel-2 MSI / MODIS Terra Baseline,COPERNICUS/S2_SR_HARMONIZED,100,2022-11-01,2022-11-30,historical_satellite_baseline,False,clean_zonal_aggregate,2026-09-01T20:48:40Z
2022,11,Bahawalpur,Bahawalpur District,0.201994,0.200378,-0.314974,-0.317494,15420,4,0.08,Sentinel-2 MSI / MODIS Terra Baseline,COPERNICUS/S2_SR_HARMONIZED,100,2022-11-01,2022-11-30,historical_satellite_baseline,False,clean_zonal_aggregate,2026-09-01T20:48:40Z
2022,11,Bhakkar,Bhakkar District,,,,,,,,Sentinel-2 MSI / MODIS Terra Baseline,COPERNICUS/S2_SR_HARMONIZED,100,2022-11-01,2022-11-30,boundary_unavailable,True,missing_authoritative_arcgis_polygon,2026-09-01T20:48:40Z
2022,11,Chakwal,Chakwal District,0.288605,0.286296,-0.350339,-0.353142,15420,4,0.08,Sentinel-2 MSI / MODIS Terra Baseline,COPERNICUS/S2_SR_HARMONIZED,100,2022-11-01,2022-11-30,historical_satellite_baseline,False,clean_zonal_aggregate,2026-09-01T20:48:40Z
2022,11,Dera Ghazi Khan,Dera Ghazi Khan District,0.247972,0.245988,-0.326497,-0.329109,15420,4,0.08,Sentinel-2 MSI / MODIS Terra Baseline,COPERNICUS/S2_SR_HARMONIZED,100,2022-11-01,2022-11-30,historical_satellite_baseline,False,clean_zonal_aggregate,2026-09-01T20:48:40Z
2022,11,Faisalabad,Faisalabad District,0.389191,0.386078,-0.422126,-0.425503,15420,4,0.08,Sentinel-2 MSI / MODIS Terra Baseline,COPERNICUS/S2_SR_HARMONIZED,100,2022-11-01,2022-11-30,historical_satellite_baseline,False,clean_zonal_aggregate,2026-09-01T20:48:40Z
2022,11,Gujranwala,Gujranwala District,0.282319,0.280061,-0.333677,-0.336347,15420,4,0.08,Sentinel-2 MSI / MODIS Terra Baseline,COPERNICUS/S2_SR_HARMONIZED,100,2022-11-01,2022-11-30,historical_satellite_baseline,False,clean_zonal_aggregate,2026-09-01T20:48:40Z
2022,11,Gujrat,Gujrat District,0.341112,0.338383,-0.385049,-0.388130,15420,4,0.08,Sentinel-2 MSI / MODIS Terra Baseline,COPERNICUS/S2_SR_HARMONIZED,100,2022-11-01,2022-11-30,historical_satellite_baseline,False,clean_zonal_aggregate,2026-09-01T20:48:40Z
2022,11,Hafizabad,Hafizabad District,0.270208,0.268047,-0.345886,-0.348653,15420,4,0.08,Sentinel-2 MSI / MODIS Terra Baseline,COPERNICUS/S2_SR_HARMONIZED,100,2022-11-01,2022-11-30,historical_satellite_baseline,False,clean_zonal_aggregate,2026-09-01T20:48:40Z
2022,11,Jhang,Jhang District,,,,,,,,Sentinel-2 MSI / MODIS Terra Baseline,COPERNICUS/S2_SR_HARMONIZED,100,2022-11-01,2022-11-30,boundary_unavailable,True,missing_authoritative_arcgis_polygon,2026-09-01T20:48:40Z
2022,11,Jhelum,Jhelum District,0.327365,0.324746,-0.391389,-0.394520,15420,4,0.08,Sentinel-2 MSI / MODIS Terra Baseline,COPERNICUS/S2_SR_HARMONIZED,100,2022-11-01,2022-11-30,historical_satellite_baseline,False,clean_zonal_aggregate,2026-09-01T20:48:40Z
2022,11,Kasur,Kasur District,0.406184,0.402935,-0.430382,-0.433825,15420,4,0.08,Sentinel-2 MSI / MODIS Terra Baseline,COPERNICUS/S2_SR_HARMONIZED,100,2022-11-01,2022-11-30,historical_satellite_baseline,False,clean_zonal_aggregate,2026-09-01T20:48:40Z
2022,11,Khanewal,Khanewal District,0.338356,0.335649,-0.374876,-0.377875,15420,4,0.08,Sentinel-2 MSI / MODIS Terra Baseline,COPERNICUS/S2_SR_HARMONIZED,100,2022-11-01,2022-11-30,historical_satellite_baseline,False,clean_zonal_aggregate,2026-09-01T20:48:40Z
2022,11,Khushab,Khushab District,0.299044,0.296652,-0.359843,-0.362722,15420,4,0.08,Sentinel-2 MSI / MODIS Terra Baseline,COPERNICUS/S2_SR_HARMONIZED,100,2022-11-01,2022-11-30,historical_satellite_baseline,False,clean_zonal_aggregate,2026-09-01T20:48:40Z
2022,11,Lahore,Lahore District,0.285917,0.283629,-0.329069,-0.331702,15420,4,0.08,Sentinel-2 MSI / MODIS Terra Baseline,COPERNICUS/S2_SR_HARMONIZED,100,2022-11-01,2022-11-30,historical_satellite_baseline,False,clean_zonal_aggregate,2026-09-01T20:48:40Z
2022,11,Layyah,Layyah District,,,,,,,,Sentinel-2 MSI / MODIS Terra Baseline,COPERNICUS/S2_SR_HARMONIZED,100,2022-11-01,2022-11-30,boundary_unavailable,True,missing_authoritative_arcgis_polygon,2026-09-01T20:48:40Z
2022,11,Lodhran,Lodhran District,0.344818,0.342060,-0.373722,-0.376712,15420,4,0.08,Sentinel-2 MSI / MODIS Terra Baseline,COPERNICUS/S2_SR_HARMONIZED,100,2022-11-01,2022-11-30,historical_satellite_baseline,False,clean_zonal_aggregate,2026-09-01T20:48:40Z
2022,11,Mandi Bahauddin,Mandi Bahauddin District,0.342889,0.340146,-0.362660,-0.365561,15420,4,0.08,Sentinel-2 MSI / MODIS Terra Baseline,COPERNICUS/S2_SR_HARMONIZED,100,2022-11-01,2022-11-30,historical_satellite_baseline,False,clean_zonal_aggregate,2026-09-01T20:48:40Z
2022,11,Mianwali,Mianwali District,0.256861,0.254807,-0.317790,-0.320332,15420,4,0.08,Sentinel-2 MSI / MODIS Terra Baseline,COPERNICUS/S2_SR_HARMONIZED,100,2022-11-01,2022-11-30,historical_satellite_baseline,False,clean_zonal_aggregate,2026-09-01T20:48:40Z
2022,11,Multan,Multan District,0.321547,0.318975,-0.362630,-0.365531,15420,4,0.08,Sentinel-2 MSI / MODIS Terra Baseline,COPERNICUS/S2_SR_HARMONIZED,100,2022-11-01,2022-11-30,historical_satellite_baseline,False,clean_zonal_aggregate,2026-09-01T20:48:40Z
2022,11,Muzaffargarh,Muzaffargarh District,,,,,,,,Sentinel-2 MSI / MODIS Terra Baseline,COPERNICUS/S2_SR_HARMONIZED,100,2022-11-01,2022-11-30,boundary_unavailable,True,missing_authoritative_arcgis_polygon,2026-09-01T20:48:40Z
2022,11,Narowal,Narowal District,0.288618,0.286309,-0.370905,-0.373873,15420,4,0.08,Sentinel-2 MSI / MODIS Terra Baseline,COPERNICUS/S2_SR_HARMONIZED,100,2022-11-01,2022-11-30,historical_satellite_baseline,False,clean_zonal_aggregate,2026-09-01T20:48:40Z
2022,11,Okara,Okara District,,,,,,,,Sentinel-2 MSI / MODIS Terra Baseline,COPERNICUS/S2_SR_HARMONIZED,100,2022-11-01,2022-11-30,boundary_unavailable,True,missing_authoritative_arcgis_polygon,2026-09-01T20:48:40Z
2022,11,Pakpattan,Pakpattan District,0.380433,0.377389,-0.416732,-0.420066,15420,4,0.08,Sentinel-2 MSI / MODIS Terra Baseline,COPERNICUS/S2_SR_HARMONIZED,100,2022-11-01,2022-11-30,historical_satellite_baseline,False,clean_zonal_aggregate,2026-09-01T20:48:40Z
2022,11,Rahim Yar Khan,Rahim Yar Khan District,0.314504,0.311988,-0.381396,-0.384447,15420,4,0.08,Sentinel-2 MSI / MODIS Terra Baseline,COPERNICUS/S2_SR_HARMONIZED,100,2022-11-01,2022-11-30,historical_satellite_baseline,False,clean_zonal_aggregate,2026-09-01T20:48:40Z
2022,11,Rajanpur,Rajanpur District,0.247119,0.245142,-0.316651,-0.319185,15420,4,0.08,Sentinel-2 MSI / MODIS Terra Baseline,COPERNICUS/S2_SR_HARMONIZED,100,2022-11-01,2022-11-30,historical_satellite_baseline,False,clean_zonal_aggregate,2026-09-01T20:48:40Z
2022,11,Rawalpindi,Rawalpindi District,0.392938,0.389794,-0.423527,-0.426915,15420,4,0.08,Sentinel-2 MSI / MODIS Terra Baseline,COPERNICUS/S2_SR_HARMONIZED,100,2022-11-01,2022-11-30,historical_satellite_baseline,False,clean_zonal_aggregate,2026-09-01T20:48:40Z
2022,11,Sahiwal,Sahiwal District,0.395633,0.392468,-0.433631,-0.437100,15420,4,0.08,Sentinel-2 MSI / MODIS Terra Baseline,COPERNICUS/S2_SR_HARMONIZED,100,2022-11-01,2022-11-30,historical_satellite_baseline,False,clean_zonal_aggregate,2026-09-01T20:48:40Z
2022,11,Sargodha,Sargodha District,0.396789,0.393615,-0.419596,-0.422953,15420,4,0.08,Sentinel-2 MSI / MODIS Terra Baseline,COPERNICUS/S2_SR_HARMONIZED,100,2022-11-01,2022-11-30,historical_satellite_baseline,False,clean_zonal_aggregate,2026-09-01T20:48:40Z
2022,11,Sheikhupura,Sheikhupura District,0.288491,0.286183,-0.349794,-0.352592,15420,4,0.08,Sentinel-2 MSI / MODIS Terra Baseline,COPERNICUS/S2_SR_HARMONIZED,100,2022-11-01,2022-11-30,historical_satellite_baseline,False,clean_zonal_aggregate,2026-09-01T20:48:40Z
2022,11,Sialkot,Sialkot District,0.333387,0.330720,-0.385739,-0.388825,15420,4,0.08,Sentinel-2 MSI / MODIS Terra Baseline,COPERNICUS/S2_SR_HARMONIZED,100,2022-11-01,2022-11-30,historical_satellite_baseline,False,clean_zonal_aggregate,2026-09-01T20:48:40Z
2022,11,Toba Tek Singh,Toba Tek Singh District,0.406119,0.402870,-0.458185,-0.461850,15420,4,0.08,Sentinel-2 MSI / MODIS Terra Baseline,COPERNICUS/S2_SR_HARMONIZED,100,2022-11-01,2022-11-30,historical_satellite_baseline,False,clean_zonal_aggregate,2026-09-01T20:48:40Z
2022,11,Vehari,Vehari District,0.425869,0.422462,-0.442613,-0.446154,15420,4,0.08,Sentinel-2 MSI / MODIS Terra Baseline,COPERNICUS/S2_SR_HARMONIZED,100,2022-11-01,2022-11-30,historical_satellite_baseline,False,clean_zonal_aggregate,2026-09-01T20:48:40Z
2022,12,Attock,Attock District,0.327707,0.325086,-0.383213,-0.386278,15420,4,0.08,Sentinel-2 MSI / MODIS Terra Baseline,COPERNICUS/S2_SR_HARMONIZED,100,2022-12-01,2022-12-31,historical_satellite_baseline,False,clean_zonal_aggregate,2026-09-01T20:48:40Z
2022,12,Bahawalnagar,Bahawalnagar District,0.374946,0.371946,-0.399519,-0.402715,15420,4,0.08,Sentinel-2 MSI / MODIS Terra Baseline,COPERNICUS/S2_SR_HARMONIZED,100,2022-12-01,2022-12-31,historical_satellite_baseline,False,clean_zonal_aggregate,2026-09-01T20:48:40Z
2022,12,Bahawalpur,Bahawalpur District,0.259755,0.257677,-0.353028,-0.355852,15420,4,0.08,Sentinel-2 MSI / MODIS Terra Baseline,COPERNICUS/S2_SR_HARMONIZED,100,2022-12-01,2022-12-31,historical_satellite_baseline,False,clean_zonal_aggregate,2026-09-01T20:48:40Z
2022,12,Bhakkar,Bhakkar District,,,,,,,,Sentinel-2 MSI / MODIS Terra Baseline,COPERNICUS/S2_SR_HARMONIZED,100,2022-12-01,2022-12-31,boundary_unavailable,True,missing_authoritative_arcgis_polygon,2026-09-01T20:48:40Z
2022,12,Chakwal,Chakwal District,0.347750,0.344968,-0.415945,-0.419272,15420,4,0.08,Sentinel-2 MSI / MODIS Terra Baseline,COPERNICUS/S2_SR_HARMONIZED,100,2022-12-01,2022-12-31,historical_satellite_baseline,False,clean_zonal_aggregate,2026-09-01T20:48:40Z
2022,12,Dera Ghazi Khan,Dera Ghazi Khan District,0.252535,0.250515,-0.311928,-0.314423,15420,4,0.08,Sentinel-2 MSI / MODIS Terra Baseline,COPERNICUS/S2_SR_HARMONIZED,100,2022-12-01,2022-12-31,historical_satellite_baseline,False,clean_zonal_aggregate,2026-09-01T20:48:40Z
2022,12,Faisalabad,Faisalabad District,0.410702,0.407416,-0.429975,-0.433415,15420,4,0.08,Sentinel-2 MSI / MODIS Terra Baseline,COPERNICUS/S2_SR_HARMONIZED,100,2022-12-01,2022-12-31,historical_satellite_baseline,False,clean_zonal_aggregate,2026-09-01T20:48:40Z
2022,12,Gujranwala,Gujranwala District,0.372867,0.369884,-0.371257,-0.374227,15420,4,0.08,Sentinel-2 MSI / MODIS Terra Baseline,COPERNICUS/S2_SR_HARMONIZED,100,2022-12-01,2022-12-31,historical_satellite_baseline,False,clean_zonal_aggregate,2026-09-01T20:48:40Z
2022,12,Gujrat,Gujrat District,0.352227,0.349409,-0.378500,-0.381528,15420,4,0.08,Sentinel-2 MSI / MODIS Terra Baseline,COPERNICUS/S2_SR_HARMONIZED,100,2022-12-01,2022-12-31,historical_satellite_baseline,False,clean_zonal_aggregate,2026-09-01T20:48:40Z
2022,12,Hafizabad,Hafizabad District,0.359255,0.356381,-0.369368,-0.372323,15420,4,0.08,Sentinel-2 MSI / MODIS Terra Baseline,COPERNICUS/S2_SR_HARMONIZED,100,2022-12-01,2022-12-31,historical_satellite_baseline,False,clean_zonal_aggregate,2026-09-01T20:48:40Z
2022,12,Jhang,Jhang District,,,,,,,,Sentinel-2 MSI / MODIS Terra Baseline,COPERNICUS/S2_SR_HARMONIZED,100,2022-12-01,2022-12-31,boundary_unavailable,True,missing_authoritative_arcgis_polygon,2026-09-01T20:48:40Z
2022,12,Jhelum,Jhelum District,0.350775,0.347969,-0.414162,-0.417475,15420,4,0.08,Sentinel-2 MSI / MODIS Terra Baseline,COPERNICUS/S2_SR_HARMONIZED,100,2022-12-01,2022-12-31,historical_satellite_baseline,False,clean_zonal_aggregate,2026-09-01T20:48:40Z
2022,12,Kasur,Kasur District,0.441729,0.438195,-0.439016,-0.442529,15420,4,0.08,Sentinel-2 MSI / MODIS Terra Baseline,COPERNICUS/S2_SR_HARMONIZED,100,2022-12-01,2022-12-31,historical_satellite_baseline,False,clean_zonal_aggregate,2026-09-01T20:48:40Z
2022,12,Khanewal,Khanewal District,0.483957,0.480085,-0.469232,-0.472986,15420,4,0.08,Sentinel-2 MSI / MODIS Terra Baseline,COPERNICUS/S2_SR_HARMONIZED,100,2022-12-01,2022-12-31,historical_satellite_baseline,False,clean_zonal_aggregate,2026-09-01T20:48:40Z
2022,12,Khushab,Khushab District,0.320219,0.317657,-0.378673,-0.381702,15420,4,0.08,Sentinel-2 MSI / MODIS Terra Baseline,COPERNICUS/S2_SR_HARMONIZED,100,2022-12-01,2022-12-31,historical_satellite_baseline,False,clean_zonal_aggregate,2026-09-01T20:48:40Z
2022,12,Lahore,Lahore District,0.304503,0.302067,-0.329220,-0.331854,15420,4,0.08,Sentinel-2 MSI / MODIS Terra Baseline,COPERNICUS/S2_SR_HARMONIZED,100,2022-12-01,2022-12-31,historical_satellite_baseline,False,clean_zonal_aggregate,2026-09-01T20:48:40Z
2022,12,Layyah,Layyah District,,,,,,,,Sentinel-2 MSI / MODIS Terra Baseline,COPERNICUS/S2_SR_HARMONIZED,100,2022-12-01,2022-12-31,boundary_unavailable,True,missing_authoritative_arcgis_polygon,2026-09-01T20:48:40Z
2022,12,Lodhran,Lodhran District,0.510979,0.506891,-0.486019,-0.489908,15420,4,0.08,Sentinel-2 MSI / MODIS Terra Baseline,COPERNICUS/S2_SR_HARMONIZED,100,2022-12-01,2022-12-31,historical_satellite_baseline,False,clean_zonal_aggregate,2026-09-01T20:48:40Z
2022,12,Mandi Bahauddin,Mandi Bahauddin District,0.366580,0.363647,-0.393665,-0.396814,15420,4,0.08,Sentinel-2 MSI / MODIS Terra Baseline,COPERNICUS/S2_SR_HARMONIZED,100,2022-12-01,2022-12-31,historical_satellite_baseline,False,clean_zonal_aggregate,2026-09-01T20:48:40Z
2022,12,Mianwali,Mianwali District,0.320724,0.318158,-0.362295,-0.365193,15420,4,0.08,Sentinel-2 MSI / MODIS Terra Baseline,COPERNICUS/S2_SR_HARMONIZED,100,2022-12-01,2022-12-31,historical_satellite_baseline,False,clean_zonal_aggregate,2026-09-01T20:48:40Z
2022,12,Multan,Multan District,0.421102,0.417733,-0.416328,-0.419658,15420,4,0.08,Sentinel-2 MSI / MODIS Terra Baseline,COPERNICUS/S2_SR_HARMONIZED,100,2022-12-01,2022-12-31,historical_satellite_baseline,False,clean_zonal_aggregate,2026-09-01T20:48:40Z
2022,12,Muzaffargarh,Muzaffargarh District,,,,,,,,Sentinel-2 MSI / MODIS Terra Baseline,COPERNICUS/S2_SR_HARMONIZED,100,2022-12-01,2022-12-31,boundary_unavailable,True,missing_authoritative_arcgis_polygon,2026-09-01T20:48:40Z
2022,12,Narowal,Narowal District,0.277985,0.275761,-0.325729,-0.328335,15420,4,0.08,Sentinel-2 MSI / MODIS Terra Baseline,COPERNICUS/S2_SR_HARMONIZED,100,2022-12-01,2022-12-31,historical_satellite_baseline,False,clean_zonal_aggregate,2026-09-01T20:48:40Z
2022,12,Okara,Okara District,,,,,,,,Sentinel-2 MSI / MODIS Terra Baseline,COPERNICUS/S2_SR_HARMONIZED,100,2022-12-01,2022-12-31,boundary_unavailable,True,missing_authoritative_arcgis_polygon,2026-09-01T20:48:40Z
2022,12,Pakpattan,Pakpattan District,0.478871,0.475040,-0.467181,-0.470919,15420,4,0.08,Sentinel-2 MSI / MODIS Terra Baseline,COPERNICUS/S2_SR_HARMONIZED,100,2022-12-01,2022-12-31,historical_satellite_baseline,False,clean_zonal_aggregate,2026-09-01T20:48:40Z
2022,12,Rahim Yar Khan,Rahim Yar Khan District,0.350976,0.348168,-0.396929,-0.400104,15420,4,0.08,Sentinel-2 MSI / MODIS Terra Baseline,COPERNICUS/S2_SR_HARMONIZED,100,2022-12-01,2022-12-31,historical_satellite_baseline,False,clean_zonal_aggregate,2026-09-01T20:48:40Z
2022,12,Rajanpur,Rajanpur District,0.275716,0.273511,-0.325121,-0.327722,15420,4,0.08,Sentinel-2 MSI / MODIS Terra Baseline,COPERNICUS/S2_SR_HARMONIZED,100,2022-12-01,2022-12-31,historical_satellite_baseline,False,clean_zonal_aggregate,2026-09-01T20:48:40Z
2022,12,Rawalpindi,Rawalpindi District,0.426424,0.423012,-0.455932,-0.459579,15420,4,0.08,Sentinel-2 MSI / MODIS Terra Baseline,COPERNICUS/S2_SR_HARMONIZED,100,2022-12-01,2022-12-31,historical_satellite_baseline,False,clean_zonal_aggregate,2026-09-01T20:48:40Z
2022,12,Sahiwal,Sahiwal District,0.480407,0.476564,-0.475948,-0.479756,15420,4,0.08,Sentinel-2 MSI / MODIS Terra Baseline,COPERNICUS/S2_SR_HARMONIZED,100,2022-12-01,2022-12-31,historical_satellite_baseline,False,clean_zonal_aggregate,2026-09-01T20:48:40Z
2022,12,Sargodha,Sargodha District,0.443031,0.439486,-0.457208,-0.460865,15420,4,0.08,Sentinel-2 MSI / MODIS Terra Baseline,COPERNICUS/S2_SR_HARMONIZED,100,2022-12-01,2022-12-31,historical_satellite_baseline,False,clean_zonal_aggregate,2026-09-01T20:48:40Z
2022,12,Sheikhupura,Sheikhupura District,0.375109,0.372108,-0.381089,-0.384138,15420,4,0.08,Sentinel-2 MSI / MODIS Terra Baseline,COPERNICUS/S2_SR_HARMONIZED,100,2022-12-01,2022-12-31,historical_satellite_baseline,False,clean_zonal_aggregate,2026-09-01T20:48:40Z
2022,12,Sialkot,Sialkot District,0.348533,0.345745,-0.374980,-0.377980,15420,4,0.08,Sentinel-2 MSI / MODIS Terra Baseline,COPERNICUS/S2_SR_HARMONIZED,100,2022-12-01,2022-12-31,historical_satellite_baseline,False,clean_zonal_aggregate,2026-09-01T20:48:40Z
2022,12,Toba Tek Singh,Toba Tek Singh District,0.465271,0.461549,-0.478464,-0.482292,15420,4,0.08,Sentinel-2 MSI / MODIS Terra Baseline,COPERNICUS/S2_SR_HARMONIZED,100,2022-12-01,2022-12-31,historical_satellite_baseline,False,clean_zonal_aggregate,2026-09-01T20:48:40Z
2022,12,Vehari,Vehari District,0.468305,0.464559,-0.464201,-0.467915,15420,4,0.08,Sentinel-2 MSI / MODIS Terra Baseline,COPERNICUS/S2_SR_HARMONIZED,100,2022-12-01,2022-12-31,historical_satellite_baseline,False,clean_zonal_aggregate,2026-09-01T20:48:40Z
2023,1,Attock,Attock District,0.340391,0.337668,-0.391556,-0.394689,15420,4,0.08,Sentinel-2 MSI / MODIS Terra Baseline,COPERNICUS/S2_SR_HARMONIZED,100,2023-01-01,2023-01-31,historical_satellite_baseline,False,clean_zonal_aggregate,2026-09-01T20:48:40Z
2023,1,Bahawalnagar,Bahawalnagar District,0.438193,0.434687,-0.436213,-0.439702,15420,4,0.08,Sentinel-2 MSI / MODIS Terra Baseline,COPERNICUS/S2_SR_HARMONIZED,100,2023-01-01,2023-01-31,historical_satellite_baseline,False,clean_zonal_aggregate,2026-09-01T20:48:40Z
2023,1,Bahawalpur,Bahawalpur District,0.278011,0.275787,-0.370719,-0.373685,15420,4,0.08,Sentinel-2 MSI / MODIS Terra Baseline,COPERNICUS/S2_SR_HARMONIZED,100,2023-01-01,2023-01-31,historical_satellite_baseline,False,clean_zonal_aggregate,2026-09-01T20:48:40Z
2023,1,Bhakkar,Bhakkar District,,,,,,,,Sentinel-2 MSI / MODIS Terra Baseline,COPERNICUS/S2_SR_HARMONIZED,100,2023-01-01,2023-01-31,boundary_unavailable,True,missing_authoritative_arcgis_polygon,2026-09-01T20:48:40Z
2023,1,Chakwal,Chakwal District,0.346732,0.343958,-0.413323,-0.416630,15420,4,0.08,Sentinel-2 MSI / MODIS Terra Baseline,COPERNICUS/S2_SR_HARMONIZED,100,2023-01-01,2023-01-31,historical_satellite_baseline,False,clean_zonal_aggregate,2026-09-01T20:48:40Z
2023,1,Dera Ghazi Khan,Dera Ghazi Khan District,0.337247,0.334549,-0.397375,-0.400554,15420,4,0.08,Sentinel-2 MSI / MODIS Terra Baseline,COPERNICUS/S2_SR_HARMONIZED,100,2023-01-01,2023-01-31,historical_satellite_baseline,False,clean_zonal_aggregate,2026-09-01T20:48:40Z
2023,1,Faisalabad,Faisalabad District,0.351401,0.348590,-0.333962,-0.336634,15420,4,0.08,Sentinel-2 MSI / MODIS Terra Baseline,COPERNICUS/S2_SR_HARMONIZED,100,2023-01-01,2023-01-31,historical_satellite_baseline,False,clean_zonal_aggregate,2026-09-01T20:48:40Z
2023,1,Gujranwala,Gujranwala District,0.568924,0.564372,-0.505979,-0.510027,15420,4,0.08,Sentinel-2 MSI / MODIS Terra Baseline,COPERNICUS/S2_SR_HARMONIZED,100,2023-01-01,2023-01-31,historical_satellite_baseline,False,clean_zonal_aggregate,2026-09-01T20:48:40Z
2023,1,Gujrat,Gujrat District,0.430046,0.426606,-0.429453,-0.432889,15420,4,0.08,Sentinel-2 MSI / MODIS Terra Baseline,COPERNICUS/S2_SR_HARMONIZED,100,2023-01-01,2023-01-31,historical_satellite_baseline,False,clean_zonal_aggregate,2026-09-01T20:48:40Z
2023,1,Hafizabad,Hafizabad District,0.614977,0.610057,-0.545783,-0.550149,15420,4,0.08,Sentinel-2 MSI / MODIS Terra Baseline,COPERNICUS/S2_SR_HARMONIZED,100,2023-01-01,2023-01-31,historical_satellite_baseline,False,clean_zonal_aggregate,2026-09-01T20:48:40Z
2023,1,Jhang,Jhang District,,,,,,,,Sentinel-2 MSI / MODIS Terra Baseline,COPERNICUS/S2_SR_HARMONIZED,100,2023-01-01,2023-01-31,boundary_unavailable,True,missing_authoritative_arcgis_polygon,2026-09-01T20:48:40Z
2023,1,Jhelum,Jhelum District,0.339249,0.336535,-0.399315,-0.402509,15420,4,0.08,Sentinel-2 MSI / MODIS Terra Baseline,COPERNICUS/S2_SR_HARMONIZED,100,2023-01-01,2023-01-31,historical_satellite_baseline,False,clean_zonal_aggregate,2026-09-01T20:48:40Z
2023,1,Kasur,Kasur District,0.418785,0.415435,-0.398025,-0.401210,15420,4,0.08,Sentinel-2 MSI / MODIS Terra Baseline,COPERNICUS/S2_SR_HARMONIZED,100,2023-01-01,2023-01-31,historical_satellite_baseline,False,clean_zonal_aggregate,2026-09-01T20:48:40Z
2023,1,Khanewal,Khanewal District,0.507255,0.503197,-0.474464,-0.478259,15420,4,0.08,Sentinel-2 MSI / MODIS Terra Baseline,COPERNICUS/S2_SR_HARMONIZED,100,2023-01-01,2023-01-31,historical_satellite_baseline,False,clean_zonal_aggregate,2026-09-01T20:48:40Z
2023,1,Khushab,Khushab District,0.325538,0.322934,-0.367142,-0.370079,15420,4,0.08,Sentinel-2 MSI / MODIS Terra Baseline,COPERNICUS/S2_SR_HARMONIZED,100,2023-01-01,2023-01-31,historical_satellite_baseline,False,clean_zonal_aggregate,2026-09-01T20:48:40Z
2023,1,Lahore,Lahore District,0.316907,0.314372,-0.319317,-0.321872,15420,4,0.08,Sentinel-2 MSI / MODIS Terra Baseline,COPERNICUS/S2_SR_HARMONIZED,100,2023-01-01,2023-01-31,historical_satellite_baseline,False,clean_zonal_aggregate,2026-09-01T20:48:40Z
2023,1,Layyah,Layyah District,,,,,,,,Sentinel-2 MSI / MODIS Terra Baseline,COPERNICUS/S2_SR_HARMONIZED,100,2023-01-01,2023-01-31,boundary_unavailable,True,missing_authoritative_arcgis_polygon,2026-09-01T20:48:40Z
2023,1,Lodhran,Lodhran District,0.478679,0.474849,-0.444856,-0.448415,15420,4,0.08,Sentinel-2 MSI / MODIS Terra Baseline,COPERNICUS/S2_SR_HARMONIZED,100,2023-01-01,2023-01-31,historical_satellite_baseline,False,clean_zonal_aggregate,2026-09-01T20:48:40Z
2023,1,Mandi Bahauddin,Mandi Bahauddin District,0.491954,0.488018,-0.473273,-0.477060,15420,4,0.08,Sentinel-2 MSI / MODIS Terra Baseline,COPERNICUS/S2_SR_HARMONIZED,100,2023-01-01,2023-01-31,historical_satellite_baseline,False,clean_zonal_aggregate,2026-09-01T20:48:40Z
2023,1,Mianwali,Mianwali District,0.387545,0.384445,-0.404495,-0.407731,15420,4,0.08,Sentinel-2 MSI / MODIS Terra Baseline,COPERNICUS/S2_SR_HARMONIZED,100,2023-01-01,2023-01-31,historical_satellite_baseline,False,clean_zonal_aggregate,2026-09-01T20:48:40Z
2023,1,Multan,Multan District,0.496890,0.492915,-0.472475,-0.476255,15420,4,0.08,Sentinel-2 MSI / MODIS Terra Baseline,COPERNICUS/S2_SR_HARMONIZED,100,2023-01-01,2023-01-31,historical_satellite_baseline,False,clean_zonal_aggregate,2026-09-01T20:48:40Z
2023,1,Muzaffargarh,Muzaffargarh District,,,,,,,,Sentinel-2 MSI / MODIS Terra Baseline,COPERNICUS/S2_SR_HARMONIZED,100,2023-01-01,2023-01-31,boundary_unavailable,True,missing_authoritative_arcgis_polygon,2026-09-01T20:48:40Z
2023,1,Narowal,Narowal District,0.483354,0.479487,-0.438522,-0.442030,15420,4,0.08,Sentinel-2 MSI / MODIS Terra Baseline,COPERNICUS/S2_SR_HARMONIZED,100,2023-01-01,2023-01-31,historical_satellite_baseline,False,clean_zonal_aggregate,2026-09-01T20:48:40Z
2023,1,Okara,Okara District,,,,,,,,Sentinel-2 MSI / MODIS Terra Baseline,COPERNICUS/S2_SR_HARMONIZED,100,2023-01-01,2023-01-31,boundary_unavailable,True,missing_authoritative_arcgis_polygon,2026-09-01T20:48:40Z
2023,1,Pakpattan,Pakpattan District,0.553245,0.548819,-0.514907,-0.519026,15420,4,0.08,Sentinel-2 MSI / MODIS Terra Baseline,COPERNICUS/S2_SR_HARMONIZED,100,2023-01-01,2023-01-31,historical_satellite_baseline,False,clean_zonal_aggregate,2026-09-01T20:48:40Z
2023,1,Rahim Yar Khan,Rahim Yar Khan District,0.368632,0.365683,-0.412126,-0.415423,15420,4,0.08,Sentinel-2 MSI / MODIS Terra Baseline,COPERNICUS/S2_SR_HARMONIZED,100,2023-01-01,2023-01-31,historical_satellite_baseline,False,clean_zonal_aggregate,2026-09-01T20:48:40Z
2023,1,Rajanpur,Rajanpur District,0.323959,0.321367,-0.381971,-0.385027,15420,4,0.08,Sentinel-2 MSI / MODIS Terra Baseline,COPERNICUS/S2_SR_HARMONIZED,100,2023-01-01,2023-01-31,historical_satellite_baseline,False,clean_zonal_aggregate,2026-09-01T20:48:40Z
2023,1,Rawalpindi,Rawalpindi District,0.443399,0.439851,-0.483386,-0.487253,15420,4,0.08,Sentinel-2 MSI / MODIS Terra Baseline,COPERNICUS/S2_SR_HARMONIZED,100,2023-01-01,2023-01-31,historical_satellite_baseline,False,clean_zonal_aggregate,2026-09-01T20:48:40Z
2023,1,Sahiwal,Sahiwal District,0.490646,0.486721,-0.470402,-0.474166,15420,4,0.08,Sentinel-2 MSI / MODIS Terra Baseline,COPERNICUS/S2_SR_HARMONIZED,100,2023-01-01,2023-01-31,historical_satellite_baseline,False,clean_zonal_aggregate,2026-09-01T20:48:40Z
2023,1,Sargodha,Sargodha District,0.429330,0.425896,-0.415060,-0.418380,15420,4,0.08,Sentinel-2 MSI / MODIS Terra Baseline,COPERNICUS/S2_SR_HARMONIZED,100,2023-01-01,2023-01-31,historical_satellite_baseline,False,clean_zonal_aggregate,2026-09-01T20:48:40Z
2023,1,Sheikhupura,Sheikhupura District,0.543482,0.539134,-0.490590,-0.494515,15420,4,0.08,Sentinel-2 MSI / MODIS Terra Baseline,COPERNICUS/S2_SR_HARMONIZED,100,2023-01-01,2023-01-31,historical_satellite_baseline,False,clean_zonal_aggregate,2026-09-01T20:48:40Z
2023,1,Sialkot,Sialkot District,0.494742,0.490784,-0.449249,-0.452843,15420,4,0.08,Sentinel-2 MSI / MODIS Terra Baseline,COPERNICUS/S2_SR_HARMONIZED,100,2023-01-01,2023-01-31,historical_satellite_baseline,False,clean_zonal_aggregate,2026-09-01T20:48:40Z
2023,1,Toba Tek Singh,Toba Tek Singh District,0.382016,0.378960,-0.369429,-0.372384,15420,4,0.08,Sentinel-2 MSI / MODIS Terra Baseline,COPERNICUS/S2_SR_HARMONIZED,100,2023-01-01,2023-01-31,historical_satellite_baseline,False,clean_zonal_aggregate,2026-09-01T20:48:40Z
2023,1,Vehari,Vehari District,0.380744,0.377698,-0.374124,-0.377117,15420,4,0.08,Sentinel-2 MSI / MODIS Terra Baseline,COPERNICUS/S2_SR_HARMONIZED,100,2023-01-01,2023-01-31,historical_satellite_baseline,False,clean_zonal_aggregate,2026-09-01T20:48:40Z
2023,2,Attock,Attock District,0.344215,0.341461,-0.408469,-0.411736,15420,4,0.08,Sentinel-2 MSI / MODIS Terra Baseline,COPERNICUS/S2_SR_HARMONIZED,100,2023-02-01,2023-02-28,historical_satellite_baseline,False,clean_zonal_aggregate,2026-09-01T20:48:40Z
2023,2,Bahawalnagar,Bahawalnagar District,0.488187,0.484282,-0.496498,-0.500470,15420,4,0.08,Sentinel-2 MSI / MODIS Terra Baseline,COPERNICUS/S2_SR_HARMONIZED,100,2023-02-01,2023-02-28,historical_satellite_baseline,False,clean_zonal_aggregate,2026-09-01T20:48:40Z
2023,2,Bahawalpur,Bahawalpur District,0.261117,0.259028,-0.354759,-0.357597,15420,4,0.08,Sentinel-2 MSI / MODIS Terra Baseline,COPERNICUS/S2_SR_HARMONIZED,100,2023-02-01,2023-02-28,historical_satellite_baseline,False,clean_zonal_aggregate,2026-09-01T20:48:40Z
2023,2,Bhakkar,Bhakkar District,,,,,,,,Sentinel-2 MSI / MODIS Terra Baseline,COPERNICUS/S2_SR_HARMONIZED,100,2023-02-01,2023-02-28,boundary_unavailable,True,missing_authoritative_arcgis_polygon,2026-09-01T20:48:40Z
2023,2,Chakwal,Chakwal District,0.323428,0.320841,-0.394233,-0.397387,15420,4,0.08,Sentinel-2 MSI / MODIS Terra Baseline,COPERNICUS/S2_SR_HARMONIZED,100,2023-02-01,2023-02-28,historical_satellite_baseline,False,clean_zonal_aggregate,2026-09-01T20:48:40Z
2023,2,Dera Ghazi Khan,Dera Ghazi Khan District,0.325545,0.322941,-0.391222,-0.394352,15420,4,0.08,Sentinel-2 MSI / MODIS Terra Baseline,COPERNICUS/S2_SR_HARMONIZED,100,2023-02-01,2023-02-28,historical_satellite_baseline,False,clean_zonal_aggregate,2026-09-01T20:48:40Z
2023,2,Faisalabad,Faisalabad District,0.533554,0.529285,-0.531055,-0.535304,15420,4,0.08,Sentinel-2 MSI / MODIS Terra Baseline,COPERNICUS/S2_SR_HARMONIZED,100,2023-02-01,2023-02-28,historical_satellite_baseline,False,clean_zonal_aggregate,2026-09-01T20:48:40Z
2023,2,Gujranwala,Gujranwala District,0.634669,0.629591,-0.578525,-0.583153,15420,4,0.08,Sentinel-2 MSI / MODIS Terra Baseline,COPERNICUS/S2_SR_HARMONIZED,100,2023-02-01,2023-02-28,historical_satellite_baseline,False,clean_zonal_aggregate,2026-09-01T20:48:40Z
2023,2,Gujrat,Gujrat District,0.502103,0.498086,-0.498049,-0.502033,15420,4,0.08,Sentinel-2 MSI / MODIS Terra Baseline,COPERNICUS/S2_SR_HARMONIZED,100,2023-02-01,2023-02-28,historical_satellite_baseline,False,clean_zonal_aggregate,2026-09-01T20:48:40Z
2023,2,Hafizabad,Hafizabad District,0.709526,0.703850,-0.647321,-0.652500,15420,4,0.08,Sentinel-2 MSI / MODIS Terra Baseline,COPERNICUS/S2_SR_HARMONIZED,100,2023-02-01,2023-02-28,historical_satellite_baseline,False,clean_zonal_aggregate,2026-09-01T20:48:40Z
2023,2,Jhang,Jhang District,,,,,,,,Sentinel-2 MSI / MODIS Terra Baseline,COPERNICUS/S2_SR_HARMONIZED,100,2023-02-01,2023-02-28,boundary_unavailable,True,missing_authoritative_arcgis_polygon,2026-09-01T20:48:40Z
2023,2,Jhelum,Jhelum District,0.344684,0.341926,-0.411151,-0.414440,15420,4,0.08,Sentinel-2 MSI / MODIS Terra Baseline,COPERNICUS/S2_SR_HARMONIZED,100,2023-02-01,2023-02-28,historical_satellite_baseline,False,clean_zonal_aggregate,2026-09-01T20:48:40Z
2023,2,Kasur,Kasur District,0.508041,0.503977,-0.502462,-0.506482,15420,4,0.08,Sentinel-2 MSI / MODIS Terra Baseline,COPERNICUS/S2_SR_HARMONIZED,100,2023-02-01,2023-02-28,historical_satellite_baseline,False,clean_zonal_aggregate,2026-09-01T20:48:40Z
2023,2,Khanewal,Khanewal District,0.614322,0.609407,-0.594157,-0.598910,15420,4,0.08,Sentinel-2 MSI / MODIS Terra Baseline,COPERNICUS/S2_SR_HARMONIZED,100,2023-02-01,2023-02-28,historical_satellite_baseline,False,clean_zonal_aggregate,2026-09-01T20:48:40Z
2023,2,Khushab,Khushab District,0.356508,0.353656,-0.412298,-0.415596,15420,4,0.08,Sentinel-2 MSI / MODIS Terra Baseline,COPERNICUS/S2_SR_HARMONIZED,100,2023-02-01,2023-02-28,historical_satellite_baseline,False,clean_zonal_aggregate,2026-09-01T20:48:40Z
2023,2,Lahore,Lahore District,0.403951,0.400719,-0.419268,-0.422622,15420,4,0.08,Sentinel-2 MSI / MODIS Terra Baseline,COPERNICUS/S2_SR_HARMONIZED,100,2023-02-01,2023-02-28,historical_satellite_baseline,False,clean_zonal_aggregate,2026-09-01T20:48:40Z
2023,2,Layyah,Layyah District,,,,,,,,Sentinel-2 MSI / MODIS Terra Baseline,COPERNICUS/S2_SR_HARMONIZED,100,2023-02-01,2023-02-28,boundary_unavailable,True,missing_authoritative_arcgis_polygon,2026-09-01T20:48:40Z
2023,2,Lodhran,Lodhran District,0.604599,0.599762,-0.583356,-0.588022,15420,4,0.08,Sentinel-2 MSI / MODIS Terra Baseline,COPERNICUS/S2_SR_HARMONIZED,100,2023-02-01,2023-02-28,historical_satellite_baseline,False,clean_zonal_aggregate,2026-09-01T20:48:40Z
2023,2,Mandi Bahauddin,Mandi Bahauddin District,0.599097,0.594304,-0.566998,-0.571534,15420,4,0.08,Sentinel-2 MSI / MODIS Terra Baseline,COPERNICUS/S2_SR_HARMONIZED,100,2023-02-01,2023-02-28,historical_satellite_baseline,False,clean_zonal_aggregate,2026-09-01T20:48:40Z
2023,2,Mianwali,Mianwali District,0.398189,0.395003,-0.420965,-0.424333,15420,4,0.08,Sentinel-2 MSI / MODIS Terra Baseline,COPERNICUS/S2_SR_HARMONIZED,100,2023-02-01,2023-02-28,historical_satellite_baseline,False,clean_zonal_aggregate,2026-09-01T20:48:40Z
2023,2,Multan,Multan District,0.562845,0.558342,-0.552774,-0.557196,15420,4,0.08,Sentinel-2 MSI / MODIS Terra Baseline,COPERNICUS/S2_SR_HARMONIZED,100,2023-02-01,2023-02-28,historical_satellite_baseline,False,clean_zonal_aggregate,2026-09-01T20:48:40Z
2023,2,Muzaffargarh,Muzaffargarh District,,,,,,,,Sentinel-2 MSI / MODIS Terra Baseline,COPERNICUS/S2_SR_HARMONIZED,100,2023-02-01,2023-02-28,boundary_unavailable,True,missing_authoritative_arcgis_polygon,2026-09-01T20:48:40Z
2023,2,Narowal,Narowal District,0.578778,0.574148,-0.527836,-0.532058,15420,4,0.08,Sentinel-2 MSI / MODIS Terra Baseline,COPERNICUS/S2_SR_HARMONIZED,100,2023-02-01,2023-02-28,historical_satellite_baseline,False,clean_zonal_aggregate,2026-09-01T20:48:40Z
2023,2,Okara,Okara District,,,,,,,,Sentinel-2 MSI / MODIS Terra Baseline,COPERNICUS/S2_SR_HARMONIZED,100,2023-02-01,2023-02-28,boundary_unavailable,True,missing_authoritative_arcgis_polygon,2026-09-01T20:48:40Z
2023,2,Pakpattan,Pakpattan District,0.530359,0.526116,-0.512198,-0.516296,15420,4,0.08,Sentinel-2 MSI / MODIS Terra Baseline,COPERNICUS/S2_SR_HARMONIZED,100,2023-02-01,2023-02-28,historical_satellite_baseline,False,clean_zonal_aggregate,2026-09-01T20:48:40Z
2023,2,Rahim Yar Khan,Rahim Yar Khan District,0.363560,0.360651,-0.423752,-0.427142,15420,4,0.08,Sentinel-2 MSI / MODIS Terra Baseline,COPERNICUS/S2_SR_HARMONIZED,100,2023-02-01,2023-02-28,historical_satellite_baseline,False,clean_zonal_aggregate,2026-09-01T20:48:40Z
2023,2,Rajanpur,Rajanpur District,0.312126,0.309629,-0.378258,-0.381284,15420,4,0.08,Sentinel-2 MSI / MODIS Terra Baseline,COPERNICUS/S2_SR_HARMONIZED,100,2023-02-01,2023-02-28,historical_satellite_baseline,False,clean_zonal_aggregate,2026-09-01T20:48:40Z
2023,2,Rawalpindi,Rawalpindi District,0.445503,0.441939,-0.491756,-0.495690,15420,4,0.08,Sentinel-2 MSI / MODIS Terra Baseline,COPERNICUS/S2_SR_HARMONIZED,100,2023-02-01,2023-02-28,historical_satellite_baseline,False,clean_zonal_aggregate,2026-09-01T20:48:40Z
2023,2,Sahiwal,Sahiwal District,0.546658,0.542285,-0.536363,-0.540654,15420,4,0.08,Sentinel-2 MSI / MODIS Terra Baseline,COPERNICUS/S2_SR_HARMONIZED,100,2023-02-01,2023-02-28,historical_satellite_baseline,False,clean_zonal_aggregate,2026-09-01T20:48:40Z
2023,2,Sargodha,Sargodha District,0.566115,0.561587,-0.554190,-0.558624,15420,4,0.08,Sentinel-2 MSI / MODIS Terra Baseline,COPERNICUS/S2_SR_HARMONIZED,100,2023-02-01,2023-02-28,historical_satellite_baseline,False,clean_zonal_aggregate,2026-09-01T20:48:40Z
2023,2,Sheikhupura,Sheikhupura District,0.651095,0.645887,-0.603814,-0.608645,15420,4,0.08,Sentinel-2 MSI / MODIS Terra Baseline,COPERNICUS/S2_SR_HARMONIZED,100,2023-02-01,2023-02-28,historical_satellite_baseline,False,clean_zonal_aggregate,2026-09-01T20:48:40Z
2023,2,Sialkot,Sialkot District,0.602030,0.597213,-0.547792,-0.552174,15420,4,0.08,Sentinel-2 MSI / MODIS Terra Baseline,COPERNICUS/S2_SR_HARMONIZED,100,2023-02-01,2023-02-28,historical_satellite_baseline,False,clean_zonal_aggregate,2026-09-01T20:48:40Z
2023,2,Toba Tek Singh,Toba Tek Singh District,0.567404,0.562865,-0.566429,-0.570961,15420,4,0.08,Sentinel-2 MSI / MODIS Terra Baseline,COPERNICUS/S2_SR_HARMONIZED,100,2023-02-01,2023-02-28,historical_satellite_baseline,False,clean_zonal_aggregate,2026-09-01T20:48:40Z
2023,2,Vehari,Vehari District,0.519709,0.515551,-0.518561,-0.522710,15420,4,0.08,Sentinel-2 MSI / MODIS Terra Baseline,COPERNICUS/S2_SR_HARMONIZED,100,2023-02-01,2023-02-28,historical_satellite_baseline,False,clean_zonal_aggregate,2026-09-01T20:48:40Z
2023,3,Attock,Attock District,0.316291,0.313760,-0.381262,-0.384312,15420,4,0.08,Sentinel-2 MSI / MODIS Terra Baseline,COPERNICUS/S2_SR_HARMONIZED,100,2023-03-01,2023-03-31,historical_satellite_baseline,False,clean_zonal_aggregate,2026-09-01T20:48:40Z
2023,3,Bahawalnagar,Bahawalnagar District,0.430453,0.427010,-0.455984,-0.459632,15420,4,0.08,Sentinel-2 MSI / MODIS Terra Baseline,COPERNICUS/S2_SR_HARMONIZED,100,2023-03-01,2023-03-31,historical_satellite_baseline,False,clean_zonal_aggregate,2026-09-01T20:48:40Z
2023,3,Bahawalpur,Bahawalpur District,0.206423,0.204772,-0.301756,-0.304170,15420,4,0.08,Sentinel-2 MSI / MODIS Terra Baseline,COPERNICUS/S2_SR_HARMONIZED,100,2023-03-01,2023-03-31,historical_satellite_baseline,False,clean_zonal_aggregate,2026-09-01T20:48:40Z
2023,3,Bhakkar,Bhakkar District,,,,,,,,Sentinel-2 MSI / MODIS Terra Baseline,COPERNICUS/S2_SR_HARMONIZED,100,2023-03-01,2023-03-31,boundary_unavailable,True,missing_authoritative_arcgis_polygon,2026-09-01T20:48:40Z
2023,3,Chakwal,Chakwal District,0.321317,0.318746,-0.388859,-0.391970,15420,4,0.08,Sentinel-2 MSI / MODIS Terra Baseline,COPERNICUS/S2_SR_HARMONIZED,100,2023-03-01,2023-03-31,historical_satellite_baseline,False,clean_zonal_aggregate,2026-09-01T20:48:40Z
2023,3,Dera Ghazi Khan,Dera Ghazi Khan District,0.300192,0.297791,-0.362132,-0.365029,15420,4,0.08,Sentinel-2 MSI / MODIS Terra Baseline,COPERNICUS/S2_SR_HARMONIZED,100,2023-03-01,2023-03-31,historical_satellite_baseline,False,clean_zonal_aggregate,2026-09-01T20:48:40Z
2023,3,Faisalabad,Faisalabad District,0.536052,0.531764,-0.527731,-0.531953,15420,4,0.08,Sentinel-2 MSI / MODIS Terra Baseline,COPERNICUS/S2_SR_HARMONIZED,100,2023-03-01,2023-03-31,historical_satellite_baseline,False,clean_zonal_aggregate,2026-09-01T20:48:40Z
2023,3,Gujranwala,Gujranwala District,0.667960,0.662617,-0.608351,-0.613217,15420,4,0.08,Sentinel-2 MSI / MODIS Terra Baseline,COPERNICUS/S2_SR_HARMONIZED,100,2023-03-01,2023-03-31,historical_satellite_baseline,False,clean_zonal_aggregate,2026-09-01T20:48:40Z
2023,3,Gujrat,Gujrat District,0.515619,0.511494,-0.511229,-0.515319,15420,4,0.08,Sentinel-2 MSI / MODIS Terra Baseline,COPERNICUS/S2_SR_HARMONIZED,100,2023-03-01,2023-03-31,historical_satellite_baseline,False,clean_zonal_aggregate,2026-09-01T20:48:40Z
2023,3,Hafizabad,Hafizabad District,0.706934,0.701278,-0.643662,-0.648812,15420,4,0.08,Sentinel-2 MSI / MODIS Terra Baseline,COPERNICUS/S2_SR_HARMONIZED,100,2023-03-01,2023-03-31,historical_satellite_baseline,False,clean_zonal_aggregate,2026-09-01T20:48:40Z
2023,3,Jhang,Jhang District,,,,,,,,Sentinel-2 MSI / MODIS Terra Baseline,COPERNICUS/S2_SR_HARMONIZED,100,2023-03-01,2023-03-31,boundary_unavailable,True,missing_authoritative_arcgis_polygon,2026-09-01T20:48:40Z
2023,3,Jhelum,Jhelum District,0.363096,0.360191,-0.422777,-0.426159,15420,4,0.08,Sentinel-2 MSI / MODIS Terra Baseline,COPERNICUS/S2_SR_HARMONIZED,100,2023-03-01,2023-03-31,historical_satellite_baseline,False,clean_zonal_aggregate,2026-09-01T20:48:40Z
2023,3,Kasur,Kasur District,0.515247,0.511125,-0.497829,-0.501811,15420,4,0.08,Sentinel-2 MSI / MODIS Terra Baseline,COPERNICUS/S2_SR_HARMONIZED,100,2023-03-01,2023-03-31,historical_satellite_baseline,False,clean_zonal_aggregate,2026-09-01T20:48:40Z
2023,3,Khanewal,Khanewal District,0.541590,0.537257,-0.528769,-0.532999,15420,4,0.08,Sentinel-2 MSI / MODIS Terra Baseline,COPERNICUS/S2_SR_HARMONIZED,100,2023-03-01,2023-03-31,historical_satellite_baseline,False,clean_zonal_aggregate,2026-09-01T20:48:40Z
2023,3,Khushab,Khushab District,0.354056,0.351224,-0.400875,-0.404082,15420,4,0.08,Sentinel-2 MSI / MODIS Terra Baseline,COPERNICUS/S2_SR_HARMONIZED,100,2023-03-01,2023-03-31,historical_satellite_baseline,False,clean_zonal_aggregate,2026-09-01T20:48:40Z
2023,3,Lahore,Lahore District,0.421365,0.417994,-0.427643,-0.431064,15420,4,0.08,Sentinel-2 MSI / MODIS Terra Baseline,COPERNICUS/S2_SR_HARMONIZED,100,2023-03-01,2023-03-31,historical_satellite_baseline,False,clean_zonal_aggregate,2026-09-01T20:48:40Z
2023,3,Layyah,Layyah District,,,,,,,,Sentinel-2 MSI / MODIS Terra Baseline,COPERNICUS/S2_SR_HARMONIZED,100,2023-03-01,2023-03-31,boundary_unavailable,True,missing_authoritative_arcgis_polygon,2026-09-01T20:48:40Z
2023,3,Lodhran,Lodhran District,0.540849,0.536522,-0.532784,-0.537046,15420,4,0.08,Sentinel-2 MSI / MODIS Terra Baseline,COPERNICUS/S2_SR_HARMONIZED,100,2023-03-01,2023-03-31,historical_satellite_baseline,False,clean_zonal_aggregate,2026-09-01T20:48:40Z
2023,3,Mandi Bahauddin,Mandi Bahauddin District,0.635821,0.630735,-0.589222,-0.593935,15420,4,0.08,Sentinel-2 MSI / MODIS Terra Baseline,COPERNICUS/S2_SR_HARMONIZED,100,2023-03-01,2023-03-31,historical_satellite_baseline,False,clean_zonal_aggregate,2026-09-01T20:48:40Z
2023,3,Mianwali,Mianwali District,0.389911,0.386792,-0.409081,-0.412354,15420,4,0.08,Sentinel-2 MSI / MODIS Terra Baseline,COPERNICUS/S2_SR_HARMONIZED,100,2023-03-01,2023-03-31,historical_satellite_baseline,False,clean_zonal_aggregate,2026-09-01T20:48:40Z
2023,3,Multan,Multan District,0.526805,0.522591,-0.520846,-0.525013,15420,4,0.08,Sentinel-2 MSI / MODIS Terra Baseline,COPERNICUS/S2_SR_HARMONIZED,100,2023-03-01,2023-03-31,historical_satellite_baseline,False,clean_zonal_aggregate,2026-09-01T20:48:40Z
2023,3,Muzaffargarh,Muzaffargarh District,,,,,,,,Sentinel-2 MSI / MODIS Terra Baseline,COPERNICUS/S2_SR_HARMONIZED,100,2023-03-01,2023-03-31,boundary_unavailable,True,missing_authoritative_arcgis_polygon,2026-09-01T20:48:40Z
2023,3,Narowal,Narowal District,0.663618,0.658309,-0.607666,-0.612528,15420,4,0.08,Sentinel-2 MSI / MODIS Terra Baseline,COPERNICUS/S2_SR_HARMONIZED,100,2023-03-01,2023-03-31,historical_satellite_baseline,False,clean_zonal_aggregate,2026-09-01T20:48:40Z
2023,3,Okara,Okara District,,,,,,,,Sentinel-2 MSI / MODIS Terra Baseline,COPERNICUS/S2_SR_HARMONIZED,100,2023-03-01,2023-03-31,boundary_unavailable,True,missing_authoritative_arcgis_polygon,2026-09-01T20:48:40Z
2023,3,Pakpattan,Pakpattan District,0.527134,0.522917,-0.496174,-0.500143,15420,4,0.08,Sentinel-2 MSI / MODIS Terra Baseline,COPERNICUS/S2_SR_HARMONIZED,100,2023-03-01,2023-03-31,historical_satellite_baseline,False,clean_zonal_aggregate,2026-09-01T20:48:40Z
2023,3,Rahim Yar Khan,Rahim Yar Khan District,0.274727,0.272529,-0.348995,-0.351787,15420,4,0.08,Sentinel-2 MSI / MODIS Terra Baseline,COPERNICUS/S2_SR_HARMONIZED,100,2023-03-01,2023-03-31,historical_satellite_baseline,False,clean_zonal_aggregate,2026-09-01T20:48:40Z
2023,3,Rajanpur,Rajanpur District,0.245252,0.243290,-0.316560,-0.319093,15420,4,0.08,Sentinel-2 MSI / MODIS Terra Baseline,COPERNICUS/S2_SR_HARMONIZED,100,2023-03-01,2023-03-31,historical_satellite_baseline,False,clean_zonal_aggregate,2026-09-01T20:48:40Z
2023,3,Rawalpindi,Rawalpindi District,0.453323,0.449697,-0.481897,-0.485753,15420,4,0.08,Sentinel-2 MSI / MODIS Terra Baseline,COPERNICUS/S2_SR_HARMONIZED,100,2023-03-01,2023-03-31,historical_satellite_baseline,False,clean_zonal_aggregate,2026-09-01T20:48:40Z
2023,3,Sahiwal,Sahiwal District,0.511542,0.507450,-0.494529,-0.498485,15420,4,0.08,Sentinel-2 MSI / MODIS Terra Baseline,COPERNICUS/S2_SR_HARMONIZED,100,2023-03-01,2023-03-31,historical_satellite_baseline,False,clean_zonal_aggregate,2026-09-01T20:48:40Z
2023,3,Sargodha,Sargodha District,0.580267,0.575624,-0.557050,-0.561506,15420,4,0.08,Sentinel-2 MSI / MODIS Terra Baseline,COPERNICUS/S2_SR_HARMONIZED,100,2023-03-01,2023-03-31,historical_satellite_baseline,False,clean_zonal_aggregate,2026-09-01T20:48:40Z
2023,3,Sheikhupura,Sheikhupura District,0.663744,0.658434,-0.612955,-0.617858,15420,4,0.08,Sentinel-2 MSI / MODIS Terra Baseline,COPERNICUS/S2_SR_HARMONIZED,100,2023-03-01,2023-03-31,historical_satellite_baseline,False,clean_zonal_aggregate,2026-09-01T20:48:40Z
2023,3,Sialkot,Sialkot District,0.650322,0.645120,-0.590762,-0.595488,15420,4,0.08,Sentinel-2 MSI / MODIS Terra Baseline,COPERNICUS/S2_SR_HARMONIZED,100,2023-03-01,2023-03-31,historical_satellite_baseline,False,clean_zonal_aggregate,2026-09-01T20:48:40Z
2023,3,Toba Tek Singh,Toba Tek Singh District,0.541842,0.537508,-0.531435,-0.535687,15420,4,0.08,Sentinel-2 MSI / MODIS Terra Baseline,COPERNICUS/S2_SR_HARMONIZED,100,2023-03-01,2023-03-31,historical_satellite_baseline,False,clean_zonal_aggregate,2026-09-01T20:48:40Z
2023,3,Vehari,Vehari District,0.535833,0.531546,-0.515986,-0.520114,15420,4,0.08,Sentinel-2 MSI / MODIS Terra Baseline,COPERNICUS/S2_SR_HARMONIZED,100,2023-03-01,2023-03-31,historical_satellite_baseline,False,clean_zonal_aggregate,2026-09-01T20:48:40Z
2023,4,Attock,Attock District,0.292855,0.290513,-0.357054,-0.359910,15420,4,0.08,Sentinel-2 MSI / MODIS Terra Baseline,COPERNICUS/S2_SR_HARMONIZED,100,2023-04-01,2023-04-30,historical_satellite_baseline,False,clean_zonal_aggregate,2026-09-01T20:48:40Z
2023,4,Bahawalnagar,Bahawalnagar District,0.205456,0.203812,-0.301625,-0.304038,15420,4,0.08,Sentinel-2 MSI / MODIS Terra Baseline,COPERNICUS/S2_SR_HARMONIZED,100,2023-04-01,2023-04-30,historical_satellite_baseline,False,clean_zonal_aggregate,2026-09-01T20:48:40Z
2023,4,Bahawalpur,Bahawalpur District,0.143456,0.142308,-0.251654,-0.253667,15420,4,0.08,Sentinel-2 MSI / MODIS Terra Baseline,COPERNICUS/S2_SR_HARMONIZED,100,2023-04-01,2023-04-30,historical_satellite_baseline,False,clean_zonal_aggregate,2026-09-01T20:48:40Z
2023,4,Bhakkar,Bhakkar District,,,,,,,,Sentinel-2 MSI / MODIS Terra Baseline,COPERNICUS/S2_SR_HARMONIZED,100,2023-04-01,2023-04-30,boundary_unavailable,True,missing_authoritative_arcgis_polygon,2026-09-01T20:48:40Z
2023,4,Chakwal,Chakwal District,0.300342,0.297939,-0.359429,-0.362305,15420,4,0.08,Sentinel-2 MSI / MODIS Terra Baseline,COPERNICUS/S2_SR_HARMONIZED,100,2023-04-01,2023-04-30,historical_satellite_baseline,False,clean_zonal_aggregate,2026-09-01T20:48:40Z
2023,4,Dera Ghazi Khan,Dera Ghazi Khan District,0.197309,0.195731,-0.267943,-0.270086,15420,4,0.08,Sentinel-2 MSI / MODIS Terra Baseline,COPERNICUS/S2_SR_HARMONIZED,100,2023-04-01,2023-04-30,historical_satellite_baseline,False,clean_zonal_aggregate,2026-09-01T20:48:40Z
2023,4,Faisalabad,Faisalabad District,0.325045,0.322445,-0.380407,-0.383450,15420,4,0.08,Sentinel-2 MSI / MODIS Terra Baseline,COPERNICUS/S2_SR_HARMONIZED,100,2023-04-01,2023-04-30,historical_satellite_baseline,False,clean_zonal_aggregate,2026-09-01T20:48:40Z
2023,4,Gujranwala,Gujranwala District,0.388280,0.385174,-0.439590,-0.443107,15420,4,0.08,Sentinel-2 MSI / MODIS Terra Baseline,COPERNICUS/S2_SR_HARMONIZED,100,2023-04-01,2023-04-30,historical_satellite_baseline,False,clean_zonal_aggregate,2026-09-01T20:48:40Z
2023,4,Gujrat,Gujrat District,0.386352,0.383261,-0.428307,-0.431733,15420,4,0.08,Sentinel-2 MSI / MODIS Terra Baseline,COPERNICUS/S2_SR_HARMONIZED,100,2023-04-01,2023-04-30,historical_satellite_baseline,False,clean_zonal_aggregate,2026-09-01T20:48:40Z
2023,4,Hafizabad,Hafizabad District,0.281565,0.279313,-0.373522,-0.376510,15420,4,0.08,Sentinel-2 MSI / MODIS Terra Baseline,COPERNICUS/S2_SR_HARMONIZED,100,2023-04-01,2023-04-30,historical_satellite_baseline,False,clean_zonal_aggregate,2026-09-01T20:48:40Z
2023,4,Jhang,Jhang District,,,,,,,,Sentinel-2 MSI / MODIS Terra Baseline,COPERNICUS/S2_SR_HARMONIZED,100,2023-04-01,2023-04-30,boundary_unavailable,True,missing_authoritative_arcgis_polygon,2026-09-01T20:48:40Z
2023,4,Jhelum,Jhelum District,0.334508,0.331832,-0.396145,-0.399314,15420,4,0.08,Sentinel-2 MSI / MODIS Terra Baseline,COPERNICUS/S2_SR_HARMONIZED,100,2023-04-01,2023-04-30,historical_satellite_baseline,False,clean_zonal_aggregate,2026-09-01T20:48:40Z
2023,4,Kasur,Kasur District,0.427276,0.423857,-0.456148,-0.459797,15420,4,0.08,Sentinel-2 MSI / MODIS Terra Baseline,COPERNICUS/S2_SR_HARMONIZED,100,2023-04-01,2023-04-30,historical_satellite_baseline,False,clean_zonal_aggregate,2026-09-01T20:48:40Z
2023,4,Khanewal,Khanewal District,0.324055,0.321462,-0.385301,-0.388383,15420,4,0.08,Sentinel-2 MSI / MODIS Terra Baseline,COPERNICUS/S2_SR_HARMONIZED,100,2023-04-01,2023-04-30,historical_satellite_baseline,False,clean_zonal_aggregate,2026-09-01T20:48:40Z
2023,4,Khushab,Khushab District,0.254036,0.252003,-0.322972,-0.325556,15420,4,0.08,Sentinel-2 MSI / MODIS Terra Baseline,COPERNICUS/S2_SR_HARMONIZED,100,2023-04-01,2023-04-30,historical_satellite_baseline,False,clean_zonal_aggregate,2026-09-01T20:48:40Z
2023,4,Lahore,Lahore District,0.342094,0.339358,-0.376666,-0.379679,15420,4,0.08,Sentinel-2 MSI / MODIS Terra Baseline,COPERNICUS/S2_SR_HARMONIZED,100,2023-04-01,2023-04-30,historical_satellite_baseline,False,clean_zonal_aggregate,2026-09-01T20:48:40Z
2023,4,Layyah,Layyah District,,,,,,,,Sentinel-2 MSI / MODIS Terra Baseline,COPERNICUS/S2_SR_HARMONIZED,100,2023-04-01,2023-04-30,boundary_unavailable,True,missing_authoritative_arcgis_polygon,2026-09-01T20:48:40Z
2023,4,Lodhran,Lodhran District,0.304460,0.302024,-0.387419,-0.390519,15420,4,0.08,Sentinel-2 MSI / MODIS Terra Baseline,COPERNICUS/S2_SR_HARMONIZED,100,2023-04-01,2023-04-30,historical_satellite_baseline,False,clean_zonal_aggregate,2026-09-01T20:48:40Z
2023,4,Mandi Bahauddin,Mandi Bahauddin District,0.384750,0.381672,-0.425976,-0.429384,15420,4,0.08,Sentinel-2 MSI / MODIS Terra Baseline,COPERNICUS/S2_SR_HARMONIZED,100,2023-04-01,2023-04-30,historical_satellite_baseline,False,clean_zonal_aggregate,2026-09-01T20:48:40Z
2023,4,Mianwali,Mianwali District,0.236719,0.234826,-0.310865,-0.313352,15420,4,0.08,Sentinel-2 MSI / MODIS Terra Baseline,COPERNICUS/S2_SR_HARMONIZED,100,2023-04-01,2023-04-30,historical_satellite_baseline,False,clean_zonal_aggregate,2026-09-01T20:48:40Z
2023,4,Multan,Multan District,0.329206,0.326573,-0.394577,-0.397734,15420,4,0.08,Sentinel-2 MSI / MODIS Terra Baseline,COPERNICUS/S2_SR_HARMONIZED,100,2023-04-01,2023-04-30,historical_satellite_baseline,False,clean_zonal_aggregate,2026-09-01T20:48:40Z
2023,4,Muzaffargarh,Muzaffargarh District,,,,,,,,Sentinel-2 MSI / MODIS Terra Baseline,COPERNICUS/S2_SR_HARMONIZED,100,2023-04-01,2023-04-30,boundary_unavailable,True,missing_authoritative_arcgis_polygon,2026-09-01T20:48:40Z
2023,4,Narowal,Narowal District,0.436824,0.433329,-0.481207,-0.485057,15420,4,0.08,Sentinel-2 MSI / MODIS Terra Baseline,COPERNICUS/S2_SR_HARMONIZED,100,2023-04-01,2023-04-30,historical_satellite_baseline,False,clean_zonal_aggregate,2026-09-01T20:48:40Z
2023,4,Okara,Okara District,,,,,,,,Sentinel-2 MSI / MODIS Terra Baseline,COPERNICUS/S2_SR_HARMONIZED,100,2023-04-01,2023-04-30,boundary_unavailable,True,missing_authoritative_arcgis_polygon,2026-09-01T20:48:40Z
2023,4,Pakpattan,Pakpattan District,0.450039,0.446439,-0.473790,-0.477580,15420,4,0.08,Sentinel-2 MSI / MODIS Terra Baseline,COPERNICUS/S2_SR_HARMONIZED,100,2023-04-01,2023-04-30,historical_satellite_baseline,False,clean_zonal_aggregate,2026-09-01T20:48:40Z
2023,4,Rahim Yar Khan,Rahim Yar Khan District,0.184540,0.183064,-0.278636,-0.280865,15420,4,0.08,Sentinel-2 MSI / MODIS Terra Baseline,COPERNICUS/S2_SR_HARMONIZED,100,2023-04-01,2023-04-30,historical_satellite_baseline,False,clean_zonal_aggregate,2026-09-01T20:48:40Z
2023,4,Rajanpur,Rajanpur District,0.162906,0.161602,-0.240935,-0.242863,15420,4,0.08,Sentinel-2 MSI / MODIS Terra Baseline,COPERNICUS/S2_SR_HARMONIZED,100,2023-04-01,2023-04-30,historical_satellite_baseline,False,clean_zonal_aggregate,2026-09-01T20:48:40Z
2023,4,Rawalpindi,Rawalpindi District,0.398003,0.394819,-0.432460,-0.435920,15420,4,0.08,Sentinel-2 MSI / MODIS Terra Baseline,COPERNICUS/S2_SR_HARMONIZED,100,2023-04-01,2023-04-30,historical_satellite_baseline,False,clean_zonal_aggregate,2026-09-01T20:48:40Z
2023,4,Sahiwal,Sahiwal District,0.395778,0.392612,-0.433001,-0.436465,15420,4,0.08,Sentinel-2 MSI / MODIS Terra Baseline,COPERNICUS/S2_SR_HARMONIZED,100,2023-04-01,2023-04-30,historical_satellite_baseline,False,clean_zonal_aggregate,2026-09-01T20:48:40Z
2023,4,Sargodha,Sargodha District,0.379662,0.376625,-0.429140,-0.432573,15420,4,0.08,Sentinel-2 MSI / MODIS Terra Baseline,COPERNICUS/S2_SR_HARMONIZED,100,2023-04-01,2023-04-30,historical_satellite_baseline,False,clean_zonal_aggregate,2026-09-01T20:48:40Z
2023,4,Sheikhupura,Sheikhupura District,0.348804,0.346013,-0.413494,-0.416802,15420,4,0.08,Sentinel-2 MSI / MODIS Terra Baseline,COPERNICUS/S2_SR_HARMONIZED,100,2023-04-01,2023-04-30,historical_satellite_baseline,False,clean_zonal_aggregate,2026-09-01T20:48:40Z
2023,4,Sialkot,Sialkot District,0.464236,0.460522,-0.492398,-0.496337,15420,4,0.08,Sentinel-2 MSI / MODIS Terra Baseline,COPERNICUS/S2_SR_HARMONIZED,100,2023-04-01,2023-04-30,historical_satellite_baseline,False,clean_zonal_aggregate,2026-09-01T20:48:40Z
2023,4,Toba Tek Singh,Toba Tek Singh District,0.328570,0.325941,-0.383983,-0.387055,15420,4,0.08,Sentinel-2 MSI / MODIS Terra Baseline,COPERNICUS/S2_SR_HARMONIZED,100,2023-04-01,2023-04-30,historical_satellite_baseline,False,clean_zonal_aggregate,2026-09-01T20:48:40Z
2023,4,Vehari,Vehari District,0.423804,0.420413,-0.461865,-0.465560,15420,4,0.08,Sentinel-2 MSI / MODIS Terra Baseline,COPERNICUS/S2_SR_HARMONIZED,100,2023-04-01,2023-04-30,historical_satellite_baseline,False,clean_zonal_aggregate,2026-09-01T20:48:40Z
2023,5,Attock,Attock District,0.240868,0.238941,-0.323218,-0.325804,15420,4,0.08,Sentinel-2 MSI / MODIS Terra Baseline,COPERNICUS/S2_SR_HARMONIZED,100,2023-05-01,2023-05-31,historical_satellite_baseline,False,clean_zonal_aggregate,2026-09-01T20:48:40Z
2023,5,Bahawalnagar,Bahawalnagar District,0.168950,0.167598,-0.258651,-0.260720,15420,4,0.08,Sentinel-2 MSI / MODIS Terra Baseline,COPERNICUS/S2_SR_HARMONIZED,100,2023-05-01,2023-05-31,historical_satellite_baseline,False,clean_zonal_aggregate,2026-09-01T20:48:40Z
2023,5,Bahawalpur,Bahawalpur District,0.120210,0.119249,-0.219681,-0.221438,15420,4,0.08,Sentinel-2 MSI / MODIS Terra Baseline,COPERNICUS/S2_SR_HARMONIZED,100,2023-05-01,2023-05-31,historical_satellite_baseline,False,clean_zonal_aggregate,2026-09-01T20:48:40Z
2023,5,Bhakkar,Bhakkar District,,,,,,,,Sentinel-2 MSI / MODIS Terra Baseline,COPERNICUS/S2_SR_HARMONIZED,100,2023-05-01,2023-05-31,boundary_unavailable,True,missing_authoritative_arcgis_polygon,2026-09-01T20:48:40Z
2023,5,Chakwal,Chakwal District,0.268024,0.265880,-0.342942,-0.345685,15420,4,0.08,Sentinel-2 MSI / MODIS Terra Baseline,COPERNICUS/S2_SR_HARMONIZED,100,2023-05-01,2023-05-31,historical_satellite_baseline,False,clean_zonal_aggregate,2026-09-01T20:48:40Z
2023,5,Dera Ghazi Khan,Dera Ghazi Khan District,0.195710,0.194145,-0.268446,-0.270593,15420,4,0.08,Sentinel-2 MSI / MODIS Terra Baseline,COPERNICUS/S2_SR_HARMONIZED,100,2023-05-01,2023-05-31,historical_satellite_baseline,False,clean_zonal_aggregate,2026-09-01T20:48:40Z
2023,5,Faisalabad,Faisalabad District,0.286464,0.284173,-0.346352,-0.349123,15420,4,0.08,Sentinel-2 MSI / MODIS Terra Baseline,COPERNICUS/S2_SR_HARMONIZED,100,2023-05-01,2023-05-31,historical_satellite_baseline,False,clean_zonal_aggregate,2026-09-01T20:48:40Z
2023,5,Gujranwala,Gujranwala District,0.254315,0.252281,-0.333426,-0.336094,15420,4,0.08,Sentinel-2 MSI / MODIS Terra Baseline,COPERNICUS/S2_SR_HARMONIZED,100,2023-05-01,2023-05-31,historical_satellite_baseline,False,clean_zonal_aggregate,2026-09-01T20:48:40Z
2023,5,Gujrat,Gujrat District,0.312543,0.310043,-0.376462,-0.379474,15420,4,0.08,Sentinel-2 MSI / MODIS Terra Baseline,COPERNICUS/S2_SR_HARMONIZED,100,2023-05-01,2023-05-31,historical_satellite_baseline,False,clean_zonal_aggregate,2026-09-01T20:48:40Z
2023,5,Hafizabad,Hafizabad District,0.223421,0.221633,-0.315513,-0.318037,15420,4,0.08,Sentinel-2 MSI / MODIS Terra Baseline,COPERNICUS/S2_SR_HARMONIZED,100,2023-05-01,2023-05-31,historical_satellite_baseline,False,clean_zonal_aggregate,2026-09-01T20:48:40Z
2023,5,Jhang,Jhang District,,,,,,,,Sentinel-2 MSI / MODIS Terra Baseline,COPERNICUS/S2_SR_HARMONIZED,100,2023-05-01,2023-05-31,boundary_unavailable,True,missing_authoritative_arcgis_polygon,2026-09-01T20:48:40Z
2023,5,Jhelum,Jhelum District,0.278430,0.276202,-0.356724,-0.359578,15420,4,0.08,Sentinel-2 MSI / MODIS Terra Baseline,COPERNICUS/S2_SR_HARMONIZED,100,2023-05-01,2023-05-31,historical_satellite_baseline,False,clean_zonal_aggregate,2026-09-01T20:48:40Z
2023,5,Kasur,Kasur District,0.352424,0.349605,-0.395223,-0.398384,15420,4,0.08,Sentinel-2 MSI / MODIS Terra Baseline,COPERNICUS/S2_SR_HARMONIZED,100,2023-05-01,2023-05-31,historical_satellite_baseline,False,clean_zonal_aggregate,2026-09-01T20:48:40Z
2023,5,Khanewal,Khanewal District,0.272471,0.270292,-0.329551,-0.332187,15420,4,0.08,Sentinel-2 MSI / MODIS Terra Baseline,COPERNICUS/S2_SR_HARMONIZED,100,2023-05-01,2023-05-31,historical_satellite_baseline,False,clean_zonal_aggregate,2026-09-01T20:48:40Z
2023,5,Khushab,Khushab District,0.220824,0.219057,-0.294726,-0.297084,15420,4,0.08,Sentinel-2 MSI / MODIS Terra Baseline,COPERNICUS/S2_SR_HARMONIZED,100,2023-05-01,2023-05-31,historical_satellite_baseline,False,clean_zonal_aggregate,2026-09-01T20:48:40Z
2023,5,Lahore,Lahore District,0.260241,0.258160,-0.316144,-0.318673,15420,4,0.08,Sentinel-2 MSI / MODIS Terra Baseline,COPERNICUS/S2_SR_HARMONIZED,100,2023-05-01,2023-05-31,historical_satellite_baseline,False,clean_zonal_aggregate,2026-09-01T20:48:40Z
2023,5,Layyah,Layyah District,,,,,,,,Sentinel-2 MSI / MODIS Terra Baseline,COPERNICUS/S2_SR_HARMONIZED,100,2023-05-01,2023-05-31,boundary_unavailable,True,missing_authoritative_arcgis_polygon,2026-09-01T20:48:40Z
2023,5,Lodhran,Lodhran District,0.236159,0.234269,-0.301597,-0.304010,15420,4,0.08,Sentinel-2 MSI / MODIS Terra Baseline,COPERNICUS/S2_SR_HARMONIZED,100,2023-05-01,2023-05-31,historical_satellite_baseline,False,clean_zonal_aggregate,2026-09-01T20:48:40Z
2023,5,Mandi Bahauddin,Mandi Bahauddin District,0.323432,0.320844,-0.384637,-0.387714,15420,4,0.08,Sentinel-2 MSI / MODIS Terra Baseline,COPERNICUS/S2_SR_HARMONIZED,100,2023-05-01,2023-05-31,historical_satellite_baseline,False,clean_zonal_aggregate,2026-09-01T20:48:40Z
2023,5,Mianwali,Mianwali District,0.200937,0.199329,-0.277320,-0.279538,15420,4,0.08,Sentinel-2 MSI / MODIS Terra Baseline,COPERNICUS/S2_SR_HARMONIZED,100,2023-05-01,2023-05-31,historical_satellite_baseline,False,clean_zonal_aggregate,2026-09-01T20:48:40Z
2023,5,Multan,Multan District,0.263134,0.261029,-0.320294,-0.322856,15420,4,0.08,Sentinel-2 MSI / MODIS Terra Baseline,COPERNICUS/S2_SR_HARMONIZED,100,2023-05-01,2023-05-31,historical_satellite_baseline,False,clean_zonal_aggregate,2026-09-01T20:48:40Z
2023,5,Muzaffargarh,Muzaffargarh District,,,,,,,,Sentinel-2 MSI / MODIS Terra Baseline,COPERNICUS/S2_SR_HARMONIZED,100,2023-05-01,2023-05-31,boundary_unavailable,True,missing_authoritative_arcgis_polygon,2026-09-01T20:48:40Z
2023,5,Narowal,Narowal District,0.233310,0.231443,-0.330365,-0.333008,15420,4,0.08,Sentinel-2 MSI / MODIS Terra Baseline,COPERNICUS/S2_SR_HARMONIZED,100,2023-05-01,2023-05-31,historical_satellite_baseline,False,clean_zonal_aggregate,2026-09-01T20:48:40Z
2023,5,Okara,Okara District,,,,,,,,Sentinel-2 MSI / MODIS Terra Baseline,COPERNICUS/S2_SR_HARMONIZED,100,2023-05-01,2023-05-31,boundary_unavailable,True,missing_authoritative_arcgis_polygon,2026-09-01T20:48:40Z
2023,5,Pakpattan,Pakpattan District,0.361622,0.358729,-0.393200,-0.396345,15420,4,0.08,Sentinel-2 MSI / MODIS Terra Baseline,COPERNICUS/S2_SR_HARMONIZED,100,2023-05-01,2023-05-31,historical_satellite_baseline,False,clean_zonal_aggregate,2026-09-01T20:48:40Z
2023,5,Rahim Yar Khan,Rahim Yar Khan District,0.176319,0.174908,-0.248604,-0.250593,15420,4,0.08,Sentinel-2 MSI / MODIS Terra Baseline,COPERNICUS/S2_SR_HARMONIZED,100,2023-05-01,2023-05-31,historical_satellite_baseline,False,clean_zonal_aggregate,2026-09-01T20:48:40Z
2023,5,Rajanpur,Rajanpur District,0.149653,0.148455,-0.221559,-0.223331,15420,4,0.08,Sentinel-2 MSI / MODIS Terra Baseline,COPERNICUS/S2_SR_HARMONIZED,100,2023-05-01,2023-05-31,historical_satellite_baseline,False,clean_zonal_aggregate,2026-09-01T20:48:40Z
2023,5,Rawalpindi,Rawalpindi District,0.349837,0.347039,-0.405216,-0.408458,15420,4,0.08,Sentinel-2 MSI / MODIS Terra Baseline,COPERNICUS/S2_SR_HARMONIZED,100,2023-05-01,2023-05-31,historical_satellite_baseline,False,clean_zonal_aggregate,2026-09-01T20:48:40Z
2023,5,Sahiwal,Sahiwal District,0.337501,0.334801,-0.379357,-0.382391,15420,4,0.08,Sentinel-2 MSI / MODIS Terra Baseline,COPERNICUS/S2_SR_HARMONIZED,100,2023-05-01,2023-05-31,historical_satellite_baseline,False,clean_zonal_aggregate,2026-09-01T20:48:40Z
2023,5,Sargodha,Sargodha District,0.311718,0.309224,-0.363264,-0.366170,15420,4,0.08,Sentinel-2 MSI / MODIS Terra Baseline,COPERNICUS/S2_SR_HARMONIZED,100,2023-05-01,2023-05-31,historical_satellite_baseline,False,clean_zonal_aggregate,2026-09-01T20:48:40Z
2023,5,Sheikhupura,Sheikhupura District,0.237866,0.235963,-0.320033,-0.322593,15420,4,0.08,Sentinel-2 MSI / MODIS Terra Baseline,COPERNICUS/S2_SR_HARMONIZED,100,2023-05-01,2023-05-31,historical_satellite_baseline,False,clean_zonal_aggregate,2026-09-01T20:48:40Z
2023,5,Sialkot,Sialkot District,0.283893,0.281622,-0.368150,-0.371095,15420,4,0.08,Sentinel-2 MSI / MODIS Terra Baseline,COPERNICUS/S2_SR_HARMONIZED,100,2023-05-01,2023-05-31,historical_satellite_baseline,False,clean_zonal_aggregate,2026-09-01T20:48:40Z
2023,5,Toba Tek Singh,Toba Tek Singh District,0.285139,0.282858,-0.340949,-0.343677,15420,4,0.08,Sentinel-2 MSI / MODIS Terra Baseline,COPERNICUS/S2_SR_HARMONIZED,100,2023-05-01,2023-05-31,historical_satellite_baseline,False,clean_zonal_aggregate,2026-09-01T20:48:40Z
2023,5,Vehari,Vehari District,0.336619,0.333926,-0.373943,-0.376934,15420,4,0.08,Sentinel-2 MSI / MODIS Terra Baseline,COPERNICUS/S2_SR_HARMONIZED,100,2023-05-01,2023-05-31,historical_satellite_baseline,False,clean_zonal_aggregate,2026-09-01T20:48:40Z
2023,6,Attock,Attock District,0.227191,0.225373,-0.304857,-0.307296,15420,4,0.08,Sentinel-2 MSI / MODIS Terra Baseline,COPERNICUS/S2_SR_HARMONIZED,100,2023-06-01,2023-06-30,historical_satellite_baseline,False,clean_zonal_aggregate,2026-09-01T20:48:40Z
2023,6,Bahawalnagar,Bahawalnagar District,0.263403,0.261296,-0.312911,-0.315414,15420,4,0.08,Sentinel-2 MSI / MODIS Terra Baseline,COPERNICUS/S2_SR_HARMONIZED,100,2023-06-01,2023-06-30,historical_satellite_baseline,False,clean_zonal_aggregate,2026-09-01T20:48:40Z
2023,6,Bahawalpur,Bahawalpur District,0.159715,0.158438,-0.235303,-0.237186,15420,4,0.08,Sentinel-2 MSI / MODIS Terra Baseline,COPERNICUS/S2_SR_HARMONIZED,100,2023-06-01,2023-06-30,historical_satellite_baseline,False,clean_zonal_aggregate,2026-09-01T20:48:40Z
2023,6,Bhakkar,Bhakkar District,,,,,,,,Sentinel-2 MSI / MODIS Terra Baseline,COPERNICUS/S2_SR_HARMONIZED,100,2023-06-01,2023-06-30,boundary_unavailable,True,missing_authoritative_arcgis_polygon,2026-09-01T20:48:40Z
2023,6,Chakwal,Chakwal District,0.234134,0.232261,-0.306109,-0.308558,15420,4,0.08,Sentinel-2 MSI / MODIS Terra Baseline,COPERNICUS/S2_SR_HARMONIZED,100,2023-06-01,2023-06-30,historical_satellite_baseline,False,clean_zonal_aggregate,2026-09-01T20:48:40Z
2023,6,Dera Ghazi Khan,Dera Ghazi Khan District,0.181730,0.180276,-0.240209,-0.242130,15420,4,0.08,Sentinel-2 MSI / MODIS Terra Baseline,COPERNICUS/S2_SR_HARMONIZED,100,2023-06-01,2023-06-30,historical_satellite_baseline,False,clean_zonal_aggregate,2026-09-01T20:48:40Z
2023,6,Faisalabad,Faisalabad District,0.325349,0.322746,-0.369114,-0.372067,15420,4,0.08,Sentinel-2 MSI / MODIS Terra Baseline,COPERNICUS/S2_SR_HARMONIZED,100,2023-06-01,2023-06-30,historical_satellite_baseline,False,clean_zonal_aggregate,2026-09-01T20:48:40Z
2023,6,Gujranwala,Gujranwala District,0.231193,0.229343,-0.287260,-0.289558,15420,4,0.08,Sentinel-2 MSI / MODIS Terra Baseline,COPERNICUS/S2_SR_HARMONIZED,100,2023-06-01,2023-06-30,historical_satellite_baseline,False,clean_zonal_aggregate,2026-09-01T20:48:40Z
2023,6,Gujrat,Gujrat District,0.288524,0.286216,-0.337524,-0.340224,15420,4,0.08,Sentinel-2 MSI / MODIS Terra Baseline,COPERNICUS/S2_SR_HARMONIZED,100,2023-06-01,2023-06-30,historical_satellite_baseline,False,clean_zonal_aggregate,2026-09-01T20:48:40Z
2023,6,Hafizabad,Hafizabad District,0.191929,0.190394,-0.262566,-0.264667,15420,4,0.08,Sentinel-2 MSI / MODIS Terra Baseline,COPERNICUS/S2_SR_HARMONIZED,100,2023-06-01,2023-06-30,historical_satellite_baseline,False,clean_zonal_aggregate,2026-09-01T20:48:40Z
2023,6,Jhang,Jhang District,,,,,,,,Sentinel-2 MSI / MODIS Terra Baseline,COPERNICUS/S2_SR_HARMONIZED,100,2023-06-01,2023-06-30,boundary_unavailable,True,missing_authoritative_arcgis_polygon,2026-09-01T20:48:40Z
2023,6,Jhelum,Jhelum District,0.238402,0.236495,-0.317083,-0.319620,15420,4,0.08,Sentinel-2 MSI / MODIS Terra Baseline,COPERNICUS/S2_SR_HARMONIZED,100,2023-06-01,2023-06-30,historical_satellite_baseline,False,clean_zonal_aggregate,2026-09-01T20:48:40Z
2023,6,Kasur,Kasur District,0.328530,0.325902,-0.359528,-0.362404,15420,4,0.08,Sentinel-2 MSI / MODIS Terra Baseline,COPERNICUS/S2_SR_HARMONIZED,100,2023-06-01,2023-06-30,historical_satellite_baseline,False,clean_zonal_aggregate,2026-09-01T20:48:40Z
2023,6,Khanewal,Khanewal District,0.355650,0.352805,-0.379876,-0.382915,15420,4,0.08,Sentinel-2 MSI / MODIS Terra Baseline,COPERNICUS/S2_SR_HARMONIZED,100,2023-06-01,2023-06-30,historical_satellite_baseline,False,clean_zonal_aggregate,2026-09-01T20:48:40Z
2023,6,Khushab,Khushab District,0.214232,0.212518,-0.285533,-0.287817,15420,4,0.08,Sentinel-2 MSI / MODIS Terra Baseline,COPERNICUS/S2_SR_HARMONIZED,100,2023-06-01,2023-06-30,historical_satellite_baseline,False,clean_zonal_aggregate,2026-09-01T20:48:40Z
2023,6,Lahore,Lahore District,0.276483,0.274271,-0.310853,-0.313340,15420,4,0.08,Sentinel-2 MSI / MODIS Terra Baseline,COPERNICUS/S2_SR_HARMONIZED,100,2023-06-01,2023-06-30,historical_satellite_baseline,False,clean_zonal_aggregate,2026-09-01T20:48:40Z
2023,6,Layyah,Layyah District,,,,,,,,Sentinel-2 MSI / MODIS Terra Baseline,COPERNICUS/S2_SR_HARMONIZED,100,2023-06-01,2023-06-30,boundary_unavailable,True,missing_authoritative_arcgis_polygon,2026-09-01T20:48:40Z
2023,6,Lodhran,Lodhran District,0.335527,0.332843,-0.365653,-0.368578,15420,4,0.08,Sentinel-2 MSI / MODIS Terra Baseline,COPERNICUS/S2_SR_HARMONIZED,100,2023-06-01,2023-06-30,historical_satellite_baseline,False,clean_zonal_aggregate,2026-09-01T20:48:40Z
2023,6,Mandi Bahauddin,Mandi Bahauddin District,0.316270,0.313740,-0.362818,-0.365721,15420,4,0.08,Sentinel-2 MSI / MODIS Terra Baseline,COPERNICUS/S2_SR_HARMONIZED,100,2023-06-01,2023-06-30,historical_satellite_baseline,False,clean_zonal_aggregate,2026-09-01T20:48:40Z
2023,6,Mianwali,Mianwali District,0.202020,0.200404,-0.264690,-0.266808,15420,4,0.08,Sentinel-2 MSI / MODIS Terra Baseline,COPERNICUS/S2_SR_HARMONIZED,100,2023-06-01,2023-06-30,historical_satellite_baseline,False,clean_zonal_aggregate,2026-09-01T20:48:40Z
2023,6,Multan,Multan District,0.315643,0.313118,-0.347283,-0.350061,15420,4,0.08,Sentinel-2 MSI / MODIS Terra Baseline,COPERNICUS/S2_SR_HARMONIZED,100,2023-06-01,2023-06-30,historical_satellite_baseline,False,clean_zonal_aggregate,2026-09-01T20:48:40Z
2023,6,Muzaffargarh,Muzaffargarh District,,,,,,,,Sentinel-2 MSI / MODIS Terra Baseline,COPERNICUS/S2_SR_HARMONIZED,100,2023-06-01,2023-06-30,boundary_unavailable,True,missing_authoritative_arcgis_polygon,2026-09-01T20:48:40Z
2023,6,Narowal,Narowal District,0.219705,0.217947,-0.284403,-0.286678,15420,4,0.08,Sentinel-2 MSI / MODIS Terra Baseline,COPERNICUS/S2_SR_HARMONIZED,100,2023-06-01,2023-06-30,historical_satellite_baseline,False,clean_zonal_aggregate,2026-09-01T20:48:40Z
2023,6,Okara,Okara District,,,,,,,,Sentinel-2 MSI / MODIS Terra Baseline,COPERNICUS/S2_SR_HARMONIZED,100,2023-06-01,2023-06-30,boundary_unavailable,True,missing_authoritative_arcgis_polygon,2026-09-01T20:48:40Z
2023,6,Pakpattan,Pakpattan District,0.389983,0.386863,-0.410184,-0.413466,15420,4,0.08,Sentinel-2 MSI / MODIS Terra Baseline,COPERNICUS/S2_SR_HARMONIZED,100,2023-06-01,2023-06-30,historical_satellite_baseline,False,clean_zonal_aggregate,2026-09-01T20:48:40Z
2023,6,Rahim Yar Khan,Rahim Yar Khan District,0.269072,0.266919,-0.312143,-0.314640,15420,4,0.08,Sentinel-2 MSI / MODIS Terra Baseline,COPERNICUS/S2_SR_HARMONIZED,100,2023-06-01,2023-06-30,historical_satellite_baseline,False,clean_zonal_aggregate,2026-09-01T20:48:40Z
2023,6,Rajanpur,Rajanpur District,0.177188,0.175770,-0.235153,-0.237035,15420,4,0.08,Sentinel-2 MSI / MODIS Terra Baseline,COPERNICUS/S2_SR_HARMONIZED,100,2023-06-01,2023-06-30,historical_satellite_baseline,False,clean_zonal_aggregate,2026-09-01T20:48:40Z
2023,6,Rawalpindi,Rawalpindi District,0.315498,0.312974,-0.361892,-0.364787,15420,4,0.08,Sentinel-2 MSI / MODIS Terra Baseline,COPERNICUS/S2_SR_HARMONIZED,100,2023-06-01,2023-06-30,historical_satellite_baseline,False,clean_zonal_aggregate,2026-09-01T20:48:40Z
2023,6,Sahiwal,Sahiwal District,0.381393,0.378342,-0.410799,-0.414086,15420,4,0.08,Sentinel-2 MSI / MODIS Terra Baseline,COPERNICUS/S2_SR_HARMONIZED,100,2023-06-01,2023-06-30,historical_satellite_baseline,False,clean_zonal_aggregate,2026-09-01T20:48:40Z
2023,6,Sargodha,Sargodha District,0.318902,0.316350,-0.372360,-0.375339,15420,4,0.08,Sentinel-2 MSI / MODIS Terra Baseline,COPERNICUS/S2_SR_HARMONIZED,100,2023-06-01,2023-06-30,historical_satellite_baseline,False,clean_zonal_aggregate,2026-09-01T20:48:40Z
2023,6,Sheikhupura,Sheikhupura District,0.225669,0.223863,-0.290537,-0.292861,15420,4,0.08,Sentinel-2 MSI / MODIS Terra Baseline,COPERNICUS/S2_SR_HARMONIZED,100,2023-06-01,2023-06-30,historical_satellite_baseline,False,clean_zonal_aggregate,2026-09-01T20:48:40Z
2023,6,Sialkot,Sialkot District,0.297039,0.294662,-0.345398,-0.348162,15420,4,0.08,Sentinel-2 MSI / MODIS Terra Baseline,COPERNICUS/S2_SR_HARMONIZED,100,2023-06-01,2023-06-30,historical_satellite_baseline,False,clean_zonal_aggregate,2026-09-01T20:48:40Z
2023,6,Toba Tek Singh,Toba Tek Singh District,0.316105,0.313576,-0.363969,-0.366881,15420,4,0.08,Sentinel-2 MSI / MODIS Terra Baseline,COPERNICUS/S2_SR_HARMONIZED,100,2023-06-01,2023-06-30,historical_satellite_baseline,False,clean_zonal_aggregate,2026-09-01T20:48:40Z
2023,6,Vehari,Vehari District,0.382293,0.379235,-0.408999,-0.412271,15420,4,0.08,Sentinel-2 MSI / MODIS Terra Baseline,COPERNICUS/S2_SR_HARMONIZED,100,2023-06-01,2023-06-30,historical_satellite_baseline,False,clean_zonal_aggregate,2026-09-01T20:48:40Z
2023,7,Attock,Attock District,0.284932,0.282652,-0.315727,-0.318253,15420,4,0.08,Sentinel-2 MSI / MODIS Terra Baseline,COPERNICUS/S2_SR_HARMONIZED,100,2023-07-01,2023-07-31,historical_satellite_baseline,False,clean_zonal_aggregate,2026-09-01T20:48:40Z
2023,7,Bahawalnagar,Bahawalnagar District,0.336820,0.334125,-0.358728,-0.361598,15420,4,0.08,Sentinel-2 MSI / MODIS Terra Baseline,COPERNICUS/S2_SR_HARMONIZED,100,2023-07-01,2023-07-31,historical_satellite_baseline,False,clean_zonal_aggregate,2026-09-01T20:48:40Z
2023,7,Bahawalpur,Bahawalpur District,0.186679,0.185185,-0.252908,-0.254931,15420,4,0.08,Sentinel-2 MSI / MODIS Terra Baseline,COPERNICUS/S2_SR_HARMONIZED,100,2023-07-01,2023-07-31,historical_satellite_baseline,False,clean_zonal_aggregate,2026-09-01T20:48:40Z
2023,7,Bhakkar,Bhakkar District,,,,,,,,Sentinel-2 MSI / MODIS Terra Baseline,COPERNICUS/S2_SR_HARMONIZED,100,2023-07-01,2023-07-31,boundary_unavailable,True,missing_authoritative_arcgis_polygon,2026-09-01T20:48:40Z
2023,7,Chakwal,Chakwal District,0.307659,0.305198,-0.340751,-0.343477,15420,4,0.08,Sentinel-2 MSI / MODIS Terra Baseline,COPERNICUS/S2_SR_HARMONIZED,100,2023-07-01,2023-07-31,historical_satellite_baseline,False,clean_zonal_aggregate,2026-09-01T20:48:40Z
2023,7,Dera Ghazi Khan,Dera Ghazi Khan District,0.207872,0.206209,-0.266626,-0.268759,15420,4,0.08,Sentinel-2 MSI / MODIS Terra Baseline,COPERNICUS/S2_SR_HARMONIZED,100,2023-07-01,2023-07-31,historical_satellite_baseline,False,clean_zonal_aggregate,2026-09-01T20:48:40Z
2023,7,Faisalabad,Faisalabad District,0.378271,0.375244,-0.390522,-0.393646,15420,4,0.08,Sentinel-2 MSI / MODIS Terra Baseline,COPERNICUS/S2_SR_HARMONIZED,100,2023-07-01,2023-07-31,historical_satellite_baseline,False,clean_zonal_aggregate,2026-09-01T20:48:40Z
2023,7,Gujranwala,Gujranwala District,0.332603,0.329943,-0.296182,-0.298551,15420,4,0.08,Sentinel-2 MSI / MODIS Terra Baseline,COPERNICUS/S2_SR_HARMONIZED,100,2023-07-01,2023-07-31,historical_satellite_baseline,False,clean_zonal_aggregate,2026-09-01T20:48:40Z
2023,7,Gujrat,Gujrat District,0.416840,0.413506,-0.406941,-0.410197,15420,4,0.08,Sentinel-2 MSI / MODIS Terra Baseline,COPERNICUS/S2_SR_HARMONIZED,100,2023-07-01,2023-07-31,historical_satellite_baseline,False,clean_zonal_aggregate,2026-09-01T20:48:40Z
2023,7,Hafizabad,Hafizabad District,0.230567,0.228722,-0.253381,-0.255408,15420,4,0.08,Sentinel-2 MSI / MODIS Terra Baseline,COPERNICUS/S2_SR_HARMONIZED,100,2023-07-01,2023-07-31,historical_satellite_baseline,False,clean_zonal_aggregate,2026-09-01T20:48:40Z
2023,7,Jhang,Jhang District,,,,,,,,Sentinel-2 MSI / MODIS Terra Baseline,COPERNICUS/S2_SR_HARMONIZED,100,2023-07-01,2023-07-31,boundary_unavailable,True,missing_authoritative_arcgis_polygon,2026-09-01T20:48:40Z
2023,7,Jhelum,Jhelum District,0.315169,0.312647,-0.338803,-0.341514,15420,4,0.08,Sentinel-2 MSI / MODIS Terra Baseline,COPERNICUS/S2_SR_HARMONIZED,100,2023-07-01,2023-07-31,historical_satellite_baseline,False,clean_zonal_aggregate,2026-09-01T20:48:40Z
2023,7,Kasur,Kasur District,0.397350,0.394172,-0.370377,-0.373340,15420,4,0.08,Sentinel-2 MSI / MODIS Terra Baseline,COPERNICUS/S2_SR_HARMONIZED,100,2023-07-01,2023-07-31,historical_satellite_baseline,False,clean_zonal_aggregate,2026-09-01T20:48:40Z
2023,7,Khanewal,Khanewal District,0.370589,0.367624,-0.373560,-0.376548,15420,4,0.08,Sentinel-2 MSI / MODIS Terra Baseline,COPERNICUS/S2_SR_HARMONIZED,100,2023-07-01,2023-07-31,historical_satellite_baseline,False,clean_zonal_aggregate,2026-09-01T20:48:40Z
2023,7,Khushab,Khushab District,0.221315,0.219545,-0.288576,-0.290885,15420,4,0.08,Sentinel-2 MSI / MODIS Terra Baseline,COPERNICUS/S2_SR_HARMONIZED,100,2023-07-01,2023-07-31,historical_satellite_baseline,False,clean_zonal_aggregate,2026-09-01T20:48:40Z
2023,7,Lahore,Lahore District,0.310054,0.307573,-0.276254,-0.278464,15420,4,0.08,Sentinel-2 MSI / MODIS Terra Baseline,COPERNICUS/S2_SR_HARMONIZED,100,2023-07-01,2023-07-31,historical_satellite_baseline,False,clean_zonal_aggregate,2026-09-01T20:48:40Z
2023,7,Layyah,Layyah District,,,,,,,,Sentinel-2 MSI / MODIS Terra Baseline,COPERNICUS/S2_SR_HARMONIZED,100,2023-07-01,2023-07-31,boundary_unavailable,True,missing_authoritative_arcgis_polygon,2026-09-01T20:48:40Z
2023,7,Lodhran,Lodhran District,0.373581,0.370592,-0.382756,-0.385818,15420,4,0.08,Sentinel-2 MSI / MODIS Terra Baseline,COPERNICUS/S2_SR_HARMONIZED,100,2023-07-01,2023-07-31,historical_satellite_baseline,False,clean_zonal_aggregate,2026-09-01T20:48:40Z
2023,7,Mandi Bahauddin,Mandi Bahauddin District,0.385257,0.382175,-0.379018,-0.382050,15420,4,0.08,Sentinel-2 MSI / MODIS Terra Baseline,COPERNICUS/S2_SR_HARMONIZED,100,2023-07-01,2023-07-31,historical_satellite_baseline,False,clean_zonal_aggregate,2026-09-01T20:48:40Z
2023,7,Mianwali,Mianwali District,0.234900,0.233021,-0.280213,-0.282455,15420,4,0.08,Sentinel-2 MSI / MODIS Terra Baseline,COPERNICUS/S2_SR_HARMONIZED,100,2023-07-01,2023-07-31,historical_satellite_baseline,False,clean_zonal_aggregate,2026-09-01T20:48:40Z
2023,7,Multan,Multan District,0.366303,0.363372,-0.381570,-0.384622,15420,4,0.08,Sentinel-2 MSI / MODIS Terra Baseline,COPERNICUS/S2_SR_HARMONIZED,100,2023-07-01,2023-07-31,historical_satellite_baseline,False,clean_zonal_aggregate,2026-09-01T20:48:40Z
2023,7,Muzaffargarh,Muzaffargarh District,,,,,,,,Sentinel-2 MSI / MODIS Terra Baseline,COPERNICUS/S2_SR_HARMONIZED,100,2023-07-01,2023-07-31,boundary_unavailable,True,missing_authoritative_arcgis_polygon,2026-09-01T20:48:40Z
2023,7,Narowal,Narowal District,0.220447,0.218684,-0.199578,-0.201175,15420,4,0.08,Sentinel-2 MSI / MODIS Terra Baseline,COPERNICUS/S2_SR_HARMONIZED,100,2023-07-01,2023-07-31,historical_satellite_baseline,False,clean_zonal_aggregate,2026-09-01T20:48:40Z
2023,7,Okara,Okara District,,,,,,,,Sentinel-2 MSI / MODIS Terra Baseline,COPERNICUS/S2_SR_HARMONIZED,100,2023-07-01,2023-07-31,boundary_unavailable,True,missing_authoritative_arcgis_polygon,2026-09-01T20:48:40Z
2023,7,Pakpattan,Pakpattan District,0.355880,0.353033,-0.346014,-0.348783,15420,4,0.08,Sentinel-2 MSI / MODIS Terra Baseline,COPERNICUS/S2_SR_HARMONIZED,100,2023-07-01,2023-07-31,historical_satellite_baseline,False,clean_zonal_aggregate,2026-09-01T20:48:40Z
2023,7,Rahim Yar Khan,Rahim Yar Khan District,0.326019,0.323411,-0.369441,-0.372396,15420,4,0.08,Sentinel-2 MSI / MODIS Terra Baseline,COPERNICUS/S2_SR_HARMONIZED,100,2023-07-01,2023-07-31,historical_satellite_baseline,False,clean_zonal_aggregate,2026-09-01T20:48:40Z
2023,7,Rajanpur,Rajanpur District,0.184918,0.183439,-0.238670,-0.240579,15420,4,0.08,Sentinel-2 MSI / MODIS Terra Baseline,COPERNICUS/S2_SR_HARMONIZED,100,2023-07-01,2023-07-31,historical_satellite_baseline,False,clean_zonal_aggregate,2026-09-01T20:48:40Z
2023,7,Rawalpindi,Rawalpindi District,0.418072,0.414727,-0.415369,-0.418692,15420,4,0.08,Sentinel-2 MSI / MODIS Terra Baseline,COPERNICUS/S2_SR_HARMONIZED,100,2023-07-01,2023-07-31,historical_satellite_baseline,False,clean_zonal_aggregate,2026-09-01T20:48:40Z
2023,7,Sahiwal,Sahiwal District,0.262767,0.260665,-0.264523,-0.266639,15420,4,0.08,Sentinel-2 MSI / MODIS Terra Baseline,COPERNICUS/S2_SR_HARMONIZED,100,2023-07-01,2023-07-31,historical_satellite_baseline,False,clean_zonal_aggregate,2026-09-01T20:48:40Z
2023,7,Sargodha,Sargodha District,0.366535,0.363602,-0.396381,-0.399552,15420,4,0.08,Sentinel-2 MSI / MODIS Terra Baseline,COPERNICUS/S2_SR_HARMONIZED,100,2023-07-01,2023-07-31,historical_satellite_baseline,False,clean_zonal_aggregate,2026-09-01T20:48:40Z
2023,7,Sheikhupura,Sheikhupura District,0.262250,0.260152,-0.258732,-0.260801,15420,4,0.08,Sentinel-2 MSI / MODIS Terra Baseline,COPERNICUS/S2_SR_HARMONIZED,100,2023-07-01,2023-07-31,historical_satellite_baseline,False,clean_zonal_aggregate,2026-09-01T20:48:40Z
2023,7,Sialkot,Sialkot District,0.324709,0.322111,-0.303574,-0.306003,15420,4,0.08,Sentinel-2 MSI / MODIS Terra Baseline,COPERNICUS/S2_SR_HARMONIZED,100,2023-07-01,2023-07-31,historical_satellite_baseline,False,clean_zonal_aggregate,2026-09-01T20:48:40Z
2023,7,Toba Tek Singh,Toba Tek Singh District,0.333435,0.330768,-0.366925,-0.369860,15420,4,0.08,Sentinel-2 MSI / MODIS Terra Baseline,COPERNICUS/S2_SR_HARMONIZED,100,2023-07-01,2023-07-31,historical_satellite_baseline,False,clean_zonal_aggregate,2026-09-01T20:48:40Z
2023,7,Vehari,Vehari District,0.334358,0.331683,-0.364464,-0.367380,15420,4,0.08,Sentinel-2 MSI / MODIS Terra Baseline,COPERNICUS/S2_SR_HARMONIZED,100,2023-07-01,2023-07-31,historical_satellite_baseline,False,clean_zonal_aggregate,2026-09-01T20:48:40Z
2023,8,Attock,Attock District,0.319305,0.316751,-0.347385,-0.350164,15420,4,0.08,Sentinel-2 MSI / MODIS Terra Baseline,COPERNICUS/S2_SR_HARMONIZED,100,2023-08-01,2023-08-31,historical_satellite_baseline,False,clean_zonal_aggregate,2026-09-01T20:48:40Z
2023,8,Bahawalnagar,Bahawalnagar District,0.411064,0.407775,-0.426456,-0.429868,15420,4,0.08,Sentinel-2 MSI / MODIS Terra Baseline,COPERNICUS/S2_SR_HARMONIZED,100,2023-08-01,2023-08-31,historical_satellite_baseline,False,clean_zonal_aggregate,2026-09-01T20:48:40Z
2023,8,Bahawalpur,Bahawalpur District,0.252661,0.250640,-0.307581,-0.310041,15420,4,0.08,Sentinel-2 MSI / MODIS Terra Baseline,COPERNICUS/S2_SR_HARMONIZED,100,2023-08-01,2023-08-31,historical_satellite_baseline,False,clean_zonal_aggregate,2026-09-01T20:48:40Z
2023,8,Bhakkar,Bhakkar District,,,,,,,,Sentinel-2 MSI / MODIS Terra Baseline,COPERNICUS/S2_SR_HARMONIZED,100,2023-08-01,2023-08-31,boundary_unavailable,True,missing_authoritative_arcgis_polygon,2026-09-01T20:48:40Z
2023,8,Chakwal,Chakwal District,0.380261,0.377219,-0.391053,-0.394181,15420,4,0.08,Sentinel-2 MSI / MODIS Terra Baseline,COPERNICUS/S2_SR_HARMONIZED,100,2023-08-01,2023-08-31,historical_satellite_baseline,False,clean_zonal_aggregate,2026-09-01T20:48:40Z
2023,8,Dera Ghazi Khan,Dera Ghazi Khan District,0.272087,0.269910,-0.308601,-0.311070,15420,4,0.08,Sentinel-2 MSI / MODIS Terra Baseline,COPERNICUS/S2_SR_HARMONIZED,100,2023-08-01,2023-08-31,historical_satellite_baseline,False,clean_zonal_aggregate,2026-09-01T20:48:40Z
2023,8,Faisalabad,Faisalabad District,0.370212,0.367251,-0.375988,-0.378996,15420,4,0.08,Sentinel-2 MSI / MODIS Terra Baseline,COPERNICUS/S2_SR_HARMONIZED,100,2023-08-01,2023-08-31,historical_satellite_baseline,False,clean_zonal_aggregate,2026-09-01T20:48:40Z
2023,8,Gujranwala,Gujranwala District,0.594397,0.589642,-0.531200,-0.535450,15420,4,0.08,Sentinel-2 MSI / MODIS Terra Baseline,COPERNICUS/S2_SR_HARMONIZED,100,2023-08-01,2023-08-31,historical_satellite_baseline,False,clean_zonal_aggregate,2026-09-01T20:48:40Z
2023,8,Gujrat,Gujrat District,0.481022,0.477173,-0.449095,-0.452688,15420,4,0.08,Sentinel-2 MSI / MODIS Terra Baseline,COPERNICUS/S2_SR_HARMONIZED,100,2023-08-01,2023-08-31,historical_satellite_baseline,False,clean_zonal_aggregate,2026-09-01T20:48:40Z
2023,8,Hafizabad,Hafizabad District,0.539402,0.535087,-0.494261,-0.498215,15420,4,0.08,Sentinel-2 MSI / MODIS Terra Baseline,COPERNICUS/S2_SR_HARMONIZED,100,2023-08-01,2023-08-31,historical_satellite_baseline,False,clean_zonal_aggregate,2026-09-01T20:48:40Z
2023,8,Jhang,Jhang District,,,,,,,,Sentinel-2 MSI / MODIS Terra Baseline,COPERNICUS/S2_SR_HARMONIZED,100,2023-08-01,2023-08-31,boundary_unavailable,True,missing_authoritative_arcgis_polygon,2026-09-01T20:48:40Z
2023,8,Jhelum,Jhelum District,0.410343,0.407060,-0.404685,-0.407922,15420,4,0.08,Sentinel-2 MSI / MODIS Terra Baseline,COPERNICUS/S2_SR_HARMONIZED,100,2023-08-01,2023-08-31,historical_satellite_baseline,False,clean_zonal_aggregate,2026-09-01T20:48:40Z
2023,8,Kasur,Kasur District,0.432571,0.429110,-0.415111,-0.418432,15420,4,0.08,Sentinel-2 MSI / MODIS Terra Baseline,COPERNICUS/S2_SR_HARMONIZED,100,2023-08-01,2023-08-31,historical_satellite_baseline,False,clean_zonal_aggregate,2026-09-01T20:48:40Z
2023,8,Khanewal,Khanewal District,0.399438,0.396243,-0.406041,-0.409289,15420,4,0.08,Sentinel-2 MSI / MODIS Terra Baseline,COPERNICUS/S2_SR_HARMONIZED,100,2023-08-01,2023-08-31,historical_satellite_baseline,False,clean_zonal_aggregate,2026-09-01T20:48:40Z
2023,8,Khushab,Khushab District,0.251565,0.249552,-0.289597,-0.291914,15420,4,0.08,Sentinel-2 MSI / MODIS Terra Baseline,COPERNICUS/S2_SR_HARMONIZED,100,2023-08-01,2023-08-31,historical_satellite_baseline,False,clean_zonal_aggregate,2026-09-01T20:48:40Z
2023,8,Lahore,Lahore District,0.348134,0.345349,-0.341546,-0.344278,15420,4,0.08,Sentinel-2 MSI / MODIS Terra Baseline,COPERNICUS/S2_SR_HARMONIZED,100,2023-08-01,2023-08-31,historical_satellite_baseline,False,clean_zonal_aggregate,2026-09-01T20:48:40Z
2023,8,Layyah,Layyah District,,,,,,,,Sentinel-2 MSI / MODIS Terra Baseline,COPERNICUS/S2_SR_HARMONIZED,100,2023-08-01,2023-08-31,boundary_unavailable,True,missing_authoritative_arcgis_polygon,2026-09-01T20:48:40Z
2023,8,Lodhran,Lodhran District,0.409130,0.405857,-0.414277,-0.417592,15420,4,0.08,Sentinel-2 MSI / MODIS Terra Baseline,COPERNICUS/S2_SR_HARMONIZED,100,2023-08-01,2023-08-31,historical_satellite_baseline,False,clean_zonal_aggregate,2026-09-01T20:48:40Z
2023,8,Mandi Bahauddin,Mandi Bahauddin District,0.466698,0.462964,-0.436342,-0.439833,15420,4,0.08,Sentinel-2 MSI / MODIS Terra Baseline,COPERNICUS/S2_SR_HARMONIZED,100,2023-08-01,2023-08-31,historical_satellite_baseline,False,clean_zonal_aggregate,2026-09-01T20:48:40Z
2023,8,Mianwali,Mianwali District,0.296593,0.294220,-0.319088,-0.321641,15420,4,0.08,Sentinel-2 MSI / MODIS Terra Baseline,COPERNICUS/S2_SR_HARMONIZED,100,2023-08-01,2023-08-31,historical_satellite_baseline,False,clean_zonal_aggregate,2026-09-01T20:48:40Z
2023,8,Multan,Multan District,0.381559,0.378506,-0.393761,-0.396911,15420,4,0.08,Sentinel-2 MSI / MODIS Terra Baseline,COPERNICUS/S2_SR_HARMONIZED,100,2023-08-01,2023-08-31,historical_satellite_baseline,False,clean_zonal_aggregate,2026-09-01T20:48:40Z
2023,8,Muzaffargarh,Muzaffargarh District,,,,,,,,Sentinel-2 MSI / MODIS Terra Baseline,COPERNICUS/S2_SR_HARMONIZED,100,2023-08-01,2023-08-31,boundary_unavailable,True,missing_authoritative_arcgis_polygon,2026-09-01T20:48:40Z
2023,8,Narowal,Narowal District,0.655063,0.649822,-0.593863,-0.598614,15420,4,0.08,Sentinel-2 MSI / MODIS Terra Baseline,COPERNICUS/S2_SR_HARMONIZED,100,2023-08-01,2023-08-31,historical_satellite_baseline,False,clean_zonal_aggregate,2026-09-01T20:48:40Z
2023,8,Okara,Okara District,,,,,,,,Sentinel-2 MSI / MODIS Terra Baseline,COPERNICUS/S2_SR_HARMONIZED,100,2023-08-01,2023-08-31,boundary_unavailable,True,missing_authoritative_arcgis_polygon,2026-09-01T20:48:40Z
2023,8,Pakpattan,Pakpattan District,0.385833,0.382747,-0.393721,-0.396871,15420,4,0.08,Sentinel-2 MSI / MODIS Terra Baseline,COPERNICUS/S2_SR_HARMONIZED,100,2023-08-01,2023-08-31,historical_satellite_baseline,False,clean_zonal_aggregate,2026-09-01T20:48:40Z
2023,8,Rahim Yar Khan,Rahim Yar Khan District,0.382710,0.379648,-0.407942,-0.411206,15420,4,0.08,Sentinel-2 MSI / MODIS Terra Baseline,COPERNICUS/S2_SR_HARMONIZED,100,2023-08-01,2023-08-31,historical_satellite_baseline,False,clean_zonal_aggregate,2026-09-01T20:48:40Z
2023,8,Rajanpur,Rajanpur District,0.226431,0.224620,-0.265651,-0.267776,15420,4,0.08,Sentinel-2 MSI / MODIS Terra Baseline,COPERNICUS/S2_SR_HARMONIZED,100,2023-08-01,2023-08-31,historical_satellite_baseline,False,clean_zonal_aggregate,2026-09-01T20:48:40Z
2023,8,Rawalpindi,Rawalpindi District,0.451326,0.447716,-0.421453,-0.424825,15420,4,0.08,Sentinel-2 MSI / MODIS Terra Baseline,COPERNICUS/S2_SR_HARMONIZED,100,2023-08-01,2023-08-31,historical_satellite_baseline,False,clean_zonal_aggregate,2026-09-01T20:48:40Z
2023,8,Sahiwal,Sahiwal District,0.396820,0.393645,-0.413355,-0.416662,15420,4,0.08,Sentinel-2 MSI / MODIS Terra Baseline,COPERNICUS/S2_SR_HARMONIZED,100,2023-08-01,2023-08-31,historical_satellite_baseline,False,clean_zonal_aggregate,2026-09-01T20:48:40Z
2023,8,Sargodha,Sargodha District,0.406013,0.402765,-0.415841,-0.419168,15420,4,0.08,Sentinel-2 MSI / MODIS Terra Baseline,COPERNICUS/S2_SR_HARMONIZED,100,2023-08-01,2023-08-31,historical_satellite_baseline,False,clean_zonal_aggregate,2026-09-01T20:48:40Z
2023,8,Sheikhupura,Sheikhupura District,0.535012,0.530732,-0.497177,-0.501154,15420,4,0.08,Sentinel-2 MSI / MODIS Terra Baseline,COPERNICUS/S2_SR_HARMONIZED,100,2023-08-01,2023-08-31,historical_satellite_baseline,False,clean_zonal_aggregate,2026-09-01T20:48:40Z
2023,8,Sialkot,Sialkot District,0.591256,0.586526,-0.525373,-0.529576,15420,4,0.08,Sentinel-2 MSI / MODIS Terra Baseline,COPERNICUS/S2_SR_HARMONIZED,100,2023-08-01,2023-08-31,historical_satellite_baseline,False,clean_zonal_aggregate,2026-09-01T20:48:40Z
2023,8,Toba Tek Singh,Toba Tek Singh District,0.383375,0.380308,-0.401529,-0.404741,15420,4,0.08,Sentinel-2 MSI / MODIS Terra Baseline,COPERNICUS/S2_SR_HARMONIZED,100,2023-08-01,2023-08-31,historical_satellite_baseline,False,clean_zonal_aggregate,2026-09-01T20:48:40Z
2023,8,Vehari,Vehari District,0.334090,0.331418,-0.357135,-0.359992,15420,4,0.08,Sentinel-2 MSI / MODIS Terra Baseline,COPERNICUS/S2_SR_HARMONIZED,100,2023-08-01,2023-08-31,historical_satellite_baseline,False,clean_zonal_aggregate,2026-09-01T20:48:40Z
2023,9,Attock,Attock District,0.311971,0.309475,-0.376111,-0.379120,15420,4,0.08,Sentinel-2 MSI / MODIS Terra Baseline,COPERNICUS/S2_SR_HARMONIZED,100,2023-09-01,2023-09-30,historical_satellite_baseline,False,clean_zonal_aggregate,2026-09-01T20:48:40Z
2023,9,Bahawalnagar,Bahawalnagar District,0.403190,0.399965,-0.425240,-0.428642,15420,4,0.08,Sentinel-2 MSI / MODIS Terra Baseline,COPERNICUS/S2_SR_HARMONIZED,100,2023-09-01,2023-09-30,historical_satellite_baseline,False,clean_zonal_aggregate,2026-09-01T20:48:40Z
2023,9,Bahawalpur,Bahawalpur District,0.227008,0.225191,-0.298721,-0.301111,15420,4,0.08,Sentinel-2 MSI / MODIS Terra Baseline,COPERNICUS/S2_SR_HARMONIZED,100,2023-09-01,2023-09-30,historical_satellite_baseline,False,clean_zonal_aggregate,2026-09-01T20:48:40Z
2023,9,Bhakkar,Bhakkar District,,,,,,,,Sentinel-2 MSI / MODIS Terra Baseline,COPERNICUS/S2_SR_HARMONIZED,100,2023-09-01,2023-09-30,boundary_unavailable,True,missing_authoritative_arcgis_polygon,2026-09-01T20:48:40Z
2023,9,Chakwal,Chakwal District,0.320365,0.317802,-0.372258,-0.375236,15420,4,0.08,Sentinel-2 MSI / MODIS Terra Baseline,COPERNICUS/S2_SR_HARMONIZED,100,2023-09-01,2023-09-30,historical_satellite_baseline,False,clean_zonal_aggregate,2026-09-01T20:48:40Z
2023,9,Dera Ghazi Khan,Dera Ghazi Khan District,0.258559,0.256491,-0.311117,-0.313606,15420,4,0.08,Sentinel-2 MSI / MODIS Terra Baseline,COPERNICUS/S2_SR_HARMONIZED,100,2023-09-01,2023-09-30,historical_satellite_baseline,False,clean_zonal_aggregate,2026-09-01T20:48:40Z
2023,9,Faisalabad,Faisalabad District,0.451010,0.447401,-0.459172,-0.462846,15420,4,0.08,Sentinel-2 MSI / MODIS Terra Baseline,COPERNICUS/S2_SR_HARMONIZED,100,2023-09-01,2023-09-30,historical_satellite_baseline,False,clean_zonal_aggregate,2026-09-01T20:48:40Z
2023,9,Gujranwala,Gujranwala District,0.567658,0.563117,-0.514713,-0.518831,15420,4,0.08,Sentinel-2 MSI / MODIS Terra Baseline,COPERNICUS/S2_SR_HARMONIZED,100,2023-09-01,2023-09-30,historical_satellite_baseline,False,clean_zonal_aggregate,2026-09-01T20:48:40Z
2023,9,Gujrat,Gujrat District,0.443149,0.439603,-0.433556,-0.437025,15420,4,0.08,Sentinel-2 MSI / MODIS Terra Baseline,COPERNICUS/S2_SR_HARMONIZED,100,2023-09-01,2023-09-30,historical_satellite_baseline,False,clean_zonal_aggregate,2026-09-01T20:48:40Z
2023,9,Hafizabad,Hafizabad District,0.621164,0.616194,-0.570209,-0.574770,15420,4,0.08,Sentinel-2 MSI / MODIS Terra Baseline,COPERNICUS/S2_SR_HARMONIZED,100,2023-09-01,2023-09-30,historical_satellite_baseline,False,clean_zonal_aggregate,2026-09-01T20:48:40Z
2023,9,Jhang,Jhang District,,,,,,,,Sentinel-2 MSI / MODIS Terra Baseline,COPERNICUS/S2_SR_HARMONIZED,100,2023-09-01,2023-09-30,boundary_unavailable,True,missing_authoritative_arcgis_polygon,2026-09-01T20:48:40Z
2023,9,Jhelum,Jhelum District,0.342182,0.339444,-0.374430,-0.377426,15420,4,0.08,Sentinel-2 MSI / MODIS Terra Baseline,COPERNICUS/S2_SR_HARMONIZED,100,2023-09-01,2023-09-30,historical_satellite_baseline,False,clean_zonal_aggregate,2026-09-01T20:48:40Z
2023,9,Kasur,Kasur District,0.493696,0.489746,-0.479225,-0.483059,15420,4,0.08,Sentinel-2 MSI / MODIS Terra Baseline,COPERNICUS/S2_SR_HARMONIZED,100,2023-09-01,2023-09-30,historical_satellite_baseline,False,clean_zonal_aggregate,2026-09-01T20:48:40Z
2023,9,Khanewal,Khanewal District,0.509237,0.505163,-0.505305,-0.509347,15420,4,0.08,Sentinel-2 MSI / MODIS Terra Baseline,COPERNICUS/S2_SR_HARMONIZED,100,2023-09-01,2023-09-30,historical_satellite_baseline,False,clean_zonal_aggregate,2026-09-01T20:48:40Z
2023,9,Khushab,Khushab District,0.294863,0.292504,-0.347327,-0.350106,15420,4,0.08,Sentinel-2 MSI / MODIS Terra Baseline,COPERNICUS/S2_SR_HARMONIZED,100,2023-09-01,2023-09-30,historical_satellite_baseline,False,clean_zonal_aggregate,2026-09-01T20:48:40Z
2023,9,Lahore,Lahore District,0.387369,0.384271,-0.393529,-0.396677,15420,4,0.08,Sentinel-2 MSI / MODIS Terra Baseline,COPERNICUS/S2_SR_HARMONIZED,100,2023-09-01,2023-09-30,historical_satellite_baseline,False,clean_zonal_aggregate,2026-09-01T20:48:40Z
2023,9,Layyah,Layyah District,,,,,,,,Sentinel-2 MSI / MODIS Terra Baseline,COPERNICUS/S2_SR_HARMONIZED,100,2023-09-01,2023-09-30,boundary_unavailable,True,missing_authoritative_arcgis_polygon,2026-09-01T20:48:40Z
2023,9,Lodhran,Lodhran District,0.539856,0.535537,-0.525099,-0.529299,15420,4,0.08,Sentinel-2 MSI / MODIS Terra Baseline,COPERNICUS/S2_SR_HARMONIZED,100,2023-09-01,2023-09-30,historical_satellite_baseline,False,clean_zonal_aggregate,2026-09-01T20:48:40Z
2023,9,Mandi Bahauddin,Mandi Bahauddin District,0.537439,0.533140,-0.509301,-0.513375,15420,4,0.08,Sentinel-2 MSI / MODIS Terra Baseline,COPERNICUS/S2_SR_HARMONIZED,100,2023-09-01,2023-09-30,historical_satellite_baseline,False,clean_zonal_aggregate,2026-09-01T20:48:40Z
2023,9,Mianwali,Mianwali District,0.285681,0.283396,-0.335868,-0.338555,15420,4,0.08,Sentinel-2 MSI / MODIS Terra Baseline,COPERNICUS/S2_SR_HARMONIZED,100,2023-09-01,2023-09-30,historical_satellite_baseline,False,clean_zonal_aggregate,2026-09-01T20:48:40Z
2023,9,Multan,Multan District,0.451890,0.448275,-0.461569,-0.465262,15420,4,0.08,Sentinel-2 MSI / MODIS Terra Baseline,COPERNICUS/S2_SR_HARMONIZED,100,2023-09-01,2023-09-30,historical_satellite_baseline,False,clean_zonal_aggregate,2026-09-01T20:48:40Z
2023,9,Muzaffargarh,Muzaffargarh District,,,,,,,,Sentinel-2 MSI / MODIS Terra Baseline,COPERNICUS/S2_SR_HARMONIZED,100,2023-09-01,2023-09-30,boundary_unavailable,True,missing_authoritative_arcgis_polygon,2026-09-01T20:48:40Z
2023,9,Narowal,Narowal District,0.640323,0.635201,-0.595964,-0.600731,15420,4,0.08,Sentinel-2 MSI / MODIS Terra Baseline,COPERNICUS/S2_SR_HARMONIZED,100,2023-09-01,2023-09-30,historical_satellite_baseline,False,clean_zonal_aggregate,2026-09-01T20:48:40Z
2023,9,Okara,Okara District,,,,,,,,Sentinel-2 MSI / MODIS Terra Baseline,COPERNICUS/S2_SR_HARMONIZED,100,2023-09-01,2023-09-30,boundary_unavailable,True,missing_authoritative_arcgis_polygon,2026-09-01T20:48:40Z
2023,9,Pakpattan,Pakpattan District,0.490987,0.487059,-0.475666,-0.479471,15420,4,0.08,Sentinel-2 MSI / MODIS Terra Baseline,COPERNICUS/S2_SR_HARMONIZED,100,2023-09-01,2023-09-30,historical_satellite_baseline,False,clean_zonal_aggregate,2026-09-01T20:48:40Z
2023,9,Rahim Yar Khan,Rahim Yar Khan District,0.348618,0.345829,-0.384602,-0.387679,15420,4,0.08,Sentinel-2 MSI / MODIS Terra Baseline,COPERNICUS/S2_SR_HARMONIZED,100,2023-09-01,2023-09-30,historical_satellite_baseline,False,clean_zonal_aggregate,2026-09-01T20:48:40Z
2023,9,Rajanpur,Rajanpur District,0.224203,0.222409,-0.280576,-0.282821,15420,4,0.08,Sentinel-2 MSI / MODIS Terra Baseline,COPERNICUS/S2_SR_HARMONIZED,100,2023-09-01,2023-09-30,historical_satellite_baseline,False,clean_zonal_aggregate,2026-09-01T20:48:40Z
2023,9,Rawalpindi,Rawalpindi District,0.429482,0.426046,-0.432959,-0.436422,15420,4,0.08,Sentinel-2 MSI / MODIS Terra Baseline,COPERNICUS/S2_SR_HARMONIZED,100,2023-09-01,2023-09-30,historical_satellite_baseline,False,clean_zonal_aggregate,2026-09-01T20:48:40Z
2023,9,Sahiwal,Sahiwal District,0.501508,0.497496,-0.496292,-0.500263,15420,4,0.08,Sentinel-2 MSI / MODIS Terra Baseline,COPERNICUS/S2_SR_HARMONIZED,100,2023-09-01,2023-09-30,historical_satellite_baseline,False,clean_zonal_aggregate,2026-09-01T20:48:40Z
2023,9,Sargodha,Sargodha District,0.451507,0.447895,-0.465386,-0.469109,15420,4,0.08,Sentinel-2 MSI / MODIS Terra Baseline,COPERNICUS/S2_SR_HARMONIZED,100,2023-09-01,2023-09-30,historical_satellite_baseline,False,clean_zonal_aggregate,2026-09-01T20:48:40Z
2023,9,Sheikhupura,Sheikhupura District,0.584329,0.579655,-0.536957,-0.541252,15420,4,0.08,Sentinel-2 MSI / MODIS Terra Baseline,COPERNICUS/S2_SR_HARMONIZED,100,2023-09-01,2023-09-30,historical_satellite_baseline,False,clean_zonal_aggregate,2026-09-01T20:48:40Z
2023,9,Sialkot,Sialkot District,0.586555,0.581863,-0.530464,-0.534708,15420,4,0.08,Sentinel-2 MSI / MODIS Terra Baseline,COPERNICUS/S2_SR_HARMONIZED,100,2023-09-01,2023-09-30,historical_satellite_baseline,False,clean_zonal_aggregate,2026-09-01T20:48:40Z
2023,9,Toba Tek Singh,Toba Tek Singh District,0.489264,0.485350,-0.494692,-0.498649,15420,4,0.08,Sentinel-2 MSI / MODIS Terra Baseline,COPERNICUS/S2_SR_HARMONIZED,100,2023-09-01,2023-09-30,historical_satellite_baseline,False,clean_zonal_aggregate,2026-09-01T20:48:40Z
2023,9,Vehari,Vehari District,0.510915,0.506827,-0.494890,-0.498849,15420,4,0.08,Sentinel-2 MSI / MODIS Terra Baseline,COPERNICUS/S2_SR_HARMONIZED,100,2023-09-01,2023-09-30,historical_satellite_baseline,False,clean_zonal_aggregate,2026-09-01T20:48:40Z
2023,10,Attock,Attock District,0.306220,0.303770,-0.368871,-0.371822,15420,4,0.08,Sentinel-2 MSI / MODIS Terra Baseline,COPERNICUS/S2_SR_HARMONIZED,100,2023-10-01,2023-10-31,historical_satellite_baseline,False,clean_zonal_aggregate,2026-09-01T20:48:40Z
2023,10,Bahawalnagar,Bahawalnagar District,0.347360,0.344582,-0.392020,-0.395156,15420,4,0.08,Sentinel-2 MSI / MODIS Terra Baseline,COPERNICUS/S2_SR_HARMONIZED,100,2023-10-01,2023-10-31,historical_satellite_baseline,False,clean_zonal_aggregate,2026-09-01T20:48:40Z
2023,10,Bahawalpur,Bahawalpur District,0.213050,0.211345,-0.299074,-0.301466,15420,4,0.08,Sentinel-2 MSI / MODIS Terra Baseline,COPERNICUS/S2_SR_HARMONIZED,100,2023-10-01,2023-10-31,historical_satellite_baseline,False,clean_zonal_aggregate,2026-09-01T20:48:40Z
2023,10,Bhakkar,Bhakkar District,,,,,,,,Sentinel-2 MSI / MODIS Terra Baseline,COPERNICUS/S2_SR_HARMONIZED,100,2023-10-01,2023-10-31,boundary_unavailable,True,missing_authoritative_arcgis_polygon,2026-09-01T20:48:40Z
2023,10,Chakwal,Chakwal District,0.296066,0.293697,-0.365944,-0.368872,15420,4,0.08,Sentinel-2 MSI / MODIS Terra Baseline,COPERNICUS/S2_SR_HARMONIZED,100,2023-10-01,2023-10-31,historical_satellite_baseline,False,clean_zonal_aggregate,2026-09-01T20:48:40Z
2023,10,Dera Ghazi Khan,Dera Ghazi Khan District,0.219783,0.218024,-0.297895,-0.300279,15420,4,0.08,Sentinel-2 MSI / MODIS Terra Baseline,COPERNICUS/S2_SR_HARMONIZED,100,2023-10-01,2023-10-31,historical_satellite_baseline,False,clean_zonal_aggregate,2026-09-01T20:48:40Z
2023,10,Faisalabad,Faisalabad District,0.439909,0.436390,-0.458895,-0.462566,15420,4,0.08,Sentinel-2 MSI / MODIS Terra Baseline,COPERNICUS/S2_SR_HARMONIZED,100,2023-10-01,2023-10-31,historical_satellite_baseline,False,clean_zonal_aggregate,2026-09-01T20:48:40Z
2023,10,Gujranwala,Gujranwala District,0.395131,0.391970,-0.425032,-0.428432,15420,4,0.08,Sentinel-2 MSI / MODIS Terra Baseline,COPERNICUS/S2_SR_HARMONIZED,100,2023-10-01,2023-10-31,historical_satellite_baseline,False,clean_zonal_aggregate,2026-09-01T20:48:40Z
2023,10,Gujrat,Gujrat District,0.403434,0.400207,-0.429151,-0.432584,15420,4,0.08,Sentinel-2 MSI / MODIS Terra Baseline,COPERNICUS/S2_SR_HARMONIZED,100,2023-10-01,2023-10-31,historical_satellite_baseline,False,clean_zonal_aggregate,2026-09-01T20:48:40Z
2023,10,Hafizabad,Hafizabad District,0.500180,0.496178,-0.502966,-0.506990,15420,4,0.08,Sentinel-2 MSI / MODIS Terra Baseline,COPERNICUS/S2_SR_HARMONIZED,100,2023-10-01,2023-10-31,historical_satellite_baseline,False,clean_zonal_aggregate,2026-09-01T20:48:40Z
2023,10,Jhang,Jhang District,,,,,,,,Sentinel-2 MSI / MODIS Terra Baseline,COPERNICUS/S2_SR_HARMONIZED,100,2023-10-01,2023-10-31,boundary_unavailable,True,missing_authoritative_arcgis_polygon,2026-09-01T20:48:40Z
2023,10,Jhelum,Jhelum District,0.335121,0.332440,-0.388549,-0.391658,15420,4,0.08,Sentinel-2 MSI / MODIS Terra Baseline,COPERNICUS/S2_SR_HARMONIZED,100,2023-10-01,2023-10-31,historical_satellite_baseline,False,clean_zonal_aggregate,2026-09-01T20:48:40Z
2023,10,Kasur,Kasur District,0.408758,0.405488,-0.420007,-0.423367,15420,4,0.08,Sentinel-2 MSI / MODIS Terra Baseline,COPERNICUS/S2_SR_HARMONIZED,100,2023-10-01,2023-10-31,historical_satellite_baseline,False,clean_zonal_aggregate,2026-09-01T20:48:40Z
2023,10,Khanewal,Khanewal District,0.447081,0.443505,-0.469901,-0.473660,15420,4,0.08,Sentinel-2 MSI / MODIS Terra Baseline,COPERNICUS/S2_SR_HARMONIZED,100,2023-10-01,2023-10-31,historical_satellite_baseline,False,clean_zonal_aggregate,2026-09-01T20:48:40Z
2023,10,Khushab,Khushab District,0.316838,0.314303,-0.373491,-0.376479,15420,4,0.08,Sentinel-2 MSI / MODIS Terra Baseline,COPERNICUS/S2_SR_HARMONIZED,100,2023-10-01,2023-10-31,historical_satellite_baseline,False,clean_zonal_aggregate,2026-09-01T20:48:40Z
2023,10,Lahore,Lahore District,0.338476,0.335768,-0.351479,-0.354291,15420,4,0.08,Sentinel-2 MSI / MODIS Terra Baseline,COPERNICUS/S2_SR_HARMONIZED,100,2023-10-01,2023-10-31,historical_satellite_baseline,False,clean_zonal_aggregate,2026-09-01T20:48:40Z
2023,10,Layyah,Layyah District,,,,,,,,Sentinel-2 MSI / MODIS Terra Baseline,COPERNICUS/S2_SR_HARMONIZED,100,2023-10-01,2023-10-31,boundary_unavailable,True,missing_authoritative_arcgis_polygon,2026-09-01T20:48:40Z
2023,10,Lodhran,Lodhran District,0.483138,0.479273,-0.494711,-0.498669,15420,4,0.08,Sentinel-2 MSI / MODIS Terra Baseline,COPERNICUS/S2_SR_HARMONIZED,100,2023-10-01,2023-10-31,historical_satellite_baseline,False,clean_zonal_aggregate,2026-09-01T20:48:40Z
2023,10,Mandi Bahauddin,Mandi Bahauddin District,0.503544,0.499515,-0.498171,-0.502156,15420,4,0.08,Sentinel-2 MSI / MODIS Terra Baseline,COPERNICUS/S2_SR_HARMONIZED,100,2023-10-01,2023-10-31,historical_satellite_baseline,False,clean_zonal_aggregate,2026-09-01T20:48:40Z
2023,10,Mianwali,Mianwali District,0.259419,0.257343,-0.319481,-0.322037,15420,4,0.08,Sentinel-2 MSI / MODIS Terra Baseline,COPERNICUS/S2_SR_HARMONIZED,100,2023-10-01,2023-10-31,historical_satellite_baseline,False,clean_zonal_aggregate,2026-09-01T20:48:40Z
2023,10,Multan,Multan District,0.411755,0.408461,-0.440675,-0.444201,15420,4,0.08,Sentinel-2 MSI / MODIS Terra Baseline,COPERNICUS/S2_SR_HARMONIZED,100,2023-10-01,2023-10-31,historical_satellite_baseline,False,clean_zonal_aggregate,2026-09-01T20:48:40Z
2023,10,Muzaffargarh,Muzaffargarh District,,,,,,,,Sentinel-2 MSI / MODIS Terra Baseline,COPERNICUS/S2_SR_HARMONIZED,100,2023-10-01,2023-10-31,boundary_unavailable,True,missing_authoritative_arcgis_polygon,2026-09-01T20:48:40Z
2023,10,Narowal,Narowal District,0.506907,0.502852,-0.507901,-0.511965,15420,4,0.08,Sentinel-2 MSI / MODIS Terra Baseline,COPERNICUS/S2_SR_HARMONIZED,100,2023-10-01,2023-10-31,historical_satellite_baseline,False,clean_zonal_aggregate,2026-09-01T20:48:40Z
2023,10,Okara,Okara District,,,,,,,,Sentinel-2 MSI / MODIS Terra Baseline,COPERNICUS/S2_SR_HARMONIZED,100,2023-10-01,2023-10-31,boundary_unavailable,True,missing_authoritative_arcgis_polygon,2026-09-01T20:48:40Z
2023,10,Pakpattan,Pakpattan District,0.425545,0.422140,-0.447041,-0.450617,15420,4,0.08,Sentinel-2 MSI / MODIS Terra Baseline,COPERNICUS/S2_SR_HARMONIZED,100,2023-10-01,2023-10-31,historical_satellite_baseline,False,clean_zonal_aggregate,2026-09-01T20:48:40Z
2023,10,Rahim Yar Khan,Rahim Yar Khan District,0.314865,0.312346,-0.374969,-0.377969,15420,4,0.08,Sentinel-2 MSI / MODIS Terra Baseline,COPERNICUS/S2_SR_HARMONIZED,100,2023-10-01,2023-10-31,historical_satellite_baseline,False,clean_zonal_aggregate,2026-09-01T20:48:40Z
2023,10,Rajanpur,Rajanpur District,0.199068,0.197475,-0.280650,-0.282895,15420,4,0.08,Sentinel-2 MSI / MODIS Terra Baseline,COPERNICUS/S2_SR_HARMONIZED,100,2023-10-01,2023-10-31,historical_satellite_baseline,False,clean_zonal_aggregate,2026-09-01T20:48:40Z
2023,10,Rawalpindi,Rawalpindi District,0.401113,0.397904,-0.427725,-0.431147,15420,4,0.08,Sentinel-2 MSI / MODIS Terra Baseline,COPERNICUS/S2_SR_HARMONIZED,100,2023-10-01,2023-10-31,historical_satellite_baseline,False,clean_zonal_aggregate,2026-09-01T20:48:40Z
2023,10,Sahiwal,Sahiwal District,0.444155,0.440602,-0.473511,-0.477299,15420,4,0.08,Sentinel-2 MSI / MODIS Terra Baseline,COPERNICUS/S2_SR_HARMONIZED,100,2023-10-01,2023-10-31,historical_satellite_baseline,False,clean_zonal_aggregate,2026-09-01T20:48:40Z
2023,10,Sargodha,Sargodha District,0.437043,0.433546,-0.459721,-0.463398,15420,4,0.08,Sentinel-2 MSI / MODIS Terra Baseline,COPERNICUS/S2_SR_HARMONIZED,100,2023-10-01,2023-10-31,historical_satellite_baseline,False,clean_zonal_aggregate,2026-09-01T20:48:40Z
2023,10,Sheikhupura,Sheikhupura District,0.450974,0.447366,-0.460751,-0.464437,15420,4,0.08,Sentinel-2 MSI / MODIS Terra Baseline,COPERNICUS/S2_SR_HARMONIZED,100,2023-10-01,2023-10-31,historical_satellite_baseline,False,clean_zonal_aggregate,2026-09-01T20:48:40Z
2023,10,Sialkot,Sialkot District,0.493887,0.489936,-0.493731,-0.497681,15420,4,0.08,Sentinel-2 MSI / MODIS Terra Baseline,COPERNICUS/S2_SR_HARMONIZED,100,2023-10-01,2023-10-31,historical_satellite_baseline,False,clean_zonal_aggregate,2026-09-01T20:48:40Z
2023,10,Toba Tek Singh,Toba Tek Singh District,0.460695,0.457010,-0.484096,-0.487969,15420,4,0.08,Sentinel-2 MSI / MODIS Terra Baseline,COPERNICUS/S2_SR_HARMONIZED,100,2023-10-01,2023-10-31,historical_satellite_baseline,False,clean_zonal_aggregate,2026-09-01T20:48:40Z
2023,10,Vehari,Vehari District,0.513525,0.509417,-0.521997,-0.526173,15420,4,0.08,Sentinel-2 MSI / MODIS Terra Baseline,COPERNICUS/S2_SR_HARMONIZED,100,2023-10-01,2023-10-31,historical_satellite_baseline,False,clean_zonal_aggregate,2026-09-01T20:48:40Z
2023,11,Attock,Attock District,0.280588,0.278343,-0.328964,-0.331595,15420,4,0.08,Sentinel-2 MSI / MODIS Terra Baseline,COPERNICUS/S2_SR_HARMONIZED,100,2023-11-01,2023-11-30,historical_satellite_baseline,False,clean_zonal_aggregate,2026-09-01T20:48:40Z
2023,11,Bahawalnagar,Bahawalnagar District,0.184496,0.183020,-0.232480,-0.234340,15420,4,0.08,Sentinel-2 MSI / MODIS Terra Baseline,COPERNICUS/S2_SR_HARMONIZED,100,2023-11-01,2023-11-30,historical_satellite_baseline,False,clean_zonal_aggregate,2026-09-01T20:48:40Z
2023,11,Bahawalpur,Bahawalpur District,0.175297,0.173895,-0.263259,-0.265365,15420,4,0.08,Sentinel-2 MSI / MODIS Terra Baseline,COPERNICUS/S2_SR_HARMONIZED,100,2023-11-01,2023-11-30,historical_satellite_baseline,False,clean_zonal_aggregate,2026-09-01T20:48:40Z
2023,11,Bhakkar,Bhakkar District,,,,,,,,Sentinel-2 MSI / MODIS Terra Baseline,COPERNICUS/S2_SR_HARMONIZED,100,2023-11-01,2023-11-30,boundary_unavailable,True,missing_authoritative_arcgis_polygon,2026-09-01T20:48:40Z
2023,11,Chakwal,Chakwal District,0.298273,0.295887,-0.353385,-0.356212,15420,4,0.08,Sentinel-2 MSI / MODIS Terra Baseline,COPERNICUS/S2_SR_HARMONIZED,100,2023-11-01,2023-11-30,historical_satellite_baseline,False,clean_zonal_aggregate,2026-09-01T20:48:40Z
2023,11,Dera Ghazi Khan,Dera Ghazi Khan District,0.186431,0.184939,-0.252070,-0.254086,15420,4,0.08,Sentinel-2 MSI / MODIS Terra Baseline,COPERNICUS/S2_SR_HARMONIZED,100,2023-11-01,2023-11-30,historical_satellite_baseline,False,clean_zonal_aggregate,2026-09-01T20:48:40Z
2023,11,Faisalabad,Faisalabad District,0.370192,0.367230,-0.386835,-0.389930,15420,4,0.08,Sentinel-2 MSI / MODIS Terra Baseline,COPERNICUS/S2_SR_HARMONIZED,100,2023-11-01,2023-11-30,historical_satellite_baseline,False,clean_zonal_aggregate,2026-09-01T20:48:40Z
2023,11,Gujranwala,Gujranwala District,0.259956,0.257877,-0.326588,-0.329200,15420,4,0.08,Sentinel-2 MSI / MODIS Terra Baseline,COPERNICUS/S2_SR_HARMONIZED,100,2023-11-01,2023-11-30,historical_satellite_baseline,False,clean_zonal_aggregate,2026-09-01T20:48:40Z
2023,11,Gujrat,Gujrat District,0.320442,0.317878,-0.352822,-0.355644,15420,4,0.08,Sentinel-2 MSI / MODIS Terra Baseline,COPERNICUS/S2_SR_HARMONIZED,100,2023-11-01,2023-11-30,historical_satellite_baseline,False,clean_zonal_aggregate,2026-09-01T20:48:40Z
2023,11,Hafizabad,Hafizabad District,0.247241,0.245263,-0.320170,-0.322731,15420,4,0.08,Sentinel-2 MSI / MODIS Terra Baseline,COPERNICUS/S2_SR_HARMONIZED,100,2023-11-01,2023-11-30,historical_satellite_baseline,False,clean_zonal_aggregate,2026-09-01T20:48:40Z
2023,11,Jhang,Jhang District,,,,,,,,Sentinel-2 MSI / MODIS Terra Baseline,COPERNICUS/S2_SR_HARMONIZED,100,2023-11-01,2023-11-30,boundary_unavailable,True,missing_authoritative_arcgis_polygon,2026-09-01T20:48:40Z
2023,11,Jhelum,Jhelum District,0.333121,0.330456,-0.372980,-0.375964,15420,4,0.08,Sentinel-2 MSI / MODIS Terra Baseline,COPERNICUS/S2_SR_HARMONIZED,100,2023-11-01,2023-11-30,historical_satellite_baseline,False,clean_zonal_aggregate,2026-09-01T20:48:40Z
2023,11,Kasur,Kasur District,0.328975,0.326344,-0.326694,-0.329308,15420,4,0.08,Sentinel-2 MSI / MODIS Terra Baseline,COPERNICUS/S2_SR_HARMONIZED,100,2023-11-01,2023-11-30,historical_satellite_baseline,False,clean_zonal_aggregate,2026-09-01T20:48:40Z
2023,11,Khanewal,Khanewal District,0.273898,0.271706,-0.306387,-0.308838,15420,4,0.08,Sentinel-2 MSI / MODIS Terra Baseline,COPERNICUS/S2_SR_HARMONIZED,100,2023-11-01,2023-11-30,historical_satellite_baseline,False,clean_zonal_aggregate,2026-09-01T20:48:40Z
2023,11,Khushab,Khushab District,0.298824,0.296433,-0.365253,-0.368175,15420,4,0.08,Sentinel-2 MSI / MODIS Terra Baseline,COPERNICUS/S2_SR_HARMONIZED,100,2023-11-01,2023-11-30,historical_satellite_baseline,False,clean_zonal_aggregate,2026-09-01T20:48:40Z
2023,11,Lahore,Lahore District,0.253860,0.251830,-0.263739,-0.265849,15420,4,0.08,Sentinel-2 MSI / MODIS Terra Baseline,COPERNICUS/S2_SR_HARMONIZED,100,2023-11-01,2023-11-30,historical_satellite_baseline,False,clean_zonal_aggregate,2026-09-01T20:48:40Z
2023,11,Layyah,Layyah District,,,,,,,,Sentinel-2 MSI / MODIS Terra Baseline,COPERNICUS/S2_SR_HARMONIZED,100,2023-11-01,2023-11-30,boundary_unavailable,True,missing_authoritative_arcgis_polygon,2026-09-01T20:48:40Z
2023,11,Lodhran,Lodhran District,0.271546,0.269374,-0.294852,-0.297211,15420,4,0.08,Sentinel-2 MSI / MODIS Terra Baseline,COPERNICUS/S2_SR_HARMONIZED,100,2023-11-01,2023-11-30,historical_satellite_baseline,False,clean_zonal_aggregate,2026-09-01T20:48:40Z
2023,11,Mandi Bahauddin,Mandi Bahauddin District,0.387887,0.384784,-0.425803,-0.429209,15420,4,0.08,Sentinel-2 MSI / MODIS Terra Baseline,COPERNICUS/S2_SR_HARMONIZED,100,2023-11-01,2023-11-30,historical_satellite_baseline,False,clean_zonal_aggregate,2026-09-01T20:48:40Z
2023,11,Mianwali,Mianwali District,0.231094,0.229246,-0.282800,-0.285062,15420,4,0.08,Sentinel-2 MSI / MODIS Terra Baseline,COPERNICUS/S2_SR_HARMONIZED,100,2023-11-01,2023-11-30,historical_satellite_baseline,False,clean_zonal_aggregate,2026-09-01T20:48:40Z
2023,11,Multan,Multan District,0.275432,0.273229,-0.305849,-0.308296,15420,4,0.08,Sentinel-2 MSI / MODIS Terra Baseline,COPERNICUS/S2_SR_HARMONIZED,100,2023-11-01,2023-11-30,historical_satellite_baseline,False,clean_zonal_aggregate,2026-09-01T20:48:40Z
2023,11,Muzaffargarh,Muzaffargarh District,,,,,,,,Sentinel-2 MSI / MODIS Terra Baseline,COPERNICUS/S2_SR_HARMONIZED,100,2023-11-01,2023-11-30,boundary_unavailable,True,missing_authoritative_arcgis_polygon,2026-09-01T20:48:40Z
2023,11,Narowal,Narowal District,0.290944,0.288617,-0.358060,-0.360924,15420,4,0.08,Sentinel-2 MSI / MODIS Terra Baseline,COPERNICUS/S2_SR_HARMONIZED,100,2023-11-01,2023-11-30,historical_satellite_baseline,False,clean_zonal_aggregate,2026-09-01T20:48:40Z
2023,11,Okara,Okara District,,,,,,,,Sentinel-2 MSI / MODIS Terra Baseline,COPERNICUS/S2_SR_HARMONIZED,100,2023-11-01,2023-11-30,boundary_unavailable,True,missing_authoritative_arcgis_polygon,2026-09-01T20:48:40Z
2023,11,Pakpattan,Pakpattan District,0.243622,0.241673,-0.244630,-0.246587,15420,4,0.08,Sentinel-2 MSI / MODIS Terra Baseline,COPERNICUS/S2_SR_HARMONIZED,100,2023-11-01,2023-11-30,historical_satellite_baseline,False,clean_zonal_aggregate,2026-09-01T20:48:40Z
2023,11,Rahim Yar Khan,Rahim Yar Khan District,0.246473,0.244501,-0.296449,-0.298821,15420,4,0.08,Sentinel-2 MSI / MODIS Terra Baseline,COPERNICUS/S2_SR_HARMONIZED,100,2023-11-01,2023-11-30,historical_satellite_baseline,False,clean_zonal_aggregate,2026-09-01T20:48:40Z
2023,11,Rajanpur,Rajanpur District,0.182523,0.181063,-0.240883,-0.242810,15420,4,0.08,Sentinel-2 MSI / MODIS Terra Baseline,COPERNICUS/S2_SR_HARMONIZED,100,2023-11-01,2023-11-30,historical_satellite_baseline,False,clean_zonal_aggregate,2026-09-01T20:48:40Z
2023,11,Rawalpindi,Rawalpindi District,0.378329,0.375302,-0.411553,-0.414846,15420,4,0.08,Sentinel-2 MSI / MODIS Terra Baseline,COPERNICUS/S2_SR_HARMONIZED,100,2023-11-01,2023-11-30,historical_satellite_baseline,False,clean_zonal_aggregate,2026-09-01T20:48:40Z
2023,11,Sahiwal,Sahiwal District,0.319701,0.317144,-0.339038,-0.341750,15420,4,0.08,Sentinel-2 MSI / MODIS Terra Baseline,COPERNICUS/S2_SR_HARMONIZED,100,2023-11-01,2023-11-30,historical_satellite_baseline,False,clean_zonal_aggregate,2026-09-01T20:48:40Z
2023,11,Sargodha,Sargodha District,0.428381,0.424954,-0.462827,-0.466530,15420,4,0.08,Sentinel-2 MSI / MODIS Terra Baseline,COPERNICUS/S2_SR_HARMONIZED,100,2023-11-01,2023-11-30,historical_satellite_baseline,False,clean_zonal_aggregate,2026-09-01T20:48:40Z
2023,11,Sheikhupura,Sheikhupura District,0.240320,0.238397,-0.279659,-0.281896,15420,4,0.08,Sentinel-2 MSI / MODIS Terra Baseline,COPERNICUS/S2_SR_HARMONIZED,100,2023-11-01,2023-11-30,historical_satellite_baseline,False,clean_zonal_aggregate,2026-09-01T20:48:40Z
2023,11,Sialkot,Sialkot District,0.328231,0.325605,-0.392825,-0.395968,15420,4,0.08,Sentinel-2 MSI / MODIS Terra Baseline,COPERNICUS/S2_SR_HARMONIZED,100,2023-11-01,2023-11-30,historical_satellite_baseline,False,clean_zonal_aggregate,2026-09-01T20:48:40Z
2023,11,Toba Tek Singh,Toba Tek Singh District,0.379682,0.376645,-0.418589,-0.421938,15420,4,0.08,Sentinel-2 MSI / MODIS Terra Baseline,COPERNICUS/S2_SR_HARMONIZED,100,2023-11-01,2023-11-30,historical_satellite_baseline,False,clean_zonal_aggregate,2026-09-01T20:48:40Z
2023,11,Vehari,Vehari District,0.242914,0.240971,-0.250956,-0.252964,15420,4,0.08,Sentinel-2 MSI / MODIS Terra Baseline,COPERNICUS/S2_SR_HARMONIZED,100,2023-11-01,2023-11-30,historical_satellite_baseline,False,clean_zonal_aggregate,2026-09-01T20:48:40Z
2023,12,Attock,Attock District,0.354551,0.351714,-0.412175,-0.415472,15420,4,0.08,Sentinel-2 MSI / MODIS Terra Baseline,COPERNICUS/S2_SR_HARMONIZED,100,2023-12-01,2023-12-31,historical_satellite_baseline,False,clean_zonal_aggregate,2026-09-01T20:48:40Z
2023,12,Bahawalnagar,Bahawalnagar District,0.359692,0.356815,-0.385798,-0.388884,15420,4,0.08,Sentinel-2 MSI / MODIS Terra Baseline,COPERNICUS/S2_SR_HARMONIZED,100,2023-12-01,2023-12-31,historical_satellite_baseline,False,clean_zonal_aggregate,2026-09-01T20:48:40Z
2023,12,Bahawalpur,Bahawalpur District,0.227064,0.225248,-0.312858,-0.315361,15420,4,0.08,Sentinel-2 MSI / MODIS Terra Baseline,COPERNICUS/S2_SR_HARMONIZED,100,2023-12-01,2023-12-31,historical_satellite_baseline,False,clean_zonal_aggregate,2026-09-01T20:48:40Z
2023,12,Bhakkar,Bhakkar District,,,,,,,,Sentinel-2 MSI / MODIS Terra Baseline,COPERNICUS/S2_SR_HARMONIZED,100,2023-12-01,2023-12-31,boundary_unavailable,True,missing_authoritative_arcgis_polygon,2026-09-01T20:48:40Z
2023,12,Chakwal,Chakwal District,0.363901,0.360990,-0.432129,-0.435586,15420,4,0.08,Sentinel-2 MSI / MODIS Terra Baseline,COPERNICUS/S2_SR_HARMONIZED,100,2023-12-01,2023-12-31,historical_satellite_baseline,False,clean_zonal_aggregate,2026-09-01T20:48:40Z
2023,12,Dera Ghazi Khan,Dera Ghazi Khan District,0.283627,0.281358,-0.362374,-0.365273,15420,4,0.08,Sentinel-2 MSI / MODIS Terra Baseline,COPERNICUS/S2_SR_HARMONIZED,100,2023-12-01,2023-12-31,historical_satellite_baseline,False,clean_zonal_aggregate,2026-09-01T20:48:40Z
2023,12,Faisalabad,Faisalabad District,0.389141,0.386027,-0.416061,-0.419389,15420,4,0.08,Sentinel-2 MSI / MODIS Terra Baseline,COPERNICUS/S2_SR_HARMONIZED,100,2023-12-01,2023-12-31,historical_satellite_baseline,False,clean_zonal_aggregate,2026-09-01T20:48:40Z
2023,12,Gujranwala,Gujranwala District,0.345322,0.342559,-0.364962,-0.367882,15420,4,0.08,Sentinel-2 MSI / MODIS Terra Baseline,COPERNICUS/S2_SR_HARMONIZED,100,2023-12-01,2023-12-31,historical_satellite_baseline,False,clean_zonal_aggregate,2026-09-01T20:48:40Z
2023,12,Gujrat,Gujrat District,0.373804,0.370813,-0.405705,-0.408950,15420,4,0.08,Sentinel-2 MSI / MODIS Terra Baseline,COPERNICUS/S2_SR_HARMONIZED,100,2023-12-01,2023-12-31,historical_satellite_baseline,False,clean_zonal_aggregate,2026-09-01T20:48:40Z
2023,12,Hafizabad,Hafizabad District,0.294414,0.292059,-0.360313,-0.363195,15420,4,0.08,Sentinel-2 MSI / MODIS Terra Baseline,COPERNICUS/S2_SR_HARMONIZED,100,2023-12-01,2023-12-31,historical_satellite_baseline,False,clean_zonal_aggregate,2026-09-01T20:48:40Z
2023,12,Jhang,Jhang District,,,,,,,,Sentinel-2 MSI / MODIS Terra Baseline,COPERNICUS/S2_SR_HARMONIZED,100,2023-12-01,2023-12-31,boundary_unavailable,True,missing_authoritative_arcgis_polygon,2026-09-01T20:48:40Z
2023,12,Jhelum,Jhelum District,0.364859,0.361940,-0.416772,-0.420106,15420,4,0.08,Sentinel-2 MSI / MODIS Terra Baseline,COPERNICUS/S2_SR_HARMONIZED,100,2023-12-01,2023-12-31,historical_satellite_baseline,False,clean_zonal_aggregate,2026-09-01T20:48:40Z
2023,12,Kasur,Kasur District,0.433518,0.430050,-0.432395,-0.435854,15420,4,0.08,Sentinel-2 MSI / MODIS Terra Baseline,COPERNICUS/S2_SR_HARMONIZED,100,2023-12-01,2023-12-31,historical_satellite_baseline,False,clean_zonal_aggregate,2026-09-01T20:48:40Z
2023,12,Khanewal,Khanewal District,0.379683,0.376645,-0.367823,-0.370765,15420,4,0.08,Sentinel-2 MSI / MODIS Terra Baseline,COPERNICUS/S2_SR_HARMONIZED,100,2023-12-01,2023-12-31,historical_satellite_baseline,False,clean_zonal_aggregate,2026-09-01T20:48:40Z
2023,12,Khushab,Khushab District,0.295555,0.293191,-0.360846,-0.363733,15420,4,0.08,Sentinel-2 MSI / MODIS Terra Baseline,COPERNICUS/S2_SR_HARMONIZED,100,2023-12-01,2023-12-31,historical_satellite_baseline,False,clean_zonal_aggregate,2026-09-01T20:48:40Z
2023,12,Lahore,Lahore District,0.343663,0.340914,-0.362906,-0.365809,15420,4,0.08,Sentinel-2 MSI / MODIS Terra Baseline,COPERNICUS/S2_SR_HARMONIZED,100,2023-12-01,2023-12-31,historical_satellite_baseline,False,clean_zonal_aggregate,2026-09-01T20:48:40Z
2023,12,Layyah,Layyah District,,,,,,,,Sentinel-2 MSI / MODIS Terra Baseline,COPERNICUS/S2_SR_HARMONIZED,100,2023-12-01,2023-12-31,boundary_unavailable,True,missing_authoritative_arcgis_polygon,2026-09-01T20:48:40Z
2023,12,Lodhran,Lodhran District,0.349358,0.346563,-0.316833,-0.319368,15420,4,0.08,Sentinel-2 MSI / MODIS Terra Baseline,COPERNICUS/S2_SR_HARMONIZED,100,2023-12-01,2023-12-31,historical_satellite_baseline,False,clean_zonal_aggregate,2026-09-01T20:48:40Z
2023,12,Mandi Bahauddin,Mandi Bahauddin District,0.385239,0.382157,-0.429364,-0.432799,15420,4,0.08,Sentinel-2 MSI / MODIS Terra Baseline,COPERNICUS/S2_SR_HARMONIZED,100,2023-12-01,2023-12-31,historical_satellite_baseline,False,clean_zonal_aggregate,2026-09-01T20:48:40Z
2023,12,Mianwali,Mianwali District,0.299235,0.296841,-0.343003,-0.345747,15420,4,0.08,Sentinel-2 MSI / MODIS Terra Baseline,COPERNICUS/S2_SR_HARMONIZED,100,2023-12-01,2023-12-31,historical_satellite_baseline,False,clean_zonal_aggregate,2026-09-01T20:48:40Z
2023,12,Multan,Multan District,0.355055,0.352215,-0.340762,-0.343488,15420,4,0.08,Sentinel-2 MSI / MODIS Terra Baseline,COPERNICUS/S2_SR_HARMONIZED,100,2023-12-01,2023-12-31,historical_satellite_baseline,False,clean_zonal_aggregate,2026-09-01T20:48:40Z
2023,12,Muzaffargarh,Muzaffargarh District,,,,,,,,Sentinel-2 MSI / MODIS Terra Baseline,COPERNICUS/S2_SR_HARMONIZED,100,2023-12-01,2023-12-31,boundary_unavailable,True,missing_authoritative_arcgis_polygon,2026-09-01T20:48:40Z
2023,12,Narowal,Narowal District,0.337151,0.334454,-0.395353,-0.398516,15420,4,0.08,Sentinel-2 MSI / MODIS Terra Baseline,COPERNICUS/S2_SR_HARMONIZED,100,2023-12-01,2023-12-31,historical_satellite_baseline,False,clean_zonal_aggregate,2026-09-01T20:48:40Z
2023,12,Okara,Okara District,,,,,,,,Sentinel-2 MSI / MODIS Terra Baseline,COPERNICUS/S2_SR_HARMONIZED,100,2023-12-01,2023-12-31,boundary_unavailable,True,missing_authoritative_arcgis_polygon,2026-09-01T20:48:40Z
2023,12,Pakpattan,Pakpattan District,0.426503,0.423091,-0.404133,-0.407366,15420,4,0.08,Sentinel-2 MSI / MODIS Terra Baseline,COPERNICUS/S2_SR_HARMONIZED,100,2023-12-01,2023-12-31,historical_satellite_baseline,False,clean_zonal_aggregate,2026-09-01T20:48:40Z
2023,12,Rahim Yar Khan,Rahim Yar Khan District,0.332380,0.329721,-0.368631,-0.371580,15420,4,0.08,Sentinel-2 MSI / MODIS Terra Baseline,COPERNICUS/S2_SR_HARMONIZED,100,2023-12-01,2023-12-31,historical_satellite_baseline,False,clean_zonal_aggregate,2026-09-01T20:48:40Z
2023,12,Rajanpur,Rajanpur District,0.280405,0.278161,-0.332522,-0.335183,15420,4,0.08,Sentinel-2 MSI / MODIS Terra Baseline,COPERNICUS/S2_SR_HARMONIZED,100,2023-12-01,2023-12-31,historical_satellite_baseline,False,clean_zonal_aggregate,2026-09-01T20:48:40Z
2023,12,Rawalpindi,Rawalpindi District,0.403390,0.400163,-0.441895,-0.445430,15420,4,0.08,Sentinel-2 MSI / MODIS Terra Baseline,COPERNICUS/S2_SR_HARMONIZED,100,2023-12-01,2023-12-31,historical_satellite_baseline,False,clean_zonal_aggregate,2026-09-01T20:48:40Z
2023,12,Sahiwal,Sahiwal District,0.419397,0.416042,-0.421293,-0.424663,15420,4,0.08,Sentinel-2 MSI / MODIS Terra Baseline,COPERNICUS/S2_SR_HARMONIZED,100,2023-12-01,2023-12-31,historical_satellite_baseline,False,clean_zonal_aggregate,2026-09-01T20:48:40Z
2023,12,Sargodha,Sargodha District,0.406139,0.402890,-0.425066,-0.428467,15420,4,0.08,Sentinel-2 MSI / MODIS Terra Baseline,COPERNICUS/S2_SR_HARMONIZED,100,2023-12-01,2023-12-31,historical_satellite_baseline,False,clean_zonal_aggregate,2026-09-01T20:48:40Z
2023,12,Sheikhupura,Sheikhupura District,0.336239,0.333549,-0.362998,-0.365902,15420,4,0.08,Sentinel-2 MSI / MODIS Terra Baseline,COPERNICUS/S2_SR_HARMONIZED,100,2023-12-01,2023-12-31,historical_satellite_baseline,False,clean_zonal_aggregate,2026-09-01T20:48:40Z
2023,12,Sialkot,Sialkot District,0.335463,0.332779,-0.384699,-0.387777,15420,4,0.08,Sentinel-2 MSI / MODIS Terra Baseline,COPERNICUS/S2_SR_HARMONIZED,100,2023-12-01,2023-12-31,historical_satellite_baseline,False,clean_zonal_aggregate,2026-09-01T20:48:40Z
2023,12,Toba Tek Singh,Toba Tek Singh District,0.351820,0.349006,-0.382053,-0.385109,15420,4,0.08,Sentinel-2 MSI / MODIS Terra Baseline,COPERNICUS/S2_SR_HARMONIZED,100,2023-12-01,2023-12-31,historical_satellite_baseline,False,clean_zonal_aggregate,2026-09-01T20:48:40Z
2023,12,Vehari,Vehari District,0.366276,0.363346,-0.364807,-0.367726,15420,4,0.08,Sentinel-2 MSI / MODIS Terra Baseline,COPERNICUS/S2_SR_HARMONIZED,100,2023-12-01,2023-12-31,historical_satellite_baseline,False,clean_zonal_aggregate,2026-09-01T20:48:40Z
2024,1,Attock,Attock District,0.290998,0.288670,-0.344734,-0.347491,15420,4,0.08,Sentinel-2 MSI / MODIS Terra Baseline,COPERNICUS/S2_SR_HARMONIZED,100,2024-01-01,2024-01-31,historical_satellite_baseline,False,clean_zonal_aggregate,2026-09-01T20:48:40Z
2024,1,Bahawalnagar,Bahawalnagar District,0.553147,0.548722,-0.495914,-0.499882,15420,4,0.08,Sentinel-2 MSI / MODIS Terra Baseline,COPERNICUS/S2_SR_HARMONIZED,100,2024-01-01,2024-01-31,historical_satellite_baseline,False,clean_zonal_aggregate,2026-09-01T20:48:40Z
2024,1,Bahawalpur,Bahawalpur District,0.126493,0.125481,-0.210162,-0.211844,15420,4,0.08,Sentinel-2 MSI / MODIS Terra Baseline,COPERNICUS/S2_SR_HARMONIZED,100,2024-01-01,2024-01-31,historical_satellite_baseline,False,clean_zonal_aggregate,2026-09-01T20:48:40Z
2024,1,Bhakkar,Bhakkar District,,,,,,,,Sentinel-2 MSI / MODIS Terra Baseline,COPERNICUS/S2_SR_HARMONIZED,100,2024-01-01,2024-01-31,boundary_unavailable,True,missing_authoritative_arcgis_polygon,2026-09-01T20:48:40Z
2024,1,Chakwal,Chakwal District,0.337893,0.335190,-0.412551,-0.415852,15420,4,0.08,Sentinel-2 MSI / MODIS Terra Baseline,COPERNICUS/S2_SR_HARMONIZED,100,2024-01-01,2024-01-31,historical_satellite_baseline,False,clean_zonal_aggregate,2026-09-01T20:48:40Z
2024,1,Dera Ghazi Khan,Dera Ghazi Khan District,0.235469,0.233585,-0.308520,-0.310988,15420,4,0.08,Sentinel-2 MSI / MODIS Terra Baseline,COPERNICUS/S2_SR_HARMONIZED,100,2024-01-01,2024-01-31,historical_satellite_baseline,False,clean_zonal_aggregate,2026-09-01T20:48:40Z
2024,1,Faisalabad,Faisalabad District,0.391002,0.387874,-0.399893,-0.403092,15420,4,0.08,Sentinel-2 MSI / MODIS Terra Baseline,COPERNICUS/S2_SR_HARMONIZED,100,2024-01-01,2024-01-31,historical_satellite_baseline,False,clean_zonal_aggregate,2026-09-01T20:48:40Z
2024,1,Gujranwala,Gujranwala District,0.457385,0.453726,-0.406799,-0.410053,15420,4,0.08,Sentinel-2 MSI / MODIS Terra Baseline,COPERNICUS/S2_SR_HARMONIZED,100,2024-01-01,2024-01-31,historical_satellite_baseline,False,clean_zonal_aggregate,2026-09-01T20:48:40Z
2024,1,Gujrat,Gujrat District,0.431854,0.428400,-0.424434,-0.427829,15420,4,0.08,Sentinel-2 MSI / MODIS Terra Baseline,COPERNICUS/S2_SR_HARMONIZED,100,2024-01-01,2024-01-31,historical_satellite_baseline,False,clean_zonal_aggregate,2026-09-01T20:48:40Z
2024,1,Hafizabad,Hafizabad District,0.388380,0.385273,-0.346292,-0.349062,15420,4,0.08,Sentinel-2 MSI / MODIS Terra Baseline,COPERNICUS/S2_SR_HARMONIZED,100,2024-01-01,2024-01-31,historical_satellite_baseline,False,clean_zonal_aggregate,2026-09-01T20:48:40Z
2024,1,Jhang,Jhang District,,,,,,,,Sentinel-2 MSI / MODIS Terra Baseline,COPERNICUS/S2_SR_HARMONIZED,100,2024-01-01,2024-01-31,boundary_unavailable,True,missing_authoritative_arcgis_polygon,2026-09-01T20:48:40Z
2024,1,Jhelum,Jhelum District,-0.000885,-0.000878,0.021015,0.021183,15420,4,0.08,Sentinel-2 MSI / MODIS Terra Baseline,COPERNICUS/S2_SR_HARMONIZED,100,2024-01-01,2024-01-31,historical_satellite_baseline,False,clean_zonal_aggregate,2026-09-01T20:48:40Z
2024,1,Kasur,Kasur District,0.449547,0.445951,-0.423936,-0.427328,15420,4,0.08,Sentinel-2 MSI / MODIS Terra Baseline,COPERNICUS/S2_SR_HARMONIZED,100,2024-01-01,2024-01-31,historical_satellite_baseline,False,clean_zonal_aggregate,2026-09-01T20:48:40Z
2024,1,Khanewal,Khanewal District,,,,,0,0,1.00,Sentinel-2 MSI / MODIS Terra Baseline,COPERNICUS/S2_SR_HARMONIZED,100,2024-01-01,2024-01-31,satellite_source_unavailable,True,cloud_masked_no_valid_pixels,2026-09-01T20:48:40Z
2024,1,Khushab,Khushab District,0.281685,0.279431,-0.326298,-0.328908,15420,4,0.08,Sentinel-2 MSI / MODIS Terra Baseline,COPERNICUS/S2_SR_HARMONIZED,100,2024-01-01,2024-01-31,historical_satellite_baseline,False,clean_zonal_aggregate,2026-09-01T20:48:40Z
2024,1,Lahore,Lahore District,0.345152,0.342391,-0.352659,-0.355480,15420,4,0.08,Sentinel-2 MSI / MODIS Terra Baseline,COPERNICUS/S2_SR_HARMONIZED,100,2024-01-01,2024-01-31,historical_satellite_baseline,False,clean_zonal_aggregate,2026-09-01T20:48:40Z
2024,1,Layyah,Layyah District,,,,,,,,Sentinel-2 MSI / MODIS Terra Baseline,COPERNICUS/S2_SR_HARMONIZED,100,2024-01-01,2024-01-31,boundary_unavailable,True,missing_authoritative_arcgis_polygon,2026-09-01T20:48:40Z
2024,1,Lodhran,Lodhran District,,,,,0,0,1.00,Sentinel-2 MSI / MODIS Terra Baseline,COPERNICUS/S2_SR_HARMONIZED,100,2024-01-01,2024-01-31,satellite_source_unavailable,True,cloud_masked_no_valid_pixels,2026-09-01T20:48:40Z
2024,1,Mandi Bahauddin,Mandi Bahauddin District,0.545781,0.541415,-0.567078,-0.571615,15420,4,0.08,Sentinel-2 MSI / MODIS Terra Baseline,COPERNICUS/S2_SR_HARMONIZED,100,2024-01-01,2024-01-31,historical_satellite_baseline,False,clean_zonal_aggregate,2026-09-01T20:48:40Z
2024,1,Mianwali,Mianwali District,0.312057,0.309560,-0.332054,-0.334710,15420,4,0.08,Sentinel-2 MSI / MODIS Terra Baseline,COPERNICUS/S2_SR_HARMONIZED,100,2024-01-01,2024-01-31,historical_satellite_baseline,False,clean_zonal_aggregate,2026-09-01T20:48:40Z
2024,1,Multan,Multan District,0.050188,0.049786,-0.062090,-0.062586,15420,4,0.08,Sentinel-2 MSI / MODIS Terra Baseline,COPERNICUS/S2_SR_HARMONIZED,100,2024-01-01,2024-01-31,historical_satellite_baseline,False,clean_zonal_aggregate,2026-09-01T20:48:40Z
2024,1,Muzaffargarh,Muzaffargarh District,,,,,,,,Sentinel-2 MSI / MODIS Terra Baseline,COPERNICUS/S2_SR_HARMONIZED,100,2024-01-01,2024-01-31,boundary_unavailable,True,missing_authoritative_arcgis_polygon,2026-09-01T20:48:40Z
2024,1,Narowal,Narowal District,0.429558,0.426121,-0.391532,-0.394665,15420,4,0.08,Sentinel-2 MSI / MODIS Terra Baseline,COPERNICUS/S2_SR_HARMONIZED,100,2024-01-01,2024-01-31,historical_satellite_baseline,False,clean_zonal_aggregate,2026-09-01T20:48:40Z
2024,1,Okara,Okara District,,,,,,,,Sentinel-2 MSI / MODIS Terra Baseline,COPERNICUS/S2_SR_HARMONIZED,100,2024-01-01,2024-01-31,boundary_unavailable,True,missing_authoritative_arcgis_polygon,2026-09-01T20:48:40Z
2024,1,Pakpattan,Pakpattan District,0.613583,0.608675,-0.546436,-0.550807,15420,4,0.08,Sentinel-2 MSI / MODIS Terra Baseline,COPERNICUS/S2_SR_HARMONIZED,100,2024-01-01,2024-01-31,historical_satellite_baseline,False,clean_zonal_aggregate,2026-09-01T20:48:40Z
2024,1,Rahim Yar Khan,Rahim Yar Khan District,0.206379,0.204728,-0.250807,-0.252813,15420,4,0.08,Sentinel-2 MSI / MODIS Terra Baseline,COPERNICUS/S2_SR_HARMONIZED,100,2024-01-01,2024-01-31,historical_satellite_baseline,False,clean_zonal_aggregate,2026-09-01T20:48:40Z
2024,1,Rajanpur,Rajanpur District,0.140233,0.139111,-0.194245,-0.195799,15420,4,0.08,Sentinel-2 MSI / MODIS Terra Baseline,COPERNICUS/S2_SR_HARMONIZED,100,2024-01-01,2024-01-31,historical_satellite_baseline,False,clean_zonal_aggregate,2026-09-01T20:48:40Z
2024,1,Rawalpindi,Rawalpindi District,0.304500,0.302064,-0.326576,-0.329189,15420,4,0.08,Sentinel-2 MSI / MODIS Terra Baseline,COPERNICUS/S2_SR_HARMONIZED,100,2024-01-01,2024-01-31,historical_satellite_baseline,False,clean_zonal_aggregate,2026-09-01T20:48:40Z
2024,1,Sahiwal,Sahiwal District,0.384878,0.381799,-0.370071,-0.373031,15420,4,0.08,Sentinel-2 MSI / MODIS Terra Baseline,COPERNICUS/S2_SR_HARMONIZED,100,2024-01-01,2024-01-31,historical_satellite_baseline,False,clean_zonal_aggregate,2026-09-01T20:48:40Z
2024,1,Sargodha,Sargodha District,-0.022192,-0.022015,0.052832,0.053255,15420,4,0.08,Sentinel-2 MSI / MODIS Terra Baseline,COPERNICUS/S2_SR_HARMONIZED,100,2024-01-01,2024-01-31,historical_satellite_baseline,False,clean_zonal_aggregate,2026-09-01T20:48:40Z
2024,1,Sheikhupura,Sheikhupura District,0.413554,0.410246,-0.384830,-0.387909,15420,4,0.08,Sentinel-2 MSI / MODIS Terra Baseline,COPERNICUS/S2_SR_HARMONIZED,100,2024-01-01,2024-01-31,historical_satellite_baseline,False,clean_zonal_aggregate,2026-09-01T20:48:40Z
2024,1,Sialkot,Sialkot District,0.477315,0.473496,-0.446891,-0.450466,15420,4,0.08,Sentinel-2 MSI / MODIS Terra Baseline,COPERNICUS/S2_SR_HARMONIZED,100,2024-01-01,2024-01-31,historical_satellite_baseline,False,clean_zonal_aggregate,2026-09-01T20:48:40Z
2024,1,Toba Tek Singh,Toba Tek Singh District,,,,,0,0,1.00,Sentinel-2 MSI / MODIS Terra Baseline,COPERNICUS/S2_SR_HARMONIZED,100,2024-01-01,2024-01-31,satellite_source_unavailable,True,cloud_masked_no_valid_pixels,2026-09-01T20:48:40Z
2024,1,Vehari,Vehari District,,,,,0,0,1.00,Sentinel-2 MSI / MODIS Terra Baseline,COPERNICUS/S2_SR_HARMONIZED,100,2024-01-01,2024-01-31,satellite_source_unavailable,True,cloud_masked_no_valid_pixels,2026-09-01T20:48:40Z
2024,2,Attock,Attock District,0.348154,0.345368,-0.411493,-0.414785,15420,4,0.08,Sentinel-2 MSI / MODIS Terra Baseline,COPERNICUS/S2_SR_HARMONIZED,100,2024-02-01,2024-02-29,historical_satellite_baseline,False,clean_zonal_aggregate,2026-09-01T20:48:40Z
2024,2,Bahawalnagar,Bahawalnagar District,0.503877,0.499846,-0.496125,-0.500094,15420,4,0.08,Sentinel-2 MSI / MODIS Terra Baseline,COPERNICUS/S2_SR_HARMONIZED,100,2024-02-01,2024-02-29,historical_satellite_baseline,False,clean_zonal_aggregate,2026-09-01T20:48:40Z
2024,2,Bahawalpur,Bahawalpur District,0.263205,0.261099,-0.334535,-0.337211,15420,4,0.08,Sentinel-2 MSI / MODIS Terra Baseline,COPERNICUS/S2_SR_HARMONIZED,100,2024-02-01,2024-02-29,historical_satellite_baseline,False,clean_zonal_aggregate,2026-09-01T20:48:40Z
2024,2,Bhakkar,Bhakkar District,,,,,,,,Sentinel-2 MSI / MODIS Terra Baseline,COPERNICUS/S2_SR_HARMONIZED,100,2024-02-01,2024-02-29,boundary_unavailable,True,missing_authoritative_arcgis_polygon,2026-09-01T20:48:40Z
2024,2,Chakwal,Chakwal District,0.333663,0.330994,-0.405087,-0.408328,15420,4,0.08,Sentinel-2 MSI / MODIS Terra Baseline,COPERNICUS/S2_SR_HARMONIZED,100,2024-02-01,2024-02-29,historical_satellite_baseline,False,clean_zonal_aggregate,2026-09-01T20:48:40Z
2024,2,Dera Ghazi Khan,Dera Ghazi Khan District,0.335045,0.332365,-0.398347,-0.401534,15420,4,0.08,Sentinel-2 MSI / MODIS Terra Baseline,COPERNICUS/S2_SR_HARMONIZED,100,2024-02-01,2024-02-29,historical_satellite_baseline,False,clean_zonal_aggregate,2026-09-01T20:48:40Z
2024,2,Faisalabad,Faisalabad District,0.546141,0.541772,-0.531875,-0.536130,15420,4,0.08,Sentinel-2 MSI / MODIS Terra Baseline,COPERNICUS/S2_SR_HARMONIZED,100,2024-02-01,2024-02-29,historical_satellite_baseline,False,clean_zonal_aggregate,2026-09-01T20:48:40Z
2024,2,Gujranwala,Gujranwala District,0.651120,0.645911,-0.585708,-0.590394,15420,4,0.08,Sentinel-2 MSI / MODIS Terra Baseline,COPERNICUS/S2_SR_HARMONIZED,100,2024-02-01,2024-02-29,historical_satellite_baseline,False,clean_zonal_aggregate,2026-09-01T20:48:40Z
2024,2,Gujrat,Gujrat District,0.490860,0.486933,-0.488088,-0.491993,15420,4,0.08,Sentinel-2 MSI / MODIS Terra Baseline,COPERNICUS/S2_SR_HARMONIZED,100,2024-02-01,2024-02-29,historical_satellite_baseline,False,clean_zonal_aggregate,2026-09-01T20:48:40Z
2024,2,Hafizabad,Hafizabad District,0.703545,0.697917,-0.633534,-0.638603,15420,4,0.08,Sentinel-2 MSI / MODIS Terra Baseline,COPERNICUS/S2_SR_HARMONIZED,100,2024-02-01,2024-02-29,historical_satellite_baseline,False,clean_zonal_aggregate,2026-09-01T20:48:40Z
2024,2,Jhang,Jhang District,,,,,,,,Sentinel-2 MSI / MODIS Terra Baseline,COPERNICUS/S2_SR_HARMONIZED,100,2024-02-01,2024-02-29,boundary_unavailable,True,missing_authoritative_arcgis_polygon,2026-09-01T20:48:40Z
2024,2,Jhelum,Jhelum District,0.332227,0.329569,-0.395066,-0.398227,15420,4,0.08,Sentinel-2 MSI / MODIS Terra Baseline,COPERNICUS/S2_SR_HARMONIZED,100,2024-02-01,2024-02-29,historical_satellite_baseline,False,clean_zonal_aggregate,2026-09-01T20:48:40Z
2024,2,Kasur,Kasur District,0.565755,0.561229,-0.537383,-0.541682,15420,4,0.08,Sentinel-2 MSI / MODIS Terra Baseline,COPERNICUS/S2_SR_HARMONIZED,100,2024-02-01,2024-02-29,historical_satellite_baseline,False,clean_zonal_aggregate,2026-09-01T20:48:40Z
2024,2,Khanewal,Khanewal District,0.584714,0.580036,-0.558097,-0.562562,15420,4,0.08,Sentinel-2 MSI / MODIS Terra Baseline,COPERNICUS/S2_SR_HARMONIZED,100,2024-02-01,2024-02-29,historical_satellite_baseline,False,clean_zonal_aggregate,2026-09-01T20:48:40Z
2024,2,Khushab,Khushab District,0.338069,0.335365,-0.390959,-0.394087,15420,4,0.08,Sentinel-2 MSI / MODIS Terra Baseline,COPERNICUS/S2_SR_HARMONIZED,100,2024-02-01,2024-02-29,historical_satellite_baseline,False,clean_zonal_aggregate,2026-09-01T20:48:40Z
2024,2,Lahore,Lahore District,0.435047,0.431567,-0.430774,-0.434220,15420,4,0.08,Sentinel-2 MSI / MODIS Terra Baseline,COPERNICUS/S2_SR_HARMONIZED,100,2024-02-01,2024-02-29,historical_satellite_baseline,False,clean_zonal_aggregate,2026-09-01T20:48:40Z
2024,2,Layyah,Layyah District,,,,,,,,Sentinel-2 MSI / MODIS Terra Baseline,COPERNICUS/S2_SR_HARMONIZED,100,2024-02-01,2024-02-29,boundary_unavailable,True,missing_authoritative_arcgis_polygon,2026-09-01T20:48:40Z
2024,2,Lodhran,Lodhran District,0.611627,0.606734,-0.578778,-0.583408,15420,4,0.08,Sentinel-2 MSI / MODIS Terra Baseline,COPERNICUS/S2_SR_HARMONIZED,100,2024-02-01,2024-02-29,historical_satellite_baseline,False,clean_zonal_aggregate,2026-09-01T20:48:40Z
2024,2,Mandi Bahauddin,Mandi Bahauddin District,0.580861,0.576214,-0.544939,-0.549299,15420,4,0.08,Sentinel-2 MSI / MODIS Terra Baseline,COPERNICUS/S2_SR_HARMONIZED,100,2024-02-01,2024-02-29,historical_satellite_baseline,False,clean_zonal_aggregate,2026-09-01T20:48:40Z
2024,2,Mianwali,Mianwali District,0.384395,0.381320,-0.399426,-0.402621,15420,4,0.08,Sentinel-2 MSI / MODIS Terra Baseline,COPERNICUS/S2_SR_HARMONIZED,100,2024-02-01,2024-02-29,historical_satellite_baseline,False,clean_zonal_aggregate,2026-09-01T20:48:40Z
2024,2,Multan,Multan District,0.570461,0.565897,-0.553589,-0.558018,15420,4,0.08,Sentinel-2 MSI / MODIS Terra Baseline,COPERNICUS/S2_SR_HARMONIZED,100,2024-02-01,2024-02-29,historical_satellite_baseline,False,clean_zonal_aggregate,2026-09-01T20:48:40Z
2024,2,Muzaffargarh,Muzaffargarh District,,,,,,,,Sentinel-2 MSI / MODIS Terra Baseline,COPERNICUS/S2_SR_HARMONIZED,100,2024-02-01,2024-02-29,boundary_unavailable,True,missing_authoritative_arcgis_polygon,2026-09-01T20:48:40Z
2024,2,Narowal,Narowal District,0.626495,0.621483,-0.567411,-0.571950,15420,4,0.08,Sentinel-2 MSI / MODIS Terra Baseline,COPERNICUS/S2_SR_HARMONIZED,100,2024-02-01,2024-02-29,historical_satellite_baseline,False,clean_zonal_aggregate,2026-09-01T20:48:40Z
2024,2,Okara,Okara District,,,,,,,,Sentinel-2 MSI / MODIS Terra Baseline,COPERNICUS/S2_SR_HARMONIZED,100,2024-02-01,2024-02-29,boundary_unavailable,True,missing_authoritative_arcgis_polygon,2026-09-01T20:48:40Z
2024,2,Pakpattan,Pakpattan District,0.580908,0.576261,-0.544441,-0.548796,15420,4,0.08,Sentinel-2 MSI / MODIS Terra Baseline,COPERNICUS/S2_SR_HARMONIZED,100,2024-02-01,2024-02-29,historical_satellite_baseline,False,clean_zonal_aggregate,2026-09-01T20:48:40Z
2024,2,Rahim Yar Khan,Rahim Yar Khan District,0.358808,0.355938,-0.399214,-0.402408,15420,4,0.08,Sentinel-2 MSI / MODIS Terra Baseline,COPERNICUS/S2_SR_HARMONIZED,100,2024-02-01,2024-02-29,historical_satellite_baseline,False,clean_zonal_aggregate,2026-09-01T20:48:40Z
2024,2,Rajanpur,Rajanpur District,0.321267,0.318697,-0.380678,-0.383723,15420,4,0.08,Sentinel-2 MSI / MODIS Terra Baseline,COPERNICUS/S2_SR_HARMONIZED,100,2024-02-01,2024-02-29,historical_satellite_baseline,False,clean_zonal_aggregate,2026-09-01T20:48:40Z
2024,2,Rawalpindi,Rawalpindi District,0.413052,0.409747,-0.474983,-0.478783,15420,4,0.08,Sentinel-2 MSI / MODIS Terra Baseline,COPERNICUS/S2_SR_HARMONIZED,100,2024-02-01,2024-02-29,historical_satellite_baseline,False,clean_zonal_aggregate,2026-09-01T20:48:40Z
2024,2,Sahiwal,Sahiwal District,0.539323,0.535008,-0.522878,-0.527061,15420,4,0.08,Sentinel-2 MSI / MODIS Terra Baseline,COPERNICUS/S2_SR_HARMONIZED,100,2024-02-01,2024-02-29,historical_satellite_baseline,False,clean_zonal_aggregate,2026-09-01T20:48:40Z
2024,2,Sargodha,Sargodha District,0.553115,0.548690,-0.530828,-0.535074,15420,4,0.08,Sentinel-2 MSI / MODIS Terra Baseline,COPERNICUS/S2_SR_HARMONIZED,100,2024-02-01,2024-02-29,historical_satellite_baseline,False,clean_zonal_aggregate,2026-09-01T20:48:40Z
2024,2,Sheikhupura,Sheikhupura District,0.655472,0.650229,-0.595931,-0.600698,15420,4,0.08,Sentinel-2 MSI / MODIS Terra Baseline,COPERNICUS/S2_SR_HARMONIZED,100,2024-02-01,2024-02-29,historical_satellite_baseline,False,clean_zonal_aggregate,2026-09-01T20:48:40Z
2024,2,Sialkot,Sialkot District,0.591014,0.586286,-0.539152,-0.543465,15420,4,0.08,Sentinel-2 MSI / MODIS Terra Baseline,COPERNICUS/S2_SR_HARMONIZED,100,2024-02-01,2024-02-29,historical_satellite_baseline,False,clean_zonal_aggregate,2026-09-01T20:48:40Z
2024,2,Toba Tek Singh,Toba Tek Singh District,0.536652,0.532358,-0.519602,-0.523759,15420,4,0.08,Sentinel-2 MSI / MODIS Terra Baseline,COPERNICUS/S2_SR_HARMONIZED,100,2024-02-01,2024-02-29,historical_satellite_baseline,False,clean_zonal_aggregate,2026-09-01T20:48:40Z
2024,2,Vehari,Vehari District,0.539936,0.535617,-0.522847,-0.527030,15420,4,0.08,Sentinel-2 MSI / MODIS Terra Baseline,COPERNICUS/S2_SR_HARMONIZED,100,2024-02-01,2024-02-29,historical_satellite_baseline,False,clean_zonal_aggregate,2026-09-01T20:48:40Z
2024,3,Attock,Attock District,0.344042,0.341290,-0.385842,-0.388929,15420,4,0.08,Sentinel-2 MSI / MODIS Terra Baseline,COPERNICUS/S2_SR_HARMONIZED,100,2024-03-01,2024-03-31,historical_satellite_baseline,False,clean_zonal_aggregate,2026-09-01T20:48:40Z
2024,3,Bahawalnagar,Bahawalnagar District,0.447390,0.443811,-0.475899,-0.479706,15420,4,0.08,Sentinel-2 MSI / MODIS Terra Baseline,COPERNICUS/S2_SR_HARMONIZED,100,2024-03-01,2024-03-31,historical_satellite_baseline,False,clean_zonal_aggregate,2026-09-01T20:48:40Z
2024,3,Bahawalpur,Bahawalpur District,0.216337,0.214606,-0.310923,-0.313411,15420,4,0.08,Sentinel-2 MSI / MODIS Terra Baseline,COPERNICUS/S2_SR_HARMONIZED,100,2024-03-01,2024-03-31,historical_satellite_baseline,False,clean_zonal_aggregate,2026-09-01T20:48:40Z
2024,3,Bhakkar,Bhakkar District,,,,,,,,Sentinel-2 MSI / MODIS Terra Baseline,COPERNICUS/S2_SR_HARMONIZED,100,2024-03-01,2024-03-31,boundary_unavailable,True,missing_authoritative_arcgis_polygon,2026-09-01T20:48:40Z
2024,3,Chakwal,Chakwal District,0.320076,0.317515,-0.381889,-0.384944,15420,4,0.08,Sentinel-2 MSI / MODIS Terra Baseline,COPERNICUS/S2_SR_HARMONIZED,100,2024-03-01,2024-03-31,historical_satellite_baseline,False,clean_zonal_aggregate,2026-09-01T20:48:40Z
2024,3,Dera Ghazi Khan,Dera Ghazi Khan District,0.310191,0.307709,-0.369410,-0.372365,15420,4,0.08,Sentinel-2 MSI / MODIS Terra Baseline,COPERNICUS/S2_SR_HARMONIZED,100,2024-03-01,2024-03-31,historical_satellite_baseline,False,clean_zonal_aggregate,2026-09-01T20:48:40Z
2024,3,Faisalabad,Faisalabad District,0.548750,0.544360,-0.539593,-0.543910,15420,4,0.08,Sentinel-2 MSI / MODIS Terra Baseline,COPERNICUS/S2_SR_HARMONIZED,100,2024-03-01,2024-03-31,historical_satellite_baseline,False,clean_zonal_aggregate,2026-09-01T20:48:40Z
2024,3,Gujranwala,Gujranwala District,0.655682,0.650436,-0.600914,-0.605721,15420,4,0.08,Sentinel-2 MSI / MODIS Terra Baseline,COPERNICUS/S2_SR_HARMONIZED,100,2024-03-01,2024-03-31,historical_satellite_baseline,False,clean_zonal_aggregate,2026-09-01T20:48:40Z
2024,3,Gujrat,Gujrat District,0.511913,0.507818,-0.514836,-0.518955,15420,4,0.08,Sentinel-2 MSI / MODIS Terra Baseline,COPERNICUS/S2_SR_HARMONIZED,100,2024-03-01,2024-03-31,historical_satellite_baseline,False,clean_zonal_aggregate,2026-09-01T20:48:40Z
2024,3,Hafizabad,Hafizabad District,0.692687,0.687145,-0.638067,-0.643172,15420,4,0.08,Sentinel-2 MSI / MODIS Terra Baseline,COPERNICUS/S2_SR_HARMONIZED,100,2024-03-01,2024-03-31,historical_satellite_baseline,False,clean_zonal_aggregate,2026-09-01T20:48:40Z
2024,3,Jhang,Jhang District,,,,,,,,Sentinel-2 MSI / MODIS Terra Baseline,COPERNICUS/S2_SR_HARMONIZED,100,2024-03-01,2024-03-31,boundary_unavailable,True,missing_authoritative_arcgis_polygon,2026-09-01T20:48:40Z
2024,3,Jhelum,Jhelum District,0.361066,0.358177,-0.416848,-0.420183,15420,4,0.08,Sentinel-2 MSI / MODIS Terra Baseline,COPERNICUS/S2_SR_HARMONIZED,100,2024-03-01,2024-03-31,historical_satellite_baseline,False,clean_zonal_aggregate,2026-09-01T20:48:40Z
2024,3,Kasur,Kasur District,0.557256,0.552798,-0.546081,-0.550450,15420,4,0.08,Sentinel-2 MSI / MODIS Terra Baseline,COPERNICUS/S2_SR_HARMONIZED,100,2024-03-01,2024-03-31,historical_satellite_baseline,False,clean_zonal_aggregate,2026-09-01T20:48:40Z
2024,3,Khanewal,Khanewal District,0.570625,0.566060,-0.569315,-0.573870,15420,4,0.08,Sentinel-2 MSI / MODIS Terra Baseline,COPERNICUS/S2_SR_HARMONIZED,100,2024-03-01,2024-03-31,historical_satellite_baseline,False,clean_zonal_aggregate,2026-09-01T20:48:40Z
2024,3,Khushab,Khushab District,0.331893,0.329238,-0.382069,-0.385126,15420,4,0.08,Sentinel-2 MSI / MODIS Terra Baseline,COPERNICUS/S2_SR_HARMONIZED,100,2024-03-01,2024-03-31,historical_satellite_baseline,False,clean_zonal_aggregate,2026-09-01T20:48:40Z
2024,3,Lahore,Lahore District,0.451677,0.448064,-0.456314,-0.459964,15420,4,0.08,Sentinel-2 MSI / MODIS Terra Baseline,COPERNICUS/S2_SR_HARMONIZED,100,2024-03-01,2024-03-31,historical_satellite_baseline,False,clean_zonal_aggregate,2026-09-01T20:48:40Z
2024,3,Layyah,Layyah District,,,,,,,,Sentinel-2 MSI / MODIS Terra Baseline,COPERNICUS/S2_SR_HARMONIZED,100,2024-03-01,2024-03-31,boundary_unavailable,True,missing_authoritative_arcgis_polygon,2026-09-01T20:48:40Z
2024,3,Lodhran,Lodhran District,0.571396,0.566825,-0.571404,-0.575976,15420,4,0.08,Sentinel-2 MSI / MODIS Terra Baseline,COPERNICUS/S2_SR_HARMONIZED,100,2024-03-01,2024-03-31,historical_satellite_baseline,False,clean_zonal_aggregate,2026-09-01T20:48:40Z
2024,3,Mandi Bahauddin,Mandi Bahauddin District,0.609907,0.605028,-0.573983,-0.578575,15420,4,0.08,Sentinel-2 MSI / MODIS Terra Baseline,COPERNICUS/S2_SR_HARMONIZED,100,2024-03-01,2024-03-31,historical_satellite_baseline,False,clean_zonal_aggregate,2026-09-01T20:48:40Z
2024,3,Mianwali,Mianwali District,0.402579,0.399358,-0.414802,-0.418121,15420,4,0.08,Sentinel-2 MSI / MODIS Terra Baseline,COPERNICUS/S2_SR_HARMONIZED,100,2024-03-01,2024-03-31,historical_satellite_baseline,False,clean_zonal_aggregate,2026-09-01T20:48:40Z
2024,3,Multan,Multan District,0.541637,0.537304,-0.546450,-0.550821,15420,4,0.08,Sentinel-2 MSI / MODIS Terra Baseline,COPERNICUS/S2_SR_HARMONIZED,100,2024-03-01,2024-03-31,historical_satellite_baseline,False,clean_zonal_aggregate,2026-09-01T20:48:40Z
2024,3,Muzaffargarh,Muzaffargarh District,,,,,,,,Sentinel-2 MSI / MODIS Terra Baseline,COPERNICUS/S2_SR_HARMONIZED,100,2024-03-01,2024-03-31,boundary_unavailable,True,missing_authoritative_arcgis_polygon,2026-09-01T20:48:40Z
2024,3,Narowal,Narowal District,0.680299,0.674857,-0.614082,-0.618995,15420,4,0.08,Sentinel-2 MSI / MODIS Terra Baseline,COPERNICUS/S2_SR_HARMONIZED,100,2024-03-01,2024-03-31,historical_satellite_baseline,False,clean_zonal_aggregate,2026-09-01T20:48:40Z
2024,3,Okara,Okara District,,,,,,,,Sentinel-2 MSI / MODIS Terra Baseline,COPERNICUS/S2_SR_HARMONIZED,100,2024-03-01,2024-03-31,boundary_unavailable,True,missing_authoritative_arcgis_polygon,2026-09-01T20:48:40Z
2024,3,Pakpattan,Pakpattan District,0.554651,0.550214,-0.536810,-0.541104,15420,4,0.08,Sentinel-2 MSI / MODIS Terra Baseline,COPERNICUS/S2_SR_HARMONIZED,100,2024-03-01,2024-03-31,historical_satellite_baseline,False,clean_zonal_aggregate,2026-09-01T20:48:40Z
2024,3,Rahim Yar Khan,Rahim Yar Khan District,0.307110,0.304653,-0.369904,-0.372864,15420,4,0.08,Sentinel-2 MSI / MODIS Terra Baseline,COPERNICUS/S2_SR_HARMONIZED,100,2024-03-01,2024-03-31,historical_satellite_baseline,False,clean_zonal_aggregate,2026-09-01T20:48:40Z
2024,3,Rajanpur,Rajanpur District,0.270836,0.268669,-0.334739,-0.337417,15420,4,0.08,Sentinel-2 MSI / MODIS Terra Baseline,COPERNICUS/S2_SR_HARMONIZED,100,2024-03-01,2024-03-31,historical_satellite_baseline,False,clean_zonal_aggregate,2026-09-01T20:48:40Z
2024,3,Rawalpindi,Rawalpindi District,0.428221,0.424795,-0.465390,-0.469113,15420,4,0.08,Sentinel-2 MSI / MODIS Terra Baseline,COPERNICUS/S2_SR_HARMONIZED,100,2024-03-01,2024-03-31,historical_satellite_baseline,False,clean_zonal_aggregate,2026-09-01T20:48:40Z
2024,3,Sahiwal,Sahiwal District,0.552052,0.547635,-0.551166,-0.555575,15420,4,0.08,Sentinel-2 MSI / MODIS Terra Baseline,COPERNICUS/S2_SR_HARMONIZED,100,2024-03-01,2024-03-31,historical_satellite_baseline,False,clean_zonal_aggregate,2026-09-01T20:48:40Z
2024,3,Sargodha,Sargodha District,0.556575,0.552122,-0.538871,-0.543182,15420,4,0.08,Sentinel-2 MSI / MODIS Terra Baseline,COPERNICUS/S2_SR_HARMONIZED,100,2024-03-01,2024-03-31,historical_satellite_baseline,False,clean_zonal_aggregate,2026-09-01T20:48:40Z
2024,3,Sheikhupura,Sheikhupura District,0.666577,0.661244,-0.617901,-0.622844,15420,4,0.08,Sentinel-2 MSI / MODIS Terra Baseline,COPERNICUS/S2_SR_HARMONIZED,100,2024-03-01,2024-03-31,historical_satellite_baseline,False,clean_zonal_aggregate,2026-09-01T20:48:40Z
2024,3,Sialkot,Sialkot District,0.649734,0.644536,-0.591321,-0.596051,15420,4,0.08,Sentinel-2 MSI / MODIS Terra Baseline,COPERNICUS/S2_SR_HARMONIZED,100,2024-03-01,2024-03-31,historical_satellite_baseline,False,clean_zonal_aggregate,2026-09-01T20:48:40Z
2024,3,Toba Tek Singh,Toba Tek Singh District,0.565541,0.561017,-0.564073,-0.568586,15420,4,0.08,Sentinel-2 MSI / MODIS Terra Baseline,COPERNICUS/S2_SR_HARMONIZED,100,2024-03-01,2024-03-31,historical_satellite_baseline,False,clean_zonal_aggregate,2026-09-01T20:48:40Z
2024,3,Vehari,Vehari District,0.539978,0.535658,-0.535589,-0.539874,15420,4,0.08,Sentinel-2 MSI / MODIS Terra Baseline,COPERNICUS/S2_SR_HARMONIZED,100,2024-03-01,2024-03-31,historical_satellite_baseline,False,clean_zonal_aggregate,2026-09-01T20:48:40Z
2024,4,Attock,Attock District,0.324796,0.322197,-0.380955,-0.384002,15420,4,0.08,Sentinel-2 MSI / MODIS Terra Baseline,COPERNICUS/S2_SR_HARMONIZED,100,2024-04-01,2024-04-30,historical_satellite_baseline,False,clean_zonal_aggregate,2026-09-01T20:48:40Z
2024,4,Bahawalnagar,Bahawalnagar District,0.177358,0.175939,-0.284033,-0.286305,15420,4,0.08,Sentinel-2 MSI / MODIS Terra Baseline,COPERNICUS/S2_SR_HARMONIZED,100,2024-04-01,2024-04-30,historical_satellite_baseline,False,clean_zonal_aggregate,2026-09-01T20:48:40Z
2024,4,Bahawalpur,Bahawalpur District,0.127579,0.126558,-0.239100,-0.241013,15420,4,0.08,Sentinel-2 MSI / MODIS Terra Baseline,COPERNICUS/S2_SR_HARMONIZED,100,2024-04-01,2024-04-30,historical_satellite_baseline,False,clean_zonal_aggregate,2026-09-01T20:48:40Z
2024,4,Bhakkar,Bhakkar District,,,,,,,,Sentinel-2 MSI / MODIS Terra Baseline,COPERNICUS/S2_SR_HARMONIZED,100,2024-04-01,2024-04-30,boundary_unavailable,True,missing_authoritative_arcgis_polygon,2026-09-01T20:48:40Z
2024,4,Chakwal,Chakwal District,0.282063,0.279806,-0.348078,-0.350862,15420,4,0.08,Sentinel-2 MSI / MODIS Terra Baseline,COPERNICUS/S2_SR_HARMONIZED,100,2024-04-01,2024-04-30,historical_satellite_baseline,False,clean_zonal_aggregate,2026-09-01T20:48:40Z
2024,4,Dera Ghazi Khan,Dera Ghazi Khan District,0.196875,0.195300,-0.284885,-0.287164,15420,4,0.08,Sentinel-2 MSI / MODIS Terra Baseline,COPERNICUS/S2_SR_HARMONIZED,100,2024-04-01,2024-04-30,historical_satellite_baseline,False,clean_zonal_aggregate,2026-09-01T20:48:40Z
2024,4,Faisalabad,Faisalabad District,0.336624,0.333931,-0.397291,-0.400469,15420,4,0.08,Sentinel-2 MSI / MODIS Terra Baseline,COPERNICUS/S2_SR_HARMONIZED,100,2024-04-01,2024-04-30,historical_satellite_baseline,False,clean_zonal_aggregate,2026-09-01T20:48:40Z
2024,4,Gujranwala,Gujranwala District,0.414055,0.410743,-0.468582,-0.472331,15420,4,0.08,Sentinel-2 MSI / MODIS Terra Baseline,COPERNICUS/S2_SR_HARMONIZED,100,2024-04-01,2024-04-30,historical_satellite_baseline,False,clean_zonal_aggregate,2026-09-01T20:48:40Z
2024,4,Gujrat,Gujrat District,0.401967,0.398751,-0.449174,-0.452768,15420,4,0.08,Sentinel-2 MSI / MODIS Terra Baseline,COPERNICUS/S2_SR_HARMONIZED,100,2024-04-01,2024-04-30,historical_satellite_baseline,False,clean_zonal_aggregate,2026-09-01T20:48:40Z
2024,4,Hafizabad,Hafizabad District,0.322122,0.319545,-0.413408,-0.416715,15420,4,0.08,Sentinel-2 MSI / MODIS Terra Baseline,COPERNICUS/S2_SR_HARMONIZED,100,2024-04-01,2024-04-30,historical_satellite_baseline,False,clean_zonal_aggregate,2026-09-01T20:48:40Z
2024,4,Jhang,Jhang District,,,,,,,,Sentinel-2 MSI / MODIS Terra Baseline,COPERNICUS/S2_SR_HARMONIZED,100,2024-04-01,2024-04-30,boundary_unavailable,True,missing_authoritative_arcgis_polygon,2026-09-01T20:48:40Z
2024,4,Jhelum,Jhelum District,0.322496,0.319916,-0.389870,-0.392989,15420,4,0.08,Sentinel-2 MSI / MODIS Terra Baseline,COPERNICUS/S2_SR_HARMONIZED,100,2024-04-01,2024-04-30,historical_satellite_baseline,False,clean_zonal_aggregate,2026-09-01T20:48:40Z
2024,4,Kasur,Kasur District,0.428199,0.424773,-0.468214,-0.471960,15420,4,0.08,Sentinel-2 MSI / MODIS Terra Baseline,COPERNICUS/S2_SR_HARMONIZED,100,2024-04-01,2024-04-30,historical_satellite_baseline,False,clean_zonal_aggregate,2026-09-01T20:48:40Z
2024,4,Khanewal,Khanewal District,0.278122,0.275897,-0.357238,-0.360095,15420,4,0.08,Sentinel-2 MSI / MODIS Terra Baseline,COPERNICUS/S2_SR_HARMONIZED,100,2024-04-01,2024-04-30,historical_satellite_baseline,False,clean_zonal_aggregate,2026-09-01T20:48:40Z
2024,4,Khushab,Khushab District,0.231206,0.229357,-0.309239,-0.311713,15420,4,0.08,Sentinel-2 MSI / MODIS Terra Baseline,COPERNICUS/S2_SR_HARMONIZED,100,2024-04-01,2024-04-30,historical_satellite_baseline,False,clean_zonal_aggregate,2026-09-01T20:48:40Z
2024,4,Lahore,Lahore District,0.350991,0.348183,-0.395321,-0.398484,15420,4,0.08,Sentinel-2 MSI / MODIS Terra Baseline,COPERNICUS/S2_SR_HARMONIZED,100,2024-04-01,2024-04-30,historical_satellite_baseline,False,clean_zonal_aggregate,2026-09-01T20:48:40Z
2024,4,Layyah,Layyah District,,,,,,,,Sentinel-2 MSI / MODIS Terra Baseline,COPERNICUS/S2_SR_HARMONIZED,100,2024-04-01,2024-04-30,boundary_unavailable,True,missing_authoritative_arcgis_polygon,2026-09-01T20:48:40Z
2024,4,Lodhran,Lodhran District,0.234083,0.232211,-0.329135,-0.331768,15420,4,0.08,Sentinel-2 MSI / MODIS Terra Baseline,COPERNICUS/S2_SR_HARMONIZED,100,2024-04-01,2024-04-30,historical_satellite_baseline,False,clean_zonal_aggregate,2026-09-01T20:48:40Z
2024,4,Mandi Bahauddin,Mandi Bahauddin District,0.418284,0.414938,-0.458755,-0.462425,15420,4,0.08,Sentinel-2 MSI / MODIS Terra Baseline,COPERNICUS/S2_SR_HARMONIZED,100,2024-04-01,2024-04-30,historical_satellite_baseline,False,clean_zonal_aggregate,2026-09-01T20:48:40Z
2024,4,Mianwali,Mianwali District,0.307510,0.305050,-0.352122,-0.354939,15420,4,0.08,Sentinel-2 MSI / MODIS Terra Baseline,COPERNICUS/S2_SR_HARMONIZED,100,2024-04-01,2024-04-30,historical_satellite_baseline,False,clean_zonal_aggregate,2026-09-01T20:48:40Z
2024,4,Multan,Multan District,0.286796,0.284501,-0.362670,-0.365572,15420,4,0.08,Sentinel-2 MSI / MODIS Terra Baseline,COPERNICUS/S2_SR_HARMONIZED,100,2024-04-01,2024-04-30,historical_satellite_baseline,False,clean_zonal_aggregate,2026-09-01T20:48:40Z
2024,4,Muzaffargarh,Muzaffargarh District,,,,,,,,Sentinel-2 MSI / MODIS Terra Baseline,COPERNICUS/S2_SR_HARMONIZED,100,2024-04-01,2024-04-30,boundary_unavailable,True,missing_authoritative_arcgis_polygon,2026-09-01T20:48:40Z
2024,4,Narowal,Narowal District,0.434160,0.430687,-0.491853,-0.495788,15420,4,0.08,Sentinel-2 MSI / MODIS Terra Baseline,COPERNICUS/S2_SR_HARMONIZED,100,2024-04-01,2024-04-30,historical_satellite_baseline,False,clean_zonal_aggregate,2026-09-01T20:48:40Z
2024,4,Okara,Okara District,,,,,,,,Sentinel-2 MSI / MODIS Terra Baseline,COPERNICUS/S2_SR_HARMONIZED,100,2024-04-01,2024-04-30,boundary_unavailable,True,missing_authoritative_arcgis_polygon,2026-09-01T20:48:40Z
2024,4,Pakpattan,Pakpattan District,0.370046,0.367086,-0.424129,-0.427522,15420,4,0.08,Sentinel-2 MSI / MODIS Terra Baseline,COPERNICUS/S2_SR_HARMONIZED,100,2024-04-01,2024-04-30,historical_satellite_baseline,False,clean_zonal_aggregate,2026-09-01T20:48:40Z
2024,4,Rahim Yar Khan,Rahim Yar Khan District,0.175700,0.174294,-0.273548,-0.275736,15420,4,0.08,Sentinel-2 MSI / MODIS Terra Baseline,COPERNICUS/S2_SR_HARMONIZED,100,2024-04-01,2024-04-30,historical_satellite_baseline,False,clean_zonal_aggregate,2026-09-01T20:48:40Z
2024,4,Rajanpur,Rajanpur District,0.147862,0.146679,-0.244822,-0.246781,15420,4,0.08,Sentinel-2 MSI / MODIS Terra Baseline,COPERNICUS/S2_SR_HARMONIZED,100,2024-04-01,2024-04-30,historical_satellite_baseline,False,clean_zonal_aggregate,2026-09-01T20:48:40Z
2024,4,Rawalpindi,Rawalpindi District,0.418912,0.415560,-0.454994,-0.458634,15420,4,0.08,Sentinel-2 MSI / MODIS Terra Baseline,COPERNICUS/S2_SR_HARMONIZED,100,2024-04-01,2024-04-30,historical_satellite_baseline,False,clean_zonal_aggregate,2026-09-01T20:48:40Z
2024,4,Sahiwal,Sahiwal District,0.351976,0.349161,-0.412291,-0.415589,15420,4,0.08,Sentinel-2 MSI / MODIS Terra Baseline,COPERNICUS/S2_SR_HARMONIZED,100,2024-04-01,2024-04-30,historical_satellite_baseline,False,clean_zonal_aggregate,2026-09-01T20:48:40Z
2024,4,Sargodha,Sargodha District,0.346770,0.343996,-0.399845,-0.403044,15420,4,0.08,Sentinel-2 MSI / MODIS Terra Baseline,COPERNICUS/S2_SR_HARMONIZED,100,2024-04-01,2024-04-30,historical_satellite_baseline,False,clean_zonal_aggregate,2026-09-01T20:48:40Z
2024,4,Sheikhupura,Sheikhupura District,0.371514,0.368542,-0.438155,-0.441660,15420,4,0.08,Sentinel-2 MSI / MODIS Terra Baseline,COPERNICUS/S2_SR_HARMONIZED,100,2024-04-01,2024-04-30,historical_satellite_baseline,False,clean_zonal_aggregate,2026-09-01T20:48:40Z
2024,4,Sialkot,Sialkot District,0.479673,0.475835,-0.506184,-0.510234,15420,4,0.08,Sentinel-2 MSI / MODIS Terra Baseline,COPERNICUS/S2_SR_HARMONIZED,100,2024-04-01,2024-04-30,historical_satellite_baseline,False,clean_zonal_aggregate,2026-09-01T20:48:40Z
2024,4,Toba Tek Singh,Toba Tek Singh District,0.337939,0.335236,-0.404262,-0.407496,15420,4,0.08,Sentinel-2 MSI / MODIS Terra Baseline,COPERNICUS/S2_SR_HARMONIZED,100,2024-04-01,2024-04-30,historical_satellite_baseline,False,clean_zonal_aggregate,2026-09-01T20:48:40Z
2024,4,Vehari,Vehari District,0.320644,0.318079,-0.388900,-0.392011,15420,4,0.08,Sentinel-2 MSI / MODIS Terra Baseline,COPERNICUS/S2_SR_HARMONIZED,100,2024-04-01,2024-04-30,historical_satellite_baseline,False,clean_zonal_aggregate,2026-09-01T20:48:40Z
2024,5,Attock,Attock District,0.248285,0.246299,-0.324748,-0.327346,15420,4,0.08,Sentinel-2 MSI / MODIS Terra Baseline,COPERNICUS/S2_SR_HARMONIZED,100,2024-05-01,2024-05-31,historical_satellite_baseline,False,clean_zonal_aggregate,2026-09-01T20:48:40Z
2024,5,Bahawalnagar,Bahawalnagar District,0.147533,0.146352,-0.248459,-0.250447,15420,4,0.08,Sentinel-2 MSI / MODIS Terra Baseline,COPERNICUS/S2_SR_HARMONIZED,100,2024-05-01,2024-05-31,historical_satellite_baseline,False,clean_zonal_aggregate,2026-09-01T20:48:40Z
2024,5,Bahawalpur,Bahawalpur District,0.111938,0.111042,-0.223400,-0.225188,15420,4,0.08,Sentinel-2 MSI / MODIS Terra Baseline,COPERNICUS/S2_SR_HARMONIZED,100,2024-05-01,2024-05-31,historical_satellite_baseline,False,clean_zonal_aggregate,2026-09-01T20:48:40Z
2024,5,Bhakkar,Bhakkar District,,,,,,,,Sentinel-2 MSI / MODIS Terra Baseline,COPERNICUS/S2_SR_HARMONIZED,100,2024-05-01,2024-05-31,boundary_unavailable,True,missing_authoritative_arcgis_polygon,2026-09-01T20:48:40Z
2024,5,Chakwal,Chakwal District,0.224244,0.222450,-0.305949,-0.308397,15420,4,0.08,Sentinel-2 MSI / MODIS Terra Baseline,COPERNICUS/S2_SR_HARMONIZED,100,2024-05-01,2024-05-31,historical_satellite_baseline,False,clean_zonal_aggregate,2026-09-01T20:48:40Z
2024,5,Dera Ghazi Khan,Dera Ghazi Khan District,0.161165,0.159876,-0.251155,-0.253165,15420,4,0.08,Sentinel-2 MSI / MODIS Terra Baseline,COPERNICUS/S2_SR_HARMONIZED,100,2024-05-01,2024-05-31,historical_satellite_baseline,False,clean_zonal_aggregate,2026-09-01T20:48:40Z
2024,5,Faisalabad,Faisalabad District,0.242842,0.240899,-0.317049,-0.319585,15420,4,0.08,Sentinel-2 MSI / MODIS Terra Baseline,COPERNICUS/S2_SR_HARMONIZED,100,2024-05-01,2024-05-31,historical_satellite_baseline,False,clean_zonal_aggregate,2026-09-01T20:48:40Z
2024,5,Gujranwala,Gujranwala District,0.212107,0.210410,-0.300771,-0.303177,15420,4,0.08,Sentinel-2 MSI / MODIS Terra Baseline,COPERNICUS/S2_SR_HARMONIZED,100,2024-05-01,2024-05-31,historical_satellite_baseline,False,clean_zonal_aggregate,2026-09-01T20:48:40Z
2024,5,Gujrat,Gujrat District,0.269293,0.267139,-0.346734,-0.349508,15420,4,0.08,Sentinel-2 MSI / MODIS Terra Baseline,COPERNICUS/S2_SR_HARMONIZED,100,2024-05-01,2024-05-31,historical_satellite_baseline,False,clean_zonal_aggregate,2026-09-01T20:48:40Z
2024,5,Hafizabad,Hafizabad District,0.169157,0.167804,-0.268016,-0.270160,15420,4,0.08,Sentinel-2 MSI / MODIS Terra Baseline,COPERNICUS/S2_SR_HARMONIZED,100,2024-05-01,2024-05-31,historical_satellite_baseline,False,clean_zonal_aggregate,2026-09-01T20:48:40Z
2024,5,Jhang,Jhang District,,,,,,,,Sentinel-2 MSI / MODIS Terra Baseline,COPERNICUS/S2_SR_HARMONIZED,100,2024-05-01,2024-05-31,boundary_unavailable,True,missing_authoritative_arcgis_polygon,2026-09-01T20:48:40Z
2024,5,Jhelum,Jhelum District,0.231893,0.230038,-0.321133,-0.323702,15420,4,0.08,Sentinel-2 MSI / MODIS Terra Baseline,COPERNICUS/S2_SR_HARMONIZED,100,2024-05-01,2024-05-31,historical_satellite_baseline,False,clean_zonal_aggregate,2026-09-01T20:48:40Z
2024,5,Kasur,Kasur District,0.310500,0.308016,-0.369798,-0.372757,15420,4,0.08,Sentinel-2 MSI / MODIS Terra Baseline,COPERNICUS/S2_SR_HARMONIZED,100,2024-05-01,2024-05-31,historical_satellite_baseline,False,clean_zonal_aggregate,2026-09-01T20:48:40Z
2024,5,Khanewal,Khanewal District,0.238137,0.236232,-0.315502,-0.318026,15420,4,0.08,Sentinel-2 MSI / MODIS Terra Baseline,COPERNICUS/S2_SR_HARMONIZED,100,2024-05-01,2024-05-31,historical_satellite_baseline,False,clean_zonal_aggregate,2026-09-01T20:48:40Z
2024,5,Khushab,Khushab District,0.188630,0.187121,-0.275969,-0.278177,15420,4,0.08,Sentinel-2 MSI / MODIS Terra Baseline,COPERNICUS/S2_SR_HARMONIZED,100,2024-05-01,2024-05-31,historical_satellite_baseline,False,clean_zonal_aggregate,2026-09-01T20:48:40Z
2024,5,Lahore,Lahore District,0.242940,0.240997,-0.308086,-0.310551,15420,4,0.08,Sentinel-2 MSI / MODIS Terra Baseline,COPERNICUS/S2_SR_HARMONIZED,100,2024-05-01,2024-05-31,historical_satellite_baseline,False,clean_zonal_aggregate,2026-09-01T20:48:40Z
2024,5,Layyah,Layyah District,,,,,,,,Sentinel-2 MSI / MODIS Terra Baseline,COPERNICUS/S2_SR_HARMONIZED,100,2024-05-01,2024-05-31,boundary_unavailable,True,missing_authoritative_arcgis_polygon,2026-09-01T20:48:40Z
2024,5,Lodhran,Lodhran District,0.197662,0.196081,-0.275916,-0.278123,15420,4,0.08,Sentinel-2 MSI / MODIS Terra Baseline,COPERNICUS/S2_SR_HARMONIZED,100,2024-05-01,2024-05-31,historical_satellite_baseline,False,clean_zonal_aggregate,2026-09-01T20:48:40Z
2024,5,Mandi Bahauddin,Mandi Bahauddin District,0.263456,0.261348,-0.340312,-0.343034,15420,4,0.08,Sentinel-2 MSI / MODIS Terra Baseline,COPERNICUS/S2_SR_HARMONIZED,100,2024-05-01,2024-05-31,historical_satellite_baseline,False,clean_zonal_aggregate,2026-09-01T20:48:40Z
2024,5,Mianwali,Mianwali District,0.199298,0.197703,-0.273820,-0.276011,15420,4,0.08,Sentinel-2 MSI / MODIS Terra Baseline,COPERNICUS/S2_SR_HARMONIZED,100,2024-05-01,2024-05-31,historical_satellite_baseline,False,clean_zonal_aggregate,2026-09-01T20:48:40Z
2024,5,Multan,Multan District,0.239755,0.237837,-0.318229,-0.320775,15420,4,0.08,Sentinel-2 MSI / MODIS Terra Baseline,COPERNICUS/S2_SR_HARMONIZED,100,2024-05-01,2024-05-31,historical_satellite_baseline,False,clean_zonal_aggregate,2026-09-01T20:48:40Z
2024,5,Muzaffargarh,Muzaffargarh District,,,,,,,,Sentinel-2 MSI / MODIS Terra Baseline,COPERNICUS/S2_SR_HARMONIZED,100,2024-05-01,2024-05-31,boundary_unavailable,True,missing_authoritative_arcgis_polygon,2026-09-01T20:48:40Z
2024,5,Narowal,Narowal District,0.222035,0.220259,-0.328588,-0.331217,15420,4,0.08,Sentinel-2 MSI / MODIS Terra Baseline,COPERNICUS/S2_SR_HARMONIZED,100,2024-05-01,2024-05-31,historical_satellite_baseline,False,clean_zonal_aggregate,2026-09-01T20:48:40Z
2024,5,Okara,Okara District,,,,,,,,Sentinel-2 MSI / MODIS Terra Baseline,COPERNICUS/S2_SR_HARMONIZED,100,2024-05-01,2024-05-31,boundary_unavailable,True,missing_authoritative_arcgis_polygon,2026-09-01T20:48:40Z
2024,5,Pakpattan,Pakpattan District,0.306950,0.304495,-0.360028,-0.362908,15420,4,0.08,Sentinel-2 MSI / MODIS Terra Baseline,COPERNICUS/S2_SR_HARMONIZED,100,2024-05-01,2024-05-31,historical_satellite_baseline,False,clean_zonal_aggregate,2026-09-01T20:48:40Z
2024,5,Rahim Yar Khan,Rahim Yar Khan District,0.177126,0.175709,-0.265350,-0.267473,15420,4,0.08,Sentinel-2 MSI / MODIS Terra Baseline,COPERNICUS/S2_SR_HARMONIZED,100,2024-05-01,2024-05-31,historical_satellite_baseline,False,clean_zonal_aggregate,2026-09-01T20:48:40Z
2024,5,Rajanpur,Rajanpur District,0.131912,0.130857,-0.222154,-0.223931,15420,4,0.08,Sentinel-2 MSI / MODIS Terra Baseline,COPERNICUS/S2_SR_HARMONIZED,100,2024-05-01,2024-05-31,historical_satellite_baseline,False,clean_zonal_aggregate,2026-09-01T20:48:40Z
2024,5,Rawalpindi,Rawalpindi District,0.338054,0.335349,-0.397296,-0.400475,15420,4,0.08,Sentinel-2 MSI / MODIS Terra Baseline,COPERNICUS/S2_SR_HARMONIZED,100,2024-05-01,2024-05-31,historical_satellite_baseline,False,clean_zonal_aggregate,2026-09-01T20:48:40Z
2024,5,Sahiwal,Sahiwal District,0.295619,0.293254,-0.362459,-0.365359,15420,4,0.08,Sentinel-2 MSI / MODIS Terra Baseline,COPERNICUS/S2_SR_HARMONIZED,100,2024-05-01,2024-05-31,historical_satellite_baseline,False,clean_zonal_aggregate,2026-09-01T20:48:40Z
2024,5,Sargodha,Sargodha District,0.275556,0.273352,-0.345728,-0.348494,15420,4,0.08,Sentinel-2 MSI / MODIS Terra Baseline,COPERNICUS/S2_SR_HARMONIZED,100,2024-05-01,2024-05-31,historical_satellite_baseline,False,clean_zonal_aggregate,2026-09-01T20:48:40Z
2024,5,Sheikhupura,Sheikhupura District,0.205601,0.203957,-0.297441,-0.299820,15420,4,0.08,Sentinel-2 MSI / MODIS Terra Baseline,COPERNICUS/S2_SR_HARMONIZED,100,2024-05-01,2024-05-31,historical_satellite_baseline,False,clean_zonal_aggregate,2026-09-01T20:48:40Z
2024,5,Sialkot,Sialkot District,0.256079,0.254030,-0.341815,-0.344550,15420,4,0.08,Sentinel-2 MSI / MODIS Terra Baseline,COPERNICUS/S2_SR_HARMONIZED,100,2024-05-01,2024-05-31,historical_satellite_baseline,False,clean_zonal_aggregate,2026-09-01T20:48:40Z
2024,5,Toba Tek Singh,Toba Tek Singh District,0.258534,0.256465,-0.336529,-0.339221,15420,4,0.08,Sentinel-2 MSI / MODIS Terra Baseline,COPERNICUS/S2_SR_HARMONIZED,100,2024-05-01,2024-05-31,historical_satellite_baseline,False,clean_zonal_aggregate,2026-09-01T20:48:40Z
2024,5,Vehari,Vehari District,0.276871,0.274656,-0.340175,-0.342896,15420,4,0.08,Sentinel-2 MSI / MODIS Terra Baseline,COPERNICUS/S2_SR_HARMONIZED,100,2024-05-01,2024-05-31,historical_satellite_baseline,False,clean_zonal_aggregate,2026-09-01T20:48:40Z
2024,6,Attock,Attock District,0.190163,0.188642,-0.289791,-0.292110,15420,4,0.08,Sentinel-2 MSI / MODIS Terra Baseline,COPERNICUS/S2_SR_HARMONIZED,100,2024-06-01,2024-06-30,historical_satellite_baseline,False,clean_zonal_aggregate,2026-09-01T20:48:40Z
2024,6,Bahawalnagar,Bahawalnagar District,0.198282,0.196696,-0.273704,-0.275893,15420,4,0.08,Sentinel-2 MSI / MODIS Terra Baseline,COPERNICUS/S2_SR_HARMONIZED,100,2024-06-01,2024-06-30,historical_satellite_baseline,False,clean_zonal_aggregate,2026-09-01T20:48:40Z
2024,6,Bahawalpur,Bahawalpur District,0.123098,0.122113,-0.221738,-0.223512,15420,4,0.08,Sentinel-2 MSI / MODIS Terra Baseline,COPERNICUS/S2_SR_HARMONIZED,100,2024-06-01,2024-06-30,historical_satellite_baseline,False,clean_zonal_aggregate,2026-09-01T20:48:40Z
2024,6,Bhakkar,Bhakkar District,,,,,,,,Sentinel-2 MSI / MODIS Terra Baseline,COPERNICUS/S2_SR_HARMONIZED,100,2024-06-01,2024-06-30,boundary_unavailable,True,missing_authoritative_arcgis_polygon,2026-09-01T20:48:40Z
2024,6,Chakwal,Chakwal District,0.182369,0.180911,-0.281853,-0.284108,15420,4,0.08,Sentinel-2 MSI / MODIS Terra Baseline,COPERNICUS/S2_SR_HARMONIZED,100,2024-06-01,2024-06-30,historical_satellite_baseline,False,clean_zonal_aggregate,2026-09-01T20:48:40Z
2024,6,Dera Ghazi Khan,Dera Ghazi Khan District,0.150297,0.149095,-0.236683,-0.238576,15420,4,0.08,Sentinel-2 MSI / MODIS Terra Baseline,COPERNICUS/S2_SR_HARMONIZED,100,2024-06-01,2024-06-30,historical_satellite_baseline,False,clean_zonal_aggregate,2026-09-01T20:48:40Z
2024,6,Faisalabad,Faisalabad District,0.273747,0.271557,-0.323228,-0.325814,15420,4,0.08,Sentinel-2 MSI / MODIS Terra Baseline,COPERNICUS/S2_SR_HARMONIZED,100,2024-06-01,2024-06-30,historical_satellite_baseline,False,clean_zonal_aggregate,2026-09-01T20:48:40Z
2024,6,Gujranwala,Gujranwala District,0.183356,0.181889,-0.247181,-0.249158,15420,4,0.08,Sentinel-2 MSI / MODIS Terra Baseline,COPERNICUS/S2_SR_HARMONIZED,100,2024-06-01,2024-06-30,historical_satellite_baseline,False,clean_zonal_aggregate,2026-09-01T20:48:40Z
2024,6,Gujrat,Gujrat District,0.211405,0.209714,-0.301247,-0.303657,15420,4,0.08,Sentinel-2 MSI / MODIS Terra Baseline,COPERNICUS/S2_SR_HARMONIZED,100,2024-06-01,2024-06-30,historical_satellite_baseline,False,clean_zonal_aggregate,2026-09-01T20:48:40Z
2024,6,Hafizabad,Hafizabad District,0.160072,0.158791,-0.228895,-0.230726,15420,4,0.08,Sentinel-2 MSI / MODIS Terra Baseline,COPERNICUS/S2_SR_HARMONIZED,100,2024-06-01,2024-06-30,historical_satellite_baseline,False,clean_zonal_aggregate,2026-09-01T20:48:40Z
2024,6,Jhang,Jhang District,,,,,,,,Sentinel-2 MSI / MODIS Terra Baseline,COPERNICUS/S2_SR_HARMONIZED,100,2024-06-01,2024-06-30,boundary_unavailable,True,missing_authoritative_arcgis_polygon,2026-09-01T20:48:40Z
2024,6,Jhelum,Jhelum District,0.184876,0.183397,-0.289130,-0.291443,15420,4,0.08,Sentinel-2 MSI / MODIS Terra Baseline,COPERNICUS/S2_SR_HARMONIZED,100,2024-06-01,2024-06-30,historical_satellite_baseline,False,clean_zonal_aggregate,2026-09-01T20:48:40Z
2024,6,Kasur,Kasur District,0.283282,0.281016,-0.337202,-0.339899,15420,4,0.08,Sentinel-2 MSI / MODIS Terra Baseline,COPERNICUS/S2_SR_HARMONIZED,100,2024-06-01,2024-06-30,historical_satellite_baseline,False,clean_zonal_aggregate,2026-09-01T20:48:40Z
2024,6,Khanewal,Khanewal District,0.319585,0.317028,-0.348316,-0.351103,15420,4,0.08,Sentinel-2 MSI / MODIS Terra Baseline,COPERNICUS/S2_SR_HARMONIZED,100,2024-06-01,2024-06-30,historical_satellite_baseline,False,clean_zonal_aggregate,2026-09-01T20:48:40Z
2024,6,Khushab,Khushab District,0.159982,0.158703,-0.248518,-0.250506,15420,4,0.08,Sentinel-2 MSI / MODIS Terra Baseline,COPERNICUS/S2_SR_HARMONIZED,100,2024-06-01,2024-06-30,historical_satellite_baseline,False,clean_zonal_aggregate,2026-09-01T20:48:40Z
2024,6,Lahore,Lahore District,0.230518,0.228674,-0.293715,-0.296065,15420,4,0.08,Sentinel-2 MSI / MODIS Terra Baseline,COPERNICUS/S2_SR_HARMONIZED,100,2024-06-01,2024-06-30,historical_satellite_baseline,False,clean_zonal_aggregate,2026-09-01T20:48:40Z
2024,6,Layyah,Layyah District,,,,,,,,Sentinel-2 MSI / MODIS Terra Baseline,COPERNICUS/S2_SR_HARMONIZED,100,2024-06-01,2024-06-30,boundary_unavailable,True,missing_authoritative_arcgis_polygon,2026-09-01T20:48:40Z
2024,6,Lodhran,Lodhran District,0.303556,0.301128,-0.345761,-0.348527,15420,4,0.08,Sentinel-2 MSI / MODIS Terra Baseline,COPERNICUS/S2_SR_HARMONIZED,100,2024-06-01,2024-06-30,historical_satellite_baseline,False,clean_zonal_aggregate,2026-09-01T20:48:40Z
2024,6,Mandi Bahauddin,Mandi Bahauddin District,0.263265,0.261159,-0.329878,-0.332517,15420,4,0.08,Sentinel-2 MSI / MODIS Terra Baseline,COPERNICUS/S2_SR_HARMONIZED,100,2024-06-01,2024-06-30,historical_satellite_baseline,False,clean_zonal_aggregate,2026-09-01T20:48:40Z
2024,6,Mianwali,Mianwali District,0.156857,0.155603,-0.237946,-0.239849,15420,4,0.08,Sentinel-2 MSI / MODIS Terra Baseline,COPERNICUS/S2_SR_HARMONIZED,100,2024-06-01,2024-06-30,historical_satellite_baseline,False,clean_zonal_aggregate,2026-09-01T20:48:40Z
2024,6,Multan,Multan District,0.300089,0.297688,-0.342604,-0.345345,15420,4,0.08,Sentinel-2 MSI / MODIS Terra Baseline,COPERNICUS/S2_SR_HARMONIZED,100,2024-06-01,2024-06-30,historical_satellite_baseline,False,clean_zonal_aggregate,2026-09-01T20:48:40Z
2024,6,Muzaffargarh,Muzaffargarh District,,,,,,,,Sentinel-2 MSI / MODIS Terra Baseline,COPERNICUS/S2_SR_HARMONIZED,100,2024-06-01,2024-06-30,boundary_unavailable,True,missing_authoritative_arcgis_polygon,2026-09-01T20:48:40Z
2024,6,Narowal,Narowal District,0.173402,0.172015,-0.286659,-0.288952,15420,4,0.08,Sentinel-2 MSI / MODIS Terra Baseline,COPERNICUS/S2_SR_HARMONIZED,100,2024-06-01,2024-06-30,historical_satellite_baseline,False,clean_zonal_aggregate,2026-09-01T20:48:40Z
2024,6,Okara,Okara District,,,,,,,,Sentinel-2 MSI / MODIS Terra Baseline,COPERNICUS/S2_SR_HARMONIZED,100,2024-06-01,2024-06-30,boundary_unavailable,True,missing_authoritative_arcgis_polygon,2026-09-01T20:48:40Z
2024,6,Pakpattan,Pakpattan District,0.346265,0.343495,-0.373001,-0.375985,15420,4,0.08,Sentinel-2 MSI / MODIS Terra Baseline,COPERNICUS/S2_SR_HARMONIZED,100,2024-06-01,2024-06-30,historical_satellite_baseline,False,clean_zonal_aggregate,2026-09-01T20:48:40Z
2024,6,Rahim Yar Khan,Rahim Yar Khan District,0.218419,0.216672,-0.286077,-0.288365,15420,4,0.08,Sentinel-2 MSI / MODIS Terra Baseline,COPERNICUS/S2_SR_HARMONIZED,100,2024-06-01,2024-06-30,historical_satellite_baseline,False,clean_zonal_aggregate,2026-09-01T20:48:40Z
2024,6,Rajanpur,Rajanpur District,0.141341,0.140210,-0.219565,-0.221321,15420,4,0.08,Sentinel-2 MSI / MODIS Terra Baseline,COPERNICUS/S2_SR_HARMONIZED,100,2024-06-01,2024-06-30,historical_satellite_baseline,False,clean_zonal_aggregate,2026-09-01T20:48:40Z
2024,6,Rawalpindi,Rawalpindi District,0.270711,0.268546,-0.347362,-0.350141,15420,4,0.08,Sentinel-2 MSI / MODIS Terra Baseline,COPERNICUS/S2_SR_HARMONIZED,100,2024-06-01,2024-06-30,historical_satellite_baseline,False,clean_zonal_aggregate,2026-09-01T20:48:40Z
2024,6,Sahiwal,Sahiwal District,0.307975,0.305511,-0.346352,-0.349123,15420,4,0.08,Sentinel-2 MSI / MODIS Terra Baseline,COPERNICUS/S2_SR_HARMONIZED,100,2024-06-01,2024-06-30,historical_satellite_baseline,False,clean_zonal_aggregate,2026-09-01T20:48:40Z
2024,6,Sargodha,Sargodha District,0.277857,0.275634,-0.331628,-0.334281,15420,4,0.08,Sentinel-2 MSI / MODIS Terra Baseline,COPERNICUS/S2_SR_HARMONIZED,100,2024-06-01,2024-06-30,historical_satellite_baseline,False,clean_zonal_aggregate,2026-09-01T20:48:40Z
2024,6,Sheikhupura,Sheikhupura District,0.187737,0.186235,-0.260432,-0.262515,15420,4,0.08,Sentinel-2 MSI / MODIS Terra Baseline,COPERNICUS/S2_SR_HARMONIZED,100,2024-06-01,2024-06-30,historical_satellite_baseline,False,clean_zonal_aggregate,2026-09-01T20:48:40Z
2024,6,Sialkot,Sialkot District,0.201190,0.199581,-0.289867,-0.292186,15420,4,0.08,Sentinel-2 MSI / MODIS Terra Baseline,COPERNICUS/S2_SR_HARMONIZED,100,2024-06-01,2024-06-30,historical_satellite_baseline,False,clean_zonal_aggregate,2026-09-01T20:48:40Z
2024,6,Toba Tek Singh,Toba Tek Singh District,0.274605,0.272408,-0.318949,-0.321501,15420,4,0.08,Sentinel-2 MSI / MODIS Terra Baseline,COPERNICUS/S2_SR_HARMONIZED,100,2024-06-01,2024-06-30,historical_satellite_baseline,False,clean_zonal_aggregate,2026-09-01T20:48:40Z
2024,6,Vehari,Vehari District,0.322235,0.319657,-0.353742,-0.356572,15420,4,0.08,Sentinel-2 MSI / MODIS Terra Baseline,COPERNICUS/S2_SR_HARMONIZED,100,2024-06-01,2024-06-30,historical_satellite_baseline,False,clean_zonal_aggregate,2026-09-01T20:48:40Z
2024,7,Attock,Attock District,0.195489,0.193925,-0.287835,-0.290137,15420,4,0.08,Sentinel-2 MSI / MODIS Terra Baseline,COPERNICUS/S2_SR_HARMONIZED,100,2024-07-01,2024-07-31,historical_satellite_baseline,False,clean_zonal_aggregate,2026-09-01T20:48:40Z
2024,7,Bahawalnagar,Bahawalnagar District,0.326464,0.323852,-0.348560,-0.351348,15420,4,0.08,Sentinel-2 MSI / MODIS Terra Baseline,COPERNICUS/S2_SR_HARMONIZED,100,2024-07-01,2024-07-31,historical_satellite_baseline,False,clean_zonal_aggregate,2026-09-01T20:48:40Z
2024,7,Bahawalpur,Bahawalpur District,0.170776,0.169409,-0.249616,-0.251613,15420,4,0.08,Sentinel-2 MSI / MODIS Terra Baseline,COPERNICUS/S2_SR_HARMONIZED,100,2024-07-01,2024-07-31,historical_satellite_baseline,False,clean_zonal_aggregate,2026-09-01T20:48:40Z
2024,7,Bhakkar,Bhakkar District,,,,,,,,Sentinel-2 MSI / MODIS Terra Baseline,COPERNICUS/S2_SR_HARMONIZED,100,2024-07-01,2024-07-31,boundary_unavailable,True,missing_authoritative_arcgis_polygon,2026-09-01T20:48:40Z
2024,7,Chakwal,Chakwal District,0.244601,0.242644,-0.309926,-0.312405,15420,4,0.08,Sentinel-2 MSI / MODIS Terra Baseline,COPERNICUS/S2_SR_HARMONIZED,100,2024-07-01,2024-07-31,historical_satellite_baseline,False,clean_zonal_aggregate,2026-09-01T20:48:40Z
2024,7,Dera Ghazi Khan,Dera Ghazi Khan District,0.201132,0.199523,-0.261050,-0.263139,15420,4,0.08,Sentinel-2 MSI / MODIS Terra Baseline,COPERNICUS/S2_SR_HARMONIZED,100,2024-07-01,2024-07-31,historical_satellite_baseline,False,clean_zonal_aggregate,2026-09-01T20:48:40Z
2024,7,Faisalabad,Faisalabad District,0.409350,0.406075,-0.412673,-0.415974,15420,4,0.08,Sentinel-2 MSI / MODIS Terra Baseline,COPERNICUS/S2_SR_HARMONIZED,100,2024-07-01,2024-07-31,historical_satellite_baseline,False,clean_zonal_aggregate,2026-09-01T20:48:40Z
2024,7,Gujranwala,Gujranwala District,0.292756,0.290414,-0.269028,-0.271180,15420,4,0.08,Sentinel-2 MSI / MODIS Terra Baseline,COPERNICUS/S2_SR_HARMONIZED,100,2024-07-01,2024-07-31,historical_satellite_baseline,False,clean_zonal_aggregate,2026-09-01T20:48:40Z
2024,7,Gujrat,Gujrat District,0.333179,0.330514,-0.360868,-0.363755,15420,4,0.08,Sentinel-2 MSI / MODIS Terra Baseline,COPERNICUS/S2_SR_HARMONIZED,100,2024-07-01,2024-07-31,historical_satellite_baseline,False,clean_zonal_aggregate,2026-09-01T20:48:40Z
2024,7,Hafizabad,Hafizabad District,0.202417,0.200798,-0.221225,-0.222994,15420,4,0.08,Sentinel-2 MSI / MODIS Terra Baseline,COPERNICUS/S2_SR_HARMONIZED,100,2024-07-01,2024-07-31,historical_satellite_baseline,False,clean_zonal_aggregate,2026-09-01T20:48:40Z
2024,7,Jhang,Jhang District,,,,,,,,Sentinel-2 MSI / MODIS Terra Baseline,COPERNICUS/S2_SR_HARMONIZED,100,2024-07-01,2024-07-31,boundary_unavailable,True,missing_authoritative_arcgis_polygon,2026-09-01T20:48:40Z
2024,7,Jhelum,Jhelum District,0.262862,0.260759,-0.331675,-0.334328,15420,4,0.08,Sentinel-2 MSI / MODIS Terra Baseline,COPERNICUS/S2_SR_HARMONIZED,100,2024-07-01,2024-07-31,historical_satellite_baseline,False,clean_zonal_aggregate,2026-09-01T20:48:40Z
2024,7,Kasur,Kasur District,0.390321,0.387199,-0.369092,-0.372045,15420,4,0.08,Sentinel-2 MSI / MODIS Terra Baseline,COPERNICUS/S2_SR_HARMONIZED,100,2024-07-01,2024-07-31,historical_satellite_baseline,False,clean_zonal_aggregate,2026-09-01T20:48:40Z
2024,7,Khanewal,Khanewal District,0.382086,0.379030,-0.372264,-0.375242,15420,4,0.08,Sentinel-2 MSI / MODIS Terra Baseline,COPERNICUS/S2_SR_HARMONIZED,100,2024-07-01,2024-07-31,historical_satellite_baseline,False,clean_zonal_aggregate,2026-09-01T20:48:40Z
2024,7,Khushab,Khushab District,0.200100,0.198499,-0.275213,-0.277415,15420,4,0.08,Sentinel-2 MSI / MODIS Terra Baseline,COPERNICUS/S2_SR_HARMONIZED,100,2024-07-01,2024-07-31,historical_satellite_baseline,False,clean_zonal_aggregate,2026-09-01T20:48:40Z
2024,7,Lahore,Lahore District,0.296905,0.294530,-0.278447,-0.280674,15420,4,0.08,Sentinel-2 MSI / MODIS Terra Baseline,COPERNICUS/S2_SR_HARMONIZED,100,2024-07-01,2024-07-31,historical_satellite_baseline,False,clean_zonal_aggregate,2026-09-01T20:48:40Z
2024,7,Layyah,Layyah District,,,,,,,,Sentinel-2 MSI / MODIS Terra Baseline,COPERNICUS/S2_SR_HARMONIZED,100,2024-07-01,2024-07-31,boundary_unavailable,True,missing_authoritative_arcgis_polygon,2026-09-01T20:48:40Z
2024,7,Lodhran,Lodhran District,0.459561,0.455885,-0.451652,-0.455265,15420,4,0.08,Sentinel-2 MSI / MODIS Terra Baseline,COPERNICUS/S2_SR_HARMONIZED,100,2024-07-01,2024-07-31,historical_satellite_baseline,False,clean_zonal_aggregate,2026-09-01T20:48:40Z
2024,7,Mandi Bahauddin,Mandi Bahauddin District,0.373193,0.370208,-0.394412,-0.397568,15420,4,0.08,Sentinel-2 MSI / MODIS Terra Baseline,COPERNICUS/S2_SR_HARMONIZED,100,2024-07-01,2024-07-31,historical_satellite_baseline,False,clean_zonal_aggregate,2026-09-01T20:48:40Z
2024,7,Mianwali,Mianwali District,0.210279,0.208597,-0.281186,-0.283436,15420,4,0.08,Sentinel-2 MSI / MODIS Terra Baseline,COPERNICUS/S2_SR_HARMONIZED,100,2024-07-01,2024-07-31,historical_satellite_baseline,False,clean_zonal_aggregate,2026-09-01T20:48:40Z
2024,7,Multan,Multan District,0.399723,0.396525,-0.409709,-0.412987,15420,4,0.08,Sentinel-2 MSI / MODIS Terra Baseline,COPERNICUS/S2_SR_HARMONIZED,100,2024-07-01,2024-07-31,historical_satellite_baseline,False,clean_zonal_aggregate,2026-09-01T20:48:40Z
2024,7,Muzaffargarh,Muzaffargarh District,,,,,,,,Sentinel-2 MSI / MODIS Terra Baseline,COPERNICUS/S2_SR_HARMONIZED,100,2024-07-01,2024-07-31,boundary_unavailable,True,missing_authoritative_arcgis_polygon,2026-09-01T20:48:40Z
2024,7,Narowal,Narowal District,0.225836,0.224029,-0.246879,-0.248854,15420,4,0.08,Sentinel-2 MSI / MODIS Terra Baseline,COPERNICUS/S2_SR_HARMONIZED,100,2024-07-01,2024-07-31,historical_satellite_baseline,False,clean_zonal_aggregate,2026-09-01T20:48:40Z
2024,7,Okara,Okara District,,,,,,,,Sentinel-2 MSI / MODIS Terra Baseline,COPERNICUS/S2_SR_HARMONIZED,100,2024-07-01,2024-07-31,boundary_unavailable,True,missing_authoritative_arcgis_polygon,2026-09-01T20:48:40Z
2024,7,Pakpattan,Pakpattan District,0.401967,0.398751,-0.370735,-0.373701,15420,4,0.08,Sentinel-2 MSI / MODIS Terra Baseline,COPERNICUS/S2_SR_HARMONIZED,100,2024-07-01,2024-07-31,historical_satellite_baseline,False,clean_zonal_aggregate,2026-09-01T20:48:40Z
2024,7,Rahim Yar Khan,Rahim Yar Khan District,0.304270,0.301836,-0.348516,-0.351304,15420,4,0.08,Sentinel-2 MSI / MODIS Terra Baseline,COPERNICUS/S2_SR_HARMONIZED,100,2024-07-01,2024-07-31,historical_satellite_baseline,False,clean_zonal_aggregate,2026-09-01T20:48:40Z
2024,7,Rajanpur,Rajanpur District,0.176044,0.174635,-0.236470,-0.238362,15420,4,0.08,Sentinel-2 MSI / MODIS Terra Baseline,COPERNICUS/S2_SR_HARMONIZED,100,2024-07-01,2024-07-31,historical_satellite_baseline,False,clean_zonal_aggregate,2026-09-01T20:48:40Z
2024,7,Rawalpindi,Rawalpindi District,0.361753,0.358859,-0.395598,-0.398763,15420,4,0.08,Sentinel-2 MSI / MODIS Terra Baseline,COPERNICUS/S2_SR_HARMONIZED,100,2024-07-01,2024-07-31,historical_satellite_baseline,False,clean_zonal_aggregate,2026-09-01T20:48:40Z
2024,7,Sahiwal,Sahiwal District,0.352865,0.350042,-0.352534,-0.355354,15420,4,0.08,Sentinel-2 MSI / MODIS Terra Baseline,COPERNICUS/S2_SR_HARMONIZED,100,2024-07-01,2024-07-31,historical_satellite_baseline,False,clean_zonal_aggregate,2026-09-01T20:48:40Z
2024,7,Sargodha,Sargodha District,0.365443,0.362519,-0.404620,-0.407856,15420,4,0.08,Sentinel-2 MSI / MODIS Terra Baseline,COPERNICUS/S2_SR_HARMONIZED,100,2024-07-01,2024-07-31,historical_satellite_baseline,False,clean_zonal_aggregate,2026-09-01T20:48:40Z
2024,7,Sheikhupura,Sheikhupura District,0.254093,0.252061,-0.251049,-0.253057,15420,4,0.08,Sentinel-2 MSI / MODIS Terra Baseline,COPERNICUS/S2_SR_HARMONIZED,100,2024-07-01,2024-07-31,historical_satellite_baseline,False,clean_zonal_aggregate,2026-09-01T20:48:40Z
2024,7,Sialkot,Sialkot District,0.287789,0.285486,-0.295537,-0.297902,15420,4,0.08,Sentinel-2 MSI / MODIS Terra Baseline,COPERNICUS/S2_SR_HARMONIZED,100,2024-07-01,2024-07-31,historical_satellite_baseline,False,clean_zonal_aggregate,2026-09-01T20:48:40Z
2024,7,Toba Tek Singh,Toba Tek Singh District,0.377879,0.374856,-0.400923,-0.404131,15420,4,0.08,Sentinel-2 MSI / MODIS Terra Baseline,COPERNICUS/S2_SR_HARMONIZED,100,2024-07-01,2024-07-31,historical_satellite_baseline,False,clean_zonal_aggregate,2026-09-01T20:48:40Z
2024,7,Vehari,Vehari District,0.382851,0.379788,-0.381530,-0.384582,15420,4,0.08,Sentinel-2 MSI / MODIS Terra Baseline,COPERNICUS/S2_SR_HARMONIZED,100,2024-07-01,2024-07-31,historical_satellite_baseline,False,clean_zonal_aggregate,2026-09-01T20:48:40Z
2024,8,Attock,Attock District,0.310694,0.308209,-0.337712,-0.340413,15420,4,0.08,Sentinel-2 MSI / MODIS Terra Baseline,COPERNICUS/S2_SR_HARMONIZED,100,2024-08-01,2024-08-31,historical_satellite_baseline,False,clean_zonal_aggregate,2026-09-01T20:48:40Z
2024,8,Bahawalnagar,Bahawalnagar District,0.411786,0.408492,-0.393318,-0.396464,15420,4,0.08,Sentinel-2 MSI / MODIS Terra Baseline,COPERNICUS/S2_SR_HARMONIZED,100,2024-08-01,2024-08-31,historical_satellite_baseline,False,clean_zonal_aggregate,2026-09-01T20:48:40Z
2024,8,Bahawalpur,Bahawalpur District,0.272396,0.270217,-0.305590,-0.308035,15420,4,0.08,Sentinel-2 MSI / MODIS Terra Baseline,COPERNICUS/S2_SR_HARMONIZED,100,2024-08-01,2024-08-31,historical_satellite_baseline,False,clean_zonal_aggregate,2026-09-01T20:48:40Z
2024,8,Bhakkar,Bhakkar District,,,,,,,,Sentinel-2 MSI / MODIS Terra Baseline,COPERNICUS/S2_SR_HARMONIZED,100,2024-08-01,2024-08-31,boundary_unavailable,True,missing_authoritative_arcgis_polygon,2026-09-01T20:48:40Z
2024,8,Chakwal,Chakwal District,0.361335,0.358444,-0.355720,-0.358566,15420,4,0.08,Sentinel-2 MSI / MODIS Terra Baseline,COPERNICUS/S2_SR_HARMONIZED,100,2024-08-01,2024-08-31,historical_satellite_baseline,False,clean_zonal_aggregate,2026-09-01T20:48:40Z
2024,8,Dera Ghazi Khan,Dera Ghazi Khan District,0.256217,0.254167,-0.279364,-0.281599,15420,4,0.08,Sentinel-2 MSI / MODIS Terra Baseline,COPERNICUS/S2_SR_HARMONIZED,100,2024-08-01,2024-08-31,historical_satellite_baseline,False,clean_zonal_aggregate,2026-09-01T20:48:40Z
2024,8,Faisalabad,Faisalabad District,0.366747,0.363813,-0.330874,-0.333521,15420,4,0.08,Sentinel-2 MSI / MODIS Terra Baseline,COPERNICUS/S2_SR_HARMONIZED,100,2024-08-01,2024-08-31,historical_satellite_baseline,False,clean_zonal_aggregate,2026-09-01T20:48:40Z
2024,8,Gujranwala,Gujranwala District,0.589281,0.584567,-0.500344,-0.504346,15420,4,0.08,Sentinel-2 MSI / MODIS Terra Baseline,COPERNICUS/S2_SR_HARMONIZED,100,2024-08-01,2024-08-31,historical_satellite_baseline,False,clean_zonal_aggregate,2026-09-01T20:48:40Z
2024,8,Gujrat,Gujrat District,0.546966,0.542590,-0.482562,-0.486423,15420,4,0.08,Sentinel-2 MSI / MODIS Terra Baseline,COPERNICUS/S2_SR_HARMONIZED,100,2024-08-01,2024-08-31,historical_satellite_baseline,False,clean_zonal_aggregate,2026-09-01T20:48:40Z
2024,8,Hafizabad,Hafizabad District,0.412495,0.409195,-0.319704,-0.322262,15420,4,0.08,Sentinel-2 MSI / MODIS Terra Baseline,COPERNICUS/S2_SR_HARMONIZED,100,2024-08-01,2024-08-31,historical_satellite_baseline,False,clean_zonal_aggregate,2026-09-01T20:48:40Z
2024,8,Jhang,Jhang District,,,,,,,,Sentinel-2 MSI / MODIS Terra Baseline,COPERNICUS/S2_SR_HARMONIZED,100,2024-08-01,2024-08-31,boundary_unavailable,True,missing_authoritative_arcgis_polygon,2026-09-01T20:48:40Z
2024,8,Jhelum,Jhelum District,0.483148,0.479283,-0.461195,-0.464885,15420,4,0.08,Sentinel-2 MSI / MODIS Terra Baseline,COPERNICUS/S2_SR_HARMONIZED,100,2024-08-01,2024-08-31,historical_satellite_baseline,False,clean_zonal_aggregate,2026-09-01T20:48:40Z
2024,8,Kasur,Kasur District,0.430124,0.426683,-0.370731,-0.373697,15420,4,0.08,Sentinel-2 MSI / MODIS Terra Baseline,COPERNICUS/S2_SR_HARMONIZED,100,2024-08-01,2024-08-31,historical_satellite_baseline,False,clean_zonal_aggregate,2026-09-01T20:48:40Z
2024,8,Khanewal,Khanewal District,0.445726,0.442161,-0.414323,-0.417638,15420,4,0.08,Sentinel-2 MSI / MODIS Terra Baseline,COPERNICUS/S2_SR_HARMONIZED,100,2024-08-01,2024-08-31,historical_satellite_baseline,False,clean_zonal_aggregate,2026-09-01T20:48:40Z
2024,8,Khushab,Khushab District,0.282566,0.280305,-0.303208,-0.305634,15420,4,0.08,Sentinel-2 MSI / MODIS Terra Baseline,COPERNICUS/S2_SR_HARMONIZED,100,2024-08-01,2024-08-31,historical_satellite_baseline,False,clean_zonal_aggregate,2026-09-01T20:48:40Z
2024,8,Lahore,Lahore District,0.382763,0.379701,-0.345968,-0.348736,15420,4,0.08,Sentinel-2 MSI / MODIS Terra Baseline,COPERNICUS/S2_SR_HARMONIZED,100,2024-08-01,2024-08-31,historical_satellite_baseline,False,clean_zonal_aggregate,2026-09-01T20:48:40Z
2024,8,Layyah,Layyah District,,,,,,,,Sentinel-2 MSI / MODIS Terra Baseline,COPERNICUS/S2_SR_HARMONIZED,100,2024-08-01,2024-08-31,boundary_unavailable,True,missing_authoritative_arcgis_polygon,2026-09-01T20:48:40Z
2024,8,Lodhran,Lodhran District,0.503693,0.499664,-0.468104,-0.471848,15420,4,0.08,Sentinel-2 MSI / MODIS Terra Baseline,COPERNICUS/S2_SR_HARMONIZED,100,2024-08-01,2024-08-31,historical_satellite_baseline,False,clean_zonal_aggregate,2026-09-01T20:48:40Z
2024,8,Mandi Bahauddin,Mandi Bahauddin District,0.568224,0.563678,-0.501742,-0.505756,15420,4,0.08,Sentinel-2 MSI / MODIS Terra Baseline,COPERNICUS/S2_SR_HARMONIZED,100,2024-08-01,2024-08-31,historical_satellite_baseline,False,clean_zonal_aggregate,2026-09-01T20:48:40Z
2024,8,Mianwali,Mianwali District,0.306513,0.304061,-0.313327,-0.315834,15420,4,0.08,Sentinel-2 MSI / MODIS Terra Baseline,COPERNICUS/S2_SR_HARMONIZED,100,2024-08-01,2024-08-31,historical_satellite_baseline,False,clean_zonal_aggregate,2026-09-01T20:48:40Z
2024,8,Multan,Multan District,0.452929,0.449306,-0.424588,-0.427985,15420,4,0.08,Sentinel-2 MSI / MODIS Terra Baseline,COPERNICUS/S2_SR_HARMONIZED,100,2024-08-01,2024-08-31,historical_satellite_baseline,False,clean_zonal_aggregate,2026-09-01T20:48:40Z
2024,8,Muzaffargarh,Muzaffargarh District,,,,,,,,Sentinel-2 MSI / MODIS Terra Baseline,COPERNICUS/S2_SR_HARMONIZED,100,2024-08-01,2024-08-31,boundary_unavailable,True,missing_authoritative_arcgis_polygon,2026-09-01T20:48:40Z
2024,8,Narowal,Narowal District,0.609034,0.604162,-0.530202,-0.534444,15420,4,0.08,Sentinel-2 MSI / MODIS Terra Baseline,COPERNICUS/S2_SR_HARMONIZED,100,2024-08-01,2024-08-31,historical_satellite_baseline,False,clean_zonal_aggregate,2026-09-01T20:48:40Z
2024,8,Okara,Okara District,,,,,,,,Sentinel-2 MSI / MODIS Terra Baseline,COPERNICUS/S2_SR_HARMONIZED,100,2024-08-01,2024-08-31,boundary_unavailable,True,missing_authoritative_arcgis_polygon,2026-09-01T20:48:40Z
2024,8,Pakpattan,Pakpattan District,0.447352,0.443773,-0.420023,-0.423383,15420,4,0.08,Sentinel-2 MSI / MODIS Terra Baseline,COPERNICUS/S2_SR_HARMONIZED,100,2024-08-01,2024-08-31,historical_satellite_baseline,False,clean_zonal_aggregate,2026-09-01T20:48:40Z
2024,8,Rahim Yar Khan,Rahim Yar Khan District,0.369156,0.366203,-0.380746,-0.383792,15420,4,0.08,Sentinel-2 MSI / MODIS Terra Baseline,COPERNICUS/S2_SR_HARMONIZED,100,2024-08-01,2024-08-31,historical_satellite_baseline,False,clean_zonal_aggregate,2026-09-01T20:48:40Z
2024,8,Rajanpur,Rajanpur District,0.211543,0.209850,-0.234343,-0.236218,15420,4,0.08,Sentinel-2 MSI / MODIS Terra Baseline,COPERNICUS/S2_SR_HARMONIZED,100,2024-08-01,2024-08-31,historical_satellite_baseline,False,clean_zonal_aggregate,2026-09-01T20:48:40Z
2024,8,Rawalpindi,Rawalpindi District,0.550028,0.545628,-0.511129,-0.515218,15420,4,0.08,Sentinel-2 MSI / MODIS Terra Baseline,COPERNICUS/S2_SR_HARMONIZED,100,2024-08-01,2024-08-31,historical_satellite_baseline,False,clean_zonal_aggregate,2026-09-01T20:48:40Z
2024,8,Sahiwal,Sahiwal District,0.397235,0.394057,-0.376509,-0.379521,15420,4,0.08,Sentinel-2 MSI / MODIS Terra Baseline,COPERNICUS/S2_SR_HARMONIZED,100,2024-08-01,2024-08-31,historical_satellite_baseline,False,clean_zonal_aggregate,2026-09-01T20:48:40Z
2024,8,Sargodha,Sargodha District,0.506641,0.502587,-0.468783,-0.472533,15420,4,0.08,Sentinel-2 MSI / MODIS Terra Baseline,COPERNICUS/S2_SR_HARMONIZED,100,2024-08-01,2024-08-31,historical_satellite_baseline,False,clean_zonal_aggregate,2026-09-01T20:48:40Z
2024,8,Sheikhupura,Sheikhupura District,0.495399,0.491436,-0.421790,-0.425164,15420,4,0.08,Sentinel-2 MSI / MODIS Terra Baseline,COPERNICUS/S2_SR_HARMONIZED,100,2024-08-01,2024-08-31,historical_satellite_baseline,False,clean_zonal_aggregate,2026-09-01T20:48:40Z
2024,8,Sialkot,Sialkot District,0.573512,0.568924,-0.491820,-0.495755,15420,4,0.08,Sentinel-2 MSI / MODIS Terra Baseline,COPERNICUS/S2_SR_HARMONIZED,100,2024-08-01,2024-08-31,historical_satellite_baseline,False,clean_zonal_aggregate,2026-09-01T20:48:40Z
2024,8,Toba Tek Singh,Toba Tek Singh District,0.424454,0.421058,-0.395388,-0.398551,15420,4,0.08,Sentinel-2 MSI / MODIS Terra Baseline,COPERNICUS/S2_SR_HARMONIZED,100,2024-08-01,2024-08-31,historical_satellite_baseline,False,clean_zonal_aggregate,2026-09-01T20:48:40Z
2024,8,Vehari,Vehari District,0.413754,0.410444,-0.397887,-0.401070,15420,4,0.08,Sentinel-2 MSI / MODIS Terra Baseline,COPERNICUS/S2_SR_HARMONIZED,100,2024-08-01,2024-08-31,historical_satellite_baseline,False,clean_zonal_aggregate,2026-09-01T20:48:40Z
2024,9,Attock,Attock District,0.380082,0.377041,-0.399861,-0.403060,15420,4,0.08,Sentinel-2 MSI / MODIS Terra Baseline,COPERNICUS/S2_SR_HARMONIZED,100,2024-09-01,2024-09-30,historical_satellite_baseline,False,clean_zonal_aggregate,2026-09-01T20:48:40Z
2024,9,Bahawalnagar,Bahawalnagar District,0.454334,0.450700,-0.451904,-0.455519,15420,4,0.08,Sentinel-2 MSI / MODIS Terra Baseline,COPERNICUS/S2_SR_HARMONIZED,100,2024-09-01,2024-09-30,historical_satellite_baseline,False,clean_zonal_aggregate,2026-09-01T20:48:40Z
2024,9,Bahawalpur,Bahawalpur District,0.296866,0.294491,-0.342097,-0.344834,15420,4,0.08,Sentinel-2 MSI / MODIS Terra Baseline,COPERNICUS/S2_SR_HARMONIZED,100,2024-09-01,2024-09-30,historical_satellite_baseline,False,clean_zonal_aggregate,2026-09-01T20:48:40Z
2024,9,Bhakkar,Bhakkar District,,,,,,,,Sentinel-2 MSI / MODIS Terra Baseline,COPERNICUS/S2_SR_HARMONIZED,100,2024-09-01,2024-09-30,boundary_unavailable,True,missing_authoritative_arcgis_polygon,2026-09-01T20:48:40Z
2024,9,Chakwal,Chakwal District,0.400764,0.397558,-0.406284,-0.409534,15420,4,0.08,Sentinel-2 MSI / MODIS Terra Baseline,COPERNICUS/S2_SR_HARMONIZED,100,2024-09-01,2024-09-30,historical_satellite_baseline,False,clean_zonal_aggregate,2026-09-01T20:48:40Z
2024,9,Dera Ghazi Khan,Dera Ghazi Khan District,0.319636,0.317079,-0.347858,-0.350641,15420,4,0.08,Sentinel-2 MSI / MODIS Terra Baseline,COPERNICUS/S2_SR_HARMONIZED,100,2024-09-01,2024-09-30,historical_satellite_baseline,False,clean_zonal_aggregate,2026-09-01T20:48:40Z
2024,9,Faisalabad,Faisalabad District,0.457463,0.453803,-0.442400,-0.445939,15420,4,0.08,Sentinel-2 MSI / MODIS Terra Baseline,COPERNICUS/S2_SR_HARMONIZED,100,2024-09-01,2024-09-30,historical_satellite_baseline,False,clean_zonal_aggregate,2026-09-01T20:48:40Z
2024,9,Gujranwala,Gujranwala District,0.613208,0.608302,-0.547638,-0.552019,15420,4,0.08,Sentinel-2 MSI / MODIS Terra Baseline,COPERNICUS/S2_SR_HARMONIZED,100,2024-09-01,2024-09-30,historical_satellite_baseline,False,clean_zonal_aggregate,2026-09-01T20:48:40Z
2024,9,Gujrat,Gujrat District,0.523926,0.519734,-0.487235,-0.491133,15420,4,0.08,Sentinel-2 MSI / MODIS Terra Baseline,COPERNICUS/S2_SR_HARMONIZED,100,2024-09-01,2024-09-30,historical_satellite_baseline,False,clean_zonal_aggregate,2026-09-01T20:48:40Z
2024,9,Hafizabad,Hafizabad District,0.601878,0.597063,-0.532317,-0.536575,15420,4,0.08,Sentinel-2 MSI / MODIS Terra Baseline,COPERNICUS/S2_SR_HARMONIZED,100,2024-09-01,2024-09-30,historical_satellite_baseline,False,clean_zonal_aggregate,2026-09-01T20:48:40Z
2024,9,Jhang,Jhang District,,,,,,,,Sentinel-2 MSI / MODIS Terra Baseline,COPERNICUS/S2_SR_HARMONIZED,100,2024-09-01,2024-09-30,boundary_unavailable,True,missing_authoritative_arcgis_polygon,2026-09-01T20:48:40Z
2024,9,Jhelum,Jhelum District,0.467362,0.463623,-0.448096,-0.451681,15420,4,0.08,Sentinel-2 MSI / MODIS Terra Baseline,COPERNICUS/S2_SR_HARMONIZED,100,2024-09-01,2024-09-30,historical_satellite_baseline,False,clean_zonal_aggregate,2026-09-01T20:48:40Z
2024,9,Kasur,Kasur District,0.520020,0.515860,-0.492857,-0.496800,15420,4,0.08,Sentinel-2 MSI / MODIS Terra Baseline,COPERNICUS/S2_SR_HARMONIZED,100,2024-09-01,2024-09-30,historical_satellite_baseline,False,clean_zonal_aggregate,2026-09-01T20:48:40Z
2024,9,Khanewal,Khanewal District,0.509024,0.504952,-0.493512,-0.497460,15420,4,0.08,Sentinel-2 MSI / MODIS Terra Baseline,COPERNICUS/S2_SR_HARMONIZED,100,2024-09-01,2024-09-30,historical_satellite_baseline,False,clean_zonal_aggregate,2026-09-01T20:48:40Z
2024,9,Khushab,Khushab District,0.339154,0.336440,-0.352846,-0.355668,15420,4,0.08,Sentinel-2 MSI / MODIS Terra Baseline,COPERNICUS/S2_SR_HARMONIZED,100,2024-09-01,2024-09-30,historical_satellite_baseline,False,clean_zonal_aggregate,2026-09-01T20:48:40Z
2024,9,Lahore,Lahore District,0.400661,0.397456,-0.390135,-0.393256,15420,4,0.08,Sentinel-2 MSI / MODIS Terra Baseline,COPERNICUS/S2_SR_HARMONIZED,100,2024-09-01,2024-09-30,historical_satellite_baseline,False,clean_zonal_aggregate,2026-09-01T20:48:40Z
2024,9,Layyah,Layyah District,,,,,,,,Sentinel-2 MSI / MODIS Terra Baseline,COPERNICUS/S2_SR_HARMONIZED,100,2024-09-01,2024-09-30,boundary_unavailable,True,missing_authoritative_arcgis_polygon,2026-09-01T20:48:40Z
2024,9,Lodhran,Lodhran District,0.528206,0.523980,-0.507355,-0.511414,15420,4,0.08,Sentinel-2 MSI / MODIS Terra Baseline,COPERNICUS/S2_SR_HARMONIZED,100,2024-09-01,2024-09-30,historical_satellite_baseline,False,clean_zonal_aggregate,2026-09-01T20:48:40Z
2024,9,Mandi Bahauddin,Mandi Bahauddin District,0.538820,0.534509,-0.482018,-0.485875,15420,4,0.08,Sentinel-2 MSI / MODIS Terra Baseline,COPERNICUS/S2_SR_HARMONIZED,100,2024-09-01,2024-09-30,historical_satellite_baseline,False,clean_zonal_aggregate,2026-09-01T20:48:40Z
2024,9,Mianwali,Mianwali District,0.344950,0.342190,-0.349339,-0.352134,15420,4,0.08,Sentinel-2 MSI / MODIS Terra Baseline,COPERNICUS/S2_SR_HARMONIZED,100,2024-09-01,2024-09-30,historical_satellite_baseline,False,clean_zonal_aggregate,2026-09-01T20:48:40Z
2024,9,Multan,Multan District,0.476246,0.472436,-0.469881,-0.473640,15420,4,0.08,Sentinel-2 MSI / MODIS Terra Baseline,COPERNICUS/S2_SR_HARMONIZED,100,2024-09-01,2024-09-30,historical_satellite_baseline,False,clean_zonal_aggregate,2026-09-01T20:48:40Z
2024,9,Muzaffargarh,Muzaffargarh District,,,,,,,,Sentinel-2 MSI / MODIS Terra Baseline,COPERNICUS/S2_SR_HARMONIZED,100,2024-09-01,2024-09-30,boundary_unavailable,True,missing_authoritative_arcgis_polygon,2026-09-01T20:48:40Z
2024,9,Narowal,Narowal District,0.622000,0.617024,-0.561852,-0.566347,15420,4,0.08,Sentinel-2 MSI / MODIS Terra Baseline,COPERNICUS/S2_SR_HARMONIZED,100,2024-09-01,2024-09-30,historical_satellite_baseline,False,clean_zonal_aggregate,2026-09-01T20:48:40Z
2024,9,Okara,Okara District,,,,,,,,Sentinel-2 MSI / MODIS Terra Baseline,COPERNICUS/S2_SR_HARMONIZED,100,2024-09-01,2024-09-30,boundary_unavailable,True,missing_authoritative_arcgis_polygon,2026-09-01T20:48:40Z
2024,9,Pakpattan,Pakpattan District,0.508121,0.504056,-0.483105,-0.486969,15420,4,0.08,Sentinel-2 MSI / MODIS Terra Baseline,COPERNICUS/S2_SR_HARMONIZED,100,2024-09-01,2024-09-30,historical_satellite_baseline,False,clean_zonal_aggregate,2026-09-01T20:48:40Z
2024,9,Rahim Yar Khan,Rahim Yar Khan District,0.402863,0.399640,-0.420548,-0.423912,15420,4,0.08,Sentinel-2 MSI / MODIS Terra Baseline,COPERNICUS/S2_SR_HARMONIZED,100,2024-09-01,2024-09-30,historical_satellite_baseline,False,clean_zonal_aggregate,2026-09-01T20:48:40Z
2024,9,Rajanpur,Rajanpur District,0.279655,0.277418,-0.311254,-0.313745,15420,4,0.08,Sentinel-2 MSI / MODIS Terra Baseline,COPERNICUS/S2_SR_HARMONIZED,100,2024-09-01,2024-09-30,historical_satellite_baseline,False,clean_zonal_aggregate,2026-09-01T20:48:40Z
2024,9,Rawalpindi,Rawalpindi District,0.525129,0.520928,-0.499537,-0.503533,15420,4,0.08,Sentinel-2 MSI / MODIS Terra Baseline,COPERNICUS/S2_SR_HARMONIZED,100,2024-09-01,2024-09-30,historical_satellite_baseline,False,clean_zonal_aggregate,2026-09-01T20:48:40Z
2024,9,Sahiwal,Sahiwal District,0.487323,0.483424,-0.479877,-0.483716,15420,4,0.08,Sentinel-2 MSI / MODIS Terra Baseline,COPERNICUS/S2_SR_HARMONIZED,100,2024-09-01,2024-09-30,historical_satellite_baseline,False,clean_zonal_aggregate,2026-09-01T20:48:40Z
2024,9,Sargodha,Sargodha District,0.468706,0.464956,-0.451010,-0.454618,15420,4,0.08,Sentinel-2 MSI / MODIS Terra Baseline,COPERNICUS/S2_SR_HARMONIZED,100,2024-09-01,2024-09-30,historical_satellite_baseline,False,clean_zonal_aggregate,2026-09-01T20:48:40Z
2024,9,Sheikhupura,Sheikhupura District,0.595742,0.590976,-0.538049,-0.542353,15420,4,0.08,Sentinel-2 MSI / MODIS Terra Baseline,COPERNICUS/S2_SR_HARMONIZED,100,2024-09-01,2024-09-30,historical_satellite_baseline,False,clean_zonal_aggregate,2026-09-01T20:48:40Z
2024,9,Sialkot,Sialkot District,0.623906,0.618915,-0.556142,-0.560591,15420,4,0.08,Sentinel-2 MSI / MODIS Terra Baseline,COPERNICUS/S2_SR_HARMONIZED,100,2024-09-01,2024-09-30,historical_satellite_baseline,False,clean_zonal_aggregate,2026-09-01T20:48:40Z
2024,9,Toba Tek Singh,Toba Tek Singh District,0.508189,0.504123,-0.496822,-0.500797,15420,4,0.08,Sentinel-2 MSI / MODIS Terra Baseline,COPERNICUS/S2_SR_HARMONIZED,100,2024-09-01,2024-09-30,historical_satellite_baseline,False,clean_zonal_aggregate,2026-09-01T20:48:40Z
2024,9,Vehari,Vehari District,0.479133,0.475300,-0.467919,-0.471662,15420,4,0.08,Sentinel-2 MSI / MODIS Terra Baseline,COPERNICUS/S2_SR_HARMONIZED,100,2024-09-01,2024-09-30,historical_satellite_baseline,False,clean_zonal_aggregate,2026-09-01T20:48:40Z
2024,10,Attock,Attock District,0.317739,0.315197,-0.387742,-0.390844,15420,4,0.08,Sentinel-2 MSI / MODIS Terra Baseline,COPERNICUS/S2_SR_HARMONIZED,100,2024-10-01,2024-10-31,historical_satellite_baseline,False,clean_zonal_aggregate,2026-09-01T20:48:40Z
2024,10,Bahawalnagar,Bahawalnagar District,0.357214,0.354356,-0.404117,-0.407350,15420,4,0.08,Sentinel-2 MSI / MODIS Terra Baseline,COPERNICUS/S2_SR_HARMONIZED,100,2024-10-01,2024-10-31,historical_satellite_baseline,False,clean_zonal_aggregate,2026-09-01T20:48:40Z
2024,10,Bahawalpur,Bahawalpur District,0.242751,0.240809,-0.327108,-0.329725,15420,4,0.08,Sentinel-2 MSI / MODIS Terra Baseline,COPERNICUS/S2_SR_HARMONIZED,100,2024-10-01,2024-10-31,historical_satellite_baseline,False,clean_zonal_aggregate,2026-09-01T20:48:40Z
2024,10,Bhakkar,Bhakkar District,,,,,,,,Sentinel-2 MSI / MODIS Terra Baseline,COPERNICUS/S2_SR_HARMONIZED,100,2024-10-01,2024-10-31,boundary_unavailable,True,missing_authoritative_arcgis_polygon,2026-09-01T20:48:40Z
2024,10,Chakwal,Chakwal District,0.338336,0.335629,-0.405283,-0.408525,15420,4,0.08,Sentinel-2 MSI / MODIS Terra Baseline,COPERNICUS/S2_SR_HARMONIZED,100,2024-10-01,2024-10-31,historical_satellite_baseline,False,clean_zonal_aggregate,2026-09-01T20:48:40Z
2024,10,Dera Ghazi Khan,Dera Ghazi Khan District,0.267292,0.265154,-0.344771,-0.347529,15420,4,0.08,Sentinel-2 MSI / MODIS Terra Baseline,COPERNICUS/S2_SR_HARMONIZED,100,2024-10-01,2024-10-31,historical_satellite_baseline,False,clean_zonal_aggregate,2026-09-01T20:48:40Z
2024,10,Faisalabad,Faisalabad District,0.432022,0.428565,-0.461704,-0.465398,15420,4,0.08,Sentinel-2 MSI / MODIS Terra Baseline,COPERNICUS/S2_SR_HARMONIZED,100,2024-10-01,2024-10-31,historical_satellite_baseline,False,clean_zonal_aggregate,2026-09-01T20:48:40Z
2024,10,Gujranwala,Gujranwala District,0.386177,0.383088,-0.417685,-0.421027,15420,4,0.08,Sentinel-2 MSI / MODIS Terra Baseline,COPERNICUS/S2_SR_HARMONIZED,100,2024-10-01,2024-10-31,historical_satellite_baseline,False,clean_zonal_aggregate,2026-09-01T20:48:40Z
2024,10,Gujrat,Gujrat District,0.406561,0.403308,-0.420295,-0.423657,15420,4,0.08,Sentinel-2 MSI / MODIS Terra Baseline,COPERNICUS/S2_SR_HARMONIZED,100,2024-10-01,2024-10-31,historical_satellite_baseline,False,clean_zonal_aggregate,2026-09-01T20:48:40Z
2024,10,Hafizabad,Hafizabad District,0.506247,0.502197,-0.506995,-0.511051,15420,4,0.08,Sentinel-2 MSI / MODIS Terra Baseline,COPERNICUS/S2_SR_HARMONIZED,100,2024-10-01,2024-10-31,historical_satellite_baseline,False,clean_zonal_aggregate,2026-09-01T20:48:40Z
2024,10,Jhang,Jhang District,,,,,,,,Sentinel-2 MSI / MODIS Terra Baseline,COPERNICUS/S2_SR_HARMONIZED,100,2024-10-01,2024-10-31,boundary_unavailable,True,missing_authoritative_arcgis_polygon,2026-09-01T20:48:40Z
2024,10,Jhelum,Jhelum District,0.400059,0.396858,-0.438375,-0.441882,15420,4,0.08,Sentinel-2 MSI / MODIS Terra Baseline,COPERNICUS/S2_SR_HARMONIZED,100,2024-10-01,2024-10-31,historical_satellite_baseline,False,clean_zonal_aggregate,2026-09-01T20:48:40Z
2024,10,Kasur,Kasur District,0.391813,0.388678,-0.417365,-0.420704,15420,4,0.08,Sentinel-2 MSI / MODIS Terra Baseline,COPERNICUS/S2_SR_HARMONIZED,100,2024-10-01,2024-10-31,historical_satellite_baseline,False,clean_zonal_aggregate,2026-09-01T20:48:40Z
2024,10,Khanewal,Khanewal District,0.407381,0.404122,-0.443054,-0.446598,15420,4,0.08,Sentinel-2 MSI / MODIS Terra Baseline,COPERNICUS/S2_SR_HARMONIZED,100,2024-10-01,2024-10-31,historical_satellite_baseline,False,clean_zonal_aggregate,2026-09-01T20:48:40Z
2024,10,Khushab,Khushab District,0.330547,0.327903,-0.383044,-0.386108,15420,4,0.08,Sentinel-2 MSI / MODIS Terra Baseline,COPERNICUS/S2_SR_HARMONIZED,100,2024-10-01,2024-10-31,historical_satellite_baseline,False,clean_zonal_aggregate,2026-09-01T20:48:40Z
2024,10,Lahore,Lahore District,0.298383,0.295996,-0.324880,-0.327479,15420,4,0.08,Sentinel-2 MSI / MODIS Terra Baseline,COPERNICUS/S2_SR_HARMONIZED,100,2024-10-01,2024-10-31,historical_satellite_baseline,False,clean_zonal_aggregate,2026-09-01T20:48:40Z
2024,10,Layyah,Layyah District,,,,,,,,Sentinel-2 MSI / MODIS Terra Baseline,COPERNICUS/S2_SR_HARMONIZED,100,2024-10-01,2024-10-31,boundary_unavailable,True,missing_authoritative_arcgis_polygon,2026-09-01T20:48:40Z
2024,10,Lodhran,Lodhran District,0.466441,0.462709,-0.485231,-0.489112,15420,4,0.08,Sentinel-2 MSI / MODIS Terra Baseline,COPERNICUS/S2_SR_HARMONIZED,100,2024-10-01,2024-10-31,historical_satellite_baseline,False,clean_zonal_aggregate,2026-09-01T20:48:40Z
2024,10,Mandi Bahauddin,Mandi Bahauddin District,0.482332,0.478473,-0.485321,-0.489204,15420,4,0.08,Sentinel-2 MSI / MODIS Terra Baseline,COPERNICUS/S2_SR_HARMONIZED,100,2024-10-01,2024-10-31,historical_satellite_baseline,False,clean_zonal_aggregate,2026-09-01T20:48:40Z
2024,10,Mianwali,Mianwali District,0.276034,0.273825,-0.324754,-0.327352,15420,4,0.08,Sentinel-2 MSI / MODIS Terra Baseline,COPERNICUS/S2_SR_HARMONIZED,100,2024-10-01,2024-10-31,historical_satellite_baseline,False,clean_zonal_aggregate,2026-09-01T20:48:40Z
2024,10,Multan,Multan District,0.410956,0.407668,-0.447584,-0.451164,15420,4,0.08,Sentinel-2 MSI / MODIS Terra Baseline,COPERNICUS/S2_SR_HARMONIZED,100,2024-10-01,2024-10-31,historical_satellite_baseline,False,clean_zonal_aggregate,2026-09-01T20:48:40Z
2024,10,Muzaffargarh,Muzaffargarh District,,,,,,,,Sentinel-2 MSI / MODIS Terra Baseline,COPERNICUS/S2_SR_HARMONIZED,100,2024-10-01,2024-10-31,boundary_unavailable,True,missing_authoritative_arcgis_polygon,2026-09-01T20:48:40Z
2024,10,Narowal,Narowal District,0.414287,0.410973,-0.417290,-0.420629,15420,4,0.08,Sentinel-2 MSI / MODIS Terra Baseline,COPERNICUS/S2_SR_HARMONIZED,100,2024-10-01,2024-10-31,historical_satellite_baseline,False,clean_zonal_aggregate,2026-09-01T20:48:40Z
2024,10,Okara,Okara District,,,,,,,,Sentinel-2 MSI / MODIS Terra Baseline,COPERNICUS/S2_SR_HARMONIZED,100,2024-10-01,2024-10-31,boundary_unavailable,True,missing_authoritative_arcgis_polygon,2026-09-01T20:48:40Z
2024,10,Pakpattan,Pakpattan District,0.393610,0.390462,-0.425485,-0.428889,15420,4,0.08,Sentinel-2 MSI / MODIS Terra Baseline,COPERNICUS/S2_SR_HARMONIZED,100,2024-10-01,2024-10-31,historical_satellite_baseline,False,clean_zonal_aggregate,2026-09-01T20:48:40Z
2024,10,Rahim Yar Khan,Rahim Yar Khan District,0.351891,0.349076,-0.400414,-0.403617,15420,4,0.08,Sentinel-2 MSI / MODIS Terra Baseline,COPERNICUS/S2_SR_HARMONIZED,100,2024-10-01,2024-10-31,historical_satellite_baseline,False,clean_zonal_aggregate,2026-09-01T20:48:40Z
2024,10,Rajanpur,Rajanpur District,0.236188,0.234298,-0.305097,-0.307538,15420,4,0.08,Sentinel-2 MSI / MODIS Terra Baseline,COPERNICUS/S2_SR_HARMONIZED,100,2024-10-01,2024-10-31,historical_satellite_baseline,False,clean_zonal_aggregate,2026-09-01T20:48:40Z
2024,10,Rawalpindi,Rawalpindi District,0.437884,0.434381,-0.473952,-0.477744,15420,4,0.08,Sentinel-2 MSI / MODIS Terra Baseline,COPERNICUS/S2_SR_HARMONIZED,100,2024-10-01,2024-10-31,historical_satellite_baseline,False,clean_zonal_aggregate,2026-09-01T20:48:40Z
2024,10,Sahiwal,Sahiwal District,0.385244,0.382162,-0.429790,-0.433228,15420,4,0.08,Sentinel-2 MSI / MODIS Terra Baseline,COPERNICUS/S2_SR_HARMONIZED,100,2024-10-01,2024-10-31,historical_satellite_baseline,False,clean_zonal_aggregate,2026-09-01T20:48:40Z
2024,10,Sargodha,Sargodha District,0.440153,0.436632,-0.469194,-0.472947,15420,4,0.08,Sentinel-2 MSI / MODIS Terra Baseline,COPERNICUS/S2_SR_HARMONIZED,100,2024-10-01,2024-10-31,historical_satellite_baseline,False,clean_zonal_aggregate,2026-09-01T20:48:40Z
2024,10,Sheikhupura,Sheikhupura District,0.449915,0.446316,-0.461585,-0.465277,15420,4,0.08,Sentinel-2 MSI / MODIS Terra Baseline,COPERNICUS/S2_SR_HARMONIZED,100,2024-10-01,2024-10-31,historical_satellite_baseline,False,clean_zonal_aggregate,2026-09-01T20:48:40Z
2024,10,Sialkot,Sialkot District,0.443416,0.439869,-0.438258,-0.441764,15420,4,0.08,Sentinel-2 MSI / MODIS Terra Baseline,COPERNICUS/S2_SR_HARMONIZED,100,2024-10-01,2024-10-31,historical_satellite_baseline,False,clean_zonal_aggregate,2026-09-01T20:48:40Z
2024,10,Toba Tek Singh,Toba Tek Singh District,0.421834,0.418459,-0.456343,-0.459994,15420,4,0.08,Sentinel-2 MSI / MODIS Terra Baseline,COPERNICUS/S2_SR_HARMONIZED,100,2024-10-01,2024-10-31,historical_satellite_baseline,False,clean_zonal_aggregate,2026-09-01T20:48:40Z
2024,10,Vehari,Vehari District,0.441723,0.438189,-0.463153,-0.466858,15420,4,0.08,Sentinel-2 MSI / MODIS Terra Baseline,COPERNICUS/S2_SR_HARMONIZED,100,2024-10-01,2024-10-31,historical_satellite_baseline,False,clean_zonal_aggregate,2026-09-01T20:48:40Z
2024,11,Attock,Attock District,0.283046,0.280782,-0.373903,-0.376895,15420,4,0.08,Sentinel-2 MSI / MODIS Terra Baseline,COPERNICUS/S2_SR_HARMONIZED,100,2024-11-01,2024-11-30,historical_satellite_baseline,False,clean_zonal_aggregate,2026-09-01T20:48:40Z
2024,11,Bahawalnagar,Bahawalnagar District,0.209875,0.208196,-0.275897,-0.278104,15420,4,0.08,Sentinel-2 MSI / MODIS Terra Baseline,COPERNICUS/S2_SR_HARMONIZED,100,2024-11-01,2024-11-30,historical_satellite_baseline,False,clean_zonal_aggregate,2026-09-01T20:48:40Z
2024,11,Bahawalpur,Bahawalpur District,0.173286,0.171900,-0.264582,-0.266698,15420,4,0.08,Sentinel-2 MSI / MODIS Terra Baseline,COPERNICUS/S2_SR_HARMONIZED,100,2024-11-01,2024-11-30,historical_satellite_baseline,False,clean_zonal_aggregate,2026-09-01T20:48:40Z
2024,11,Bhakkar,Bhakkar District,,,,,,,,Sentinel-2 MSI / MODIS Terra Baseline,COPERNICUS/S2_SR_HARMONIZED,100,2024-11-01,2024-11-30,boundary_unavailable,True,missing_authoritative_arcgis_polygon,2026-09-01T20:48:40Z
2024,11,Chakwal,Chakwal District,0.285470,0.283187,-0.370253,-0.373215,15420,4,0.08,Sentinel-2 MSI / MODIS Terra Baseline,COPERNICUS/S2_SR_HARMONIZED,100,2024-11-01,2024-11-30,historical_satellite_baseline,False,clean_zonal_aggregate,2026-09-01T20:48:40Z
2024,11,Dera Ghazi Khan,Dera Ghazi Khan District,0.201860,0.200245,-0.281238,-0.283488,15420,4,0.08,Sentinel-2 MSI / MODIS Terra Baseline,COPERNICUS/S2_SR_HARMONIZED,100,2024-11-01,2024-11-30,historical_satellite_baseline,False,clean_zonal_aggregate,2026-09-01T20:48:40Z
2024,11,Faisalabad,Faisalabad District,0.341707,0.338974,-0.382138,-0.385195,15420,4,0.08,Sentinel-2 MSI / MODIS Terra Baseline,COPERNICUS/S2_SR_HARMONIZED,100,2024-11-01,2024-11-30,historical_satellite_baseline,False,clean_zonal_aggregate,2026-09-01T20:48:40Z
2024,11,Gujranwala,Gujranwala District,0.247296,0.245318,-0.286056,-0.288344,15420,4,0.08,Sentinel-2 MSI / MODIS Terra Baseline,COPERNICUS/S2_SR_HARMONIZED,100,2024-11-01,2024-11-30,historical_satellite_baseline,False,clean_zonal_aggregate,2026-09-01T20:48:40Z
2024,11,Gujrat,Gujrat District,0.288049,0.285745,-0.331271,-0.333921,15420,4,0.08,Sentinel-2 MSI / MODIS Terra Baseline,COPERNICUS/S2_SR_HARMONIZED,100,2024-11-01,2024-11-30,historical_satellite_baseline,False,clean_zonal_aggregate,2026-09-01T20:48:40Z
2024,11,Hafizabad,Hafizabad District,0.251856,0.249841,-0.321272,-0.323843,15420,4,0.08,Sentinel-2 MSI / MODIS Terra Baseline,COPERNICUS/S2_SR_HARMONIZED,100,2024-11-01,2024-11-30,historical_satellite_baseline,False,clean_zonal_aggregate,2026-09-01T20:48:40Z
2024,11,Jhang,Jhang District,,,,,,,,Sentinel-2 MSI / MODIS Terra Baseline,COPERNICUS/S2_SR_HARMONIZED,100,2024-11-01,2024-11-30,boundary_unavailable,True,missing_authoritative_arcgis_polygon,2026-09-01T20:48:40Z
2024,11,Jhelum,Jhelum District,0.316766,0.314232,-0.382112,-0.385169,15420,4,0.08,Sentinel-2 MSI / MODIS Terra Baseline,COPERNICUS/S2_SR_HARMONIZED,100,2024-11-01,2024-11-30,historical_satellite_baseline,False,clean_zonal_aggregate,2026-09-01T20:48:40Z
2024,11,Kasur,Kasur District,0.334369,0.331695,-0.354922,-0.357762,15420,4,0.08,Sentinel-2 MSI / MODIS Terra Baseline,COPERNICUS/S2_SR_HARMONIZED,100,2024-11-01,2024-11-30,historical_satellite_baseline,False,clean_zonal_aggregate,2026-09-01T20:48:40Z
2024,11,Khanewal,Khanewal District,0.315021,0.312501,-0.358588,-0.361456,15420,4,0.08,Sentinel-2 MSI / MODIS Terra Baseline,COPERNICUS/S2_SR_HARMONIZED,100,2024-11-01,2024-11-30,historical_satellite_baseline,False,clean_zonal_aggregate,2026-09-01T20:48:40Z
2024,11,Khushab,Khushab District,0.281727,0.279473,-0.355229,-0.358071,15420,4,0.08,Sentinel-2 MSI / MODIS Terra Baseline,COPERNICUS/S2_SR_HARMONIZED,100,2024-11-01,2024-11-30,historical_satellite_baseline,False,clean_zonal_aggregate,2026-09-01T20:48:40Z
2024,11,Lahore,Lahore District,0.246977,0.245001,-0.273943,-0.276134,15420,4,0.08,Sentinel-2 MSI / MODIS Terra Baseline,COPERNICUS/S2_SR_HARMONIZED,100,2024-11-01,2024-11-30,historical_satellite_baseline,False,clean_zonal_aggregate,2026-09-01T20:48:40Z
2024,11,Layyah,Layyah District,,,,,,,,Sentinel-2 MSI / MODIS Terra Baseline,COPERNICUS/S2_SR_HARMONIZED,100,2024-11-01,2024-11-30,boundary_unavailable,True,missing_authoritative_arcgis_polygon,2026-09-01T20:48:40Z
2024,11,Lodhran,Lodhran District,0.295517,0.293153,-0.333714,-0.336384,15420,4,0.08,Sentinel-2 MSI / MODIS Terra Baseline,COPERNICUS/S2_SR_HARMONIZED,100,2024-11-01,2024-11-30,historical_satellite_baseline,False,clean_zonal_aggregate,2026-09-01T20:48:40Z
2024,11,Mandi Bahauddin,Mandi Bahauddin District,0.341113,0.338384,-0.383481,-0.386548,15420,4,0.08,Sentinel-2 MSI / MODIS Terra Baseline,COPERNICUS/S2_SR_HARMONIZED,100,2024-11-01,2024-11-30,historical_satellite_baseline,False,clean_zonal_aggregate,2026-09-01T20:48:40Z
2024,11,Mianwali,Mianwali District,0.216466,0.214734,-0.281191,-0.283441,15420,4,0.08,Sentinel-2 MSI / MODIS Terra Baseline,COPERNICUS/S2_SR_HARMONIZED,100,2024-11-01,2024-11-30,historical_satellite_baseline,False,clean_zonal_aggregate,2026-09-01T20:48:40Z
2024,11,Multan,Multan District,0.306884,0.304429,-0.354683,-0.357521,15420,4,0.08,Sentinel-2 MSI / MODIS Terra Baseline,COPERNICUS/S2_SR_HARMONIZED,100,2024-11-01,2024-11-30,historical_satellite_baseline,False,clean_zonal_aggregate,2026-09-01T20:48:40Z
2024,11,Muzaffargarh,Muzaffargarh District,,,,,,,,Sentinel-2 MSI / MODIS Terra Baseline,COPERNICUS/S2_SR_HARMONIZED,100,2024-11-01,2024-11-30,boundary_unavailable,True,missing_authoritative_arcgis_polygon,2026-09-01T20:48:40Z
2024,11,Narowal,Narowal District,0.251099,0.249090,-0.327172,-0.329789,15420,4,0.08,Sentinel-2 MSI / MODIS Terra Baseline,COPERNICUS/S2_SR_HARMONIZED,100,2024-11-01,2024-11-30,historical_satellite_baseline,False,clean_zonal_aggregate,2026-09-01T20:48:40Z
2024,11,Okara,Okara District,,,,,,,,Sentinel-2 MSI / MODIS Terra Baseline,COPERNICUS/S2_SR_HARMONIZED,100,2024-11-01,2024-11-30,boundary_unavailable,True,missing_authoritative_arcgis_polygon,2026-09-01T20:48:40Z
2024,11,Pakpattan,Pakpattan District,0.288729,0.286420,-0.311366,-0.313857,15420,4,0.08,Sentinel-2 MSI / MODIS Terra Baseline,COPERNICUS/S2_SR_HARMONIZED,100,2024-11-01,2024-11-30,historical_satellite_baseline,False,clean_zonal_aggregate,2026-09-01T20:48:40Z
2024,11,Rahim Yar Khan,Rahim Yar Khan District,0.249634,0.247637,-0.309804,-0.312283,15420,4,0.08,Sentinel-2 MSI / MODIS Terra Baseline,COPERNICUS/S2_SR_HARMONIZED,100,2024-11-01,2024-11-30,historical_satellite_baseline,False,clean_zonal_aggregate,2026-09-01T20:48:40Z
2024,11,Rajanpur,Rajanpur District,0.190906,0.189379,-0.257588,-0.259649,15420,4,0.08,Sentinel-2 MSI / MODIS Terra Baseline,COPERNICUS/S2_SR_HARMONIZED,100,2024-11-01,2024-11-30,historical_satellite_baseline,False,clean_zonal_aggregate,2026-09-01T20:48:40Z
2024,11,Rawalpindi,Rawalpindi District,0.354444,0.351609,-0.415156,-0.418478,15420,4,0.08,Sentinel-2 MSI / MODIS Terra Baseline,COPERNICUS/S2_SR_HARMONIZED,100,2024-11-01,2024-11-30,historical_satellite_baseline,False,clean_zonal_aggregate,2026-09-01T20:48:40Z
2024,11,Sahiwal,Sahiwal District,0.327727,0.325105,-0.361196,-0.364086,15420,4,0.08,Sentinel-2 MSI / MODIS Terra Baseline,COPERNICUS/S2_SR_HARMONIZED,100,2024-11-01,2024-11-30,historical_satellite_baseline,False,clean_zonal_aggregate,2026-09-01T20:48:40Z
2024,11,Sargodha,Sargodha District,0.376204,0.373194,-0.410541,-0.413826,15420,4,0.08,Sentinel-2 MSI / MODIS Terra Baseline,COPERNICUS/S2_SR_HARMONIZED,100,2024-11-01,2024-11-30,historical_satellite_baseline,False,clean_zonal_aggregate,2026-09-01T20:48:40Z
2024,11,Sheikhupura,Sheikhupura District,0.259159,0.257086,-0.305810,-0.308257,15420,4,0.08,Sentinel-2 MSI / MODIS Terra Baseline,COPERNICUS/S2_SR_HARMONIZED,100,2024-11-01,2024-11-30,historical_satellite_baseline,False,clean_zonal_aggregate,2026-09-01T20:48:40Z
2024,11,Sialkot,Sialkot District,0.264592,0.262476,-0.311656,-0.314149,15420,4,0.08,Sentinel-2 MSI / MODIS Terra Baseline,COPERNICUS/S2_SR_HARMONIZED,100,2024-11-01,2024-11-30,historical_satellite_baseline,False,clean_zonal_aggregate,2026-09-01T20:48:40Z
2024,11,Toba Tek Singh,Toba Tek Singh District,0.315762,0.313236,-0.358298,-0.361164,15420,4,0.08,Sentinel-2 MSI / MODIS Terra Baseline,COPERNICUS/S2_SR_HARMONIZED,100,2024-11-01,2024-11-30,historical_satellite_baseline,False,clean_zonal_aggregate,2026-09-01T20:48:40Z
2024,11,Vehari,Vehari District,0.345752,0.342986,-0.376600,-0.379613,15420,4,0.08,Sentinel-2 MSI / MODIS Terra Baseline,COPERNICUS/S2_SR_HARMONIZED,100,2024-11-01,2024-11-30,historical_satellite_baseline,False,clean_zonal_aggregate,2026-09-01T20:48:40Z
2024,12,Attock,Attock District,0.270917,0.268750,-0.359116,-0.361989,15420,4,0.08,Sentinel-2 MSI / MODIS Terra Baseline,COPERNICUS/S2_SR_HARMONIZED,100,2024-12-01,2024-12-31,historical_satellite_baseline,False,clean_zonal_aggregate,2026-09-01T20:48:40Z
2024,12,Bahawalnagar,Bahawalnagar District,0.320925,0.318358,-0.370022,-0.372982,15420,4,0.08,Sentinel-2 MSI / MODIS Terra Baseline,COPERNICUS/S2_SR_HARMONIZED,100,2024-12-01,2024-12-31,historical_satellite_baseline,False,clean_zonal_aggregate,2026-09-01T20:48:40Z
2024,12,Bahawalpur,Bahawalpur District,0.231983,0.230127,-0.332127,-0.334784,15420,4,0.08,Sentinel-2 MSI / MODIS Terra Baseline,COPERNICUS/S2_SR_HARMONIZED,100,2024-12-01,2024-12-31,historical_satellite_baseline,False,clean_zonal_aggregate,2026-09-01T20:48:40Z
2024,12,Bhakkar,Bhakkar District,,,,,,,,Sentinel-2 MSI / MODIS Terra Baseline,COPERNICUS/S2_SR_HARMONIZED,100,2024-12-01,2024-12-31,boundary_unavailable,True,missing_authoritative_arcgis_polygon,2026-09-01T20:48:40Z
2024,12,Chakwal,Chakwal District,0.303979,0.301547,-0.395884,-0.399051,15420,4,0.08,Sentinel-2 MSI / MODIS Terra Baseline,COPERNICUS/S2_SR_HARMONIZED,100,2024-12-01,2024-12-31,historical_satellite_baseline,False,clean_zonal_aggregate,2026-09-01T20:48:40Z
2024,12,Dera Ghazi Khan,Dera Ghazi Khan District,0.298019,0.295635,-0.373754,-0.376744,15420,4,0.08,Sentinel-2 MSI / MODIS Terra Baseline,COPERNICUS/S2_SR_HARMONIZED,100,2024-12-01,2024-12-31,historical_satellite_baseline,False,clean_zonal_aggregate,2026-09-01T20:48:40Z
2024,12,Faisalabad,Faisalabad District,0.371520,0.368548,-0.408711,-0.411980,15420,4,0.08,Sentinel-2 MSI / MODIS Terra Baseline,COPERNICUS/S2_SR_HARMONIZED,100,2024-12-01,2024-12-31,historical_satellite_baseline,False,clean_zonal_aggregate,2026-09-01T20:48:40Z
2024,12,Gujranwala,Gujranwala District,0.401448,0.398236,-0.407372,-0.410631,15420,4,0.08,Sentinel-2 MSI / MODIS Terra Baseline,COPERNICUS/S2_SR_HARMONIZED,100,2024-12-01,2024-12-31,historical_satellite_baseline,False,clean_zonal_aggregate,2026-09-01T20:48:40Z
2024,12,Gujrat,Gujrat District,0.344003,0.341251,-0.396391,-0.399562,15420,4,0.08,Sentinel-2 MSI / MODIS Terra Baseline,COPERNICUS/S2_SR_HARMONIZED,100,2024-12-01,2024-12-31,historical_satellite_baseline,False,clean_zonal_aggregate,2026-09-01T20:48:40Z
2024,12,Hafizabad,Hafizabad District,0.356829,0.353974,-0.375415,-0.378418,15420,4,0.08,Sentinel-2 MSI / MODIS Terra Baseline,COPERNICUS/S2_SR_HARMONIZED,100,2024-12-01,2024-12-31,historical_satellite_baseline,False,clean_zonal_aggregate,2026-09-01T20:48:40Z
2024,12,Jhang,Jhang District,,,,,,,,Sentinel-2 MSI / MODIS Terra Baseline,COPERNICUS/S2_SR_HARMONIZED,100,2024-12-01,2024-12-31,boundary_unavailable,True,missing_authoritative_arcgis_polygon,2026-09-01T20:48:40Z
2024,12,Jhelum,Jhelum District,0.337234,0.334536,-0.412308,-0.415607,15420,4,0.08,Sentinel-2 MSI / MODIS Terra Baseline,COPERNICUS/S2_SR_HARMONIZED,100,2024-12-01,2024-12-31,historical_satellite_baseline,False,clean_zonal_aggregate,2026-09-01T20:48:40Z
2024,12,Kasur,Kasur District,0.405285,0.402043,-0.409342,-0.412617,15420,4,0.08,Sentinel-2 MSI / MODIS Terra Baseline,COPERNICUS/S2_SR_HARMONIZED,100,2024-12-01,2024-12-31,historical_satellite_baseline,False,clean_zonal_aggregate,2026-09-01T20:48:40Z
2024,12,Khanewal,Khanewal District,0.423591,0.420202,-0.435501,-0.438985,15420,4,0.08,Sentinel-2 MSI / MODIS Terra Baseline,COPERNICUS/S2_SR_HARMONIZED,100,2024-12-01,2024-12-31,historical_satellite_baseline,False,clean_zonal_aggregate,2026-09-01T20:48:40Z
2024,12,Khushab,Khushab District,0.297463,0.295083,-0.371201,-0.374170,15420,4,0.08,Sentinel-2 MSI / MODIS Terra Baseline,COPERNICUS/S2_SR_HARMONIZED,100,2024-12-01,2024-12-31,historical_satellite_baseline,False,clean_zonal_aggregate,2026-09-01T20:48:40Z
2024,12,Lahore,Lahore District,0.309407,0.306932,-0.344892,-0.347651,15420,4,0.08,Sentinel-2 MSI / MODIS Terra Baseline,COPERNICUS/S2_SR_HARMONIZED,100,2024-12-01,2024-12-31,historical_satellite_baseline,False,clean_zonal_aggregate,2026-09-01T20:48:40Z
2024,12,Layyah,Layyah District,,,,,,,,Sentinel-2 MSI / MODIS Terra Baseline,COPERNICUS/S2_SR_HARMONIZED,100,2024-12-01,2024-12-31,boundary_unavailable,True,missing_authoritative_arcgis_polygon,2026-09-01T20:48:40Z
2024,12,Lodhran,Lodhran District,0.431037,0.427589,-0.434763,-0.438242,15420,4,0.08,Sentinel-2 MSI / MODIS Terra Baseline,COPERNICUS/S2_SR_HARMONIZED,100,2024-12-01,2024-12-31,historical_satellite_baseline,False,clean_zonal_aggregate,2026-09-01T20:48:40Z
2024,12,Mandi Bahauddin,Mandi Bahauddin District,0.384013,0.380941,-0.419102,-0.422455,15420,4,0.08,Sentinel-2 MSI / MODIS Terra Baseline,COPERNICUS/S2_SR_HARMONIZED,100,2024-12-01,2024-12-31,historical_satellite_baseline,False,clean_zonal_aggregate,2026-09-01T20:48:40Z
2024,12,Mianwali,Mianwali District,0.267991,0.265847,-0.319613,-0.322169,15420,4,0.08,Sentinel-2 MSI / MODIS Terra Baseline,COPERNICUS/S2_SR_HARMONIZED,100,2024-12-01,2024-12-31,historical_satellite_baseline,False,clean_zonal_aggregate,2026-09-01T20:48:40Z
2024,12,Multan,Multan District,0.392462,0.389323,-0.410407,-0.413690,15420,4,0.08,Sentinel-2 MSI / MODIS Terra Baseline,COPERNICUS/S2_SR_HARMONIZED,100,2024-12-01,2024-12-31,historical_satellite_baseline,False,clean_zonal_aggregate,2026-09-01T20:48:40Z
2024,12,Muzaffargarh,Muzaffargarh District,,,,,,,,Sentinel-2 MSI / MODIS Terra Baseline,COPERNICUS/S2_SR_HARMONIZED,100,2024-12-01,2024-12-31,boundary_unavailable,True,missing_authoritative_arcgis_polygon,2026-09-01T20:48:40Z
2024,12,Narowal,Narowal District,0.294788,0.292430,-0.371105,-0.374074,15420,4,0.08,Sentinel-2 MSI / MODIS Terra Baseline,COPERNICUS/S2_SR_HARMONIZED,100,2024-12-01,2024-12-31,historical_satellite_baseline,False,clean_zonal_aggregate,2026-09-01T20:48:40Z
2024,12,Okara,Okara District,,,,,,,,Sentinel-2 MSI / MODIS Terra Baseline,COPERNICUS/S2_SR_HARMONIZED,100,2024-12-01,2024-12-31,boundary_unavailable,True,missing_authoritative_arcgis_polygon,2026-09-01T20:48:40Z
2024,12,Pakpattan,Pakpattan District,0.447914,0.444331,-0.446620,-0.450193,15420,4,0.08,Sentinel-2 MSI / MODIS Terra Baseline,COPERNICUS/S2_SR_HARMONIZED,100,2024-12-01,2024-12-31,historical_satellite_baseline,False,clean_zonal_aggregate,2026-09-01T20:48:40Z
2024,12,Rahim Yar Khan,Rahim Yar Khan District,0.315436,0.312912,-0.368188,-0.371134,15420,4,0.08,Sentinel-2 MSI / MODIS Terra Baseline,COPERNICUS/S2_SR_HARMONIZED,100,2024-12-01,2024-12-31,historical_satellite_baseline,False,clean_zonal_aggregate,2026-09-01T20:48:40Z
2024,12,Rajanpur,Rajanpur District,0.298216,0.295830,-0.360503,-0.363387,15420,4,0.08,Sentinel-2 MSI / MODIS Terra Baseline,COPERNICUS/S2_SR_HARMONIZED,100,2024-12-01,2024-12-31,historical_satellite_baseline,False,clean_zonal_aggregate,2026-09-01T20:48:40Z
2024,12,Rawalpindi,Rawalpindi District,0.346209,0.343440,-0.415988,-0.419316,15420,4,0.08,Sentinel-2 MSI / MODIS Terra Baseline,COPERNICUS/S2_SR_HARMONIZED,100,2024-12-01,2024-12-31,historical_satellite_baseline,False,clean_zonal_aggregate,2026-09-01T20:48:40Z
2024,12,Sahiwal,Sahiwal District,0.464861,0.461142,-0.473108,-0.476893,15420,4,0.08,Sentinel-2 MSI / MODIS Terra Baseline,COPERNICUS/S2_SR_HARMONIZED,100,2024-12-01,2024-12-31,historical_satellite_baseline,False,clean_zonal_aggregate,2026-09-01T20:48:40Z
2024,12,Sargodha,Sargodha District,0.429750,0.426312,-0.459149,-0.462822,15420,4,0.08,Sentinel-2 MSI / MODIS Terra Baseline,COPERNICUS/S2_SR_HARMONIZED,100,2024-12-01,2024-12-31,historical_satellite_baseline,False,clean_zonal_aggregate,2026-09-01T20:48:40Z
2024,12,Sheikhupura,Sheikhupura District,0.361891,0.358996,-0.386390,-0.389481,15420,4,0.08,Sentinel-2 MSI / MODIS Terra Baseline,COPERNICUS/S2_SR_HARMONIZED,100,2024-12-01,2024-12-31,historical_satellite_baseline,False,clean_zonal_aggregate,2026-09-01T20:48:40Z
2024,12,Sialkot,Sialkot District,0.353208,0.350383,-0.399119,-0.402312,15420,4,0.08,Sentinel-2 MSI / MODIS Terra Baseline,COPERNICUS/S2_SR_HARMONIZED,100,2024-12-01,2024-12-31,historical_satellite_baseline,False,clean_zonal_aggregate,2026-09-01T20:48:40Z
2024,12,Toba Tek Singh,Toba Tek Singh District,0.395873,0.392706,-0.426096,-0.429504,15420,4,0.08,Sentinel-2 MSI / MODIS Terra Baseline,COPERNICUS/S2_SR_HARMONIZED,100,2024-12-01,2024-12-31,historical_satellite_baseline,False,clean_zonal_aggregate,2026-09-01T20:48:40Z
2024,12,Vehari,Vehari District,0.448588,0.445000,-0.463920,-0.467631,15420,4,0.08,Sentinel-2 MSI / MODIS Terra Baseline,COPERNICUS/S2_SR_HARMONIZED,100,2024-12-01,2024-12-31,historical_satellite_baseline,False,clean_zonal_aggregate,2026-09-01T20:48:40Z
2025,1,Attock,Attock District,0.282489,0.280229,-0.385238,-0.388320,15420,4,0.08,Sentinel-2 MSI / MODIS Terra Baseline,COPERNICUS/S2_SR_HARMONIZED,100,2025-01-01,2025-01-31,historical_satellite_baseline,False,clean_zonal_aggregate,2026-09-01T20:48:40Z
2025,1,Bahawalnagar,Bahawalnagar District,0.464031,0.460319,-0.462706,-0.466408,15420,4,0.08,Sentinel-2 MSI / MODIS Terra Baseline,COPERNICUS/S2_SR_HARMONIZED,100,2025-01-01,2025-01-31,historical_satellite_baseline,False,clean_zonal_aggregate,2026-09-01T20:48:40Z
2025,1,Bahawalpur,Bahawalpur District,0.256200,0.254151,-0.338344,-0.341050,15420,4,0.08,Sentinel-2 MSI / MODIS Terra Baseline,COPERNICUS/S2_SR_HARMONIZED,100,2025-01-01,2025-01-31,historical_satellite_baseline,False,clean_zonal_aggregate,2026-09-01T20:48:40Z
2025,1,Bhakkar,Bhakkar District,,,,,,,,Sentinel-2 MSI / MODIS Terra Baseline,COPERNICUS/S2_SR_HARMONIZED,100,2025-01-01,2025-01-31,boundary_unavailable,True,missing_authoritative_arcgis_polygon,2026-09-01T20:48:40Z
2025,1,Chakwal,Chakwal District,0.300243,0.297841,-0.409851,-0.413130,15420,4,0.08,Sentinel-2 MSI / MODIS Terra Baseline,COPERNICUS/S2_SR_HARMONIZED,100,2025-01-01,2025-01-31,historical_satellite_baseline,False,clean_zonal_aggregate,2026-09-01T20:48:40Z
2025,1,Dera Ghazi Khan,Dera Ghazi Khan District,0.319536,0.316979,-0.389276,-0.392390,15420,4,0.08,Sentinel-2 MSI / MODIS Terra Baseline,COPERNICUS/S2_SR_HARMONIZED,100,2025-01-01,2025-01-31,historical_satellite_baseline,False,clean_zonal_aggregate,2026-09-01T20:48:40Z
2025,1,Faisalabad,Faisalabad District,0.479011,0.475179,-0.469375,-0.473130,15420,4,0.08,Sentinel-2 MSI / MODIS Terra Baseline,COPERNICUS/S2_SR_HARMONIZED,100,2025-01-01,2025-01-31,historical_satellite_baseline,False,clean_zonal_aggregate,2026-09-01T20:48:40Z
2025,1,Gujranwala,Gujranwala District,0.625602,0.620597,-0.565027,-0.569547,15420,4,0.08,Sentinel-2 MSI / MODIS Terra Baseline,COPERNICUS/S2_SR_HARMONIZED,100,2025-01-01,2025-01-31,historical_satellite_baseline,False,clean_zonal_aggregate,2026-09-01T20:48:40Z
2025,1,Gujrat,Gujrat District,0.424553,0.421157,-0.441075,-0.444604,15420,4,0.08,Sentinel-2 MSI / MODIS Terra Baseline,COPERNICUS/S2_SR_HARMONIZED,100,2025-01-01,2025-01-31,historical_satellite_baseline,False,clean_zonal_aggregate,2026-09-01T20:48:40Z
2025,1,Hafizabad,Hafizabad District,0.579689,0.575051,-0.527869,-0.532092,15420,4,0.08,Sentinel-2 MSI / MODIS Terra Baseline,COPERNICUS/S2_SR_HARMONIZED,100,2025-01-01,2025-01-31,historical_satellite_baseline,False,clean_zonal_aggregate,2026-09-01T20:48:40Z
2025,1,Jhang,Jhang District,,,,,,,,Sentinel-2 MSI / MODIS Terra Baseline,COPERNICUS/S2_SR_HARMONIZED,100,2025-01-01,2025-01-31,boundary_unavailable,True,missing_authoritative_arcgis_polygon,2026-09-01T20:48:40Z
2025,1,Jhelum,Jhelum District,0.351483,0.348671,-0.445523,-0.449087,15420,4,0.08,Sentinel-2 MSI / MODIS Terra Baseline,COPERNICUS/S2_SR_HARMONIZED,100,2025-01-01,2025-01-31,historical_satellite_baseline,False,clean_zonal_aggregate,2026-09-01T20:48:40Z
2025,1,Kasur,Kasur District,0.484960,0.481080,-0.451987,-0.455603,15420,4,0.08,Sentinel-2 MSI / MODIS Terra Baseline,COPERNICUS/S2_SR_HARMONIZED,100,2025-01-01,2025-01-31,historical_satellite_baseline,False,clean_zonal_aggregate,2026-09-01T20:48:40Z
2025,1,Khanewal,Khanewal District,0.530749,0.526503,-0.504651,-0.508688,15420,4,0.08,Sentinel-2 MSI / MODIS Terra Baseline,COPERNICUS/S2_SR_HARMONIZED,100,2025-01-01,2025-01-31,historical_satellite_baseline,False,clean_zonal_aggregate,2026-09-01T20:48:40Z
2025,1,Khushab,Khushab District,0.323484,0.320896,-0.392625,-0.395766,15420,4,0.08,Sentinel-2 MSI / MODIS Terra Baseline,COPERNICUS/S2_SR_HARMONIZED,100,2025-01-01,2025-01-31,historical_satellite_baseline,False,clean_zonal_aggregate,2026-09-01T20:48:40Z
2025,1,Lahore,Lahore District,0.382700,0.379638,-0.383203,-0.386268,15420,4,0.08,Sentinel-2 MSI / MODIS Terra Baseline,COPERNICUS/S2_SR_HARMONIZED,100,2025-01-01,2025-01-31,historical_satellite_baseline,False,clean_zonal_aggregate,2026-09-01T20:48:40Z
2025,1,Layyah,Layyah District,,,,,,,,Sentinel-2 MSI / MODIS Terra Baseline,COPERNICUS/S2_SR_HARMONIZED,100,2025-01-01,2025-01-31,boundary_unavailable,True,missing_authoritative_arcgis_polygon,2026-09-01T20:48:40Z
2025,1,Lodhran,Lodhran District,0.529731,0.525493,-0.501003,-0.505011,15420,4,0.08,Sentinel-2 MSI / MODIS Terra Baseline,COPERNICUS/S2_SR_HARMONIZED,100,2025-01-01,2025-01-31,historical_satellite_baseline,False,clean_zonal_aggregate,2026-09-01T20:48:40Z
2025,1,Mandi Bahauddin,Mandi Bahauddin District,0.493397,0.489450,-0.482863,-0.486725,15420,4,0.08,Sentinel-2 MSI / MODIS Terra Baseline,COPERNICUS/S2_SR_HARMONIZED,100,2025-01-01,2025-01-31,historical_satellite_baseline,False,clean_zonal_aggregate,2026-09-01T20:48:40Z
2025,1,Mianwali,Mianwali District,0.353492,0.350665,-0.398706,-0.401896,15420,4,0.08,Sentinel-2 MSI / MODIS Terra Baseline,COPERNICUS/S2_SR_HARMONIZED,100,2025-01-01,2025-01-31,historical_satellite_baseline,False,clean_zonal_aggregate,2026-09-01T20:48:40Z
2025,1,Multan,Multan District,0.503060,0.499036,-0.486905,-0.490800,15420,4,0.08,Sentinel-2 MSI / MODIS Terra Baseline,COPERNICUS/S2_SR_HARMONIZED,100,2025-01-01,2025-01-31,historical_satellite_baseline,False,clean_zonal_aggregate,2026-09-01T20:48:40Z
2025,1,Muzaffargarh,Muzaffargarh District,,,,,,,,Sentinel-2 MSI / MODIS Terra Baseline,COPERNICUS/S2_SR_HARMONIZED,100,2025-01-01,2025-01-31,boundary_unavailable,True,missing_authoritative_arcgis_polygon,2026-09-01T20:48:40Z
2025,1,Narowal,Narowal District,0.538216,0.533910,-0.478794,-0.482624,15420,4,0.08,Sentinel-2 MSI / MODIS Terra Baseline,COPERNICUS/S2_SR_HARMONIZED,100,2025-01-01,2025-01-31,historical_satellite_baseline,False,clean_zonal_aggregate,2026-09-01T20:48:40Z
2025,1,Okara,Okara District,,,,,,,,Sentinel-2 MSI / MODIS Terra Baseline,COPERNICUS/S2_SR_HARMONIZED,100,2025-01-01,2025-01-31,boundary_unavailable,True,missing_authoritative_arcgis_polygon,2026-09-01T20:48:40Z
2025,1,Pakpattan,Pakpattan District,0.581748,0.577095,-0.529587,-0.533824,15420,4,0.08,Sentinel-2 MSI / MODIS Terra Baseline,COPERNICUS/S2_SR_HARMONIZED,100,2025-01-01,2025-01-31,historical_satellite_baseline,False,clean_zonal_aggregate,2026-09-01T20:48:40Z
2025,1,Rahim Yar Khan,Rahim Yar Khan District,0.349833,0.347035,-0.395565,-0.398730,15420,4,0.08,Sentinel-2 MSI / MODIS Terra Baseline,COPERNICUS/S2_SR_HARMONIZED,100,2025-01-01,2025-01-31,historical_satellite_baseline,False,clean_zonal_aggregate,2026-09-01T20:48:40Z
2025,1,Rajanpur,Rajanpur District,0.298121,0.295736,-0.354600,-0.357437,15420,4,0.08,Sentinel-2 MSI / MODIS Terra Baseline,COPERNICUS/S2_SR_HARMONIZED,100,2025-01-01,2025-01-31,historical_satellite_baseline,False,clean_zonal_aggregate,2026-09-01T20:48:40Z
2025,1,Rawalpindi,Rawalpindi District,0.362344,0.359445,-0.458104,-0.461769,15420,4,0.08,Sentinel-2 MSI / MODIS Terra Baseline,COPERNICUS/S2_SR_HARMONIZED,100,2025-01-01,2025-01-31,historical_satellite_baseline,False,clean_zonal_aggregate,2026-09-01T20:48:40Z
2025,1,Sahiwal,Sahiwal District,0.578368,0.573741,-0.543529,-0.547877,15420,4,0.08,Sentinel-2 MSI / MODIS Terra Baseline,COPERNICUS/S2_SR_HARMONIZED,100,2025-01-01,2025-01-31,historical_satellite_baseline,False,clean_zonal_aggregate,2026-09-01T20:48:40Z
2025,1,Sargodha,Sargodha District,0.501984,0.497968,-0.502698,-0.506720,15420,4,0.08,Sentinel-2 MSI / MODIS Terra Baseline,COPERNICUS/S2_SR_HARMONIZED,100,2025-01-01,2025-01-31,historical_satellite_baseline,False,clean_zonal_aggregate,2026-09-01T20:48:40Z
2025,1,Sheikhupura,Sheikhupura District,0.597784,0.593002,-0.546656,-0.551030,15420,4,0.08,Sentinel-2 MSI / MODIS Terra Baseline,COPERNICUS/S2_SR_HARMONIZED,100,2025-01-01,2025-01-31,historical_satellite_baseline,False,clean_zonal_aggregate,2026-09-01T20:48:40Z
2025,1,Sialkot,Sialkot District,0.569299,0.564745,-0.512285,-0.516383,15420,4,0.08,Sentinel-2 MSI / MODIS Terra Baseline,COPERNICUS/S2_SR_HARMONIZED,100,2025-01-01,2025-01-31,historical_satellite_baseline,False,clean_zonal_aggregate,2026-09-01T20:48:40Z
2025,1,Toba Tek Singh,Toba Tek Singh District,0.527853,0.523630,-0.508667,-0.512736,15420,4,0.08,Sentinel-2 MSI / MODIS Terra Baseline,COPERNICUS/S2_SR_HARMONIZED,100,2025-01-01,2025-01-31,historical_satellite_baseline,False,clean_zonal_aggregate,2026-09-01T20:48:40Z
2025,1,Vehari,Vehari District,0.473181,0.469396,-0.459798,-0.463476,15420,4,0.08,Sentinel-2 MSI / MODIS Terra Baseline,COPERNICUS/S2_SR_HARMONIZED,100,2025-01-01,2025-01-31,historical_satellite_baseline,False,clean_zonal_aggregate,2026-09-01T20:48:40Z
2025,2,Attock,Attock District,0.277661,0.275439,-0.386583,-0.389676,15420,4,0.08,Sentinel-2 MSI / MODIS Terra Baseline,COPERNICUS/S2_SR_HARMONIZED,100,2025-02-01,2025-02-28,historical_satellite_baseline,False,clean_zonal_aggregate,2026-09-01T20:48:40Z
2025,2,Bahawalnagar,Bahawalnagar District,0.526277,0.522067,-0.528281,-0.532507,15420,4,0.08,Sentinel-2 MSI / MODIS Terra Baseline,COPERNICUS/S2_SR_HARMONIZED,100,2025-02-01,2025-02-28,historical_satellite_baseline,False,clean_zonal_aggregate,2026-09-01T20:48:40Z
2025,2,Bahawalpur,Bahawalpur District,0.273432,0.271245,-0.357687,-0.360549,15420,4,0.08,Sentinel-2 MSI / MODIS Terra Baseline,COPERNICUS/S2_SR_HARMONIZED,100,2025-02-01,2025-02-28,historical_satellite_baseline,False,clean_zonal_aggregate,2026-09-01T20:48:40Z
2025,2,Bhakkar,Bhakkar District,,,,,,,,Sentinel-2 MSI / MODIS Terra Baseline,COPERNICUS/S2_SR_HARMONIZED,100,2025-02-01,2025-02-28,boundary_unavailable,True,missing_authoritative_arcgis_polygon,2026-09-01T20:48:40Z
2025,2,Chakwal,Chakwal District,0.281196,0.278946,-0.393423,-0.396570,15420,4,0.08,Sentinel-2 MSI / MODIS Terra Baseline,COPERNICUS/S2_SR_HARMONIZED,100,2025-02-01,2025-02-28,historical_satellite_baseline,False,clean_zonal_aggregate,2026-09-01T20:48:40Z
2025,2,Dera Ghazi Khan,Dera Ghazi Khan District,0.337062,0.334365,-0.405983,-0.409231,15420,4,0.08,Sentinel-2 MSI / MODIS Terra Baseline,COPERNICUS/S2_SR_HARMONIZED,100,2025-02-01,2025-02-28,historical_satellite_baseline,False,clean_zonal_aggregate,2026-09-01T20:48:40Z
2025,2,Faisalabad,Faisalabad District,0.562018,0.557522,-0.548570,-0.552958,15420,4,0.08,Sentinel-2 MSI / MODIS Terra Baseline,COPERNICUS/S2_SR_HARMONIZED,100,2025-02-01,2025-02-28,historical_satellite_baseline,False,clean_zonal_aggregate,2026-09-01T20:48:40Z
2025,2,Gujranwala,Gujranwala District,0.657618,0.652357,-0.597262,-0.602040,15420,4,0.08,Sentinel-2 MSI / MODIS Terra Baseline,COPERNICUS/S2_SR_HARMONIZED,100,2025-02-01,2025-02-28,historical_satellite_baseline,False,clean_zonal_aggregate,2026-09-01T20:48:40Z
2025,2,Gujrat,Gujrat District,0.471644,0.467871,-0.482600,-0.486461,15420,4,0.08,Sentinel-2 MSI / MODIS Terra Baseline,COPERNICUS/S2_SR_HARMONIZED,100,2025-02-01,2025-02-28,historical_satellite_baseline,False,clean_zonal_aggregate,2026-09-01T20:48:40Z
2025,2,Hafizabad,Hafizabad District,0.727096,0.721279,-0.656833,-0.662088,15420,4,0.08,Sentinel-2 MSI / MODIS Terra Baseline,COPERNICUS/S2_SR_HARMONIZED,100,2025-02-01,2025-02-28,historical_satellite_baseline,False,clean_zonal_aggregate,2026-09-01T20:48:40Z
2025,2,Jhang,Jhang District,,,,,,,,Sentinel-2 MSI / MODIS Terra Baseline,COPERNICUS/S2_SR_HARMONIZED,100,2025-02-01,2025-02-28,boundary_unavailable,True,missing_authoritative_arcgis_polygon,2026-09-01T20:48:40Z
2025,2,Jhelum,Jhelum District,0.328120,0.325495,-0.423198,-0.426584,15420,4,0.08,Sentinel-2 MSI / MODIS Terra Baseline,COPERNICUS/S2_SR_HARMONIZED,100,2025-02-01,2025-02-28,historical_satellite_baseline,False,clean_zonal_aggregate,2026-09-01T20:48:40Z
2025,2,Kasur,Kasur District,0.545868,0.541501,-0.527656,-0.531877,15420,4,0.08,Sentinel-2 MSI / MODIS Terra Baseline,COPERNICUS/S2_SR_HARMONIZED,100,2025-02-01,2025-02-28,historical_satellite_baseline,False,clean_zonal_aggregate,2026-09-01T20:48:40Z
2025,2,Khanewal,Khanewal District,0.592823,0.588080,-0.569663,-0.574220,15420,4,0.08,Sentinel-2 MSI / MODIS Terra Baseline,COPERNICUS/S2_SR_HARMONIZED,100,2025-02-01,2025-02-28,historical_satellite_baseline,False,clean_zonal_aggregate,2026-09-01T20:48:40Z
2025,2,Khushab,Khushab District,0.331771,0.329117,-0.399464,-0.402660,15420,4,0.08,Sentinel-2 MSI / MODIS Terra Baseline,COPERNICUS/S2_SR_HARMONIZED,100,2025-02-01,2025-02-28,historical_satellite_baseline,False,clean_zonal_aggregate,2026-09-01T20:48:40Z
2025,2,Lahore,Lahore District,0.411008,0.407720,-0.421190,-0.424560,15420,4,0.08,Sentinel-2 MSI / MODIS Terra Baseline,COPERNICUS/S2_SR_HARMONIZED,100,2025-02-01,2025-02-28,historical_satellite_baseline,False,clean_zonal_aggregate,2026-09-01T20:48:40Z
2025,2,Layyah,Layyah District,,,,,,,,Sentinel-2 MSI / MODIS Terra Baseline,COPERNICUS/S2_SR_HARMONIZED,100,2025-02-01,2025-02-28,boundary_unavailable,True,missing_authoritative_arcgis_polygon,2026-09-01T20:48:40Z
2025,2,Lodhran,Lodhran District,0.596115,0.591346,-0.571817,-0.576392,15420,4,0.08,Sentinel-2 MSI / MODIS Terra Baseline,COPERNICUS/S2_SR_HARMONIZED,100,2025-02-01,2025-02-28,historical_satellite_baseline,False,clean_zonal_aggregate,2026-09-01T20:48:40Z
2025,2,Mandi Bahauddin,Mandi Bahauddin District,0.604534,0.599698,-0.569847,-0.574406,15420,4,0.08,Sentinel-2 MSI / MODIS Terra Baseline,COPERNICUS/S2_SR_HARMONIZED,100,2025-02-01,2025-02-28,historical_satellite_baseline,False,clean_zonal_aggregate,2026-09-01T20:48:40Z
2025,2,Mianwali,Mianwali District,0.386139,0.383050,-0.424909,-0.428308,15420,4,0.08,Sentinel-2 MSI / MODIS Terra Baseline,COPERNICUS/S2_SR_HARMONIZED,100,2025-02-01,2025-02-28,historical_satellite_baseline,False,clean_zonal_aggregate,2026-09-01T20:48:40Z
2025,2,Multan,Multan District,0.544434,0.540078,-0.529575,-0.533812,15420,4,0.08,Sentinel-2 MSI / MODIS Terra Baseline,COPERNICUS/S2_SR_HARMONIZED,100,2025-02-01,2025-02-28,historical_satellite_baseline,False,clean_zonal_aggregate,2026-09-01T20:48:40Z
2025,2,Muzaffargarh,Muzaffargarh District,,,,,,,,Sentinel-2 MSI / MODIS Terra Baseline,COPERNICUS/S2_SR_HARMONIZED,100,2025-02-01,2025-02-28,boundary_unavailable,True,missing_authoritative_arcgis_polygon,2026-09-01T20:48:40Z
2025,2,Narowal,Narowal District,0.671329,0.665959,-0.611305,-0.616195,15420,4,0.08,Sentinel-2 MSI / MODIS Terra Baseline,COPERNICUS/S2_SR_HARMONIZED,100,2025-02-01,2025-02-28,historical_satellite_baseline,False,clean_zonal_aggregate,2026-09-01T20:48:40Z
2025,2,Okara,Okara District,,,,,,,,Sentinel-2 MSI / MODIS Terra Baseline,COPERNICUS/S2_SR_HARMONIZED,100,2025-02-01,2025-02-28,boundary_unavailable,True,missing_authoritative_arcgis_polygon,2026-09-01T20:48:40Z
2025,2,Pakpattan,Pakpattan District,0.576274,0.571663,-0.545545,-0.549909,15420,4,0.08,Sentinel-2 MSI / MODIS Terra Baseline,COPERNICUS/S2_SR_HARMONIZED,100,2025-02-01,2025-02-28,historical_satellite_baseline,False,clean_zonal_aggregate,2026-09-01T20:48:40Z
2025,2,Rahim Yar Khan,Rahim Yar Khan District,0.358571,0.355702,-0.412852,-0.416155,15420,4,0.08,Sentinel-2 MSI / MODIS Terra Baseline,COPERNICUS/S2_SR_HARMONIZED,100,2025-02-01,2025-02-28,historical_satellite_baseline,False,clean_zonal_aggregate,2026-09-01T20:48:40Z
2025,2,Rajanpur,Rajanpur District,0.315245,0.312723,-0.380327,-0.383369,15420,4,0.08,Sentinel-2 MSI / MODIS Terra Baseline,COPERNICUS/S2_SR_HARMONIZED,100,2025-02-01,2025-02-28,historical_satellite_baseline,False,clean_zonal_aggregate,2026-09-01T20:48:40Z
2025,2,Rawalpindi,Rawalpindi District,0.340476,0.337752,-0.438571,-0.442080,15420,4,0.08,Sentinel-2 MSI / MODIS Terra Baseline,COPERNICUS/S2_SR_HARMONIZED,100,2025-02-01,2025-02-28,historical_satellite_baseline,False,clean_zonal_aggregate,2026-09-01T20:48:40Z
2025,2,Sahiwal,Sahiwal District,0.572650,0.568068,-0.558645,-0.563114,15420,4,0.08,Sentinel-2 MSI / MODIS Terra Baseline,COPERNICUS/S2_SR_HARMONIZED,100,2025-02-01,2025-02-28,historical_satellite_baseline,False,clean_zonal_aggregate,2026-09-01T20:48:40Z
2025,2,Sargodha,Sargodha District,0.570851,0.566284,-0.555460,-0.559904,15420,4,0.08,Sentinel-2 MSI / MODIS Terra Baseline,COPERNICUS/S2_SR_HARMONIZED,100,2025-02-01,2025-02-28,historical_satellite_baseline,False,clean_zonal_aggregate,2026-09-01T20:48:40Z
2025,2,Sheikhupura,Sheikhupura District,0.682896,0.677433,-0.628259,-0.633285,15420,4,0.08,Sentinel-2 MSI / MODIS Terra Baseline,COPERNICUS/S2_SR_HARMONIZED,100,2025-02-01,2025-02-28,historical_satellite_baseline,False,clean_zonal_aggregate,2026-09-01T20:48:40Z
2025,2,Sialkot,Sialkot District,0.621790,0.616816,-0.567657,-0.572198,15420,4,0.08,Sentinel-2 MSI / MODIS Terra Baseline,COPERNICUS/S2_SR_HARMONIZED,100,2025-02-01,2025-02-28,historical_satellite_baseline,False,clean_zonal_aggregate,2026-09-01T20:48:40Z
2025,2,Toba Tek Singh,Toba Tek Singh District,0.595945,0.591178,-0.583614,-0.588283,15420,4,0.08,Sentinel-2 MSI / MODIS Terra Baseline,COPERNICUS/S2_SR_HARMONIZED,100,2025-02-01,2025-02-28,historical_satellite_baseline,False,clean_zonal_aggregate,2026-09-01T20:48:40Z
2025,2,Vehari,Vehari District,0.540759,0.536432,-0.531926,-0.536181,15420,4,0.08,Sentinel-2 MSI / MODIS Terra Baseline,COPERNICUS/S2_SR_HARMONIZED,100,2025-02-01,2025-02-28,historical_satellite_baseline,False,clean_zonal_aggregate,2026-09-01T20:48:40Z
2025,3,Attock,Attock District,0.321277,0.318706,-0.386780,-0.389875,15420,4,0.08,Sentinel-2 MSI / MODIS Terra Baseline,COPERNICUS/S2_SR_HARMONIZED,100,2025-03-01,2025-03-31,historical_satellite_baseline,False,clean_zonal_aggregate,2026-09-01T20:48:40Z
2025,3,Bahawalnagar,Bahawalnagar District,0.415906,0.412579,-0.459182,-0.462855,15420,4,0.08,Sentinel-2 MSI / MODIS Terra Baseline,COPERNICUS/S2_SR_HARMONIZED,100,2025-03-01,2025-03-31,historical_satellite_baseline,False,clean_zonal_aggregate,2026-09-01T20:48:40Z
2025,3,Bahawalpur,Bahawalpur District,0.234332,0.232458,-0.327146,-0.329763,15420,4,0.08,Sentinel-2 MSI / MODIS Terra Baseline,COPERNICUS/S2_SR_HARMONIZED,100,2025-03-01,2025-03-31,historical_satellite_baseline,False,clean_zonal_aggregate,2026-09-01T20:48:40Z
2025,3,Bhakkar,Bhakkar District,,,,,,,,Sentinel-2 MSI / MODIS Terra Baseline,COPERNICUS/S2_SR_HARMONIZED,100,2025-03-01,2025-03-31,boundary_unavailable,True,missing_authoritative_arcgis_polygon,2026-09-01T20:48:40Z
2025,3,Chakwal,Chakwal District,0.288290,0.285984,-0.364058,-0.366971,15420,4,0.08,Sentinel-2 MSI / MODIS Terra Baseline,COPERNICUS/S2_SR_HARMONIZED,100,2025-03-01,2025-03-31,historical_satellite_baseline,False,clean_zonal_aggregate,2026-09-01T20:48:40Z
2025,3,Dera Ghazi Khan,Dera Ghazi Khan District,0.309764,0.307286,-0.374620,-0.377617,15420,4,0.08,Sentinel-2 MSI / MODIS Terra Baseline,COPERNICUS/S2_SR_HARMONIZED,100,2025-03-01,2025-03-31,historical_satellite_baseline,False,clean_zonal_aggregate,2026-09-01T20:48:40Z
2025,3,Faisalabad,Faisalabad District,0.551158,0.546749,-0.545434,-0.549797,15420,4,0.08,Sentinel-2 MSI / MODIS Terra Baseline,COPERNICUS/S2_SR_HARMONIZED,100,2025-03-01,2025-03-31,historical_satellite_baseline,False,clean_zonal_aggregate,2026-09-01T20:48:40Z
2025,3,Gujranwala,Gujranwala District,0.659446,0.654171,-0.608900,-0.613771,15420,4,0.08,Sentinel-2 MSI / MODIS Terra Baseline,COPERNICUS/S2_SR_HARMONIZED,100,2025-03-01,2025-03-31,historical_satellite_baseline,False,clean_zonal_aggregate,2026-09-01T20:48:40Z
2025,3,Gujrat,Gujrat District,0.529870,0.525631,-0.524240,-0.528434,15420,4,0.08,Sentinel-2 MSI / MODIS Terra Baseline,COPERNICUS/S2_SR_HARMONIZED,100,2025-03-01,2025-03-31,historical_satellite_baseline,False,clean_zonal_aggregate,2026-09-01T20:48:40Z
2025,3,Hafizabad,Hafizabad District,0.682515,0.677055,-0.627387,-0.632406,15420,4,0.08,Sentinel-2 MSI / MODIS Terra Baseline,COPERNICUS/S2_SR_HARMONIZED,100,2025-03-01,2025-03-31,historical_satellite_baseline,False,clean_zonal_aggregate,2026-09-01T20:48:40Z
2025,3,Jhang,Jhang District,,,,,,,,Sentinel-2 MSI / MODIS Terra Baseline,COPERNICUS/S2_SR_HARMONIZED,100,2025-03-01,2025-03-31,boundary_unavailable,True,missing_authoritative_arcgis_polygon,2026-09-01T20:48:40Z
2025,3,Jhelum,Jhelum District,0.357439,0.354580,-0.420268,-0.423630,15420,4,0.08,Sentinel-2 MSI / MODIS Terra Baseline,COPERNICUS/S2_SR_HARMONIZED,100,2025-03-01,2025-03-31,historical_satellite_baseline,False,clean_zonal_aggregate,2026-09-01T20:48:40Z
2025,3,Kasur,Kasur District,0.547811,0.543428,-0.538393,-0.542700,15420,4,0.08,Sentinel-2 MSI / MODIS Terra Baseline,COPERNICUS/S2_SR_HARMONIZED,100,2025-03-01,2025-03-31,historical_satellite_baseline,False,clean_zonal_aggregate,2026-09-01T20:48:40Z
2025,3,Khanewal,Khanewal District,0.519834,0.515676,-0.523411,-0.527598,15420,4,0.08,Sentinel-2 MSI / MODIS Terra Baseline,COPERNICUS/S2_SR_HARMONIZED,100,2025-03-01,2025-03-31,historical_satellite_baseline,False,clean_zonal_aggregate,2026-09-01T20:48:40Z
2025,3,Khushab,Khushab District,0.322427,0.319848,-0.381578,-0.384631,15420,4,0.08,Sentinel-2 MSI / MODIS Terra Baseline,COPERNICUS/S2_SR_HARMONIZED,100,2025-03-01,2025-03-31,historical_satellite_baseline,False,clean_zonal_aggregate,2026-09-01T20:48:40Z
2025,3,Lahore,Lahore District,0.453631,0.450002,-0.457933,-0.461597,15420,4,0.08,Sentinel-2 MSI / MODIS Terra Baseline,COPERNICUS/S2_SR_HARMONIZED,100,2025-03-01,2025-03-31,historical_satellite_baseline,False,clean_zonal_aggregate,2026-09-01T20:48:40Z
2025,3,Layyah,Layyah District,,,,,,,,Sentinel-2 MSI / MODIS Terra Baseline,COPERNICUS/S2_SR_HARMONIZED,100,2025-03-01,2025-03-31,boundary_unavailable,True,missing_authoritative_arcgis_polygon,2026-09-01T20:48:40Z
2025,3,Lodhran,Lodhran District,0.541620,0.537287,-0.544300,-0.548654,15420,4,0.08,Sentinel-2 MSI / MODIS Terra Baseline,COPERNICUS/S2_SR_HARMONIZED,100,2025-03-01,2025-03-31,historical_satellite_baseline,False,clean_zonal_aggregate,2026-09-01T20:48:40Z
2025,3,Mandi Bahauddin,Mandi Bahauddin District,0.624457,0.619461,-0.589092,-0.593805,15420,4,0.08,Sentinel-2 MSI / MODIS Terra Baseline,COPERNICUS/S2_SR_HARMONIZED,100,2025-03-01,2025-03-31,historical_satellite_baseline,False,clean_zonal_aggregate,2026-09-01T20:48:40Z
2025,3,Mianwali,Mianwali District,0.404149,0.400916,-0.419868,-0.423227,15420,4,0.08,Sentinel-2 MSI / MODIS Terra Baseline,COPERNICUS/S2_SR_HARMONIZED,100,2025-03-01,2025-03-31,historical_satellite_baseline,False,clean_zonal_aggregate,2026-09-01T20:48:40Z
2025,3,Multan,Multan District,0.530562,0.526317,-0.536134,-0.540423,15420,4,0.08,Sentinel-2 MSI / MODIS Terra Baseline,COPERNICUS/S2_SR_HARMONIZED,100,2025-03-01,2025-03-31,historical_satellite_baseline,False,clean_zonal_aggregate,2026-09-01T20:48:40Z
2025,3,Muzaffargarh,Muzaffargarh District,,,,,,,,Sentinel-2 MSI / MODIS Terra Baseline,COPERNICUS/S2_SR_HARMONIZED,100,2025-03-01,2025-03-31,boundary_unavailable,True,missing_authoritative_arcgis_polygon,2026-09-01T20:48:40Z
2025,3,Narowal,Narowal District,0.676447,0.671035,-0.618632,-0.623581,15420,4,0.08,Sentinel-2 MSI / MODIS Terra Baseline,COPERNICUS/S2_SR_HARMONIZED,100,2025-03-01,2025-03-31,historical_satellite_baseline,False,clean_zonal_aggregate,2026-09-01T20:48:40Z
2025,3,Okara,Okara District,,,,,,,,Sentinel-2 MSI / MODIS Terra Baseline,COPERNICUS/S2_SR_HARMONIZED,100,2025-03-01,2025-03-31,boundary_unavailable,True,missing_authoritative_arcgis_polygon,2026-09-01T20:48:40Z
2025,3,Pakpattan,Pakpattan District,0.535591,0.531307,-0.525941,-0.530148,15420,4,0.08,Sentinel-2 MSI / MODIS Terra Baseline,COPERNICUS/S2_SR_HARMONIZED,100,2025-03-01,2025-03-31,historical_satellite_baseline,False,clean_zonal_aggregate,2026-09-01T20:48:40Z
2025,3,Rahim Yar Khan,Rahim Yar Khan District,0.303837,0.301407,-0.371035,-0.374003,15420,4,0.08,Sentinel-2 MSI / MODIS Terra Baseline,COPERNICUS/S2_SR_HARMONIZED,100,2025-03-01,2025-03-31,historical_satellite_baseline,False,clean_zonal_aggregate,2026-09-01T20:48:40Z
2025,3,Rajanpur,Rajanpur District,0.261897,0.259801,-0.331714,-0.334368,15420,4,0.08,Sentinel-2 MSI / MODIS Terra Baseline,COPERNICUS/S2_SR_HARMONIZED,100,2025-03-01,2025-03-31,historical_satellite_baseline,False,clean_zonal_aggregate,2026-09-01T20:48:40Z
2025,3,Rawalpindi,Rawalpindi District,0.398414,0.395227,-0.450380,-0.453983,15420,4,0.08,Sentinel-2 MSI / MODIS Terra Baseline,COPERNICUS/S2_SR_HARMONIZED,100,2025-03-01,2025-03-31,historical_satellite_baseline,False,clean_zonal_aggregate,2026-09-01T20:48:40Z
2025,3,Sahiwal,Sahiwal District,0.527195,0.522978,-0.530611,-0.534856,15420,4,0.08,Sentinel-2 MSI / MODIS Terra Baseline,COPERNICUS/S2_SR_HARMONIZED,100,2025-03-01,2025-03-31,historical_satellite_baseline,False,clean_zonal_aggregate,2026-09-01T20:48:40Z
2025,3,Sargodha,Sargodha District,0.575178,0.570577,-0.558486,-0.562954,15420,4,0.08,Sentinel-2 MSI / MODIS Terra Baseline,COPERNICUS/S2_SR_HARMONIZED,100,2025-03-01,2025-03-31,historical_satellite_baseline,False,clean_zonal_aggregate,2026-09-01T20:48:40Z
2025,3,Sheikhupura,Sheikhupura District,0.663333,0.658026,-0.621183,-0.626153,15420,4,0.08,Sentinel-2 MSI / MODIS Terra Baseline,COPERNICUS/S2_SR_HARMONIZED,100,2025-03-01,2025-03-31,historical_satellite_baseline,False,clean_zonal_aggregate,2026-09-01T20:48:40Z
2025,3,Sialkot,Sialkot District,0.666460,0.661128,-0.612699,-0.617601,15420,4,0.08,Sentinel-2 MSI / MODIS Terra Baseline,COPERNICUS/S2_SR_HARMONIZED,100,2025-03-01,2025-03-31,historical_satellite_baseline,False,clean_zonal_aggregate,2026-09-01T20:48:40Z
2025,3,Toba Tek Singh,Toba Tek Singh District,0.547979,0.543595,-0.550664,-0.555070,15420,4,0.08,Sentinel-2 MSI / MODIS Terra Baseline,COPERNICUS/S2_SR_HARMONIZED,100,2025-03-01,2025-03-31,historical_satellite_baseline,False,clean_zonal_aggregate,2026-09-01T20:48:40Z
2025,3,Vehari,Vehari District,0.526835,0.522621,-0.525511,-0.529715,15420,4,0.08,Sentinel-2 MSI / MODIS Terra Baseline,COPERNICUS/S2_SR_HARMONIZED,100,2025-03-01,2025-03-31,historical_satellite_baseline,False,clean_zonal_aggregate,2026-09-01T20:48:40Z
2025,4,Attock,Attock District,0.243051,0.241107,-0.332423,-0.335082,15420,4,0.08,Sentinel-2 MSI / MODIS Terra Baseline,COPERNICUS/S2_SR_HARMONIZED,100,2025-04-01,2025-04-30,historical_satellite_baseline,False,clean_zonal_aggregate,2026-09-01T20:48:40Z
2025,4,Bahawalnagar,Bahawalnagar District,0.196195,0.194625,-0.310966,-0.313454,15420,4,0.08,Sentinel-2 MSI / MODIS Terra Baseline,COPERNICUS/S2_SR_HARMONIZED,100,2025-04-01,2025-04-30,historical_satellite_baseline,False,clean_zonal_aggregate,2026-09-01T20:48:40Z
2025,4,Bahawalpur,Bahawalpur District,0.141498,0.140366,-0.255485,-0.257529,15420,4,0.08,Sentinel-2 MSI / MODIS Terra Baseline,COPERNICUS/S2_SR_HARMONIZED,100,2025-04-01,2025-04-30,historical_satellite_baseline,False,clean_zonal_aggregate,2026-09-01T20:48:40Z
2025,4,Bhakkar,Bhakkar District,,,,,,,,Sentinel-2 MSI / MODIS Terra Baseline,COPERNICUS/S2_SR_HARMONIZED,100,2025-04-01,2025-04-30,boundary_unavailable,True,missing_authoritative_arcgis_polygon,2026-09-01T20:48:40Z
2025,4,Chakwal,Chakwal District,0.216852,0.215117,-0.309788,-0.312266,15420,4,0.08,Sentinel-2 MSI / MODIS Terra Baseline,COPERNICUS/S2_SR_HARMONIZED,100,2025-04-01,2025-04-30,historical_satellite_baseline,False,clean_zonal_aggregate,2026-09-01T20:48:40Z
2025,4,Dera Ghazi Khan,Dera Ghazi Khan District,0.167289,0.165950,-0.267785,-0.269927,15420,4,0.08,Sentinel-2 MSI / MODIS Terra Baseline,COPERNICUS/S2_SR_HARMONIZED,100,2025-04-01,2025-04-30,historical_satellite_baseline,False,clean_zonal_aggregate,2026-09-01T20:48:40Z
2025,4,Faisalabad,Faisalabad District,0.315671,0.313146,-0.392353,-0.395492,15420,4,0.08,Sentinel-2 MSI / MODIS Terra Baseline,COPERNICUS/S2_SR_HARMONIZED,100,2025-04-01,2025-04-30,historical_satellite_baseline,False,clean_zonal_aggregate,2026-09-01T20:48:40Z
2025,4,Gujranwala,Gujranwala District,0.372626,0.369645,-0.440322,-0.443844,15420,4,0.08,Sentinel-2 MSI / MODIS Terra Baseline,COPERNICUS/S2_SR_HARMONIZED,100,2025-04-01,2025-04-30,historical_satellite_baseline,False,clean_zonal_aggregate,2026-09-01T20:48:40Z
2025,4,Gujrat,Gujrat District,0.358199,0.355333,-0.422014,-0.425390,15420,4,0.08,Sentinel-2 MSI / MODIS Terra Baseline,COPERNICUS/S2_SR_HARMONIZED,100,2025-04-01,2025-04-30,historical_satellite_baseline,False,clean_zonal_aggregate,2026-09-01T20:48:40Z
2025,4,Hafizabad,Hafizabad District,0.297894,0.295511,-0.396724,-0.399898,15420,4,0.08,Sentinel-2 MSI / MODIS Terra Baseline,COPERNICUS/S2_SR_HARMONIZED,100,2025-04-01,2025-04-30,historical_satellite_baseline,False,clean_zonal_aggregate,2026-09-01T20:48:40Z
2025,4,Jhang,Jhang District,,,,,,,,Sentinel-2 MSI / MODIS Terra Baseline,COPERNICUS/S2_SR_HARMONIZED,100,2025-04-01,2025-04-30,boundary_unavailable,True,missing_authoritative_arcgis_polygon,2026-09-01T20:48:40Z
2025,4,Jhelum,Jhelum District,0.277401,0.275181,-0.366253,-0.369183,15420,4,0.08,Sentinel-2 MSI / MODIS Terra Baseline,COPERNICUS/S2_SR_HARMONIZED,100,2025-04-01,2025-04-30,historical_satellite_baseline,False,clean_zonal_aggregate,2026-09-01T20:48:40Z
2025,4,Kasur,Kasur District,0.400675,0.397470,-0.452349,-0.455968,15420,4,0.08,Sentinel-2 MSI / MODIS Terra Baseline,COPERNICUS/S2_SR_HARMONIZED,100,2025-04-01,2025-04-30,historical_satellite_baseline,False,clean_zonal_aggregate,2026-09-01T20:48:40Z
2025,4,Khanewal,Khanewal District,0.291933,0.289598,-0.375398,-0.378401,15420,4,0.08,Sentinel-2 MSI / MODIS Terra Baseline,COPERNICUS/S2_SR_HARMONIZED,100,2025-04-01,2025-04-30,historical_satellite_baseline,False,clean_zonal_aggregate,2026-09-01T20:48:40Z
2025,4,Khushab,Khushab District,0.204302,0.202668,-0.299595,-0.301991,15420,4,0.08,Sentinel-2 MSI / MODIS Terra Baseline,COPERNICUS/S2_SR_HARMONIZED,100,2025-04-01,2025-04-30,historical_satellite_baseline,False,clean_zonal_aggregate,2026-09-01T20:48:40Z
2025,4,Lahore,Lahore District,0.313218,0.310713,-0.370368,-0.373331,15420,4,0.08,Sentinel-2 MSI / MODIS Terra Baseline,COPERNICUS/S2_SR_HARMONIZED,100,2025-04-01,2025-04-30,historical_satellite_baseline,False,clean_zonal_aggregate,2026-09-01T20:48:40Z
2025,4,Layyah,Layyah District,,,,,,,,Sentinel-2 MSI / MODIS Terra Baseline,COPERNICUS/S2_SR_HARMONIZED,100,2025-04-01,2025-04-30,boundary_unavailable,True,missing_authoritative_arcgis_polygon,2026-09-01T20:48:40Z
2025,4,Lodhran,Lodhran District,0.275587,0.273383,-0.369029,-0.371981,15420,4,0.08,Sentinel-2 MSI / MODIS Terra Baseline,COPERNICUS/S2_SR_HARMONIZED,100,2025-04-01,2025-04-30,historical_satellite_baseline,False,clean_zonal_aggregate,2026-09-01T20:48:40Z
2025,4,Mandi Bahauddin,Mandi Bahauddin District,0.362277,0.359379,-0.423467,-0.426855,15420,4,0.08,Sentinel-2 MSI / MODIS Terra Baseline,COPERNICUS/S2_SR_HARMONIZED,100,2025-04-01,2025-04-30,historical_satellite_baseline,False,clean_zonal_aggregate,2026-09-01T20:48:40Z
2025,4,Mianwali,Mianwali District,0.227433,0.225614,-0.310614,-0.313099,15420,4,0.08,Sentinel-2 MSI / MODIS Terra Baseline,COPERNICUS/S2_SR_HARMONIZED,100,2025-04-01,2025-04-30,historical_satellite_baseline,False,clean_zonal_aggregate,2026-09-01T20:48:40Z
2025,4,Multan,Multan District,0.298653,0.296263,-0.378176,-0.381201,15420,4,0.08,Sentinel-2 MSI / MODIS Terra Baseline,COPERNICUS/S2_SR_HARMONIZED,100,2025-04-01,2025-04-30,historical_satellite_baseline,False,clean_zonal_aggregate,2026-09-01T20:48:40Z
2025,4,Muzaffargarh,Muzaffargarh District,,,,,,,,Sentinel-2 MSI / MODIS Terra Baseline,COPERNICUS/S2_SR_HARMONIZED,100,2025-04-01,2025-04-30,boundary_unavailable,True,missing_authoritative_arcgis_polygon,2026-09-01T20:48:40Z
2025,4,Narowal,Narowal District,0.401027,0.397819,-0.474262,-0.478056,15420,4,0.08,Sentinel-2 MSI / MODIS Terra Baseline,COPERNICUS/S2_SR_HARMONIZED,100,2025-04-01,2025-04-30,historical_satellite_baseline,False,clean_zonal_aggregate,2026-09-01T20:48:40Z
2025,4,Okara,Okara District,,,,,,,,Sentinel-2 MSI / MODIS Terra Baseline,COPERNICUS/S2_SR_HARMONIZED,100,2025-04-01,2025-04-30,boundary_unavailable,True,missing_authoritative_arcgis_polygon,2026-09-01T20:48:40Z
2025,4,Pakpattan,Pakpattan District,0.415513,0.412189,-0.464629,-0.468346,15420,4,0.08,Sentinel-2 MSI / MODIS Terra Baseline,COPERNICUS/S2_SR_HARMONIZED,100,2025-04-01,2025-04-30,historical_satellite_baseline,False,clean_zonal_aggregate,2026-09-01T20:48:40Z
2025,4,Rahim Yar Khan,Rahim Yar Khan District,0.187285,0.185787,-0.286786,-0.289080,15420,4,0.08,Sentinel-2 MSI / MODIS Terra Baseline,COPERNICUS/S2_SR_HARMONIZED,100,2025-04-01,2025-04-30,historical_satellite_baseline,False,clean_zonal_aggregate,2026-09-01T20:48:40Z
2025,4,Rajanpur,Rajanpur District,0.145550,0.144385,-0.246533,-0.248505,15420,4,0.08,Sentinel-2 MSI / MODIS Terra Baseline,COPERNICUS/S2_SR_HARMONIZED,100,2025-04-01,2025-04-30,historical_satellite_baseline,False,clean_zonal_aggregate,2026-09-01T20:48:40Z
2025,4,Rawalpindi,Rawalpindi District,0.355249,0.352407,-0.416133,-0.419462,15420,4,0.08,Sentinel-2 MSI / MODIS Terra Baseline,COPERNICUS/S2_SR_HARMONIZED,100,2025-04-01,2025-04-30,historical_satellite_baseline,False,clean_zonal_aggregate,2026-09-01T20:48:40Z
2025,4,Sahiwal,Sahiwal District,0.368092,0.365148,-0.434218,-0.437692,15420,4,0.08,Sentinel-2 MSI / MODIS Terra Baseline,COPERNICUS/S2_SR_HARMONIZED,100,2025-04-01,2025-04-30,historical_satellite_baseline,False,clean_zonal_aggregate,2026-09-01T20:48:40Z
2025,4,Sargodha,Sargodha District,0.337228,0.334530,-0.401609,-0.404822,15420,4,0.08,Sentinel-2 MSI / MODIS Terra Baseline,COPERNICUS/S2_SR_HARMONIZED,100,2025-04-01,2025-04-30,historical_satellite_baseline,False,clean_zonal_aggregate,2026-09-01T20:48:40Z
2025,4,Sheikhupura,Sheikhupura District,0.348188,0.345402,-0.428479,-0.431906,15420,4,0.08,Sentinel-2 MSI / MODIS Terra Baseline,COPERNICUS/S2_SR_HARMONIZED,100,2025-04-01,2025-04-30,historical_satellite_baseline,False,clean_zonal_aggregate,2026-09-01T20:48:40Z
2025,4,Sialkot,Sialkot District,0.411402,0.408111,-0.471538,-0.475311,15420,4,0.08,Sentinel-2 MSI / MODIS Terra Baseline,COPERNICUS/S2_SR_HARMONIZED,100,2025-04-01,2025-04-30,historical_satellite_baseline,False,clean_zonal_aggregate,2026-09-01T20:48:40Z
2025,4,Toba Tek Singh,Toba Tek Singh District,0.314599,0.312082,-0.399521,-0.402717,15420,4,0.08,Sentinel-2 MSI / MODIS Terra Baseline,COPERNICUS/S2_SR_HARMONIZED,100,2025-04-01,2025-04-30,historical_satellite_baseline,False,clean_zonal_aggregate,2026-09-01T20:48:40Z
2025,4,Vehari,Vehari District,0.361064,0.358176,-0.425502,-0.428906,15420,4,0.08,Sentinel-2 MSI / MODIS Terra Baseline,COPERNICUS/S2_SR_HARMONIZED,100,2025-04-01,2025-04-30,historical_satellite_baseline,False,clean_zonal_aggregate,2026-09-01T20:48:40Z
2025,5,Attock,Attock District,0.175717,0.174311,-0.272049,-0.274226,15420,4,0.08,Sentinel-2 MSI / MODIS Terra Baseline,COPERNICUS/S2_SR_HARMONIZED,100,2025-05-01,2025-05-31,historical_satellite_baseline,False,clean_zonal_aggregate,2026-09-01T20:48:40Z
2025,5,Bahawalnagar,Bahawalnagar District,0.149756,0.148558,-0.251020,-0.253028,15420,4,0.08,Sentinel-2 MSI / MODIS Terra Baseline,COPERNICUS/S2_SR_HARMONIZED,100,2025-05-01,2025-05-31,historical_satellite_baseline,False,clean_zonal_aggregate,2026-09-01T20:48:40Z
2025,5,Bahawalpur,Bahawalpur District,0.110225,0.109344,-0.215218,-0.216940,15420,4,0.08,Sentinel-2 MSI / MODIS Terra Baseline,COPERNICUS/S2_SR_HARMONIZED,100,2025-05-01,2025-05-31,historical_satellite_baseline,False,clean_zonal_aggregate,2026-09-01T20:48:40Z
2025,5,Bhakkar,Bhakkar District,,,,,,,,Sentinel-2 MSI / MODIS Terra Baseline,COPERNICUS/S2_SR_HARMONIZED,100,2025-05-01,2025-05-31,boundary_unavailable,True,missing_authoritative_arcgis_polygon,2026-09-01T20:48:40Z
2025,5,Chakwal,Chakwal District,0.178217,0.176791,-0.271354,-0.273525,15420,4,0.08,Sentinel-2 MSI / MODIS Terra Baseline,COPERNICUS/S2_SR_HARMONIZED,100,2025-05-01,2025-05-31,historical_satellite_baseline,False,clean_zonal_aggregate,2026-09-01T20:48:40Z
2025,5,Dera Ghazi Khan,Dera Ghazi Khan District,0.125898,0.124890,-0.218657,-0.220406,15420,4,0.08,Sentinel-2 MSI / MODIS Terra Baseline,COPERNICUS/S2_SR_HARMONIZED,100,2025-05-01,2025-05-31,historical_satellite_baseline,False,clean_zonal_aggregate,2026-09-01T20:48:40Z
2025,5,Faisalabad,Faisalabad District,0.228223,0.226397,-0.296758,-0.299132,15420,4,0.08,Sentinel-2 MSI / MODIS Terra Baseline,COPERNICUS/S2_SR_HARMONIZED,100,2025-05-01,2025-05-31,historical_satellite_baseline,False,clean_zonal_aggregate,2026-09-01T20:48:40Z
2025,5,Gujranwala,Gujranwala District,0.200977,0.199369,-0.285017,-0.287297,15420,4,0.08,Sentinel-2 MSI / MODIS Terra Baseline,COPERNICUS/S2_SR_HARMONIZED,100,2025-05-01,2025-05-31,historical_satellite_baseline,False,clean_zonal_aggregate,2026-09-01T20:48:40Z
2025,5,Gujrat,Gujrat District,0.256447,0.254395,-0.346885,-0.349660,15420,4,0.08,Sentinel-2 MSI / MODIS Terra Baseline,COPERNICUS/S2_SR_HARMONIZED,100,2025-05-01,2025-05-31,historical_satellite_baseline,False,clean_zonal_aggregate,2026-09-01T20:48:40Z
2025,5,Hafizabad,Hafizabad District,0.154595,0.153358,-0.240125,-0.242046,15420,4,0.08,Sentinel-2 MSI / MODIS Terra Baseline,COPERNICUS/S2_SR_HARMONIZED,100,2025-05-01,2025-05-31,historical_satellite_baseline,False,clean_zonal_aggregate,2026-09-01T20:48:40Z
2025,5,Jhang,Jhang District,,,,,,,,Sentinel-2 MSI / MODIS Terra Baseline,COPERNICUS/S2_SR_HARMONIZED,100,2025-05-01,2025-05-31,boundary_unavailable,True,missing_authoritative_arcgis_polygon,2026-09-01T20:48:40Z
2025,5,Jhelum,Jhelum District,0.226781,0.224967,-0.325531,-0.328135,15420,4,0.08,Sentinel-2 MSI / MODIS Terra Baseline,COPERNICUS/S2_SR_HARMONIZED,100,2025-05-01,2025-05-31,historical_satellite_baseline,False,clean_zonal_aggregate,2026-09-01T20:48:40Z
2025,5,Kasur,Kasur District,0.301782,0.299368,-0.363677,-0.366587,15420,4,0.08,Sentinel-2 MSI / MODIS Terra Baseline,COPERNICUS/S2_SR_HARMONIZED,100,2025-05-01,2025-05-31,historical_satellite_baseline,False,clean_zonal_aggregate,2026-09-01T20:48:40Z
2025,5,Khanewal,Khanewal District,0.259331,0.257256,-0.329667,-0.332304,15420,4,0.08,Sentinel-2 MSI / MODIS Terra Baseline,COPERNICUS/S2_SR_HARMONIZED,100,2025-05-01,2025-05-31,historical_satellite_baseline,False,clean_zonal_aggregate,2026-09-01T20:48:40Z
2025,5,Khushab,Khushab District,0.164211,0.162898,-0.260679,-0.262764,15420,4,0.08,Sentinel-2 MSI / MODIS Terra Baseline,COPERNICUS/S2_SR_HARMONIZED,100,2025-05-01,2025-05-31,historical_satellite_baseline,False,clean_zonal_aggregate,2026-09-01T20:48:40Z
2025,5,Lahore,Lahore District,0.221579,0.219807,-0.291972,-0.294308,15420,4,0.08,Sentinel-2 MSI / MODIS Terra Baseline,COPERNICUS/S2_SR_HARMONIZED,100,2025-05-01,2025-05-31,historical_satellite_baseline,False,clean_zonal_aggregate,2026-09-01T20:48:40Z
2025,5,Layyah,Layyah District,,,,,,,,Sentinel-2 MSI / MODIS Terra Baseline,COPERNICUS/S2_SR_HARMONIZED,100,2025-05-01,2025-05-31,boundary_unavailable,True,missing_authoritative_arcgis_polygon,2026-09-01T20:48:40Z
2025,5,Lodhran,Lodhran District,0.211138,0.209449,-0.283819,-0.286090,15420,4,0.08,Sentinel-2 MSI / MODIS Terra Baseline,COPERNICUS/S2_SR_HARMONIZED,100,2025-05-01,2025-05-31,historical_satellite_baseline,False,clean_zonal_aggregate,2026-09-01T20:48:40Z
2025,5,Mandi Bahauddin,Mandi Bahauddin District,0.252345,0.250326,-0.323703,-0.326293,15420,4,0.08,Sentinel-2 MSI / MODIS Terra Baseline,COPERNICUS/S2_SR_HARMONIZED,100,2025-05-01,2025-05-31,historical_satellite_baseline,False,clean_zonal_aggregate,2026-09-01T20:48:40Z
2025,5,Mianwali,Mianwali District,0.155826,0.154579,-0.246735,-0.248709,15420,4,0.08,Sentinel-2 MSI / MODIS Terra Baseline,COPERNICUS/S2_SR_HARMONIZED,100,2025-05-01,2025-05-31,historical_satellite_baseline,False,clean_zonal_aggregate,2026-09-01T20:48:40Z
2025,5,Multan,Multan District,0.243555,0.241606,-0.315115,-0.317636,15420,4,0.08,Sentinel-2 MSI / MODIS Terra Baseline,COPERNICUS/S2_SR_HARMONIZED,100,2025-05-01,2025-05-31,historical_satellite_baseline,False,clean_zonal_aggregate,2026-09-01T20:48:40Z
2025,5,Muzaffargarh,Muzaffargarh District,,,,,,,,Sentinel-2 MSI / MODIS Terra Baseline,COPERNICUS/S2_SR_HARMONIZED,100,2025-05-01,2025-05-31,boundary_unavailable,True,missing_authoritative_arcgis_polygon,2026-09-01T20:48:40Z
2025,5,Narowal,Narowal District,0.211190,0.209501,-0.316564,-0.319097,15420,4,0.08,Sentinel-2 MSI / MODIS Terra Baseline,COPERNICUS/S2_SR_HARMONIZED,100,2025-05-01,2025-05-31,historical_satellite_baseline,False,clean_zonal_aggregate,2026-09-01T20:48:40Z
2025,5,Okara,Okara District,,,,,,,,Sentinel-2 MSI / MODIS Terra Baseline,COPERNICUS/S2_SR_HARMONIZED,100,2025-05-01,2025-05-31,boundary_unavailable,True,missing_authoritative_arcgis_polygon,2026-09-01T20:48:40Z
2025,5,Pakpattan,Pakpattan District,0.311476,0.308984,-0.372634,-0.375615,15420,4,0.08,Sentinel-2 MSI / MODIS Terra Baseline,COPERNICUS/S2_SR_HARMONIZED,100,2025-05-01,2025-05-31,historical_satellite_baseline,False,clean_zonal_aggregate,2026-09-01T20:48:40Z
2025,5,Rahim Yar Khan,Rahim Yar Khan District,0.181484,0.180032,-0.265390,-0.267513,15420,4,0.08,Sentinel-2 MSI / MODIS Terra Baseline,COPERNICUS/S2_SR_HARMONIZED,100,2025-05-01,2025-05-31,historical_satellite_baseline,False,clean_zonal_aggregate,2026-09-01T20:48:40Z
2025,5,Rajanpur,Rajanpur District,0.128118,0.127093,-0.221151,-0.222920,15420,4,0.08,Sentinel-2 MSI / MODIS Terra Baseline,COPERNICUS/S2_SR_HARMONIZED,100,2025-05-01,2025-05-31,historical_satellite_baseline,False,clean_zonal_aggregate,2026-09-01T20:48:40Z
2025,5,Rawalpindi,Rawalpindi District,0.299364,0.296969,-0.363041,-0.365945,15420,4,0.08,Sentinel-2 MSI / MODIS Terra Baseline,COPERNICUS/S2_SR_HARMONIZED,100,2025-05-01,2025-05-31,historical_satellite_baseline,False,clean_zonal_aggregate,2026-09-01T20:48:40Z
2025,5,Sahiwal,Sahiwal District,0.290742,0.288416,-0.362657,-0.365558,15420,4,0.08,Sentinel-2 MSI / MODIS Terra Baseline,COPERNICUS/S2_SR_HARMONIZED,100,2025-05-01,2025-05-31,historical_satellite_baseline,False,clean_zonal_aggregate,2026-09-01T20:48:40Z
2025,5,Sargodha,Sargodha District,0.259654,0.257577,-0.329614,-0.332251,15420,4,0.08,Sentinel-2 MSI / MODIS Terra Baseline,COPERNICUS/S2_SR_HARMONIZED,100,2025-05-01,2025-05-31,historical_satellite_baseline,False,clean_zonal_aggregate,2026-09-01T20:48:40Z
2025,5,Sheikhupura,Sheikhupura District,0.186433,0.184942,-0.275885,-0.278092,15420,4,0.08,Sentinel-2 MSI / MODIS Terra Baseline,COPERNICUS/S2_SR_HARMONIZED,100,2025-05-01,2025-05-31,historical_satellite_baseline,False,clean_zonal_aggregate,2026-09-01T20:48:40Z
2025,5,Sialkot,Sialkot District,0.234124,0.232251,-0.330594,-0.333238,15420,4,0.08,Sentinel-2 MSI / MODIS Terra Baseline,COPERNICUS/S2_SR_HARMONIZED,100,2025-05-01,2025-05-31,historical_satellite_baseline,False,clean_zonal_aggregate,2026-09-01T20:48:40Z
2025,5,Toba Tek Singh,Toba Tek Singh District,0.248546,0.246558,-0.328052,-0.330676,15420,4,0.08,Sentinel-2 MSI / MODIS Terra Baseline,COPERNICUS/S2_SR_HARMONIZED,100,2025-05-01,2025-05-31,historical_satellite_baseline,False,clean_zonal_aggregate,2026-09-01T20:48:40Z
2025,5,Vehari,Vehari District,0.282194,0.279937,-0.347732,-0.350514,15420,4,0.08,Sentinel-2 MSI / MODIS Terra Baseline,COPERNICUS/S2_SR_HARMONIZED,100,2025-05-01,2025-05-31,historical_satellite_baseline,False,clean_zonal_aggregate,2026-09-01T20:48:40Z
2025,6,Attock,Attock District,0.170543,0.169178,-0.265359,-0.267482,15420,4,0.08,Sentinel-2 MSI / MODIS Terra Baseline,COPERNICUS/S2_SR_HARMONIZED,100,2025-06-01,2025-06-30,historical_satellite_baseline,False,clean_zonal_aggregate,2026-09-01T20:48:40Z
2025,6,Bahawalnagar,Bahawalnagar District,0.209298,0.207624,-0.281732,-0.283986,15420,4,0.08,Sentinel-2 MSI / MODIS Terra Baseline,COPERNICUS/S2_SR_HARMONIZED,100,2025-06-01,2025-06-30,historical_satellite_baseline,False,clean_zonal_aggregate,2026-09-01T20:48:40Z
2025,6,Bahawalpur,Bahawalpur District,0.131140,0.130091,-0.229129,-0.230962,15420,4,0.08,Sentinel-2 MSI / MODIS Terra Baseline,COPERNICUS/S2_SR_HARMONIZED,100,2025-06-01,2025-06-30,historical_satellite_baseline,False,clean_zonal_aggregate,2026-09-01T20:48:40Z
2025,6,Bhakkar,Bhakkar District,,,,,,,,Sentinel-2 MSI / MODIS Terra Baseline,COPERNICUS/S2_SR_HARMONIZED,100,2025-06-01,2025-06-30,boundary_unavailable,True,missing_authoritative_arcgis_polygon,2026-09-01T20:48:40Z
2025,6,Chakwal,Chakwal District,0.164788,0.163469,-0.262694,-0.264796,15420,4,0.08,Sentinel-2 MSI / MODIS Terra Baseline,COPERNICUS/S2_SR_HARMONIZED,100,2025-06-01,2025-06-30,historical_satellite_baseline,False,clean_zonal_aggregate,2026-09-01T20:48:40Z
2025,6,Dera Ghazi Khan,Dera Ghazi Khan District,0.135057,0.133976,-0.216371,-0.218102,15420,4,0.08,Sentinel-2 MSI / MODIS Terra Baseline,COPERNICUS/S2_SR_HARMONIZED,100,2025-06-01,2025-06-30,historical_satellite_baseline,False,clean_zonal_aggregate,2026-09-01T20:48:40Z
2025,6,Faisalabad,Faisalabad District,0.288840,0.286530,-0.356820,-0.359675,15420,4,0.08,Sentinel-2 MSI / MODIS Terra Baseline,COPERNICUS/S2_SR_HARMONIZED,100,2025-06-01,2025-06-30,historical_satellite_baseline,False,clean_zonal_aggregate,2026-09-01T20:48:40Z
2025,6,Gujranwala,Gujranwala District,0.184552,0.183076,-0.264921,-0.267041,15420,4,0.08,Sentinel-2 MSI / MODIS Terra Baseline,COPERNICUS/S2_SR_HARMONIZED,100,2025-06-01,2025-06-30,historical_satellite_baseline,False,clean_zonal_aggregate,2026-09-01T20:48:40Z
2025,6,Gujrat,Gujrat District,0.235263,0.233381,-0.330569,-0.333213,15420,4,0.08,Sentinel-2 MSI / MODIS Terra Baseline,COPERNICUS/S2_SR_HARMONIZED,100,2025-06-01,2025-06-30,historical_satellite_baseline,False,clean_zonal_aggregate,2026-09-01T20:48:40Z
2025,6,Hafizabad,Hafizabad District,0.177201,0.175783,-0.274945,-0.277145,15420,4,0.08,Sentinel-2 MSI / MODIS Terra Baseline,COPERNICUS/S2_SR_HARMONIZED,100,2025-06-01,2025-06-30,historical_satellite_baseline,False,clean_zonal_aggregate,2026-09-01T20:48:40Z
2025,6,Jhang,Jhang District,,,,,,,,Sentinel-2 MSI / MODIS Terra Baseline,COPERNICUS/S2_SR_HARMONIZED,100,2025-06-01,2025-06-30,boundary_unavailable,True,missing_authoritative_arcgis_polygon,2026-09-01T20:48:40Z
2025,6,Jhelum,Jhelum District,0.200914,0.199306,-0.316686,-0.319220,15420,4,0.08,Sentinel-2 MSI / MODIS Terra Baseline,COPERNICUS/S2_SR_HARMONIZED,100,2025-06-01,2025-06-30,historical_satellite_baseline,False,clean_zonal_aggregate,2026-09-01T20:48:40Z
2025,6,Kasur,Kasur District,0.283789,0.281519,-0.336821,-0.339515,15420,4,0.08,Sentinel-2 MSI / MODIS Terra Baseline,COPERNICUS/S2_SR_HARMONIZED,100,2025-06-01,2025-06-30,historical_satellite_baseline,False,clean_zonal_aggregate,2026-09-01T20:48:40Z
2025,6,Khanewal,Khanewal District,0.316959,0.314423,-0.349277,-0.352071,15420,4,0.08,Sentinel-2 MSI / MODIS Terra Baseline,COPERNICUS/S2_SR_HARMONIZED,100,2025-06-01,2025-06-30,historical_satellite_baseline,False,clean_zonal_aggregate,2026-09-01T20:48:40Z
2025,6,Khushab,Khushab District,0.157922,0.156658,-0.254596,-0.256633,15420,4,0.08,Sentinel-2 MSI / MODIS Terra Baseline,COPERNICUS/S2_SR_HARMONIZED,100,2025-06-01,2025-06-30,historical_satellite_baseline,False,clean_zonal_aggregate,2026-09-01T20:48:40Z
2025,6,Lahore,Lahore District,0.216937,0.215202,-0.279337,-0.281572,15420,4,0.08,Sentinel-2 MSI / MODIS Terra Baseline,COPERNICUS/S2_SR_HARMONIZED,100,2025-06-01,2025-06-30,historical_satellite_baseline,False,clean_zonal_aggregate,2026-09-01T20:48:40Z
2025,6,Layyah,Layyah District,,,,,,,,Sentinel-2 MSI / MODIS Terra Baseline,COPERNICUS/S2_SR_HARMONIZED,100,2025-06-01,2025-06-30,boundary_unavailable,True,missing_authoritative_arcgis_polygon,2026-09-01T20:48:40Z
2025,6,Lodhran,Lodhran District,0.285338,0.283056,-0.329486,-0.332122,15420,4,0.08,Sentinel-2 MSI / MODIS Terra Baseline,COPERNICUS/S2_SR_HARMONIZED,100,2025-06-01,2025-06-30,historical_satellite_baseline,False,clean_zonal_aggregate,2026-09-01T20:48:40Z
2025,6,Mandi Bahauddin,Mandi Bahauddin District,0.282177,0.279920,-0.365720,-0.368646,15420,4,0.08,Sentinel-2 MSI / MODIS Terra Baseline,COPERNICUS/S2_SR_HARMONIZED,100,2025-06-01,2025-06-30,historical_satellite_baseline,False,clean_zonal_aggregate,2026-09-01T20:48:40Z
2025,6,Mianwali,Mianwali District,0.150467,0.149264,-0.236805,-0.238699,15420,4,0.08,Sentinel-2 MSI / MODIS Terra Baseline,COPERNICUS/S2_SR_HARMONIZED,100,2025-06-01,2025-06-30,historical_satellite_baseline,False,clean_zonal_aggregate,2026-09-01T20:48:40Z
2025,6,Multan,Multan District,0.290714,0.288388,-0.336879,-0.339574,15420,4,0.08,Sentinel-2 MSI / MODIS Terra Baseline,COPERNICUS/S2_SR_HARMONIZED,100,2025-06-01,2025-06-30,historical_satellite_baseline,False,clean_zonal_aggregate,2026-09-01T20:48:40Z
2025,6,Muzaffargarh,Muzaffargarh District,,,,,,,,Sentinel-2 MSI / MODIS Terra Baseline,COPERNICUS/S2_SR_HARMONIZED,100,2025-06-01,2025-06-30,boundary_unavailable,True,missing_authoritative_arcgis_polygon,2026-09-01T20:48:40Z
2025,6,Narowal,Narowal District,0.177725,0.176303,-0.270541,-0.272705,15420,4,0.08,Sentinel-2 MSI / MODIS Terra Baseline,COPERNICUS/S2_SR_HARMONIZED,100,2025-06-01,2025-06-30,historical_satellite_baseline,False,clean_zonal_aggregate,2026-09-01T20:48:40Z
2025,6,Okara,Okara District,,,,,,,,Sentinel-2 MSI / MODIS Terra Baseline,COPERNICUS/S2_SR_HARMONIZED,100,2025-06-01,2025-06-30,boundary_unavailable,True,missing_authoritative_arcgis_polygon,2026-09-01T20:48:40Z
2025,6,Pakpattan,Pakpattan District,0.304199,0.301765,-0.344389,-0.347145,15420,4,0.08,Sentinel-2 MSI / MODIS Terra Baseline,COPERNICUS/S2_SR_HARMONIZED,100,2025-06-01,2025-06-30,historical_satellite_baseline,False,clean_zonal_aggregate,2026-09-01T20:48:40Z
2025,6,Rahim Yar Khan,Rahim Yar Khan District,0.236621,0.234728,-0.294097,-0.296450,15420,4,0.08,Sentinel-2 MSI / MODIS Terra Baseline,COPERNICUS/S2_SR_HARMONIZED,100,2025-06-01,2025-06-30,historical_satellite_baseline,False,clean_zonal_aggregate,2026-09-01T20:48:40Z
2025,6,Rajanpur,Rajanpur District,0.154131,0.152898,-0.227102,-0.228919,15420,4,0.08,Sentinel-2 MSI / MODIS Terra Baseline,COPERNICUS/S2_SR_HARMONIZED,100,2025-06-01,2025-06-30,historical_satellite_baseline,False,clean_zonal_aggregate,2026-09-01T20:48:40Z
2025,6,Rawalpindi,Rawalpindi District,0.261719,0.259625,-0.341095,-0.343823,15420,4,0.08,Sentinel-2 MSI / MODIS Terra Baseline,COPERNICUS/S2_SR_HARMONIZED,100,2025-06-01,2025-06-30,historical_satellite_baseline,False,clean_zonal_aggregate,2026-09-01T20:48:40Z
2025,6,Sahiwal,Sahiwal District,0.315468,0.312944,-0.360856,-0.363743,15420,4,0.08,Sentinel-2 MSI / MODIS Terra Baseline,COPERNICUS/S2_SR_HARMONIZED,100,2025-06-01,2025-06-30,historical_satellite_baseline,False,clean_zonal_aggregate,2026-09-01T20:48:40Z
2025,6,Sargodha,Sargodha District,0.294614,0.292258,-0.370235,-0.373197,15420,4,0.08,Sentinel-2 MSI / MODIS Terra Baseline,COPERNICUS/S2_SR_HARMONIZED,100,2025-06-01,2025-06-30,historical_satellite_baseline,False,clean_zonal_aggregate,2026-09-01T20:48:40Z
2025,6,Sheikhupura,Sheikhupura District,0.187389,0.185890,-0.270425,-0.272589,15420,4,0.08,Sentinel-2 MSI / MODIS Terra Baseline,COPERNICUS/S2_SR_HARMONIZED,100,2025-06-01,2025-06-30,historical_satellite_baseline,False,clean_zonal_aggregate,2026-09-01T20:48:40Z
2025,6,Sialkot,Sialkot District,0.209446,0.207771,-0.297619,-0.300000,15420,4,0.08,Sentinel-2 MSI / MODIS Terra Baseline,COPERNICUS/S2_SR_HARMONIZED,100,2025-06-01,2025-06-30,historical_satellite_baseline,False,clean_zonal_aggregate,2026-09-01T20:48:40Z
2025,6,Toba Tek Singh,Toba Tek Singh District,0.286476,0.284185,-0.347389,-0.350168,15420,4,0.08,Sentinel-2 MSI / MODIS Terra Baseline,COPERNICUS/S2_SR_HARMONIZED,100,2025-06-01,2025-06-30,historical_satellite_baseline,False,clean_zonal_aggregate,2026-09-01T20:48:40Z
2025,6,Vehari,Vehari District,0.292634,0.290293,-0.343349,-0.346096,15420,4,0.08,Sentinel-2 MSI / MODIS Terra Baseline,COPERNICUS/S2_SR_HARMONIZED,100,2025-06-01,2025-06-30,historical_satellite_baseline,False,clean_zonal_aggregate,2026-09-01T20:48:40Z
2025,7,Attock,Attock District,0.273072,0.270887,-0.295392,-0.297756,15420,4,0.08,Sentinel-2 MSI / MODIS Terra Baseline,COPERNICUS/S2_SR_HARMONIZED,100,2025-07-01,2025-07-31,historical_satellite_baseline,False,clean_zonal_aggregate,2026-09-01T20:48:40Z
2025,7,Bahawalnagar,Bahawalnagar District,0.257544,0.255484,-0.304567,-0.307003,15420,4,0.08,Sentinel-2 MSI / MODIS Terra Baseline,COPERNICUS/S2_SR_HARMONIZED,100,2025-07-01,2025-07-31,historical_satellite_baseline,False,clean_zonal_aggregate,2026-09-01T20:48:40Z
2025,7,Bahawalpur,Bahawalpur District,0.153235,0.152009,-0.238905,-0.240817,15420,4,0.08,Sentinel-2 MSI / MODIS Terra Baseline,COPERNICUS/S2_SR_HARMONIZED,100,2025-07-01,2025-07-31,historical_satellite_baseline,False,clean_zonal_aggregate,2026-09-01T20:48:40Z
2025,7,Bhakkar,Bhakkar District,,,,,,,,Sentinel-2 MSI / MODIS Terra Baseline,COPERNICUS/S2_SR_HARMONIZED,100,2025-07-01,2025-07-31,boundary_unavailable,True,missing_authoritative_arcgis_polygon,2026-09-01T20:48:40Z
2025,7,Chakwal,Chakwal District,0.342232,0.339494,-0.335513,-0.338197,15420,4,0.08,Sentinel-2 MSI / MODIS Terra Baseline,COPERNICUS/S2_SR_HARMONIZED,100,2025-07-01,2025-07-31,historical_satellite_baseline,False,clean_zonal_aggregate,2026-09-01T20:48:40Z
2025,7,Dera Ghazi Khan,Dera Ghazi Khan District,0.161392,0.160101,-0.207003,-0.208659,15420,4,0.08,Sentinel-2 MSI / MODIS Terra Baseline,COPERNICUS/S2_SR_HARMONIZED,100,2025-07-01,2025-07-31,historical_satellite_baseline,False,clean_zonal_aggregate,2026-09-01T20:48:40Z
2025,7,Faisalabad,Faisalabad District,0.400958,0.397751,-0.366881,-0.369816,15420,4,0.08,Sentinel-2 MSI / MODIS Terra Baseline,COPERNICUS/S2_SR_HARMONIZED,100,2025-07-01,2025-07-31,historical_satellite_baseline,False,clean_zonal_aggregate,2026-09-01T20:48:40Z
2025,7,Gujranwala,Gujranwala District,0.243012,0.241068,-0.210751,-0.212437,15420,4,0.08,Sentinel-2 MSI / MODIS Terra Baseline,COPERNICUS/S2_SR_HARMONIZED,100,2025-07-01,2025-07-31,historical_satellite_baseline,False,clean_zonal_aggregate,2026-09-01T20:48:40Z
2025,7,Gujrat,Gujrat District,0.357327,0.354468,-0.313856,-0.316367,15420,4,0.08,Sentinel-2 MSI / MODIS Terra Baseline,COPERNICUS/S2_SR_HARMONIZED,100,2025-07-01,2025-07-31,historical_satellite_baseline,False,clean_zonal_aggregate,2026-09-01T20:48:40Z
2025,7,Hafizabad,Hafizabad District,0.240906,0.238978,-0.220923,-0.222690,15420,4,0.08,Sentinel-2 MSI / MODIS Terra Baseline,COPERNICUS/S2_SR_HARMONIZED,100,2025-07-01,2025-07-31,historical_satellite_baseline,False,clean_zonal_aggregate,2026-09-01T20:48:40Z
2025,7,Jhang,Jhang District,,,,,,,,Sentinel-2 MSI / MODIS Terra Baseline,COPERNICUS/S2_SR_HARMONIZED,100,2025-07-01,2025-07-31,boundary_unavailable,True,missing_authoritative_arcgis_polygon,2026-09-01T20:48:40Z
2025,7,Jhelum,Jhelum District,0.400161,0.396959,-0.374339,-0.377333,15420,4,0.08,Sentinel-2 MSI / MODIS Terra Baseline,COPERNICUS/S2_SR_HARMONIZED,100,2025-07-01,2025-07-31,historical_satellite_baseline,False,clean_zonal_aggregate,2026-09-01T20:48:40Z
2025,7,Kasur,Kasur District,0.370511,0.367547,-0.355849,-0.358695,15420,4,0.08,Sentinel-2 MSI / MODIS Terra Baseline,COPERNICUS/S2_SR_HARMONIZED,100,2025-07-01,2025-07-31,historical_satellite_baseline,False,clean_zonal_aggregate,2026-09-01T20:48:40Z
2025,7,Khanewal,Khanewal District,0.392089,0.388953,-0.393770,-0.396920,15420,4,0.08,Sentinel-2 MSI / MODIS Terra Baseline,COPERNICUS/S2_SR_HARMONIZED,100,2025-07-01,2025-07-31,historical_satellite_baseline,False,clean_zonal_aggregate,2026-09-01T20:48:40Z
2025,7,Khushab,Khushab District,0.223024,0.221240,-0.255027,-0.257067,15420,4,0.08,Sentinel-2 MSI / MODIS Terra Baseline,COPERNICUS/S2_SR_HARMONIZED,100,2025-07-01,2025-07-31,historical_satellite_baseline,False,clean_zonal_aggregate,2026-09-01T20:48:40Z
2025,7,Lahore,Lahore District,0.291728,0.289394,-0.313096,-0.315601,15420,4,0.08,Sentinel-2 MSI / MODIS Terra Baseline,COPERNICUS/S2_SR_HARMONIZED,100,2025-07-01,2025-07-31,historical_satellite_baseline,False,clean_zonal_aggregate,2026-09-01T20:48:40Z
2025,7,Layyah,Layyah District,,,,,,,,Sentinel-2 MSI / MODIS Terra Baseline,COPERNICUS/S2_SR_HARMONIZED,100,2025-07-01,2025-07-31,boundary_unavailable,True,missing_authoritative_arcgis_polygon,2026-09-01T20:48:40Z
2025,7,Lodhran,Lodhran District,0.363701,0.360791,-0.380230,-0.383272,15420,4,0.08,Sentinel-2 MSI / MODIS Terra Baseline,COPERNICUS/S2_SR_HARMONIZED,100,2025-07-01,2025-07-31,historical_satellite_baseline,False,clean_zonal_aggregate,2026-09-01T20:48:40Z
2025,7,Mandi Bahauddin,Mandi Bahauddin District,0.330016,0.327376,-0.290198,-0.292519,15420,4,0.08,Sentinel-2 MSI / MODIS Terra Baseline,COPERNICUS/S2_SR_HARMONIZED,100,2025-07-01,2025-07-31,historical_satellite_baseline,False,clean_zonal_aggregate,2026-09-01T20:48:40Z
2025,7,Mianwali,Mianwali District,0.269236,0.267082,-0.296348,-0.298718,15420,4,0.08,Sentinel-2 MSI / MODIS Terra Baseline,COPERNICUS/S2_SR_HARMONIZED,100,2025-07-01,2025-07-31,historical_satellite_baseline,False,clean_zonal_aggregate,2026-09-01T20:48:40Z
2025,7,Multan,Multan District,0.345672,0.342907,-0.371631,-0.374604,15420,4,0.08,Sentinel-2 MSI / MODIS Terra Baseline,COPERNICUS/S2_SR_HARMONIZED,100,2025-07-01,2025-07-31,historical_satellite_baseline,False,clean_zonal_aggregate,2026-09-01T20:48:40Z
2025,7,Muzaffargarh,Muzaffargarh District,,,,,,,,Sentinel-2 MSI / MODIS Terra Baseline,COPERNICUS/S2_SR_HARMONIZED,100,2025-07-01,2025-07-31,boundary_unavailable,True,missing_authoritative_arcgis_polygon,2026-09-01T20:48:40Z
2025,7,Narowal,Narowal District,0.397266,0.394088,-0.376723,-0.379736,15420,4,0.08,Sentinel-2 MSI / MODIS Terra Baseline,COPERNICUS/S2_SR_HARMONIZED,100,2025-07-01,2025-07-31,historical_satellite_baseline,False,clean_zonal_aggregate,2026-09-01T20:48:40Z
2025,7,Okara,Okara District,,,,,,,,Sentinel-2 MSI / MODIS Terra Baseline,COPERNICUS/S2_SR_HARMONIZED,100,2025-07-01,2025-07-31,boundary_unavailable,True,missing_authoritative_arcgis_polygon,2026-09-01T20:48:40Z
2025,7,Pakpattan,Pakpattan District,0.363097,0.360192,-0.340051,-0.342771,15420,4,0.08,Sentinel-2 MSI / MODIS Terra Baseline,COPERNICUS/S2_SR_HARMONIZED,100,2025-07-01,2025-07-31,historical_satellite_baseline,False,clean_zonal_aggregate,2026-09-01T20:48:40Z
2025,7,Rahim Yar Khan,Rahim Yar Khan District,0.289632,0.287315,-0.328309,-0.330935,15420,4,0.08,Sentinel-2 MSI / MODIS Terra Baseline,COPERNICUS/S2_SR_HARMONIZED,100,2025-07-01,2025-07-31,historical_satellite_baseline,False,clean_zonal_aggregate,2026-09-01T20:48:40Z
2025,7,Rajanpur,Rajanpur District,0.168365,0.167018,-0.227835,-0.229658,15420,4,0.08,Sentinel-2 MSI / MODIS Terra Baseline,COPERNICUS/S2_SR_HARMONIZED,100,2025-07-01,2025-07-31,historical_satellite_baseline,False,clean_zonal_aggregate,2026-09-01T20:48:40Z
2025,7,Rawalpindi,Rawalpindi District,0.455253,0.451611,-0.409610,-0.412887,15420,4,0.08,Sentinel-2 MSI / MODIS Terra Baseline,COPERNICUS/S2_SR_HARMONIZED,100,2025-07-01,2025-07-31,historical_satellite_baseline,False,clean_zonal_aggregate,2026-09-01T20:48:40Z
2025,7,Sahiwal,Sahiwal District,0.376193,0.373184,-0.360087,-0.362967,15420,4,0.08,Sentinel-2 MSI / MODIS Terra Baseline,COPERNICUS/S2_SR_HARMONIZED,100,2025-07-01,2025-07-31,historical_satellite_baseline,False,clean_zonal_aggregate,2026-09-01T20:48:40Z
2025,7,Sargodha,Sargodha District,0.362919,0.360015,-0.366582,-0.369515,15420,4,0.08,Sentinel-2 MSI / MODIS Terra Baseline,COPERNICUS/S2_SR_HARMONIZED,100,2025-07-01,2025-07-31,historical_satellite_baseline,False,clean_zonal_aggregate,2026-09-01T20:48:40Z
2025,7,Sheikhupura,Sheikhupura District,0.224809,0.223011,-0.207530,-0.209191,15420,4,0.08,Sentinel-2 MSI / MODIS Terra Baseline,COPERNICUS/S2_SR_HARMONIZED,100,2025-07-01,2025-07-31,historical_satellite_baseline,False,clean_zonal_aggregate,2026-09-01T20:48:40Z
2025,7,Sialkot,Sialkot District,0.344660,0.341903,-0.328105,-0.330730,15420,4,0.08,Sentinel-2 MSI / MODIS Terra Baseline,COPERNICUS/S2_SR_HARMONIZED,100,2025-07-01,2025-07-31,historical_satellite_baseline,False,clean_zonal_aggregate,2026-09-01T20:48:40Z
2025,7,Toba Tek Singh,Toba Tek Singh District,0.368409,0.365462,-0.371347,-0.374318,15420,4,0.08,Sentinel-2 MSI / MODIS Terra Baseline,COPERNICUS/S2_SR_HARMONIZED,100,2025-07-01,2025-07-31,historical_satellite_baseline,False,clean_zonal_aggregate,2026-09-01T20:48:40Z
2025,7,Vehari,Vehari District,0.338677,0.335968,-0.346937,-0.349712,15420,4,0.08,Sentinel-2 MSI / MODIS Terra Baseline,COPERNICUS/S2_SR_HARMONIZED,100,2025-07-01,2025-07-31,historical_satellite_baseline,False,clean_zonal_aggregate,2026-09-01T20:48:40Z
2025,8,Attock,Attock District,0.388941,0.385830,-0.384179,-0.387252,15420,4,0.08,Sentinel-2 MSI / MODIS Terra Baseline,COPERNICUS/S2_SR_HARMONIZED,100,2025-08-01,2025-08-31,historical_satellite_baseline,False,clean_zonal_aggregate,2026-09-01T20:48:40Z
2025,8,Bahawalnagar,Bahawalnagar District,0.378248,0.375222,-0.377172,-0.380190,15420,4,0.08,Sentinel-2 MSI / MODIS Terra Baseline,COPERNICUS/S2_SR_HARMONIZED,100,2025-08-01,2025-08-31,historical_satellite_baseline,False,clean_zonal_aggregate,2026-09-01T20:48:40Z
2025,8,Bahawalpur,Bahawalpur District,0.224678,0.222881,-0.286293,-0.288584,15420,4,0.08,Sentinel-2 MSI / MODIS Terra Baseline,COPERNICUS/S2_SR_HARMONIZED,100,2025-08-01,2025-08-31,historical_satellite_baseline,False,clean_zonal_aggregate,2026-09-01T20:48:40Z
2025,8,Bhakkar,Bhakkar District,,,,,,,,Sentinel-2 MSI / MODIS Terra Baseline,COPERNICUS/S2_SR_HARMONIZED,100,2025-08-01,2025-08-31,boundary_unavailable,True,missing_authoritative_arcgis_polygon,2026-09-01T20:48:40Z
2025,8,Chakwal,Chakwal District,0.413857,0.410546,-0.411123,-0.414412,15420,4,0.08,Sentinel-2 MSI / MODIS Terra Baseline,COPERNICUS/S2_SR_HARMONIZED,100,2025-08-01,2025-08-31,historical_satellite_baseline,False,clean_zonal_aggregate,2026-09-01T20:48:40Z
2025,8,Dera Ghazi Khan,Dera Ghazi Khan District,0.229182,0.227349,-0.276068,-0.278277,15420,4,0.08,Sentinel-2 MSI / MODIS Terra Baseline,COPERNICUS/S2_SR_HARMONIZED,100,2025-08-01,2025-08-31,historical_satellite_baseline,False,clean_zonal_aggregate,2026-09-01T20:48:40Z
2025,8,Faisalabad,Faisalabad District,0.409813,0.406535,-0.404992,-0.408232,15420,4,0.08,Sentinel-2 MSI / MODIS Terra Baseline,COPERNICUS/S2_SR_HARMONIZED,100,2025-08-01,2025-08-31,historical_satellite_baseline,False,clean_zonal_aggregate,2026-09-01T20:48:40Z
2025,8,Gujranwala,Gujranwala District,0.472235,0.468457,-0.403775,-0.407005,15420,4,0.08,Sentinel-2 MSI / MODIS Terra Baseline,COPERNICUS/S2_SR_HARMONIZED,100,2025-08-01,2025-08-31,historical_satellite_baseline,False,clean_zonal_aggregate,2026-09-01T20:48:40Z
2025,8,Gujrat,Gujrat District,0.505377,0.501334,-0.448996,-0.452588,15420,4,0.08,Sentinel-2 MSI / MODIS Terra Baseline,COPERNICUS/S2_SR_HARMONIZED,100,2025-08-01,2025-08-31,historical_satellite_baseline,False,clean_zonal_aggregate,2026-09-01T20:48:40Z
2025,8,Hafizabad,Hafizabad District,0.338482,0.335774,-0.299595,-0.301992,15420,4,0.08,Sentinel-2 MSI / MODIS Terra Baseline,COPERNICUS/S2_SR_HARMONIZED,100,2025-08-01,2025-08-31,historical_satellite_baseline,False,clean_zonal_aggregate,2026-09-01T20:48:40Z
2025,8,Jhang,Jhang District,,,,,,,,Sentinel-2 MSI / MODIS Terra Baseline,COPERNICUS/S2_SR_HARMONIZED,100,2025-08-01,2025-08-31,boundary_unavailable,True,missing_authoritative_arcgis_polygon,2026-09-01T20:48:40Z
2025,8,Jhelum,Jhelum District,0.444722,0.441164,-0.418342,-0.421689,15420,4,0.08,Sentinel-2 MSI / MODIS Terra Baseline,COPERNICUS/S2_SR_HARMONIZED,100,2025-08-01,2025-08-31,historical_satellite_baseline,False,clean_zonal_aggregate,2026-09-01T20:48:40Z
2025,8,Kasur,Kasur District,0.492238,0.488300,-0.454280,-0.457914,15420,4,0.08,Sentinel-2 MSI / MODIS Terra Baseline,COPERNICUS/S2_SR_HARMONIZED,100,2025-08-01,2025-08-31,historical_satellite_baseline,False,clean_zonal_aggregate,2026-09-01T20:48:40Z
2025,8,Khanewal,Khanewal District,0.398002,0.394818,-0.389933,-0.393052,15420,4,0.08,Sentinel-2 MSI / MODIS Terra Baseline,COPERNICUS/S2_SR_HARMONIZED,100,2025-08-01,2025-08-31,historical_satellite_baseline,False,clean_zonal_aggregate,2026-09-01T20:48:40Z
2025,8,Khushab,Khushab District,0.282518,0.280258,-0.311136,-0.313626,15420,4,0.08,Sentinel-2 MSI / MODIS Terra Baseline,COPERNICUS/S2_SR_HARMONIZED,100,2025-08-01,2025-08-31,historical_satellite_baseline,False,clean_zonal_aggregate,2026-09-01T20:48:40Z
2025,8,Lahore,Lahore District,0.394199,0.391046,-0.370285,-0.373247,15420,4,0.08,Sentinel-2 MSI / MODIS Terra Baseline,COPERNICUS/S2_SR_HARMONIZED,100,2025-08-01,2025-08-31,historical_satellite_baseline,False,clean_zonal_aggregate,2026-09-01T20:48:40Z
2025,8,Layyah,Layyah District,,,,,,,,Sentinel-2 MSI / MODIS Terra Baseline,COPERNICUS/S2_SR_HARMONIZED,100,2025-08-01,2025-08-31,boundary_unavailable,True,missing_authoritative_arcgis_polygon,2026-09-01T20:48:40Z
2025,8,Lodhran,Lodhran District,0.375726,0.372720,-0.388359,-0.391466,15420,4,0.08,Sentinel-2 MSI / MODIS Terra Baseline,COPERNICUS/S2_SR_HARMONIZED,100,2025-08-01,2025-08-31,historical_satellite_baseline,False,clean_zonal_aggregate,2026-09-01T20:48:40Z
2025,8,Mandi Bahauddin,Mandi Bahauddin District,0.448792,0.445202,-0.402116,-0.405333,15420,4,0.08,Sentinel-2 MSI / MODIS Terra Baseline,COPERNICUS/S2_SR_HARMONIZED,100,2025-08-01,2025-08-31,historical_satellite_baseline,False,clean_zonal_aggregate,2026-09-01T20:48:40Z
2025,8,Mianwali,Mianwali District,0.325992,0.323384,-0.349951,-0.352751,15420,4,0.08,Sentinel-2 MSI / MODIS Terra Baseline,COPERNICUS/S2_SR_HARMONIZED,100,2025-08-01,2025-08-31,historical_satellite_baseline,False,clean_zonal_aggregate,2026-09-01T20:48:40Z
2025,8,Multan,Multan District,0.359381,0.356506,-0.373315,-0.376301,15420,4,0.08,Sentinel-2 MSI / MODIS Terra Baseline,COPERNICUS/S2_SR_HARMONIZED,100,2025-08-01,2025-08-31,historical_satellite_baseline,False,clean_zonal_aggregate,2026-09-01T20:48:40Z
2025,8,Muzaffargarh,Muzaffargarh District,,,,,,,,Sentinel-2 MSI / MODIS Terra Baseline,COPERNICUS/S2_SR_HARMONIZED,100,2025-08-01,2025-08-31,boundary_unavailable,True,missing_authoritative_arcgis_polygon,2026-09-01T20:48:40Z
2025,8,Narowal,Narowal District,0.524775,0.520577,-0.461281,-0.464971,15420,4,0.08,Sentinel-2 MSI / MODIS Terra Baseline,COPERNICUS/S2_SR_HARMONIZED,100,2025-08-01,2025-08-31,historical_satellite_baseline,False,clean_zonal_aggregate,2026-09-01T20:48:40Z
2025,8,Okara,Okara District,,,,,,,,Sentinel-2 MSI / MODIS Terra Baseline,COPERNICUS/S2_SR_HARMONIZED,100,2025-08-01,2025-08-31,boundary_unavailable,True,missing_authoritative_arcgis_polygon,2026-09-01T20:48:40Z
2025,8,Pakpattan,Pakpattan District,0.428867,0.425436,-0.403347,-0.406573,15420,4,0.08,Sentinel-2 MSI / MODIS Terra Baseline,COPERNICUS/S2_SR_HARMONIZED,100,2025-08-01,2025-08-31,historical_satellite_baseline,False,clean_zonal_aggregate,2026-09-01T20:48:40Z
2025,8,Rahim Yar Khan,Rahim Yar Khan District,0.356624,0.353771,-0.390739,-0.393865,15420,4,0.08,Sentinel-2 MSI / MODIS Terra Baseline,COPERNICUS/S2_SR_HARMONIZED,100,2025-08-01,2025-08-31,historical_satellite_baseline,False,clean_zonal_aggregate,2026-09-01T20:48:40Z
2025,8,Rajanpur,Rajanpur District,0.215332,0.213610,-0.266186,-0.268315,15420,4,0.08,Sentinel-2 MSI / MODIS Terra Baseline,COPERNICUS/S2_SR_HARMONIZED,100,2025-08-01,2025-08-31,historical_satellite_baseline,False,clean_zonal_aggregate,2026-09-01T20:48:40Z
2025,8,Rawalpindi,Rawalpindi District,0.522334,0.518155,-0.499870,-0.503869,15420,4,0.08,Sentinel-2 MSI / MODIS Terra Baseline,COPERNICUS/S2_SR_HARMONIZED,100,2025-08-01,2025-08-31,historical_satellite_baseline,False,clean_zonal_aggregate,2026-09-01T20:48:40Z
2025,8,Sahiwal,Sahiwal District,0.387643,0.384542,-0.385522,-0.388606,15420,4,0.08,Sentinel-2 MSI / MODIS Terra Baseline,COPERNICUS/S2_SR_HARMONIZED,100,2025-08-01,2025-08-31,historical_satellite_baseline,False,clean_zonal_aggregate,2026-09-01T20:48:40Z
2025,8,Sargodha,Sargodha District,0.385517,0.382433,-0.381555,-0.384607,15420,4,0.08,Sentinel-2 MSI / MODIS Terra Baseline,COPERNICUS/S2_SR_HARMONIZED,100,2025-08-01,2025-08-31,historical_satellite_baseline,False,clean_zonal_aggregate,2026-09-01T20:48:40Z
2025,8,Sheikhupura,Sheikhupura District,0.393861,0.390710,-0.355889,-0.358736,15420,4,0.08,Sentinel-2 MSI / MODIS Terra Baseline,COPERNICUS/S2_SR_HARMONIZED,100,2025-08-01,2025-08-31,historical_satellite_baseline,False,clean_zonal_aggregate,2026-09-01T20:48:40Z
2025,8,Sialkot,Sialkot District,0.474800,0.471002,-0.407059,-0.410316,15420,4,0.08,Sentinel-2 MSI / MODIS Terra Baseline,COPERNICUS/S2_SR_HARMONIZED,100,2025-08-01,2025-08-31,historical_satellite_baseline,False,clean_zonal_aggregate,2026-09-01T20:48:40Z
2025,8,Toba Tek Singh,Toba Tek Singh District,0.398592,0.395403,-0.409427,-0.412703,15420,4,0.08,Sentinel-2 MSI / MODIS Terra Baseline,COPERNICUS/S2_SR_HARMONIZED,100,2025-08-01,2025-08-31,historical_satellite_baseline,False,clean_zonal_aggregate,2026-09-01T20:48:40Z
2025,8,Vehari,Vehari District,0.350032,0.347232,-0.352478,-0.355297,15420,4,0.08,Sentinel-2 MSI / MODIS Terra Baseline,COPERNICUS/S2_SR_HARMONIZED,100,2025-08-01,2025-08-31,historical_satellite_baseline,False,clean_zonal_aggregate,2026-09-01T20:48:40Z
2025,9,Attock,Attock District,0.353181,0.350355,-0.398739,-0.401929,15420,4,0.08,Sentinel-2 MSI / MODIS Terra Baseline,COPERNICUS/S2_SR_HARMONIZED,100,2025-09-01,2025-09-30,historical_satellite_baseline,False,clean_zonal_aggregate,2026-09-01T20:48:40Z
2025,9,Bahawalnagar,Bahawalnagar District,0.431463,0.428011,-0.440134,-0.443655,15420,4,0.08,Sentinel-2 MSI / MODIS Terra Baseline,COPERNICUS/S2_SR_HARMONIZED,100,2025-09-01,2025-09-30,historical_satellite_baseline,False,clean_zonal_aggregate,2026-09-01T20:48:40Z
2025,9,Bahawalpur,Bahawalpur District,0.234119,0.232247,-0.298170,-0.300555,15420,4,0.08,Sentinel-2 MSI / MODIS Terra Baseline,COPERNICUS/S2_SR_HARMONIZED,100,2025-09-01,2025-09-30,historical_satellite_baseline,False,clean_zonal_aggregate,2026-09-01T20:48:40Z
2025,9,Bhakkar,Bhakkar District,,,,,,,,Sentinel-2 MSI / MODIS Terra Baseline,COPERNICUS/S2_SR_HARMONIZED,100,2025-09-01,2025-09-30,boundary_unavailable,True,missing_authoritative_arcgis_polygon,2026-09-01T20:48:40Z
2025,9,Chakwal,Chakwal District,0.391658,0.388525,-0.418354,-0.421700,15420,4,0.08,Sentinel-2 MSI / MODIS Terra Baseline,COPERNICUS/S2_SR_HARMONIZED,100,2025-09-01,2025-09-30,historical_satellite_baseline,False,clean_zonal_aggregate,2026-09-01T20:48:40Z
2025,9,Dera Ghazi Khan,Dera Ghazi Khan District,0.272347,0.270168,-0.313338,-0.315844,15420,4,0.08,Sentinel-2 MSI / MODIS Terra Baseline,COPERNICUS/S2_SR_HARMONIZED,100,2025-09-01,2025-09-30,historical_satellite_baseline,False,clean_zonal_aggregate,2026-09-01T20:48:40Z
2025,9,Faisalabad,Faisalabad District,0.487994,0.484090,-0.486688,-0.490582,15420,4,0.08,Sentinel-2 MSI / MODIS Terra Baseline,COPERNICUS/S2_SR_HARMONIZED,100,2025-09-01,2025-09-30,historical_satellite_baseline,False,clean_zonal_aggregate,2026-09-01T20:48:40Z
2025,9,Gujranwala,Gujranwala District,0.624402,0.619407,-0.561425,-0.565916,15420,4,0.08,Sentinel-2 MSI / MODIS Terra Baseline,COPERNICUS/S2_SR_HARMONIZED,100,2025-09-01,2025-09-30,historical_satellite_baseline,False,clean_zonal_aggregate,2026-09-01T20:48:40Z
2025,9,Gujrat,Gujrat District,0.463473,0.459765,-0.455885,-0.459532,15420,4,0.08,Sentinel-2 MSI / MODIS Terra Baseline,COPERNICUS/S2_SR_HARMONIZED,100,2025-09-01,2025-09-30,historical_satellite_baseline,False,clean_zonal_aggregate,2026-09-01T20:48:40Z
2025,9,Hafizabad,Hafizabad District,0.641475,0.636343,-0.591094,-0.595823,15420,4,0.08,Sentinel-2 MSI / MODIS Terra Baseline,COPERNICUS/S2_SR_HARMONIZED,100,2025-09-01,2025-09-30,historical_satellite_baseline,False,clean_zonal_aggregate,2026-09-01T20:48:40Z
2025,9,Jhang,Jhang District,,,,,,,,Sentinel-2 MSI / MODIS Terra Baseline,COPERNICUS/S2_SR_HARMONIZED,100,2025-09-01,2025-09-30,boundary_unavailable,True,missing_authoritative_arcgis_polygon,2026-09-01T20:48:40Z
2025,9,Jhelum,Jhelum District,0.440663,0.437138,-0.450655,-0.454260,15420,4,0.08,Sentinel-2 MSI / MODIS Terra Baseline,COPERNICUS/S2_SR_HARMONIZED,100,2025-09-01,2025-09-30,historical_satellite_baseline,False,clean_zonal_aggregate,2026-09-01T20:48:40Z
2025,9,Kasur,Kasur District,0.506927,0.502872,-0.490070,-0.493990,15420,4,0.08,Sentinel-2 MSI / MODIS Terra Baseline,COPERNICUS/S2_SR_HARMONIZED,100,2025-09-01,2025-09-30,historical_satellite_baseline,False,clean_zonal_aggregate,2026-09-01T20:48:40Z
2025,9,Khanewal,Khanewal District,0.483311,0.479444,-0.480627,-0.484472,15420,4,0.08,Sentinel-2 MSI / MODIS Terra Baseline,COPERNICUS/S2_SR_HARMONIZED,100,2025-09-01,2025-09-30,historical_satellite_baseline,False,clean_zonal_aggregate,2026-09-01T20:48:40Z
2025,9,Khushab,Khushab District,0.389148,0.386035,-0.409233,-0.412507,15420,4,0.08,Sentinel-2 MSI / MODIS Terra Baseline,COPERNICUS/S2_SR_HARMONIZED,100,2025-09-01,2025-09-30,historical_satellite_baseline,False,clean_zonal_aggregate,2026-09-01T20:48:40Z
2025,9,Lahore,Lahore District,0.378396,0.375369,-0.382509,-0.385569,15420,4,0.08,Sentinel-2 MSI / MODIS Terra Baseline,COPERNICUS/S2_SR_HARMONIZED,100,2025-09-01,2025-09-30,historical_satellite_baseline,False,clean_zonal_aggregate,2026-09-01T20:48:40Z
2025,9,Layyah,Layyah District,,,,,,,,Sentinel-2 MSI / MODIS Terra Baseline,COPERNICUS/S2_SR_HARMONIZED,100,2025-09-01,2025-09-30,boundary_unavailable,True,missing_authoritative_arcgis_polygon,2026-09-01T20:48:40Z
2025,9,Lodhran,Lodhran District,0.513801,0.509691,-0.493436,-0.497383,15420,4,0.08,Sentinel-2 MSI / MODIS Terra Baseline,COPERNICUS/S2_SR_HARMONIZED,100,2025-09-01,2025-09-30,historical_satellite_baseline,False,clean_zonal_aggregate,2026-09-01T20:48:40Z
2025,9,Mandi Bahauddin,Mandi Bahauddin District,0.564611,0.560094,-0.537826,-0.542128,15420,4,0.08,Sentinel-2 MSI / MODIS Terra Baseline,COPERNICUS/S2_SR_HARMONIZED,100,2025-09-01,2025-09-30,historical_satellite_baseline,False,clean_zonal_aggregate,2026-09-01T20:48:40Z
2025,9,Mianwali,Mianwali District,0.329170,0.326536,-0.351018,-0.353826,15420,4,0.08,Sentinel-2 MSI / MODIS Terra Baseline,COPERNICUS/S2_SR_HARMONIZED,100,2025-09-01,2025-09-30,historical_satellite_baseline,False,clean_zonal_aggregate,2026-09-01T20:48:40Z
2025,9,Multan,Multan District,0.401387,0.398176,-0.409494,-0.412770,15420,4,0.08,Sentinel-2 MSI / MODIS Terra Baseline,COPERNICUS/S2_SR_HARMONIZED,100,2025-09-01,2025-09-30,historical_satellite_baseline,False,clean_zonal_aggregate,2026-09-01T20:48:40Z
2025,9,Muzaffargarh,Muzaffargarh District,,,,,,,,Sentinel-2 MSI / MODIS Terra Baseline,COPERNICUS/S2_SR_HARMONIZED,100,2025-09-01,2025-09-30,boundary_unavailable,True,missing_authoritative_arcgis_polygon,2026-09-01T20:48:40Z
2025,9,Narowal,Narowal District,0.527245,0.523027,-0.499467,-0.503463,15420,4,0.08,Sentinel-2 MSI / MODIS Terra Baseline,COPERNICUS/S2_SR_HARMONIZED,100,2025-09-01,2025-09-30,historical_satellite_baseline,False,clean_zonal_aggregate,2026-09-01T20:48:40Z
2025,9,Okara,Okara District,,,,,,,,Sentinel-2 MSI / MODIS Terra Baseline,COPERNICUS/S2_SR_HARMONIZED,100,2025-09-01,2025-09-30,boundary_unavailable,True,missing_authoritative_arcgis_polygon,2026-09-01T20:48:40Z
2025,9,Pakpattan,Pakpattan District,0.506189,0.502140,-0.486340,-0.490231,15420,4,0.08,Sentinel-2 MSI / MODIS Terra Baseline,COPERNICUS/S2_SR_HARMONIZED,100,2025-09-01,2025-09-30,historical_satellite_baseline,False,clean_zonal_aggregate,2026-09-01T20:48:40Z
2025,9,Rahim Yar Khan,Rahim Yar Khan District,0.373527,0.370539,-0.398405,-0.401592,15420,4,0.08,Sentinel-2 MSI / MODIS Terra Baseline,COPERNICUS/S2_SR_HARMONIZED,100,2025-09-01,2025-09-30,historical_satellite_baseline,False,clean_zonal_aggregate,2026-09-01T20:48:40Z
2025,9,Rajanpur,Rajanpur District,0.204785,0.203146,-0.254787,-0.256825,15420,4,0.08,Sentinel-2 MSI / MODIS Terra Baseline,COPERNICUS/S2_SR_HARMONIZED,100,2025-09-01,2025-09-30,historical_satellite_baseline,False,clean_zonal_aggregate,2026-09-01T20:48:40Z
2025,9,Rawalpindi,Rawalpindi District,0.477647,0.473826,-0.477295,-0.481114,15420,4,0.08,Sentinel-2 MSI / MODIS Terra Baseline,COPERNICUS/S2_SR_HARMONIZED,100,2025-09-01,2025-09-30,historical_satellite_baseline,False,clean_zonal_aggregate,2026-09-01T20:48:40Z
2025,9,Sahiwal,Sahiwal District,0.516391,0.512260,-0.513278,-0.517385,15420,4,0.08,Sentinel-2 MSI / MODIS Terra Baseline,COPERNICUS/S2_SR_HARMONIZED,100,2025-09-01,2025-09-30,historical_satellite_baseline,False,clean_zonal_aggregate,2026-09-01T20:48:40Z
2025,9,Sargodha,Sargodha District,0.459642,0.455965,-0.470361,-0.474123,15420,4,0.08,Sentinel-2 MSI / MODIS Terra Baseline,COPERNICUS/S2_SR_HARMONIZED,100,2025-09-01,2025-09-30,historical_satellite_baseline,False,clean_zonal_aggregate,2026-09-01T20:48:40Z
2025,9,Sheikhupura,Sheikhupura District,0.608340,0.603473,-0.559030,-0.563502,15420,4,0.08,Sentinel-2 MSI / MODIS Terra Baseline,COPERNICUS/S2_SR_HARMONIZED,100,2025-09-01,2025-09-30,historical_satellite_baseline,False,clean_zonal_aggregate,2026-09-01T20:48:40Z
2025,9,Sialkot,Sialkot District,0.539191,0.534878,-0.489312,-0.493227,15420,4,0.08,Sentinel-2 MSI / MODIS Terra Baseline,COPERNICUS/S2_SR_HARMONIZED,100,2025-09-01,2025-09-30,historical_satellite_baseline,False,clean_zonal_aggregate,2026-09-01T20:48:40Z
2025,9,Toba Tek Singh,Toba Tek Singh District,0.490959,0.487031,-0.501019,-0.505027,15420,4,0.08,Sentinel-2 MSI / MODIS Terra Baseline,COPERNICUS/S2_SR_HARMONIZED,100,2025-09-01,2025-09-30,historical_satellite_baseline,False,clean_zonal_aggregate,2026-09-01T20:48:40Z
2025,9,Vehari,Vehari District,0.519543,0.515387,-0.504867,-0.508906,15420,4,0.08,Sentinel-2 MSI / MODIS Terra Baseline,COPERNICUS/S2_SR_HARMONIZED,100,2025-09-01,2025-09-30,historical_satellite_baseline,False,clean_zonal_aggregate,2026-09-01T20:48:40Z
2025,10,Attock,Attock District,0.287548,0.285248,-0.378382,-0.381409,15420,4,0.08,Sentinel-2 MSI / MODIS Terra Baseline,COPERNICUS/S2_SR_HARMONIZED,100,2025-10-01,2025-10-31,historical_satellite_baseline,False,clean_zonal_aggregate,2026-09-01T20:48:40Z
2025,10,Bahawalnagar,Bahawalnagar District,0.336122,0.333433,-0.381903,-0.384958,15420,4,0.08,Sentinel-2 MSI / MODIS Terra Baseline,COPERNICUS/S2_SR_HARMONIZED,100,2025-10-01,2025-10-31,historical_satellite_baseline,False,clean_zonal_aggregate,2026-09-01T20:48:40Z
2025,10,Bahawalpur,Bahawalpur District,0.217282,0.215544,-0.300110,-0.302511,15420,4,0.08,Sentinel-2 MSI / MODIS Terra Baseline,COPERNICUS/S2_SR_HARMONIZED,100,2025-10-01,2025-10-31,historical_satellite_baseline,False,clean_zonal_aggregate,2026-09-01T20:48:40Z
2025,10,Bhakkar,Bhakkar District,,,,,,,,Sentinel-2 MSI / MODIS Terra Baseline,COPERNICUS/S2_SR_HARMONIZED,100,2025-10-01,2025-10-31,boundary_unavailable,True,missing_authoritative_arcgis_polygon,2026-09-01T20:48:40Z
2025,10,Chakwal,Chakwal District,0.319919,0.317360,-0.393164,-0.396309,15420,4,0.08,Sentinel-2 MSI / MODIS Terra Baseline,COPERNICUS/S2_SR_HARMONIZED,100,2025-10-01,2025-10-31,historical_satellite_baseline,False,clean_zonal_aggregate,2026-09-01T20:48:40Z
2025,10,Dera Ghazi Khan,Dera Ghazi Khan District,0.240790,0.238864,-0.317235,-0.319772,15420,4,0.08,Sentinel-2 MSI / MODIS Terra Baseline,COPERNICUS/S2_SR_HARMONIZED,100,2025-10-01,2025-10-31,historical_satellite_baseline,False,clean_zonal_aggregate,2026-09-01T20:48:40Z
2025,10,Faisalabad,Faisalabad District,0.434227,0.430753,-0.462156,-0.465853,15420,4,0.08,Sentinel-2 MSI / MODIS Terra Baseline,COPERNICUS/S2_SR_HARMONIZED,100,2025-10-01,2025-10-31,historical_satellite_baseline,False,clean_zonal_aggregate,2026-09-01T20:48:40Z
2025,10,Gujranwala,Gujranwala District,0.449115,0.445522,-0.460380,-0.464063,15420,4,0.08,Sentinel-2 MSI / MODIS Terra Baseline,COPERNICUS/S2_SR_HARMONIZED,100,2025-10-01,2025-10-31,historical_satellite_baseline,False,clean_zonal_aggregate,2026-09-01T20:48:40Z
2025,10,Gujrat,Gujrat District,0.401770,0.398556,-0.428633,-0.432062,15420,4,0.08,Sentinel-2 MSI / MODIS Terra Baseline,COPERNICUS/S2_SR_HARMONIZED,100,2025-10-01,2025-10-31,historical_satellite_baseline,False,clean_zonal_aggregate,2026-09-01T20:48:40Z
2025,10,Hafizabad,Hafizabad District,0.500680,0.496675,-0.507121,-0.511178,15420,4,0.08,Sentinel-2 MSI / MODIS Terra Baseline,COPERNICUS/S2_SR_HARMONIZED,100,2025-10-01,2025-10-31,historical_satellite_baseline,False,clean_zonal_aggregate,2026-09-01T20:48:40Z
2025,10,Jhang,Jhang District,,,,,,,,Sentinel-2 MSI / MODIS Terra Baseline,COPERNICUS/S2_SR_HARMONIZED,100,2025-10-01,2025-10-31,boundary_unavailable,True,missing_authoritative_arcgis_polygon,2026-09-01T20:48:40Z
2025,10,Jhelum,Jhelum District,0.389118,0.386005,-0.432889,-0.436352,15420,4,0.08,Sentinel-2 MSI / MODIS Terra Baseline,COPERNICUS/S2_SR_HARMONIZED,100,2025-10-01,2025-10-31,historical_satellite_baseline,False,clean_zonal_aggregate,2026-09-01T20:48:40Z
2025,10,Kasur,Kasur District,0.391389,0.388258,-0.412996,-0.416300,15420,4,0.08,Sentinel-2 MSI / MODIS Terra Baseline,COPERNICUS/S2_SR_HARMONIZED,100,2025-10-01,2025-10-31,historical_satellite_baseline,False,clean_zonal_aggregate,2026-09-01T20:48:40Z
2025,10,Khanewal,Khanewal District,0.399069,0.395877,-0.424382,-0.427777,15420,4,0.08,Sentinel-2 MSI / MODIS Terra Baseline,COPERNICUS/S2_SR_HARMONIZED,100,2025-10-01,2025-10-31,historical_satellite_baseline,False,clean_zonal_aggregate,2026-09-01T20:48:40Z
2025,10,Khushab,Khushab District,0.358862,0.355991,-0.407019,-0.410275,15420,4,0.08,Sentinel-2 MSI / MODIS Terra Baseline,COPERNICUS/S2_SR_HARMONIZED,100,2025-10-01,2025-10-31,historical_satellite_baseline,False,clean_zonal_aggregate,2026-09-01T20:48:40Z
2025,10,Lahore,Lahore District,0.328659,0.326030,-0.362962,-0.365866,15420,4,0.08,Sentinel-2 MSI / MODIS Terra Baseline,COPERNICUS/S2_SR_HARMONIZED,100,2025-10-01,2025-10-31,historical_satellite_baseline,False,clean_zonal_aggregate,2026-09-01T20:48:40Z
2025,10,Layyah,Layyah District,,,,,,,,Sentinel-2 MSI / MODIS Terra Baseline,COPERNICUS/S2_SR_HARMONIZED,100,2025-10-01,2025-10-31,boundary_unavailable,True,missing_authoritative_arcgis_polygon,2026-09-01T20:48:40Z
2025,10,Lodhran,Lodhran District,0.468623,0.464874,-0.477317,-0.481135,15420,4,0.08,Sentinel-2 MSI / MODIS Terra Baseline,COPERNICUS/S2_SR_HARMONIZED,100,2025-10-01,2025-10-31,historical_satellite_baseline,False,clean_zonal_aggregate,2026-09-01T20:48:40Z
2025,10,Mandi Bahauddin,Mandi Bahauddin District,0.479706,0.475868,-0.485345,-0.489228,15420,4,0.08,Sentinel-2 MSI / MODIS Terra Baseline,COPERNICUS/S2_SR_HARMONIZED,100,2025-10-01,2025-10-31,historical_satellite_baseline,False,clean_zonal_aggregate,2026-09-01T20:48:40Z
2025,10,Mianwali,Mianwali District,0.253551,0.251523,-0.306857,-0.309312,15420,4,0.08,Sentinel-2 MSI / MODIS Terra Baseline,COPERNICUS/S2_SR_HARMONIZED,100,2025-10-01,2025-10-31,historical_satellite_baseline,False,clean_zonal_aggregate,2026-09-01T20:48:40Z
2025,10,Multan,Multan District,0.386037,0.382949,-0.410413,-0.413697,15420,4,0.08,Sentinel-2 MSI / MODIS Terra Baseline,COPERNICUS/S2_SR_HARMONIZED,100,2025-10-01,2025-10-31,historical_satellite_baseline,False,clean_zonal_aggregate,2026-09-01T20:48:40Z
2025,10,Muzaffargarh,Muzaffargarh District,,,,,,,,Sentinel-2 MSI / MODIS Terra Baseline,COPERNICUS/S2_SR_HARMONIZED,100,2025-10-01,2025-10-31,boundary_unavailable,True,missing_authoritative_arcgis_polygon,2026-09-01T20:48:40Z
2025,10,Narowal,Narowal District,0.444223,0.440669,-0.464203,-0.467916,15420,4,0.08,Sentinel-2 MSI / MODIS Terra Baseline,COPERNICUS/S2_SR_HARMONIZED,100,2025-10-01,2025-10-31,historical_satellite_baseline,False,clean_zonal_aggregate,2026-09-01T20:48:40Z
2025,10,Okara,Okara District,,,,,,,,Sentinel-2 MSI / MODIS Terra Baseline,COPERNICUS/S2_SR_HARMONIZED,100,2025-10-01,2025-10-31,boundary_unavailable,True,missing_authoritative_arcgis_polygon,2026-09-01T20:48:40Z
2025,10,Pakpattan,Pakpattan District,0.350529,0.347725,-0.383681,-0.386750,15420,4,0.08,Sentinel-2 MSI / MODIS Terra Baseline,COPERNICUS/S2_SR_HARMONIZED,100,2025-10-01,2025-10-31,historical_satellite_baseline,False,clean_zonal_aggregate,2026-09-01T20:48:40Z
2025,10,Rahim Yar Khan,Rahim Yar Khan District,0.346045,0.343277,-0.394116,-0.397269,15420,4,0.08,Sentinel-2 MSI / MODIS Terra Baseline,COPERNICUS/S2_SR_HARMONIZED,100,2025-10-01,2025-10-31,historical_satellite_baseline,False,clean_zonal_aggregate,2026-09-01T20:48:40Z
2025,10,Rajanpur,Rajanpur District,0.209715,0.208037,-0.282343,-0.284602,15420,4,0.08,Sentinel-2 MSI / MODIS Terra Baseline,COPERNICUS/S2_SR_HARMONIZED,100,2025-10-01,2025-10-31,historical_satellite_baseline,False,clean_zonal_aggregate,2026-09-01T20:48:40Z
2025,10,Rawalpindi,Rawalpindi District,0.443285,0.439739,-0.479318,-0.483152,15420,4,0.08,Sentinel-2 MSI / MODIS Terra Baseline,COPERNICUS/S2_SR_HARMONIZED,100,2025-10-01,2025-10-31,historical_satellite_baseline,False,clean_zonal_aggregate,2026-09-01T20:48:40Z
2025,10,Sahiwal,Sahiwal District,0.394405,0.391250,-0.434313,-0.437787,15420,4,0.08,Sentinel-2 MSI / MODIS Terra Baseline,COPERNICUS/S2_SR_HARMONIZED,100,2025-10-01,2025-10-31,historical_satellite_baseline,False,clean_zonal_aggregate,2026-09-01T20:48:40Z
2025,10,Sargodha,Sargodha District,0.440363,0.436840,-0.474301,-0.478095,15420,4,0.08,Sentinel-2 MSI / MODIS Terra Baseline,COPERNICUS/S2_SR_HARMONIZED,100,2025-10-01,2025-10-31,historical_satellite_baseline,False,clean_zonal_aggregate,2026-09-01T20:48:40Z
2025,10,Sheikhupura,Sheikhupura District,0.462668,0.458966,-0.473049,-0.476833,15420,4,0.08,Sentinel-2 MSI / MODIS Terra Baseline,COPERNICUS/S2_SR_HARMONIZED,100,2025-10-01,2025-10-31,historical_satellite_baseline,False,clean_zonal_aggregate,2026-09-01T20:48:40Z
2025,10,Sialkot,Sialkot District,0.464179,0.460465,-0.463782,-0.467492,15420,4,0.08,Sentinel-2 MSI / MODIS Terra Baseline,COPERNICUS/S2_SR_HARMONIZED,100,2025-10-01,2025-10-31,historical_satellite_baseline,False,clean_zonal_aggregate,2026-09-01T20:48:40Z
2025,10,Toba Tek Singh,Toba Tek Singh District,0.410373,0.407090,-0.440515,-0.444039,15420,4,0.08,Sentinel-2 MSI / MODIS Terra Baseline,COPERNICUS/S2_SR_HARMONIZED,100,2025-10-01,2025-10-31,historical_satellite_baseline,False,clean_zonal_aggregate,2026-09-01T20:48:40Z
2025,10,Vehari,Vehari District,0.435304,0.431821,-0.451701,-0.455314,15420,4,0.08,Sentinel-2 MSI / MODIS Terra Baseline,COPERNICUS/S2_SR_HARMONIZED,100,2025-10-01,2025-10-31,historical_satellite_baseline,False,clean_zonal_aggregate,2026-09-01T20:48:40Z
2025,11,Attock,Attock District,0.263231,0.261125,-0.363201,-0.366106,15420,4,0.08,Sentinel-2 MSI / MODIS Terra Baseline,COPERNICUS/S2_SR_HARMONIZED,100,2025-11-01,2025-11-30,historical_satellite_baseline,False,clean_zonal_aggregate,2026-09-01T20:48:40Z
2025,11,Bahawalnagar,Bahawalnagar District,0.237929,0.236025,-0.311156,-0.313646,15420,4,0.08,Sentinel-2 MSI / MODIS Terra Baseline,COPERNICUS/S2_SR_HARMONIZED,100,2025-11-01,2025-11-30,historical_satellite_baseline,False,clean_zonal_aggregate,2026-09-01T20:48:40Z
2025,11,Bahawalpur,Bahawalpur District,0.189642,0.188125,-0.289679,-0.291996,15420,4,0.08,Sentinel-2 MSI / MODIS Terra Baseline,COPERNICUS/S2_SR_HARMONIZED,100,2025-11-01,2025-11-30,historical_satellite_baseline,False,clean_zonal_aggregate,2026-09-01T20:48:40Z
2025,11,Bhakkar,Bhakkar District,,,,,,,,Sentinel-2 MSI / MODIS Terra Baseline,COPERNICUS/S2_SR_HARMONIZED,100,2025-11-01,2025-11-30,boundary_unavailable,True,missing_authoritative_arcgis_polygon,2026-09-01T20:48:40Z
2025,11,Chakwal,Chakwal District,0.297000,0.294624,-0.386707,-0.389801,15420,4,0.08,Sentinel-2 MSI / MODIS Terra Baseline,COPERNICUS/S2_SR_HARMONIZED,100,2025-11-01,2025-11-30,historical_satellite_baseline,False,clean_zonal_aggregate,2026-09-01T20:48:40Z
2025,11,Dera Ghazi Khan,Dera Ghazi Khan District,0.208005,0.206341,-0.293721,-0.296071,15420,4,0.08,Sentinel-2 MSI / MODIS Terra Baseline,COPERNICUS/S2_SR_HARMONIZED,100,2025-11-01,2025-11-30,historical_satellite_baseline,False,clean_zonal_aggregate,2026-09-01T20:48:40Z
2025,11,Faisalabad,Faisalabad District,0.369934,0.366975,-0.414251,-0.417565,15420,4,0.08,Sentinel-2 MSI / MODIS Terra Baseline,COPERNICUS/S2_SR_HARMONIZED,100,2025-11-01,2025-11-30,historical_satellite_baseline,False,clean_zonal_aggregate,2026-09-01T20:48:40Z
2025,11,Gujranwala,Gujranwala District,0.270914,0.268747,-0.339774,-0.342492,15420,4,0.08,Sentinel-2 MSI / MODIS Terra Baseline,COPERNICUS/S2_SR_HARMONIZED,100,2025-11-01,2025-11-30,historical_satellite_baseline,False,clean_zonal_aggregate,2026-09-01T20:48:40Z
2025,11,Gujrat,Gujrat District,0.337603,0.334902,-0.399257,-0.402451,15420,4,0.08,Sentinel-2 MSI / MODIS Terra Baseline,COPERNICUS/S2_SR_HARMONIZED,100,2025-11-01,2025-11-30,historical_satellite_baseline,False,clean_zonal_aggregate,2026-09-01T20:48:40Z
2025,11,Hafizabad,Hafizabad District,0.253825,0.251794,-0.340221,-0.342943,15420,4,0.08,Sentinel-2 MSI / MODIS Terra Baseline,COPERNICUS/S2_SR_HARMONIZED,100,2025-11-01,2025-11-30,historical_satellite_baseline,False,clean_zonal_aggregate,2026-09-01T20:48:40Z
2025,11,Jhang,Jhang District,,,,,,,,Sentinel-2 MSI / MODIS Terra Baseline,COPERNICUS/S2_SR_HARMONIZED,100,2025-11-01,2025-11-30,boundary_unavailable,True,missing_authoritative_arcgis_polygon,2026-09-01T20:48:40Z
2025,11,Jhelum,Jhelum District,0.359981,0.357102,-0.432369,-0.435828,15420,4,0.08,Sentinel-2 MSI / MODIS Terra Baseline,COPERNICUS/S2_SR_HARMONIZED,100,2025-11-01,2025-11-30,historical_satellite_baseline,False,clean_zonal_aggregate,2026-09-01T20:48:40Z
2025,11,Kasur,Kasur District,0.356366,0.353515,-0.391801,-0.394936,15420,4,0.08,Sentinel-2 MSI / MODIS Terra Baseline,COPERNICUS/S2_SR_HARMONIZED,100,2025-11-01,2025-11-30,historical_satellite_baseline,False,clean_zonal_aggregate,2026-09-01T20:48:40Z
2025,11,Khanewal,Khanewal District,0.298721,0.296332,-0.350569,-0.353373,15420,4,0.08,Sentinel-2 MSI / MODIS Terra Baseline,COPERNICUS/S2_SR_HARMONIZED,100,2025-11-01,2025-11-30,historical_satellite_baseline,False,clean_zonal_aggregate,2026-09-01T20:48:40Z
2025,11,Khushab,Khushab District,0.305027,0.302587,-0.377645,-0.380666,15420,4,0.08,Sentinel-2 MSI / MODIS Terra Baseline,COPERNICUS/S2_SR_HARMONIZED,100,2025-11-01,2025-11-30,historical_satellite_baseline,False,clean_zonal_aggregate,2026-09-01T20:48:40Z
2025,11,Lahore,Lahore District,0.303077,0.300652,-0.348436,-0.351224,15420,4,0.08,Sentinel-2 MSI / MODIS Terra Baseline,COPERNICUS/S2_SR_HARMONIZED,100,2025-11-01,2025-11-30,historical_satellite_baseline,False,clean_zonal_aggregate,2026-09-01T20:48:40Z
2025,11,Layyah,Layyah District,,,,,,,,Sentinel-2 MSI / MODIS Terra Baseline,COPERNICUS/S2_SR_HARMONIZED,100,2025-11-01,2025-11-30,boundary_unavailable,True,missing_authoritative_arcgis_polygon,2026-09-01T20:48:40Z
2025,11,Lodhran,Lodhran District,0.309471,0.306995,-0.352573,-0.355394,15420,4,0.08,Sentinel-2 MSI / MODIS Terra Baseline,COPERNICUS/S2_SR_HARMONIZED,100,2025-11-01,2025-11-30,historical_satellite_baseline,False,clean_zonal_aggregate,2026-09-01T20:48:40Z
2025,11,Mandi Bahauddin,Mandi Bahauddin District,0.375407,0.372403,-0.434201,-0.437675,15420,4,0.08,Sentinel-2 MSI / MODIS Terra Baseline,COPERNICUS/S2_SR_HARMONIZED,100,2025-11-01,2025-11-30,historical_satellite_baseline,False,clean_zonal_aggregate,2026-09-01T20:48:40Z
2025,11,Mianwali,Mianwali District,0.220539,0.218775,-0.285495,-0.287779,15420,4,0.08,Sentinel-2 MSI / MODIS Terra Baseline,COPERNICUS/S2_SR_HARMONIZED,100,2025-11-01,2025-11-30,historical_satellite_baseline,False,clean_zonal_aggregate,2026-09-01T20:48:40Z
2025,11,Multan,Multan District,0.295027,0.292667,-0.342758,-0.345500,15420,4,0.08,Sentinel-2 MSI / MODIS Terra Baseline,COPERNICUS/S2_SR_HARMONIZED,100,2025-11-01,2025-11-30,historical_satellite_baseline,False,clean_zonal_aggregate,2026-09-01T20:48:40Z
2025,11,Muzaffargarh,Muzaffargarh District,,,,,,,,Sentinel-2 MSI / MODIS Terra Baseline,COPERNICUS/S2_SR_HARMONIZED,100,2025-11-01,2025-11-30,boundary_unavailable,True,missing_authoritative_arcgis_polygon,2026-09-01T20:48:40Z
2025,11,Narowal,Narowal District,0.290882,0.288555,-0.369469,-0.372425,15420,4,0.08,Sentinel-2 MSI / MODIS Terra Baseline,COPERNICUS/S2_SR_HARMONIZED,100,2025-11-01,2025-11-30,historical_satellite_baseline,False,clean_zonal_aggregate,2026-09-01T20:48:40Z
2025,11,Okara,Okara District,,,,,,,,Sentinel-2 MSI / MODIS Terra Baseline,COPERNICUS/S2_SR_HARMONIZED,100,2025-11-01,2025-11-30,boundary_unavailable,True,missing_authoritative_arcgis_polygon,2026-09-01T20:48:40Z
2025,11,Pakpattan,Pakpattan District,0.292182,0.289844,-0.335633,-0.338318,15420,4,0.08,Sentinel-2 MSI / MODIS Terra Baseline,COPERNICUS/S2_SR_HARMONIZED,100,2025-11-01,2025-11-30,historical_satellite_baseline,False,clean_zonal_aggregate,2026-09-01T20:48:40Z
2025,11,Rahim Yar Khan,Rahim Yar Khan District,0.277738,0.275516,-0.344389,-0.347144,15420,4,0.08,Sentinel-2 MSI / MODIS Terra Baseline,COPERNICUS/S2_SR_HARMONIZED,100,2025-11-01,2025-11-30,historical_satellite_baseline,False,clean_zonal_aggregate,2026-09-01T20:48:40Z
2025,11,Rajanpur,Rajanpur District,0.188654,0.187145,-0.265237,-0.267359,15420,4,0.08,Sentinel-2 MSI / MODIS Terra Baseline,COPERNICUS/S2_SR_HARMONIZED,100,2025-11-01,2025-11-30,historical_satellite_baseline,False,clean_zonal_aggregate,2026-09-01T20:48:40Z
2025,11,Rawalpindi,Rawalpindi District,0.407037,0.403781,-0.462282,-0.465980,15420,4,0.08,Sentinel-2 MSI / MODIS Terra Baseline,COPERNICUS/S2_SR_HARMONIZED,100,2025-11-01,2025-11-30,historical_satellite_baseline,False,clean_zonal_aggregate,2026-09-01T20:48:40Z
2025,11,Sahiwal,Sahiwal District,0.331620,0.328967,-0.377346,-0.380365,15420,4,0.08,Sentinel-2 MSI / MODIS Terra Baseline,COPERNICUS/S2_SR_HARMONIZED,100,2025-11-01,2025-11-30,historical_satellite_baseline,False,clean_zonal_aggregate,2026-09-01T20:48:40Z
2025,11,Sargodha,Sargodha District,0.400433,0.397230,-0.449127,-0.452720,15420,4,0.08,Sentinel-2 MSI / MODIS Terra Baseline,COPERNICUS/S2_SR_HARMONIZED,100,2025-11-01,2025-11-30,historical_satellite_baseline,False,clean_zonal_aggregate,2026-09-01T20:48:40Z
2025,11,Sheikhupura,Sheikhupura District,0.279291,0.277057,-0.347023,-0.349799,15420,4,0.08,Sentinel-2 MSI / MODIS Terra Baseline,COPERNICUS/S2_SR_HARMONIZED,100,2025-11-01,2025-11-30,historical_satellite_baseline,False,clean_zonal_aggregate,2026-09-01T20:48:40Z
2025,11,Sialkot,Sialkot District,0.321926,0.319351,-0.384722,-0.387799,15420,4,0.08,Sentinel-2 MSI / MODIS Terra Baseline,COPERNICUS/S2_SR_HARMONIZED,100,2025-11-01,2025-11-30,historical_satellite_baseline,False,clean_zonal_aggregate,2026-09-01T20:48:40Z
2025,11,Toba Tek Singh,Toba Tek Singh District,0.343123,0.340378,-0.392777,-0.395919,15420,4,0.08,Sentinel-2 MSI / MODIS Terra Baseline,COPERNICUS/S2_SR_HARMONIZED,100,2025-11-01,2025-11-30,historical_satellite_baseline,False,clean_zonal_aggregate,2026-09-01T20:48:40Z
2025,11,Vehari,Vehari District,0.342508,0.339768,-0.379900,-0.382939,15420,4,0.08,Sentinel-2 MSI / MODIS Terra Baseline,COPERNICUS/S2_SR_HARMONIZED,100,2025-11-01,2025-11-30,historical_satellite_baseline,False,clean_zonal_aggregate,2026-09-01T20:48:40Z
2025,12,Attock,Attock District,0.257486,0.255426,-0.362652,-0.365553,15420,4,0.08,Sentinel-2 MSI / MODIS Terra Baseline,COPERNICUS/S2_SR_HARMONIZED,100,2025-12-01,2025-12-31,historical_satellite_baseline,False,clean_zonal_aggregate,2026-09-01T20:48:40Z
2025,12,Bahawalnagar,Bahawalnagar District,0.375660,0.372654,-0.412876,-0.416179,15420,4,0.08,Sentinel-2 MSI / MODIS Terra Baseline,COPERNICUS/S2_SR_HARMONIZED,100,2025-12-01,2025-12-31,historical_satellite_baseline,False,clean_zonal_aggregate,2026-09-01T20:48:40Z
2025,12,Bahawalpur,Bahawalpur District,0.238096,0.236191,-0.323236,-0.325822,15420,4,0.08,Sentinel-2 MSI / MODIS Terra Baseline,COPERNICUS/S2_SR_HARMONIZED,100,2025-12-01,2025-12-31,historical_satellite_baseline,False,clean_zonal_aggregate,2026-09-01T20:48:40Z
2025,12,Bhakkar,Bhakkar District,,,,,,,,Sentinel-2 MSI / MODIS Terra Baseline,COPERNICUS/S2_SR_HARMONIZED,100,2025-12-01,2025-12-31,boundary_unavailable,True,missing_authoritative_arcgis_polygon,2026-09-01T20:48:40Z
2025,12,Chakwal,Chakwal District,0.315863,0.313336,-0.418756,-0.422106,15420,4,0.08,Sentinel-2 MSI / MODIS Terra Baseline,COPERNICUS/S2_SR_HARMONIZED,100,2025-12-01,2025-12-31,historical_satellite_baseline,False,clean_zonal_aggregate,2026-09-01T20:48:40Z
2025,12,Dera Ghazi Khan,Dera Ghazi Khan District,0.265494,0.263370,-0.342727,-0.345469,15420,4,0.08,Sentinel-2 MSI / MODIS Terra Baseline,COPERNICUS/S2_SR_HARMONIZED,100,2025-12-01,2025-12-31,historical_satellite_baseline,False,clean_zonal_aggregate,2026-09-01T20:48:40Z
2025,12,Faisalabad,Faisalabad District,0.386922,0.383827,-0.425727,-0.429133,15420,4,0.08,Sentinel-2 MSI / MODIS Terra Baseline,COPERNICUS/S2_SR_HARMONIZED,100,2025-12-01,2025-12-31,historical_satellite_baseline,False,clean_zonal_aggregate,2026-09-01T20:48:40Z
2025,12,Gujranwala,Gujranwala District,0.349512,0.346716,-0.374248,-0.377242,15420,4,0.08,Sentinel-2 MSI / MODIS Terra Baseline,COPERNICUS/S2_SR_HARMONIZED,100,2025-12-01,2025-12-31,historical_satellite_baseline,False,clean_zonal_aggregate,2026-09-01T20:48:40Z
2025,12,Gujrat,Gujrat District,0.328463,0.325835,-0.373897,-0.376888,15420,4,0.08,Sentinel-2 MSI / MODIS Terra Baseline,COPERNICUS/S2_SR_HARMONIZED,100,2025-12-01,2025-12-31,historical_satellite_baseline,False,clean_zonal_aggregate,2026-09-01T20:48:40Z
2025,12,Hafizabad,Hafizabad District,0.374398,0.371403,-0.407528,-0.410788,15420,4,0.08,Sentinel-2 MSI / MODIS Terra Baseline,COPERNICUS/S2_SR_HARMONIZED,100,2025-12-01,2025-12-31,historical_satellite_baseline,False,clean_zonal_aggregate,2026-09-01T20:48:40Z
2025,12,Jhang,Jhang District,,,,,,,,Sentinel-2 MSI / MODIS Terra Baseline,COPERNICUS/S2_SR_HARMONIZED,100,2025-12-01,2025-12-31,boundary_unavailable,True,missing_authoritative_arcgis_polygon,2026-09-01T20:48:40Z
2025,12,Jhelum,Jhelum District,0.366170,0.363241,-0.446049,-0.449617,15420,4,0.08,Sentinel-2 MSI / MODIS Terra Baseline,COPERNICUS/S2_SR_HARMONIZED,100,2025-12-01,2025-12-31,historical_satellite_baseline,False,clean_zonal_aggregate,2026-09-01T20:48:40Z
2025,12,Kasur,Kasur District,0.418722,0.415372,-0.437696,-0.441198,15420,4,0.08,Sentinel-2 MSI / MODIS Terra Baseline,COPERNICUS/S2_SR_HARMONIZED,100,2025-12-01,2025-12-31,historical_satellite_baseline,False,clean_zonal_aggregate,2026-09-01T20:48:40Z
2025,12,Khanewal,Khanewal District,0.432642,0.429181,-0.446132,-0.449702,15420,4,0.08,Sentinel-2 MSI / MODIS Terra Baseline,COPERNICUS/S2_SR_HARMONIZED,100,2025-12-01,2025-12-31,historical_satellite_baseline,False,clean_zonal_aggregate,2026-09-01T20:48:40Z
2025,12,Khushab,Khushab District,0.315906,0.313379,-0.406745,-0.409999,15420,4,0.08,Sentinel-2 MSI / MODIS Terra Baseline,COPERNICUS/S2_SR_HARMONIZED,100,2025-12-01,2025-12-31,historical_satellite_baseline,False,clean_zonal_aggregate,2026-09-01T20:48:40Z
2025,12,Lahore,Lahore District,0.298198,0.295813,-0.329901,-0.332540,15420,4,0.08,Sentinel-2 MSI / MODIS Terra Baseline,COPERNICUS/S2_SR_HARMONIZED,100,2025-12-01,2025-12-31,historical_satellite_baseline,False,clean_zonal_aggregate,2026-09-01T20:48:40Z
2025,12,Layyah,Layyah District,,,,,,,,Sentinel-2 MSI / MODIS Terra Baseline,COPERNICUS/S2_SR_HARMONIZED,100,2025-12-01,2025-12-31,boundary_unavailable,True,missing_authoritative_arcgis_polygon,2026-09-01T20:48:40Z
2025,12,Lodhran,Lodhran District,0.465960,0.462232,-0.462990,-0.466694,15420,4,0.08,Sentinel-2 MSI / MODIS Terra Baseline,COPERNICUS/S2_SR_HARMONIZED,100,2025-12-01,2025-12-31,historical_satellite_baseline,False,clean_zonal_aggregate,2026-09-01T20:48:40Z
2025,12,Mandi Bahauddin,Mandi Bahauddin District,0.383982,0.380910,-0.428070,-0.431494,15420,4,0.08,Sentinel-2 MSI / MODIS Terra Baseline,COPERNICUS/S2_SR_HARMONIZED,100,2025-12-01,2025-12-31,historical_satellite_baseline,False,clean_zonal_aggregate,2026-09-01T20:48:40Z
2025,12,Mianwali,Mianwali District,0.280315,0.278073,-0.344361,-0.347116,15420,4,0.08,Sentinel-2 MSI / MODIS Terra Baseline,COPERNICUS/S2_SR_HARMONIZED,100,2025-12-01,2025-12-31,historical_satellite_baseline,False,clean_zonal_aggregate,2026-09-01T20:48:40Z
2025,12,Multan,Multan District,0.392254,0.389116,-0.414171,-0.417484,15420,4,0.08,Sentinel-2 MSI / MODIS Terra Baseline,COPERNICUS/S2_SR_HARMONIZED,100,2025-12-01,2025-12-31,historical_satellite_baseline,False,clean_zonal_aggregate,2026-09-01T20:48:40Z
2025,12,Muzaffargarh,Muzaffargarh District,,,,,,,,Sentinel-2 MSI / MODIS Terra Baseline,COPERNICUS/S2_SR_HARMONIZED,100,2025-12-01,2025-12-31,boundary_unavailable,True,missing_authoritative_arcgis_polygon,2026-09-01T20:48:40Z
2025,12,Narowal,Narowal District,0.274300,0.272106,-0.341891,-0.344626,15420,4,0.08,Sentinel-2 MSI / MODIS Terra Baseline,COPERNICUS/S2_SR_HARMONIZED,100,2025-12-01,2025-12-31,historical_satellite_baseline,False,clean_zonal_aggregate,2026-09-01T20:48:40Z
2025,12,Okara,Okara District,,,,,,,,Sentinel-2 MSI / MODIS Terra Baseline,COPERNICUS/S2_SR_HARMONIZED,100,2025-12-01,2025-12-31,boundary_unavailable,True,missing_authoritative_arcgis_polygon,2026-09-01T20:48:40Z
2025,12,Pakpattan,Pakpattan District,0.463416,0.459709,-0.462952,-0.466656,15420,4,0.08,Sentinel-2 MSI / MODIS Terra Baseline,COPERNICUS/S2_SR_HARMONIZED,100,2025-12-01,2025-12-31,historical_satellite_baseline,False,clean_zonal_aggregate,2026-09-01T20:48:40Z
2025,12,Rahim Yar Khan,Rahim Yar Khan District,0.323509,0.320921,-0.377044,-0.380060,15420,4,0.08,Sentinel-2 MSI / MODIS Terra Baseline,COPERNICUS/S2_SR_HARMONIZED,100,2025-12-01,2025-12-31,historical_satellite_baseline,False,clean_zonal_aggregate,2026-09-01T20:48:40Z
2025,12,Rajanpur,Rajanpur District,0.237904,0.236001,-0.307327,-0.309786,15420,4,0.08,Sentinel-2 MSI / MODIS Terra Baseline,COPERNICUS/S2_SR_HARMONIZED,100,2025-12-01,2025-12-31,historical_satellite_baseline,False,clean_zonal_aggregate,2026-09-01T20:48:40Z
2025,12,Rawalpindi,Rawalpindi District,0.407011,0.403755,-0.466918,-0.470654,15420,4,0.08,Sentinel-2 MSI / MODIS Terra Baseline,COPERNICUS/S2_SR_HARMONIZED,100,2025-12-01,2025-12-31,historical_satellite_baseline,False,clean_zonal_aggregate,2026-09-01T20:48:40Z
2025,12,Sahiwal,Sahiwal District,0.477093,0.473276,-0.481157,-0.485006,15420,4,0.08,Sentinel-2 MSI / MODIS Terra Baseline,COPERNICUS/S2_SR_HARMONIZED,100,2025-12-01,2025-12-31,historical_satellite_baseline,False,clean_zonal_aggregate,2026-09-01T20:48:40Z
2025,12,Sargodha,Sargodha District,0.431462,0.428010,-0.473282,-0.477068,15420,4,0.08,Sentinel-2 MSI / MODIS Terra Baseline,COPERNICUS/S2_SR_HARMONIZED,100,2025-12-01,2025-12-31,historical_satellite_baseline,False,clean_zonal_aggregate,2026-09-01T20:48:40Z
2025,12,Sheikhupura,Sheikhupura District,0.357638,0.354777,-0.391802,-0.394936,15420,4,0.08,Sentinel-2 MSI / MODIS Terra Baseline,COPERNICUS/S2_SR_HARMONIZED,100,2025-12-01,2025-12-31,historical_satellite_baseline,False,clean_zonal_aggregate,2026-09-01T20:48:40Z
2025,12,Sialkot,Sialkot District,0.317004,0.314468,-0.361836,-0.364730,15420,4,0.08,Sentinel-2 MSI / MODIS Terra Baseline,COPERNICUS/S2_SR_HARMONIZED,100,2025-12-01,2025-12-31,historical_satellite_baseline,False,clean_zonal_aggregate,2026-09-01T20:48:40Z
2025,12,Toba Tek Singh,Toba Tek Singh District,0.443925,0.440373,-0.460622,-0.464307,15420,4,0.08,Sentinel-2 MSI / MODIS Terra Baseline,COPERNICUS/S2_SR_HARMONIZED,100,2025-12-01,2025-12-31,historical_satellite_baseline,False,clean_zonal_aggregate,2026-09-01T20:48:40Z
2025,12,Vehari,Vehari District,0.459349,0.455674,-0.475532,-0.479336,15420,4,0.08,Sentinel-2 MSI / MODIS Terra Baseline,COPERNICUS/S2_SR_HARMONIZED,100,2025-12-01,2025-12-31,historical_satellite_baseline,False,clean_zonal_aggregate,2026-09-01T20:48:40Z
