district,crop_name,crop_area,crop_share,season,total_cropped_area,source_year,source_table,notes
Bahawalnagar District,Wheat,1056209,40,Rabi,2667477,2024,"Tables 6.5, 1.0","crop_share = percent of total cropped area (Table 6.5), rounded to integer in source; crop_area reported only for major crops (Table 1.0); season assigned per standard Punjab crop calendar, not a census-reported field; Report footnote: ""0"" = value less than 0.5; ""-"" = no value"
Bahawalnagar District,Rice/Paddy,250341,9,Kharif,2667477,2024,"Tables 6.5, 1.0","crop_share = percent of total cropped area (Table 6.5), rounded to integer in source; crop_area reported only for major crops (Table 1.0); season assigned per standard Punjab crop calendar, not a census-reported field; Report footnote: ""0"" = value less than 0.5; ""-"" = no value"
Bahawalnagar District,Maize (Rabi),,1,Rabi,2667477,2024,"Tables 6.5, 1.0","crop_share = percent of total cropped area (Table 6.5), rounded to integer in source; crop_area reported only for major crops (Table 1.0); season assigned per standard Punjab crop calendar, not a census-reported field; Report footnote: ""0"" = value less than 0.5; ""-"" = no value"
Bahawalnagar District,Maize (Kharif),,1,Kharif,2667477,2024,"Tables 6.5, 1.0","crop_share = percent of total cropped area (Table 6.5), rounded to integer in source; crop_area reported only for major crops (Table 1.0); season assigned per standard Punjab crop calendar, not a census-reported field; Report footnote: ""0"" = value less than 0.5; ""-"" = no value"
Bahawalnagar District,Jowar/Bajra/Gram,,1,Kharif+Rabi,2667477,2024,"Tables 6.5, 1.0","crop_share = percent of total cropped area (Table 6.5), rounded to integer in source; crop_area reported only for major crops (Table 1.0); season assigned per standard Punjab crop calendar, not a census-reported field; Report footnote: ""0"" = value less than 0.5; ""-"" = no value"
Bahawalnagar District,Barley,,0,Rabi,2667477,2024,"Tables 6.5, 1.0","crop_share = percent of total cropped area (Table 6.5), rounded to integer in source; crop_area reported only for major crops (Table 1.0); season assigned per standard Punjab crop calendar, not a census-reported field; Report footnote: ""0"" = value less than 0.5; ""-"" = no value"
Bahawalnagar District,Cotton,687445,26,Kharif,2667477,2024,"Tables 6.5, 1.0","crop_share = percent of total cropped area (Table 6.5), rounded to integer in source; crop_area reported only for major crops (Table 1.0); season assigned per standard Punjab crop calendar, not a census-reported field; Report footnote: ""0"" = value less than 0.5; ""-"" = no value"
Bahawalnagar District,Sugarcane,33432,1,Kharif+Rabi,2667477,2024,"Tables 6.5, 1.0","crop_share = percent of total cropped area (Table 6.5), rounded to integer in source; crop_area reported only for major crops (Table 1.0); season assigned per standard Punjab crop calendar, not a census-reported field; Report footnote: ""0"" = value less than 0.5; ""-"" = no value"
Bahawalnagar District,Tobacco,,,Rabi,2667477,2024,"Tables 6.5, 1.0","crop_share = percent of total cropped area (Table 6.5), rounded to integer in source; crop_area reported only for major crops (Table 1.0); season assigned per standard Punjab crop calendar, not a census-reported field; Report footnote: ""0"" = value less than 0.5; ""-"" = no value"
Bahawalnagar District,Oilseeds,,4,Kharif+Rabi,2667477,2024,"Tables 6.5, 1.0","crop_share = percent of total cropped area (Table 6.5), rounded to integer in source; crop_area reported only for major crops (Table 1.0); season assigned per standard Punjab crop calendar, not a census-reported field; Report footnote: ""0"" = value less than 0.5; ""-"" = no value"
Bahawalnagar District,Pulses,,0,Kharif+Rabi,2667477,2024,"Tables 6.5, 1.0","crop_share = percent of total cropped area (Table 6.5), rounded to integer in source; crop_area reported only for major crops (Table 1.0); season assigned per standard Punjab crop calendar, not a census-reported field; Report footnote: ""0"" = value less than 0.5; ""-"" = no value"
Bahawalnagar District,Fodders,316042,12,Kharif+Rabi,2667477,2024,"Tables 6.5, 1.0","crop_share = percent of total cropped area (Table 6.5), rounded to integer in source; crop_area reported only for major crops (Table 1.0); season assigned per standard Punjab crop calendar, not a census-reported field; Report footnote: ""0"" = value less than 0.5; ""-"" = no value"
Bahawalnagar District,Vegetables,,0,Kharif+Rabi,2667477,2024,"Tables 6.5, 1.0","crop_share = percent of total cropped area (Table 6.5), rounded to integer in source; crop_area reported only for major crops (Table 1.0); season assigned per standard Punjab crop calendar, not a census-reported field; Report footnote: ""0"" = value less than 0.5; ""-"" = no value"
Bahawalnagar District,Orchards,11367,0,Kharif+Rabi,2667477,2024,"Tables 6.5, 1.0","crop_share = percent of total cropped area (Table 6.5), rounded to integer in source; crop_area reported only for major crops (Table 1.0); season assigned per standard Punjab crop calendar, not a census-reported field; Report footnote: ""0"" = value less than 0.5; ""-"" = no value"
Bahawalnagar District,Other Crops,,4,Kharif+Rabi,2667477,2024,"Tables 6.5, 1.0","crop_share = percent of total cropped area (Table 6.5), rounded to integer in source; crop_area reported only for major crops (Table 1.0); season assigned per standard Punjab crop calendar, not a census-reported field; Report footnote: ""0"" = value less than 0.5; ""-"" = no value"
Bahawalnagar District,Maize (Total),60002,,Kharif+Rabi,2667477,2024,"Tables 6.5, 1.0","crop_share = percent of total cropped area (Table 6.5), rounded to integer in source; crop_area reported only for major crops (Table 1.0); season assigned per standard Punjab crop calendar, not a census-reported field; Report footnote: ""0"" = value less than 0.5; ""-"" = no value"
Bahawalnagar District,Kharif Crops (Total),1288823,,Kharif,2667477,2024,"Tables 6.5, 1.0","crop_share = percent of total cropped area (Table 6.5), rounded to integer in source; crop_area reported only for major crops (Table 1.0); season assigned per standard Punjab crop calendar, not a census-reported field; Report footnote: ""0"" = value less than 0.5; ""-"" = no value"
Bahawalnagar District,Rabi Crops (Total),1367287,,Rabi,2667477,2024,"Tables 6.5, 1.0","crop_share = percent of total cropped area (Table 6.5), rounded to integer in source; crop_area reported only for major crops (Table 1.0); season assigned per standard Punjab crop calendar, not a census-reported field; Report footnote: ""0"" = value less than 0.5; ""-"" = no value"
Bahawalnagar District,Total Cropped Area,2667477,,Kharif+Rabi,2667477,2024,"Tables 6.5, 1.0","crop_share = percent of total cropped area (Table 6.5), rounded to integer in source; crop_area reported only for major crops (Table 1.0); season assigned per standard Punjab crop calendar, not a census-reported field; Report footnote: ""0"" = value less than 0.5; ""-"" = no value"
Bahawalpur District,Wheat,691745,41,Rabi,1681103,2024,"Tables 6.5, 1.0","crop_share = percent of total cropped area (Table 6.5), rounded to integer in source; crop_area reported only for major crops (Table 1.0); season assigned per standard Punjab crop calendar, not a census-reported field; Report footnote: ""0"" = value less than 0.5; ""-"" = no value"
Bahawalpur District,Rice/Paddy,38922,2,Kharif,1681103,2024,"Tables 6.5, 1.0","crop_share = percent of total cropped area (Table 6.5), rounded to integer in source; crop_area reported only for major crops (Table 1.0); season assigned per standard Punjab crop calendar, not a census-reported field; Report footnote: ""0"" = value less than 0.5; ""-"" = no value"
Bahawalpur District,Maize (Rabi),,4,Rabi,1681103,2024,"Tables 6.5, 1.0","crop_share = percent of total cropped area (Table 6.5), rounded to integer in source; crop_area reported only for major crops (Table 1.0); season assigned per standard Punjab crop calendar, not a census-reported field; Report footnote: ""0"" = value less than 0.5; ""-"" = no value"
Bahawalpur District,Maize (Kharif),,6,Kharif,1681103,2024,"Tables 6.5, 1.0","crop_share = percent of total cropped area (Table 6.5), rounded to integer in source; crop_area reported only for major crops (Table 1.0); season assigned per standard Punjab crop calendar, not a census-reported field; Report footnote: ""0"" = value less than 0.5; ""-"" = no value"
Bahawalpur District,Jowar/Bajra/Gram,,0,Kharif+Rabi,1681103,2024,"Tables 6.5, 1.0","crop_share = percent of total cropped area (Table 6.5), rounded to integer in source; crop_area reported only for major crops (Table 1.0); season assigned per standard Punjab crop calendar, not a census-reported field; Report footnote: ""0"" = value less than 0.5; ""-"" = no value"
Bahawalpur District,Barley,,,Rabi,1681103,2024,"Tables 6.5, 1.0","crop_share = percent of total cropped area (Table 6.5), rounded to integer in source; crop_area reported only for major crops (Table 1.0); season assigned per standard Punjab crop calendar, not a census-reported field; Report footnote: ""0"" = value less than 0.5; ""-"" = no value"
Bahawalpur District,Cotton,527544,31,Kharif,1681103,2024,"Tables 6.5, 1.0","crop_share = percent of total cropped area (Table 6.5), rounded to integer in source; crop_area reported only for major crops (Table 1.0); season assigned per standard Punjab crop calendar, not a census-reported field; Report footnote: ""0"" = value less than 0.5; ""-"" = no value"
Bahawalpur District,Sugarcane,31096,2,Kharif+Rabi,1681103,2024,"Tables 6.5, 1.0","crop_share = percent of total cropped area (Table 6.5), rounded to integer in source; crop_area reported only for major crops (Table 1.0); season assigned per standard Punjab crop calendar, not a census-reported field; Report footnote: ""0"" = value less than 0.5; ""-"" = no value"
Bahawalpur District,Tobacco,,,Rabi,1681103,2024,"Tables 6.5, 1.0","crop_share = percent of total cropped area (Table 6.5), rounded to integer in source; crop_area reported only for major crops (Table 1.0); season assigned per standard Punjab crop calendar, not a census-reported field; Report footnote: ""0"" = value less than 0.5; ""-"" = no value"
Bahawalpur District,Oilseeds,,3,Kharif+Rabi,1681103,2024,"Tables 6.5, 1.0","crop_share = percent of total cropped area (Table 6.5), rounded to integer in source; crop_area reported only for major crops (Table 1.0); season assigned per standard Punjab crop calendar, not a census-reported field; Report footnote: ""0"" = value less than 0.5; ""-"" = no value"
Bahawalpur District,Pulses,,0,Kharif+Rabi,1681103,2024,"Tables 6.5, 1.0","crop_share = percent of total cropped area (Table 6.5), rounded to integer in source; crop_area reported only for major crops (Table 1.0); season assigned per standard Punjab crop calendar, not a census-reported field; Report footnote: ""0"" = value less than 0.5; ""-"" = no value"
Bahawalpur District,Fodders,122704,7,Kharif+Rabi,1681103,2024,"Tables 6.5, 1.0","crop_share = percent of total cropped area (Table 6.5), rounded to integer in source; crop_area reported only for major crops (Table 1.0); season assigned per standard Punjab crop calendar, not a census-reported field; Report footnote: ""0"" = value less than 0.5; ""-"" = no value"
Bahawalpur District,Vegetables,,0,Kharif+Rabi,1681103,2024,"Tables 6.5, 1.0","crop_share = percent of total cropped area (Table 6.5), rounded to integer in source; crop_area reported only for major crops (Table 1.0); season assigned per standard Punjab crop calendar, not a census-reported field; Report footnote: ""0"" = value less than 0.5; ""-"" = no value"
Bahawalpur District,Orchards,17874,1,Kharif+Rabi,1681103,2024,"Tables 6.5, 1.0","crop_share = percent of total cropped area (Table 6.5), rounded to integer in source; crop_area reported only for major crops (Table 1.0); season assigned per standard Punjab crop calendar, not a census-reported field; Report footnote: ""0"" = value less than 0.5; ""-"" = no value"
Bahawalpur District,Other Crops,,2,Kharif+Rabi,1681103,2024,"Tables 6.5, 1.0","crop_share = percent of total cropped area (Table 6.5), rounded to integer in source; crop_area reported only for major crops (Table 1.0); season assigned per standard Punjab crop calendar, not a census-reported field; Report footnote: ""0"" = value less than 0.5; ""-"" = no value"
Bahawalpur District,Maize (Total),164119,,Kharif+Rabi,1681103,2024,"Tables 6.5, 1.0","crop_share = percent of total cropped area (Table 6.5), rounded to integer in source; crop_area reported only for major crops (Table 1.0); season assigned per standard Punjab crop calendar, not a census-reported field; Report footnote: ""0"" = value less than 0.5; ""-"" = no value"
Bahawalpur District,Kharif Crops (Total),799611,,Kharif,1681103,2024,"Tables 6.5, 1.0","crop_share = percent of total cropped area (Table 6.5), rounded to integer in source; crop_area reported only for major crops (Table 1.0); season assigned per standard Punjab crop calendar, not a census-reported field; Report footnote: ""0"" = value less than 0.5; ""-"" = no value"
Bahawalpur District,Rabi Crops (Total),863618,,Rabi,1681103,2024,"Tables 6.5, 1.0","crop_share = percent of total cropped area (Table 6.5), rounded to integer in source; crop_area reported only for major crops (Table 1.0); season assigned per standard Punjab crop calendar, not a census-reported field; Report footnote: ""0"" = value less than 0.5; ""-"" = no value"
Bahawalpur District,Total Cropped Area,1681103,,Kharif+Rabi,1681103,2024,"Tables 6.5, 1.0","crop_share = percent of total cropped area (Table 6.5), rounded to integer in source; crop_area reported only for major crops (Table 1.0); season assigned per standard Punjab crop calendar, not a census-reported field; Report footnote: ""0"" = value less than 0.5; ""-"" = no value"
Rahim Yar Khan District,Wheat,910677,41,Rabi,2202039,2024,"Tables 6.5, 1.0","crop_share = percent of total cropped area (Table 6.5), rounded to integer in source; crop_area reported only for major crops (Table 1.0); season assigned per standard Punjab crop calendar, not a census-reported field; Report footnote: ""0"" = value less than 0.5; ""-"" = no value"
Rahim Yar Khan District,Rice/Paddy,121695,6,Kharif,2202039,2024,"Tables 6.5, 1.0","crop_share = percent of total cropped area (Table 6.5), rounded to integer in source; crop_area reported only for major crops (Table 1.0); season assigned per standard Punjab crop calendar, not a census-reported field; Report footnote: ""0"" = value less than 0.5; ""-"" = no value"
Rahim Yar Khan District,Maize (Rabi),,,Rabi,2202039,2024,"Tables 6.5, 1.0","crop_share = percent of total cropped area (Table 6.5), rounded to integer in source; crop_area reported only for major crops (Table 1.0); season assigned per standard Punjab crop calendar, not a census-reported field; Report footnote: ""0"" = value less than 0.5; ""-"" = no value"
Rahim Yar Khan District,Maize (Kharif),,0,Kharif,2202039,2024,"Tables 6.5, 1.0","crop_share = percent of total cropped area (Table 6.5), rounded to integer in source; crop_area reported only for major crops (Table 1.0); season assigned per standard Punjab crop calendar, not a census-reported field; Report footnote: ""0"" = value less than 0.5; ""-"" = no value"
Rahim Yar Khan District,Jowar/Bajra/Gram,,0,Kharif+Rabi,2202039,2024,"Tables 6.5, 1.0","crop_share = percent of total cropped area (Table 6.5), rounded to integer in source; crop_area reported only for major crops (Table 1.0); season assigned per standard Punjab crop calendar, not a census-reported field; Report footnote: ""0"" = value less than 0.5; ""-"" = no value"
Rahim Yar Khan District,Barley,,,Rabi,2202039,2024,"Tables 6.5, 1.0","crop_share = percent of total cropped area (Table 6.5), rounded to integer in source; crop_area reported only for major crops (Table 1.0); season assigned per standard Punjab crop calendar, not a census-reported field; Report footnote: ""0"" = value less than 0.5; ""-"" = no value"
Rahim Yar Khan District,Cotton,460994,21,Kharif,2202039,2024,"Tables 6.5, 1.0","crop_share = percent of total cropped area (Table 6.5), rounded to integer in source; crop_area reported only for major crops (Table 1.0); season assigned per standard Punjab crop calendar, not a census-reported field; Report footnote: ""0"" = value less than 0.5; ""-"" = no value"
Rahim Yar Khan District,Sugarcane,378161,17,Kharif+Rabi,2202039,2024,"Tables 6.5, 1.0","crop_share = percent of total cropped area (Table 6.5), rounded to integer in source; crop_area reported only for major crops (Table 1.0); season assigned per standard Punjab crop calendar, not a census-reported field; Report footnote: ""0"" = value less than 0.5; ""-"" = no value"
Rahim Yar Khan District,Tobacco,,,Rabi,2202039,2024,"Tables 6.5, 1.0","crop_share = percent of total cropped area (Table 6.5), rounded to integer in source; crop_area reported only for major crops (Table 1.0); season assigned per standard Punjab crop calendar, not a census-reported field; Report footnote: ""0"" = value less than 0.5; ""-"" = no value"
Rahim Yar Khan District,Oilseeds,,2,Kharif+Rabi,2202039,2024,"Tables 6.5, 1.0","crop_share = percent of total cropped area (Table 6.5), rounded to integer in source; crop_area reported only for major crops (Table 1.0); season assigned per standard Punjab crop calendar, not a census-reported field; Report footnote: ""0"" = value less than 0.5; ""-"" = no value"
Rahim Yar Khan District,Pulses,,0,Kharif+Rabi,2202039,2024,"Tables 6.5, 1.0","crop_share = percent of total cropped area (Table 6.5), rounded to integer in source; crop_area reported only for major crops (Table 1.0); season assigned per standard Punjab crop calendar, not a census-reported field; Report footnote: ""0"" = value less than 0.5; ""-"" = no value"
Rahim Yar Khan District,Fodders,92708,4,Kharif+Rabi,2202039,2024,"Tables 6.5, 1.0","crop_share = percent of total cropped area (Table 6.5), rounded to integer in source; crop_area reported only for major crops (Table 1.0); season assigned per standard Punjab crop calendar, not a census-reported field; Report footnote: ""0"" = value less than 0.5; ""-"" = no value"
Rahim Yar Khan District,Vegetables,,0,Kharif+Rabi,2202039,2024,"Tables 6.5, 1.0","crop_share = percent of total cropped area (Table 6.5), rounded to integer in source; crop_area reported only for major crops (Table 1.0); season assigned per standard Punjab crop calendar, not a census-reported field; Report footnote: ""0"" = value less than 0.5; ""-"" = no value"
Rahim Yar Khan District,Orchards,26993,1,Kharif+Rabi,2202039,2024,"Tables 6.5, 1.0","crop_share = percent of total cropped area (Table 6.5), rounded to integer in source; crop_area reported only for major crops (Table 1.0); season assigned per standard Punjab crop calendar, not a census-reported field; Report footnote: ""0"" = value less than 0.5; ""-"" = no value"
Rahim Yar Khan District,Other Crops,,7,Kharif+Rabi,2202039,2024,"Tables 6.5, 1.0","crop_share = percent of total cropped area (Table 6.5), rounded to integer in source; crop_area reported only for major crops (Table 1.0); season assigned per standard Punjab crop calendar, not a census-reported field; Report footnote: ""0"" = value less than 0.5; ""-"" = no value"
Rahim Yar Khan District,Maize (Total),3915,,Kharif+Rabi,2202039,2024,"Tables 6.5, 1.0","crop_share = percent of total cropped area (Table 6.5), rounded to integer in source; crop_area reported only for major crops (Table 1.0); season assigned per standard Punjab crop calendar, not a census-reported field; Report footnote: ""0"" = value less than 0.5; ""-"" = no value"
Rahim Yar Khan District,Kharif Crops (Total),1121888,,Kharif,2202039,2024,"Tables 6.5, 1.0","crop_share = percent of total cropped area (Table 6.5), rounded to integer in source; crop_area reported only for major crops (Table 1.0); season assigned per standard Punjab crop calendar, not a census-reported field; Report footnote: ""0"" = value less than 0.5; ""-"" = no value"
Rahim Yar Khan District,Rabi Crops (Total),1053158,,Rabi,2202039,2024,"Tables 6.5, 1.0","crop_share = percent of total cropped area (Table 6.5), rounded to integer in source; crop_area reported only for major crops (Table 1.0); season assigned per standard Punjab crop calendar, not a census-reported field; Report footnote: ""0"" = value less than 0.5; ""-"" = no value"
Rahim Yar Khan District,Total Cropped Area,2202039,,Kharif+Rabi,2202039,2024,"Tables 6.5, 1.0","crop_share = percent of total cropped area (Table 6.5), rounded to integer in source; crop_area reported only for major crops (Table 1.0); season assigned per standard Punjab crop calendar, not a census-reported field; Report footnote: ""0"" = value less than 0.5; ""-"" = no value"
Dera Ghazi Khan District,Wheat,825994,54,Rabi,1534650,2024,"Tables 6.5, 1.0","crop_share = percent of total cropped area (Table 6.5), rounded to integer in source; crop_area reported only for major crops (Table 1.0); season assigned per standard Punjab crop calendar, not a census-reported field; Report footnote: ""0"" = value less than 0.5; ""-"" = no value"
Dera Ghazi Khan District,Rice/Paddy,154325,10,Kharif,1534650,2024,"Tables 6.5, 1.0","crop_share = percent of total cropped area (Table 6.5), rounded to integer in source; crop_area reported only for major crops (Table 1.0); season assigned per standard Punjab crop calendar, not a census-reported field; Report footnote: ""0"" = value less than 0.5; ""-"" = no value"
Dera Ghazi Khan District,Maize (Rabi),,,Rabi,1534650,2024,"Tables 6.5, 1.0","crop_share = percent of total cropped area (Table 6.5), rounded to integer in source; crop_area reported only for major crops (Table 1.0); season assigned per standard Punjab crop calendar, not a census-reported field; Report footnote: ""0"" = value less than 0.5; ""-"" = no value"
Dera Ghazi Khan District,Maize (Kharif),,0,Kharif,1534650,2024,"Tables 6.5, 1.0","crop_share = percent of total cropped area (Table 6.5), rounded to integer in source; crop_area reported only for major crops (Table 1.0); season assigned per standard Punjab crop calendar, not a census-reported field; Report footnote: ""0"" = value less than 0.5; ""-"" = no value"
Dera Ghazi Khan District,Jowar/Bajra/Gram,,14,Kharif+Rabi,1534650,2024,"Tables 6.5, 1.0","crop_share = percent of total cropped area (Table 6.5), rounded to integer in source; crop_area reported only for major crops (Table 1.0); season assigned per standard Punjab crop calendar, not a census-reported field; Report footnote: ""0"" = value less than 0.5; ""-"" = no value"
Dera Ghazi Khan District,Barley,,0,Rabi,1534650,2024,"Tables 6.5, 1.0","crop_share = percent of total cropped area (Table 6.5), rounded to integer in source; crop_area reported only for major crops (Table 1.0); season assigned per standard Punjab crop calendar, not a census-reported field; Report footnote: ""0"" = value less than 0.5; ""-"" = no value"
Dera Ghazi Khan District,Cotton,132620,9,Kharif,1534650,2024,"Tables 6.5, 1.0","crop_share = percent of total cropped area (Table 6.5), rounded to integer in source; crop_area reported only for major crops (Table 1.0); season assigned per standard Punjab crop calendar, not a census-reported field; Report footnote: ""0"" = value less than 0.5; ""-"" = no value"
Dera Ghazi Khan District,Sugarcane,16032,1,Kharif+Rabi,1534650,2024,"Tables 6.5, 1.0","crop_share = percent of total cropped area (Table 6.5), rounded to integer in source; crop_area reported only for major crops (Table 1.0); season assigned per standard Punjab crop calendar, not a census-reported field; Report footnote: ""0"" = value less than 0.5; ""-"" = no value"
Dera Ghazi Khan District,Tobacco,,1,Rabi,1534650,2024,"Tables 6.5, 1.0","crop_share = percent of total cropped area (Table 6.5), rounded to integer in source; crop_area reported only for major crops (Table 1.0); season assigned per standard Punjab crop calendar, not a census-reported field; Report footnote: ""0"" = value less than 0.5; ""-"" = no value"
Dera Ghazi Khan District,Oilseeds,,3,Kharif+Rabi,1534650,2024,"Tables 6.5, 1.0","crop_share = percent of total cropped area (Table 6.5), rounded to integer in source; crop_area reported only for major crops (Table 1.0); season assigned per standard Punjab crop calendar, not a census-reported field; Report footnote: ""0"" = value less than 0.5; ""-"" = no value"
Dera Ghazi Khan District,Pulses,,1,Kharif+Rabi,1534650,2024,"Tables 6.5, 1.0","crop_share = percent of total cropped area (Table 6.5), rounded to integer in source; crop_area reported only for major crops (Table 1.0); season assigned per standard Punjab crop calendar, not a census-reported field; Report footnote: ""0"" = value less than 0.5; ""-"" = no value"
Dera Ghazi Khan District,Fodders,81031,5,Kharif+Rabi,1534650,2024,"Tables 6.5, 1.0","crop_share = percent of total cropped area (Table 6.5), rounded to integer in source; crop_area reported only for major crops (Table 1.0); season assigned per standard Punjab crop calendar, not a census-reported field; Report footnote: ""0"" = value less than 0.5; ""-"" = no value"
Dera Ghazi Khan District,Vegetables,,0,Kharif+Rabi,1534650,2024,"Tables 6.5, 1.0","crop_share = percent of total cropped area (Table 6.5), rounded to integer in source; crop_area reported only for major crops (Table 1.0); season assigned per standard Punjab crop calendar, not a census-reported field; Report footnote: ""0"" = value less than 0.5; ""-"" = no value"
Dera Ghazi Khan District,Orchards,1133,0,Kharif+Rabi,1534650,2024,"Tables 6.5, 1.0","crop_share = percent of total cropped area (Table 6.5), rounded to integer in source; crop_area reported only for major crops (Table 1.0); season assigned per standard Punjab crop calendar, not a census-reported field; Report footnote: ""0"" = value less than 0.5; ""-"" = no value"
Dera Ghazi Khan District,Other Crops,,1,Kharif+Rabi,1534650,2024,"Tables 6.5, 1.0","crop_share = percent of total cropped area (Table 6.5), rounded to integer in source; crop_area reported only for major crops (Table 1.0); season assigned per standard Punjab crop calendar, not a census-reported field; Report footnote: ""0"" = value less than 0.5; ""-"" = no value"
Dera Ghazi Khan District,Maize (Total),1609,,Kharif+Rabi,1534650,2024,"Tables 6.5, 1.0","crop_share = percent of total cropped area (Table 6.5), rounded to integer in source; crop_area reported only for major crops (Table 1.0); season assigned per standard Punjab crop calendar, not a census-reported field; Report footnote: ""0"" = value less than 0.5; ""-"" = no value"
Dera Ghazi Khan District,Kharif Crops (Total),649993,,Kharif,1534650,2024,"Tables 6.5, 1.0","crop_share = percent of total cropped area (Table 6.5), rounded to integer in source; crop_area reported only for major crops (Table 1.0); season assigned per standard Punjab crop calendar, not a census-reported field; Report footnote: ""0"" = value less than 0.5; ""-"" = no value"
Dera Ghazi Khan District,Rabi Crops (Total),883524,,Rabi,1534650,2024,"Tables 6.5, 1.0","crop_share = percent of total cropped area (Table 6.5), rounded to integer in source; crop_area reported only for major crops (Table 1.0); season assigned per standard Punjab crop calendar, not a census-reported field; Report footnote: ""0"" = value less than 0.5; ""-"" = no value"
Dera Ghazi Khan District,Total Cropped Area,1534650,,Kharif+Rabi,1534650,2024,"Tables 6.5, 1.0","crop_share = percent of total cropped area (Table 6.5), rounded to integer in source; crop_area reported only for major crops (Table 1.0); season assigned per standard Punjab crop calendar, not a census-reported field; Report footnote: ""0"" = value less than 0.5; ""-"" = no value"
Layyah District,Wheat,835901,44,Rabi,1914037,2024,"Tables 6.5, 1.0","crop_share = percent of total cropped area (Table 6.5), rounded to integer in source; crop_area reported only for major crops (Table 1.0); season assigned per standard Punjab crop calendar, not a census-reported field; Report footnote: ""0"" = value less than 0.5; ""-"" = no value"
Layyah District,Rice/Paddy,109770,6,Kharif,1914037,2024,"Tables 6.5, 1.0","crop_share = percent of total cropped area (Table 6.5), rounded to integer in source; crop_area reported only for major crops (Table 1.0); season assigned per standard Punjab crop calendar, not a census-reported field; Report footnote: ""0"" = value less than 0.5; ""-"" = no value"
Layyah District,Maize (Rabi),,,Rabi,1914037,2024,"Tables 6.5, 1.0","crop_share = percent of total cropped area (Table 6.5), rounded to integer in source; crop_area reported only for major crops (Table 1.0); season assigned per standard Punjab crop calendar, not a census-reported field; Report footnote: ""0"" = value less than 0.5; ""-"" = no value"
Layyah District,Maize (Kharif),,0,Kharif,1914037,2024,"Tables 6.5, 1.0","crop_share = percent of total cropped area (Table 6.5), rounded to integer in source; crop_area reported only for major crops (Table 1.0); season assigned per standard Punjab crop calendar, not a census-reported field; Report footnote: ""0"" = value less than 0.5; ""-"" = no value"
Layyah District,Jowar/Bajra/Gram,,2,Kharif+Rabi,1914037,2024,"Tables 6.5, 1.0","crop_share = percent of total cropped area (Table 6.5), rounded to integer in source; crop_area reported only for major crops (Table 1.0); season assigned per standard Punjab crop calendar, not a census-reported field; Report footnote: ""0"" = value less than 0.5; ""-"" = no value"
Layyah District,Barley,,0,Rabi,1914037,2024,"Tables 6.5, 1.0","crop_share = percent of total cropped area (Table 6.5), rounded to integer in source; crop_area reported only for major crops (Table 1.0); season assigned per standard Punjab crop calendar, not a census-reported field; Report footnote: ""0"" = value less than 0.5; ""-"" = no value"
Layyah District,Cotton,99521,5,Kharif,1914037,2024,"Tables 6.5, 1.0","crop_share = percent of total cropped area (Table 6.5), rounded to integer in source; crop_area reported only for major crops (Table 1.0); season assigned per standard Punjab crop calendar, not a census-reported field; Report footnote: ""0"" = value less than 0.5; ""-"" = no value"
Layyah District,Sugarcane,61204,3,Kharif+Rabi,1914037,2024,"Tables 6.5, 1.0","crop_share = percent of total cropped area (Table 6.5), rounded to integer in source; crop_area reported only for major crops (Table 1.0); season assigned per standard Punjab crop calendar, not a census-reported field; Report footnote: ""0"" = value less than 0.5; ""-"" = no value"
Layyah District,Tobacco,,,Rabi,1914037,2024,"Tables 6.5, 1.0","crop_share = percent of total cropped area (Table 6.5), rounded to integer in source; crop_area reported only for major crops (Table 1.0); season assigned per standard Punjab crop calendar, not a census-reported field; Report footnote: ""0"" = value less than 0.5; ""-"" = no value"
Layyah District,Oilseeds,,17,Kharif+Rabi,1914037,2024,"Tables 6.5, 1.0","crop_share = percent of total cropped area (Table 6.5), rounded to integer in source; crop_area reported only for major crops (Table 1.0); season assigned per standard Punjab crop calendar, not a census-reported field; Report footnote: ""0"" = value less than 0.5; ""-"" = no value"
Layyah District,Pulses,,4,Kharif+Rabi,1914037,2024,"Tables 6.5, 1.0","crop_share = percent of total cropped area (Table 6.5), rounded to integer in source; crop_area reported only for major crops (Table 1.0); season assigned per standard Punjab crop calendar, not a census-reported field; Report footnote: ""0"" = value less than 0.5; ""-"" = no value"
Layyah District,Fodders,211647,11,Kharif+Rabi,1914037,2024,"Tables 6.5, 1.0","crop_share = percent of total cropped area (Table 6.5), rounded to integer in source; crop_area reported only for major crops (Table 1.0); season assigned per standard Punjab crop calendar, not a census-reported field; Report footnote: ""0"" = value less than 0.5; ""-"" = no value"
Layyah District,Vegetables,,0,Kharif+Rabi,1914037,2024,"Tables 6.5, 1.0","crop_share = percent of total cropped area (Table 6.5), rounded to integer in source; crop_area reported only for major crops (Table 1.0); season assigned per standard Punjab crop calendar, not a census-reported field; Report footnote: ""0"" = value less than 0.5; ""-"" = no value"
Layyah District,Orchards,94221,5,Kharif+Rabi,1914037,2024,"Tables 6.5, 1.0","crop_share = percent of total cropped area (Table 6.5), rounded to integer in source; crop_area reported only for major crops (Table 1.0); season assigned per standard Punjab crop calendar, not a census-reported field; Report footnote: ""0"" = value less than 0.5; ""-"" = no value"
Layyah District,Other Crops,,3,Kharif+Rabi,1914037,2024,"Tables 6.5, 1.0","crop_share = percent of total cropped area (Table 6.5), rounded to integer in source; crop_area reported only for major crops (Table 1.0); season assigned per standard Punjab crop calendar, not a census-reported field; Report footnote: ""0"" = value less than 0.5; ""-"" = no value"
Layyah District,Maize (Total),5839,,Kharif+Rabi,1914037,2024,"Tables 6.5, 1.0","crop_share = percent of total cropped area (Table 6.5), rounded to integer in source; crop_area reported only for major crops (Table 1.0); season assigned per standard Punjab crop calendar, not a census-reported field; Report footnote: ""0"" = value less than 0.5; ""-"" = no value"
Layyah District,Kharif Crops (Total),801616,,Kharif,1914037,2024,"Tables 6.5, 1.0","crop_share = percent of total cropped area (Table 6.5), rounded to integer in source; crop_area reported only for major crops (Table 1.0); season assigned per standard Punjab crop calendar, not a census-reported field; Report footnote: ""0"" = value less than 0.5; ""-"" = no value"
Layyah District,Rabi Crops (Total),1018200,,Rabi,1914037,2024,"Tables 6.5, 1.0","crop_share = percent of total cropped area (Table 6.5), rounded to integer in source; crop_area reported only for major crops (Table 1.0); season assigned per standard Punjab crop calendar, not a census-reported field; Report footnote: ""0"" = value less than 0.5; ""-"" = no value"
Layyah District,Total Cropped Area,1914037,,Kharif+Rabi,1914037,2024,"Tables 6.5, 1.0","crop_share = percent of total cropped area (Table 6.5), rounded to integer in source; crop_area reported only for major crops (Table 1.0); season assigned per standard Punjab crop calendar, not a census-reported field; Report footnote: ""0"" = value less than 0.5; ""-"" = no value"
Muzaffargarh District,Wheat,1094085,42,Rabi,2580251,2024,"Tables 6.5, 1.0","crop_share = percent of total cropped area (Table 6.5), rounded to integer in source; crop_area reported only for major crops (Table 1.0); season assigned per standard Punjab crop calendar, not a census-reported field; Report footnote: ""0"" = value less than 0.5; ""-"" = no value"
Muzaffargarh District,Rice/Paddy,197000,8,Kharif,2580251,2024,"Tables 6.5, 1.0","crop_share = percent of total cropped area (Table 6.5), rounded to integer in source; crop_area reported only for major crops (Table 1.0); season assigned per standard Punjab crop calendar, not a census-reported field; Report footnote: ""0"" = value less than 0.5; ""-"" = no value"
Muzaffargarh District,Maize (Rabi),,,Rabi,2580251,2024,"Tables 6.5, 1.0","crop_share = percent of total cropped area (Table 6.5), rounded to integer in source; crop_area reported only for major crops (Table 1.0); season assigned per standard Punjab crop calendar, not a census-reported field; Report footnote: ""0"" = value less than 0.5; ""-"" = no value"
Muzaffargarh District,Maize (Kharif),,0,Kharif,2580251,2024,"Tables 6.5, 1.0","crop_share = percent of total cropped area (Table 6.5), rounded to integer in source; crop_area reported only for major crops (Table 1.0); season assigned per standard Punjab crop calendar, not a census-reported field; Report footnote: ""0"" = value less than 0.5; ""-"" = no value"
Muzaffargarh District,Jowar/Bajra/Gram,,1,Kharif+Rabi,2580251,2024,"Tables 6.5, 1.0","crop_share = percent of total cropped area (Table 6.5), rounded to integer in source; crop_area reported only for major crops (Table 1.0); season assigned per standard Punjab crop calendar, not a census-reported field; Report footnote: ""0"" = value less than 0.5; ""-"" = no value"
Muzaffargarh District,Barley,,0,Rabi,2580251,2024,"Tables 6.5, 1.0","crop_share = percent of total cropped area (Table 6.5), rounded to integer in source; crop_area reported only for major crops (Table 1.0); season assigned per standard Punjab crop calendar, not a census-reported field; Report footnote: ""0"" = value less than 0.5; ""-"" = no value"
Muzaffargarh District,Cotton,221329,9,Kharif,2580251,2024,"Tables 6.5, 1.0","crop_share = percent of total cropped area (Table 6.5), rounded to integer in source; crop_area reported only for major crops (Table 1.0); season assigned per standard Punjab crop calendar, not a census-reported field; Report footnote: ""0"" = value less than 0.5; ""-"" = no value"
Muzaffargarh District,Sugarcane,203458,8,Kharif+Rabi,2580251,2024,"Tables 6.5, 1.0","crop_share = percent of total cropped area (Table 6.5), rounded to integer in source; crop_area reported only for major crops (Table 1.0); season assigned per standard Punjab crop calendar, not a census-reported field; Report footnote: ""0"" = value less than 0.5; ""-"" = no value"
Muzaffargarh District,Tobacco,,,Rabi,2580251,2024,"Tables 6.5, 1.0","crop_share = percent of total cropped area (Table 6.5), rounded to integer in source; crop_area reported only for major crops (Table 1.0); season assigned per standard Punjab crop calendar, not a census-reported field; Report footnote: ""0"" = value less than 0.5; ""-"" = no value"
Muzaffargarh District,Oilseeds,,6,Kharif+Rabi,2580251,2024,"Tables 6.5, 1.0","crop_share = percent of total cropped area (Table 6.5), rounded to integer in source; crop_area reported only for major crops (Table 1.0); season assigned per standard Punjab crop calendar, not a census-reported field; Report footnote: ""0"" = value less than 0.5; ""-"" = no value"
Muzaffargarh District,Pulses,,0,Kharif+Rabi,2580251,2024,"Tables 6.5, 1.0","crop_share = percent of total cropped area (Table 6.5), rounded to integer in source; crop_area reported only for major crops (Table 1.0); season assigned per standard Punjab crop calendar, not a census-reported field; Report footnote: ""0"" = value less than 0.5; ""-"" = no value"
Muzaffargarh District,Fodders,430942,17,Kharif+Rabi,2580251,2024,"Tables 6.5, 1.0","crop_share = percent of total cropped area (Table 6.5), rounded to integer in source; crop_area reported only for major crops (Table 1.0); season assigned per standard Punjab crop calendar, not a census-reported field; Report footnote: ""0"" = value less than 0.5; ""-"" = no value"
Muzaffargarh District,Vegetables,,1,Kharif+Rabi,2580251,2024,"Tables 6.5, 1.0","crop_share = percent of total cropped area (Table 6.5), rounded to integer in source; crop_area reported only for major crops (Table 1.0); season assigned per standard Punjab crop calendar, not a census-reported field; Report footnote: ""0"" = value less than 0.5; ""-"" = no value"
Muzaffargarh District,Orchards,133169,5,Kharif+Rabi,2580251,2024,"Tables 6.5, 1.0","crop_share = percent of total cropped area (Table 6.5), rounded to integer in source; crop_area reported only for major crops (Table 1.0); season assigned per standard Punjab crop calendar, not a census-reported field; Report footnote: ""0"" = value less than 0.5; ""-"" = no value"
Muzaffargarh District,Other Crops,,3,Kharif+Rabi,2580251,2024,"Tables 6.5, 1.0","crop_share = percent of total cropped area (Table 6.5), rounded to integer in source; crop_area reported only for major crops (Table 1.0); season assigned per standard Punjab crop calendar, not a census-reported field; Report footnote: ""0"" = value less than 0.5; ""-"" = no value"
Muzaffargarh District,Maize (Total),9729,,Kharif+Rabi,2580251,2024,"Tables 6.5, 1.0","crop_share = percent of total cropped area (Table 6.5), rounded to integer in source; crop_area reported only for major crops (Table 1.0); season assigned per standard Punjab crop calendar, not a census-reported field; Report footnote: ""0"" = value less than 0.5; ""-"" = no value"
Muzaffargarh District,Kharif Crops (Total),1121423,,Kharif,2580251,2024,"Tables 6.5, 1.0","crop_share = percent of total cropped area (Table 6.5), rounded to integer in source; crop_area reported only for major crops (Table 1.0); season assigned per standard Punjab crop calendar, not a census-reported field; Report footnote: ""0"" = value less than 0.5; ""-"" = no value"
Muzaffargarh District,Rabi Crops (Total),1325659,,Rabi,2580251,2024,"Tables 6.5, 1.0","crop_share = percent of total cropped area (Table 6.5), rounded to integer in source; crop_area reported only for major crops (Table 1.0); season assigned per standard Punjab crop calendar, not a census-reported field; Report footnote: ""0"" = value less than 0.5; ""-"" = no value"
Muzaffargarh District,Total Cropped Area,2580251,,Kharif+Rabi,2580251,2024,"Tables 6.5, 1.0","crop_share = percent of total cropped area (Table 6.5), rounded to integer in source; crop_area reported only for major crops (Table 1.0); season assigned per standard Punjab crop calendar, not a census-reported field; Report footnote: ""0"" = value less than 0.5; ""-"" = no value"
Rajanpur District,Wheat,690034,44,Rabi,1586845,2024,"Tables 6.5, 1.0","crop_share = percent of total cropped area (Table 6.5), rounded to integer in source; crop_area reported only for major crops (Table 1.0); season assigned per standard Punjab crop calendar, not a census-reported field; Report footnote: ""0"" = value less than 0.5; ""-"" = no value"
Rajanpur District,Rice/Paddy,95388,6,Kharif,1586845,2024,"Tables 6.5, 1.0","crop_share = percent of total cropped area (Table 6.5), rounded to integer in source; crop_area reported only for major crops (Table 1.0); season assigned per standard Punjab crop calendar, not a census-reported field; Report footnote: ""0"" = value less than 0.5; ""-"" = no value"
Rajanpur District,Maize (Rabi),,0,Rabi,1586845,2024,"Tables 6.5, 1.0","crop_share = percent of total cropped area (Table 6.5), rounded to integer in source; crop_area reported only for major crops (Table 1.0); season assigned per standard Punjab crop calendar, not a census-reported field; Report footnote: ""0"" = value less than 0.5; ""-"" = no value"
Rajanpur District,Maize (Kharif),,,Kharif,1586845,2024,"Tables 6.5, 1.0","crop_share = percent of total cropped area (Table 6.5), rounded to integer in source; crop_area reported only for major crops (Table 1.0); season assigned per standard Punjab crop calendar, not a census-reported field; Report footnote: ""0"" = value less than 0.5; ""-"" = no value"
Rajanpur District,Jowar/Bajra/Gram,,4,Kharif+Rabi,1586845,2024,"Tables 6.5, 1.0","crop_share = percent of total cropped area (Table 6.5), rounded to integer in source; crop_area reported only for major crops (Table 1.0); season assigned per standard Punjab crop calendar, not a census-reported field; Report footnote: ""0"" = value less than 0.5; ""-"" = no value"
Rajanpur District,Barley,,0,Rabi,1586845,2024,"Tables 6.5, 1.0","crop_share = percent of total cropped area (Table 6.5), rounded to integer in source; crop_area reported only for major crops (Table 1.0); season assigned per standard Punjab crop calendar, not a census-reported field; Report footnote: ""0"" = value less than 0.5; ""-"" = no value"
Rajanpur District,Cotton,392895,25,Kharif,1586845,2024,"Tables 6.5, 1.0","crop_share = percent of total cropped area (Table 6.5), rounded to integer in source; crop_area reported only for major crops (Table 1.0); season assigned per standard Punjab crop calendar, not a census-reported field; Report footnote: ""0"" = value less than 0.5; ""-"" = no value"
Rajanpur District,Sugarcane,72866,5,Kharif+Rabi,1586845,2024,"Tables 6.5, 1.0","crop_share = percent of total cropped area (Table 6.5), rounded to integer in source; crop_area reported only for major crops (Table 1.0); season assigned per standard Punjab crop calendar, not a census-reported field; Report footnote: ""0"" = value less than 0.5; ""-"" = no value"
Rajanpur District,Tobacco,,1,Rabi,1586845,2024,"Tables 6.5, 1.0","crop_share = percent of total cropped area (Table 6.5), rounded to integer in source; crop_area reported only for major crops (Table 1.0); season assigned per standard Punjab crop calendar, not a census-reported field; Report footnote: ""0"" = value less than 0.5; ""-"" = no value"
Rajanpur District,Oilseeds,,5,Kharif+Rabi,1586845,2024,"Tables 6.5, 1.0","crop_share = percent of total cropped area (Table 6.5), rounded to integer in source; crop_area reported only for major crops (Table 1.0); season assigned per standard Punjab crop calendar, not a census-reported field; Report footnote: ""0"" = value less than 0.5; ""-"" = no value"
Rajanpur District,Pulses,,0,Kharif+Rabi,1586845,2024,"Tables 6.5, 1.0","crop_share = percent of total cropped area (Table 6.5), rounded to integer in source; crop_area reported only for major crops (Table 1.0); season assigned per standard Punjab crop calendar, not a census-reported field; Report footnote: ""0"" = value less than 0.5; ""-"" = no value"
Rajanpur District,Fodders,131230,8,Kharif+Rabi,1586845,2024,"Tables 6.5, 1.0","crop_share = percent of total cropped area (Table 6.5), rounded to integer in source; crop_area reported only for major crops (Table 1.0); season assigned per standard Punjab crop calendar, not a census-reported field; Report footnote: ""0"" = value less than 0.5; ""-"" = no value"
Rajanpur District,Vegetables,,0,Kharif+Rabi,1586845,2024,"Tables 6.5, 1.0","crop_share = percent of total cropped area (Table 6.5), rounded to integer in source; crop_area reported only for major crops (Table 1.0); season assigned per standard Punjab crop calendar, not a census-reported field; Report footnote: ""0"" = value less than 0.5; ""-"" = no value"
Rajanpur District,Orchards,1768,0,Kharif+Rabi,1586845,2024,"Tables 6.5, 1.0","crop_share = percent of total cropped area (Table 6.5), rounded to integer in source; crop_area reported only for major crops (Table 1.0); season assigned per standard Punjab crop calendar, not a census-reported field; Report footnote: ""0"" = value less than 0.5; ""-"" = no value"
Rajanpur District,Other Crops,,2,Kharif+Rabi,1586845,2024,"Tables 6.5, 1.0","crop_share = percent of total cropped area (Table 6.5), rounded to integer in source; crop_area reported only for major crops (Table 1.0); season assigned per standard Punjab crop calendar, not a census-reported field; Report footnote: ""0"" = value less than 0.5; ""-"" = no value"
Rajanpur District,Maize (Total),1687,,Kharif+Rabi,1586845,2024,"Tables 6.5, 1.0","crop_share = percent of total cropped area (Table 6.5), rounded to integer in source; crop_area reported only for major crops (Table 1.0); season assigned per standard Punjab crop calendar, not a census-reported field; Report footnote: ""0"" = value less than 0.5; ""-"" = no value"
Rajanpur District,Kharif Crops (Total),736370,,Kharif,1586845,2024,"Tables 6.5, 1.0","crop_share = percent of total cropped area (Table 6.5), rounded to integer in source; crop_area reported only for major crops (Table 1.0); season assigned per standard Punjab crop calendar, not a census-reported field; Report footnote: ""0"" = value less than 0.5; ""-"" = no value"
Rajanpur District,Rabi Crops (Total),848706,,Rabi,1586845,2024,"Tables 6.5, 1.0","crop_share = percent of total cropped area (Table 6.5), rounded to integer in source; crop_area reported only for major crops (Table 1.0); season assigned per standard Punjab crop calendar, not a census-reported field; Report footnote: ""0"" = value less than 0.5; ""-"" = no value"
Rajanpur District,Total Cropped Area,1586845,,Kharif+Rabi,1586845,2024,"Tables 6.5, 1.0","crop_share = percent of total cropped area (Table 6.5), rounded to integer in source; crop_area reported only for major crops (Table 1.0); season assigned per standard Punjab crop calendar, not a census-reported field; Report footnote: ""0"" = value less than 0.5; ""-"" = no value"
Chiniot District,Wheat,295229,36,Rabi,825850,2024,"Tables 6.5, 1.0","Chiniot District is not present in district_master_clean.csv (remote-sensing master covers 34 districts); crop_share = percent of total cropped area (Table 6.5), rounded to integer in source; crop_area reported only for major crops (Table 1.0); season assigned per standard Punjab crop calendar, not a census-reported field; Report footnote: ""0"" = value less than 0.5; ""-"" = no value"
Chiniot District,Rice/Paddy,106379,13,Kharif,825850,2024,"Tables 6.5, 1.0","Chiniot District is not present in district_master_clean.csv (remote-sensing master covers 34 districts); crop_share = percent of total cropped area (Table 6.5), rounded to integer in source; crop_area reported only for major crops (Table 1.0); season assigned per standard Punjab crop calendar, not a census-reported field; Report footnote: ""0"" = value less than 0.5; ""-"" = no value"
Chiniot District,Maize (Rabi),,1,Rabi,825850,2024,"Tables 6.5, 1.0","Chiniot District is not present in district_master_clean.csv (remote-sensing master covers 34 districts); crop_share = percent of total cropped area (Table 6.5), rounded to integer in source; crop_area reported only for major crops (Table 1.0); season assigned per standard Punjab crop calendar, not a census-reported field; Report footnote: ""0"" = value less than 0.5; ""-"" = no value"
Chiniot District,Maize (Kharif),,3,Kharif,825850,2024,"Tables 6.5, 1.0","Chiniot District is not present in district_master_clean.csv (remote-sensing master covers 34 districts); crop_share = percent of total cropped area (Table 6.5), rounded to integer in source; crop_area reported only for major crops (Table 1.0); season assigned per standard Punjab crop calendar, not a census-reported field; Report footnote: ""0"" = value less than 0.5; ""-"" = no value"
Chiniot District,Jowar/Bajra/Gram,,2,Kharif+Rabi,825850,2024,"Tables 6.5, 1.0","Chiniot District is not present in district_master_clean.csv (remote-sensing master covers 34 districts); crop_share = percent of total cropped area (Table 6.5), rounded to integer in source; crop_area reported only for major crops (Table 1.0); season assigned per standard Punjab crop calendar, not a census-reported field; Report footnote: ""0"" = value less than 0.5; ""-"" = no value"
Chiniot District,Barley,,0,Rabi,825850,2024,"Tables 6.5, 1.0","Chiniot District is not present in district_master_clean.csv (remote-sensing master covers 34 districts); crop_share = percent of total cropped area (Table 6.5), rounded to integer in source; crop_area reported only for major crops (Table 1.0); season assigned per standard Punjab crop calendar, not a census-reported field; Report footnote: ""0"" = value less than 0.5; ""-"" = no value"
Chiniot District,Cotton,718,0,Kharif,825850,2024,"Tables 6.5, 1.0","Chiniot District is not present in district_master_clean.csv (remote-sensing master covers 34 districts); crop_share = percent of total cropped area (Table 6.5), rounded to integer in source; crop_area reported only for major crops (Table 1.0); season assigned per standard Punjab crop calendar, not a census-reported field; Report footnote: ""0"" = value less than 0.5; ""-"" = no value"
Chiniot District,Sugarcane,113876,14,Kharif+Rabi,825850,2024,"Tables 6.5, 1.0","Chiniot District is not present in district_master_clean.csv (remote-sensing master covers 34 districts); crop_share = percent of total cropped area (Table 6.5), rounded to integer in source; crop_area reported only for major crops (Table 1.0); season assigned per standard Punjab crop calendar, not a census-reported field; Report footnote: ""0"" = value less than 0.5; ""-"" = no value"
Chiniot District,Tobacco,,,Rabi,825850,2024,"Tables 6.5, 1.0","Chiniot District is not present in district_master_clean.csv (remote-sensing master covers 34 districts); crop_share = percent of total cropped area (Table 6.5), rounded to integer in source; crop_area reported only for major crops (Table 1.0); season assigned per standard Punjab crop calendar, not a census-reported field; Report footnote: ""0"" = value less than 0.5; ""-"" = no value"
Chiniot District,Oilseeds,,2,Kharif+Rabi,825850,2024,"Tables 6.5, 1.0","Chiniot District is not present in district_master_clean.csv (remote-sensing master covers 34 districts); crop_share = percent of total cropped area (Table 6.5), rounded to integer in source; crop_area reported only for major crops (Table 1.0); season assigned per standard Punjab crop calendar, not a census-reported field; Report footnote: ""0"" = value less than 0.5; ""-"" = no value"
Chiniot District,Pulses,,,Kharif+Rabi,825850,2024,"Tables 6.5, 1.0","Chiniot District is not present in district_master_clean.csv (remote-sensing master covers 34 districts); crop_share = percent of total cropped area (Table 6.5), rounded to integer in source; crop_area reported only for major crops (Table 1.0); season assigned per standard Punjab crop calendar, not a census-reported field; Report footnote: ""0"" = value less than 0.5; ""-"" = no value"
Chiniot District,Fodders,208714,25,Kharif+Rabi,825850,2024,"Tables 6.5, 1.0","Chiniot District is not present in district_master_clean.csv (remote-sensing master covers 34 districts); crop_share = percent of total cropped area (Table 6.5), rounded to integer in source; crop_area reported only for major crops (Table 1.0); season assigned per standard Punjab crop calendar, not a census-reported field; Report footnote: ""0"" = value less than 0.5; ""-"" = no value"
Chiniot District,Vegetables,,3,Kharif+Rabi,825850,2024,"Tables 6.5, 1.0","Chiniot District is not present in district_master_clean.csv (remote-sensing master covers 34 districts); crop_share = percent of total cropped area (Table 6.5), rounded to integer in source; crop_area reported only for major crops (Table 1.0); season assigned per standard Punjab crop calendar, not a census-reported field; Report footnote: ""0"" = value less than 0.5; ""-"" = no value"
Chiniot District,Orchards,1401,0,Kharif+Rabi,825850,2024,"Tables 6.5, 1.0","Chiniot District is not present in district_master_clean.csv (remote-sensing master covers 34 districts); crop_share = percent of total cropped area (Table 6.5), rounded to integer in source; crop_area reported only for major crops (Table 1.0); season assigned per standard Punjab crop calendar, not a census-reported field; Report footnote: ""0"" = value less than 0.5; ""-"" = no value"
Chiniot District,Other Crops,,1,Kharif+Rabi,825850,2024,"Tables 6.5, 1.0","Chiniot District is not present in district_master_clean.csv (remote-sensing master covers 34 districts); crop_share = percent of total cropped area (Table 6.5), rounded to integer in source; crop_area reported only for major crops (Table 1.0); season assigned per standard Punjab crop calendar, not a census-reported field; Report footnote: ""0"" = value less than 0.5; ""-"" = no value"
Chiniot District,Maize (Total),33582,,Kharif+Rabi,825850,2024,"Tables 6.5, 1.0","Chiniot District is not present in district_master_clean.csv (remote-sensing master covers 34 districts); crop_share = percent of total cropped area (Table 6.5), rounded to integer in source; crop_area reported only for major crops (Table 1.0); season assigned per standard Punjab crop calendar, not a census-reported field; Report footnote: ""0"" = value less than 0.5; ""-"" = no value"
Chiniot District,Kharif Crops (Total),388340,,Kharif,825850,2024,"Tables 6.5, 1.0","Chiniot District is not present in district_master_clean.csv (remote-sensing master covers 34 districts); crop_share = percent of total cropped area (Table 6.5), rounded to integer in source; crop_area reported only for major crops (Table 1.0); season assigned per standard Punjab crop calendar, not a census-reported field; Report footnote: ""0"" = value less than 0.5; ""-"" = no value"
Chiniot District,Rabi Crops (Total),436110,,Rabi,825850,2024,"Tables 6.5, 1.0","Chiniot District is not present in district_master_clean.csv (remote-sensing master covers 34 districts); crop_share = percent of total cropped area (Table 6.5), rounded to integer in source; crop_area reported only for major crops (Table 1.0); season assigned per standard Punjab crop calendar, not a census-reported field; Report footnote: ""0"" = value less than 0.5; ""-"" = no value"
Chiniot District,Total Cropped Area,825850,,Kharif+Rabi,825850,2024,"Tables 6.5, 1.0","Chiniot District is not present in district_master_clean.csv (remote-sensing master covers 34 districts); crop_share = percent of total cropped area (Table 6.5), rounded to integer in source; crop_area reported only for major crops (Table 1.0); season assigned per standard Punjab crop calendar, not a census-reported field; Report footnote: ""0"" = value less than 0.5; ""-"" = no value"
Faisalabad District,Wheat,597277,35,Rabi,1713219,2024,"Tables 6.5, 1.0","crop_share = percent of total cropped area (Table 6.5), rounded to integer in source; crop_area reported only for major crops (Table 1.0); season assigned per standard Punjab crop calendar, not a census-reported field; Report footnote: ""0"" = value less than 0.5; ""-"" = no value"
Faisalabad District,Rice/Paddy,93383,6,Kharif,1713219,2024,"Tables 6.5, 1.0","crop_share = percent of total cropped area (Table 6.5), rounded to integer in source; crop_area reported only for major crops (Table 1.0); season assigned per standard Punjab crop calendar, not a census-reported field; Report footnote: ""0"" = value less than 0.5; ""-"" = no value"
Faisalabad District,Maize (Rabi),,2,Rabi,1713219,2024,"Tables 6.5, 1.0","crop_share = percent of total cropped area (Table 6.5), rounded to integer in source; crop_area reported only for major crops (Table 1.0); season assigned per standard Punjab crop calendar, not a census-reported field; Report footnote: ""0"" = value less than 0.5; ""-"" = no value"
Faisalabad District,Maize (Kharif),,5,Kharif,1713219,2024,"Tables 6.5, 1.0","crop_share = percent of total cropped area (Table 6.5), rounded to integer in source; crop_area reported only for major crops (Table 1.0); season assigned per standard Punjab crop calendar, not a census-reported field; Report footnote: ""0"" = value less than 0.5; ""-"" = no value"
Faisalabad District,Jowar/Bajra/Gram,,8,Kharif+Rabi,1713219,2024,"Tables 6.5, 1.0","crop_share = percent of total cropped area (Table 6.5), rounded to integer in source; crop_area reported only for major crops (Table 1.0); season assigned per standard Punjab crop calendar, not a census-reported field; Report footnote: ""0"" = value less than 0.5; ""-"" = no value"
Faisalabad District,Barley,,0,Rabi,1713219,2024,"Tables 6.5, 1.0","crop_share = percent of total cropped area (Table 6.5), rounded to integer in source; crop_area reported only for major crops (Table 1.0); season assigned per standard Punjab crop calendar, not a census-reported field; Report footnote: ""0"" = value less than 0.5; ""-"" = no value"
Faisalabad District,Cotton,11693,1,Kharif,1713219,2024,"Tables 6.5, 1.0","crop_share = percent of total cropped area (Table 6.5), rounded to integer in source; crop_area reported only for major crops (Table 1.0); season assigned per standard Punjab crop calendar, not a census-reported field; Report footnote: ""0"" = value less than 0.5; ""-"" = no value"
Faisalabad District,Sugarcane,230288,13,Kharif+Rabi,1713219,2024,"Tables 6.5, 1.0","crop_share = percent of total cropped area (Table 6.5), rounded to integer in source; crop_area reported only for major crops (Table 1.0); season assigned per standard Punjab crop calendar, not a census-reported field; Report footnote: ""0"" = value less than 0.5; ""-"" = no value"
Faisalabad District,Tobacco,,0,Rabi,1713219,2024,"Tables 6.5, 1.0","crop_share = percent of total cropped area (Table 6.5), rounded to integer in source; crop_area reported only for major crops (Table 1.0); season assigned per standard Punjab crop calendar, not a census-reported field; Report footnote: ""0"" = value less than 0.5; ""-"" = no value"
Faisalabad District,Oilseeds,,4,Kharif+Rabi,1713219,2024,"Tables 6.5, 1.0","crop_share = percent of total cropped area (Table 6.5), rounded to integer in source; crop_area reported only for major crops (Table 1.0); season assigned per standard Punjab crop calendar, not a census-reported field; Report footnote: ""0"" = value less than 0.5; ""-"" = no value"
Faisalabad District,Pulses,,,Kharif+Rabi,1713219,2024,"Tables 6.5, 1.0","crop_share = percent of total cropped area (Table 6.5), rounded to integer in source; crop_area reported only for major crops (Table 1.0); season assigned per standard Punjab crop calendar, not a census-reported field; Report footnote: ""0"" = value less than 0.5; ""-"" = no value"
Faisalabad District,Fodders,316394,19,Kharif+Rabi,1713219,2024,"Tables 6.5, 1.0","crop_share = percent of total cropped area (Table 6.5), rounded to integer in source; crop_area reported only for major crops (Table 1.0); season assigned per standard Punjab crop calendar, not a census-reported field; Report footnote: ""0"" = value less than 0.5; ""-"" = no value"
Faisalabad District,Vegetables,,2,Kharif+Rabi,1713219,2024,"Tables 6.5, 1.0","crop_share = percent of total cropped area (Table 6.5), rounded to integer in source; crop_area reported only for major crops (Table 1.0); season assigned per standard Punjab crop calendar, not a census-reported field; Report footnote: ""0"" = value less than 0.5; ""-"" = no value"
Faisalabad District,Orchards,9253,1,Kharif+Rabi,1713219,2024,"Tables 6.5, 1.0","crop_share = percent of total cropped area (Table 6.5), rounded to integer in source; crop_area reported only for major crops (Table 1.0); season assigned per standard Punjab crop calendar, not a census-reported field; Report footnote: ""0"" = value less than 0.5; ""-"" = no value"
Faisalabad District,Other Crops,,7,Kharif+Rabi,1713219,2024,"Tables 6.5, 1.0","crop_share = percent of total cropped area (Table 6.5), rounded to integer in source; crop_area reported only for major crops (Table 1.0); season assigned per standard Punjab crop calendar, not a census-reported field; Report footnote: ""0"" = value less than 0.5; ""-"" = no value"
Faisalabad District,Maize (Total),104058,,Kharif+Rabi,1713219,2024,"Tables 6.5, 1.0","crop_share = percent of total cropped area (Table 6.5), rounded to integer in source; crop_area reported only for major crops (Table 1.0); season assigned per standard Punjab crop calendar, not a census-reported field; Report footnote: ""0"" = value less than 0.5; ""-"" = no value"
Faisalabad District,Kharif Crops (Total),832786,,Kharif,1713219,2024,"Tables 6.5, 1.0","crop_share = percent of total cropped area (Table 6.5), rounded to integer in source; crop_area reported only for major crops (Table 1.0); season assigned per standard Punjab crop calendar, not a census-reported field; Report footnote: ""0"" = value less than 0.5; ""-"" = no value"
Faisalabad District,Rabi Crops (Total),871179,,Rabi,1713219,2024,"Tables 6.5, 1.0","crop_share = percent of total cropped area (Table 6.5), rounded to integer in source; crop_area reported only for major crops (Table 1.0); season assigned per standard Punjab crop calendar, not a census-reported field; Report footnote: ""0"" = value less than 0.5; ""-"" = no value"
Faisalabad District,Total Cropped Area,1713219,,Kharif+Rabi,1713219,2024,"Tables 6.5, 1.0","crop_share = percent of total cropped area (Table 6.5), rounded to integer in source; crop_area reported only for major crops (Table 1.0); season assigned per standard Punjab crop calendar, not a census-reported field; Report footnote: ""0"" = value less than 0.5; ""-"" = no value"
Jhang District,Wheat,784990,38,Rabi,2047562,2024,"Tables 6.5, 1.0","crop_share = percent of total cropped area (Table 6.5), rounded to integer in source; crop_area reported only for major crops (Table 1.0); season assigned per standard Punjab crop calendar, not a census-reported field; Report footnote: ""0"" = value less than 0.5; ""-"" = no value"
Jhang District,Rice/Paddy,466917,23,Kharif,2047562,2024,"Tables 6.5, 1.0","crop_share = percent of total cropped area (Table 6.5), rounded to integer in source; crop_area reported only for major crops (Table 1.0); season assigned per standard Punjab crop calendar, not a census-reported field; Report footnote: ""0"" = value less than 0.5; ""-"" = no value"
Jhang District,Maize (Rabi),,0,Rabi,2047562,2024,"Tables 6.5, 1.0","crop_share = percent of total cropped area (Table 6.5), rounded to integer in source; crop_area reported only for major crops (Table 1.0); season assigned per standard Punjab crop calendar, not a census-reported field; Report footnote: ""0"" = value less than 0.5; ""-"" = no value"
Jhang District,Maize (Kharif),,0,Kharif,2047562,2024,"Tables 6.5, 1.0","crop_share = percent of total cropped area (Table 6.5), rounded to integer in source; crop_area reported only for major crops (Table 1.0); season assigned per standard Punjab crop calendar, not a census-reported field; Report footnote: ""0"" = value less than 0.5; ""-"" = no value"
Jhang District,Jowar/Bajra/Gram,,2,Kharif+Rabi,2047562,2024,"Tables 6.5, 1.0","crop_share = percent of total cropped area (Table 6.5), rounded to integer in source; crop_area reported only for major crops (Table 1.0); season assigned per standard Punjab crop calendar, not a census-reported field; Report footnote: ""0"" = value less than 0.5; ""-"" = no value"
Jhang District,Barley,,0,Rabi,2047562,2024,"Tables 6.5, 1.0","crop_share = percent of total cropped area (Table 6.5), rounded to integer in source; crop_area reported only for major crops (Table 1.0); season assigned per standard Punjab crop calendar, not a census-reported field; Report footnote: ""0"" = value less than 0.5; ""-"" = no value"
Jhang District,Cotton,22137,1,Kharif,2047562,2024,"Tables 6.5, 1.0","crop_share = percent of total cropped area (Table 6.5), rounded to integer in source; crop_area reported only for major crops (Table 1.0); season assigned per standard Punjab crop calendar, not a census-reported field; Report footnote: ""0"" = value less than 0.5; ""-"" = no value"
Jhang District,Sugarcane,147909,7,Kharif+Rabi,2047562,2024,"Tables 6.5, 1.0","crop_share = percent of total cropped area (Table 6.5), rounded to integer in source; crop_area reported only for major crops (Table 1.0); season assigned per standard Punjab crop calendar, not a census-reported field; Report footnote: ""0"" = value less than 0.5; ""-"" = no value"
Jhang District,Tobacco,,,Rabi,2047562,2024,"Tables 6.5, 1.0","crop_share = percent of total cropped area (Table 6.5), rounded to integer in source; crop_area reported only for major crops (Table 1.0); season assigned per standard Punjab crop calendar, not a census-reported field; Report footnote: ""0"" = value less than 0.5; ""-"" = no value"
Jhang District,Oilseeds,,3,Kharif+Rabi,2047562,2024,"Tables 6.5, 1.0","crop_share = percent of total cropped area (Table 6.5), rounded to integer in source; crop_area reported only for major crops (Table 1.0); season assigned per standard Punjab crop calendar, not a census-reported field; Report footnote: ""0"" = value less than 0.5; ""-"" = no value"
Jhang District,Pulses,,1,Kharif+Rabi,2047562,2024,"Tables 6.5, 1.0","crop_share = percent of total cropped area (Table 6.5), rounded to integer in source; crop_area reported only for major crops (Table 1.0); season assigned per standard Punjab crop calendar, not a census-reported field; Report footnote: ""0"" = value less than 0.5; ""-"" = no value"
Jhang District,Fodders,428739,21,Kharif+Rabi,2047562,2024,"Tables 6.5, 1.0","crop_share = percent of total cropped area (Table 6.5), rounded to integer in source; crop_area reported only for major crops (Table 1.0); season assigned per standard Punjab crop calendar, not a census-reported field; Report footnote: ""0"" = value less than 0.5; ""-"" = no value"
Jhang District,Vegetables,,0,Kharif+Rabi,2047562,2024,"Tables 6.5, 1.0","crop_share = percent of total cropped area (Table 6.5), rounded to integer in source; crop_area reported only for major crops (Table 1.0); season assigned per standard Punjab crop calendar, not a census-reported field; Report footnote: ""0"" = value less than 0.5; ""-"" = no value"
Jhang District,Orchards,12936,1,Kharif+Rabi,2047562,2024,"Tables 6.5, 1.0","crop_share = percent of total cropped area (Table 6.5), rounded to integer in source; crop_area reported only for major crops (Table 1.0); season assigned per standard Punjab crop calendar, not a census-reported field; Report footnote: ""0"" = value less than 0.5; ""-"" = no value"
Jhang District,Other Crops,,2,Kharif+Rabi,2047562,2024,"Tables 6.5, 1.0","crop_share = percent of total cropped area (Table 6.5), rounded to integer in source; crop_area reported only for major crops (Table 1.0); season assigned per standard Punjab crop calendar, not a census-reported field; Report footnote: ""0"" = value less than 0.5; ""-"" = no value"
Jhang District,Maize (Total),11484,,Kharif+Rabi,2047562,2024,"Tables 6.5, 1.0","crop_share = percent of total cropped area (Table 6.5), rounded to integer in source; crop_area reported only for major crops (Table 1.0); season assigned per standard Punjab crop calendar, not a census-reported field; Report footnote: ""0"" = value less than 0.5; ""-"" = no value"
Jhang District,Kharif Crops (Total),959277,,Kharif,2047562,2024,"Tables 6.5, 1.0","crop_share = percent of total cropped area (Table 6.5), rounded to integer in source; crop_area reported only for major crops (Table 1.0); season assigned per standard Punjab crop calendar, not a census-reported field; Report footnote: ""0"" = value less than 0.5; ""-"" = no value"
Jhang District,Rabi Crops (Total),1075349,,Rabi,2047562,2024,"Tables 6.5, 1.0","crop_share = percent of total cropped area (Table 6.5), rounded to integer in source; crop_area reported only for major crops (Table 1.0); season assigned per standard Punjab crop calendar, not a census-reported field; Report footnote: ""0"" = value less than 0.5; ""-"" = no value"
Jhang District,Total Cropped Area,2047562,,Kharif+Rabi,2047562,2024,"Tables 6.5, 1.0","crop_share = percent of total cropped area (Table 6.5), rounded to integer in source; crop_area reported only for major crops (Table 1.0); season assigned per standard Punjab crop calendar, not a census-reported field; Report footnote: ""0"" = value less than 0.5; ""-"" = no value"
Toba Tek Singh District,Wheat,420322,38,Rabi,1101805,2024,"Tables 6.5, 1.0","crop_share = percent of total cropped area (Table 6.5), rounded to integer in source; crop_area reported only for major crops (Table 1.0); season assigned per standard Punjab crop calendar, not a census-reported field; Report footnote: ""0"" = value less than 0.5; ""-"" = no value"
Toba Tek Singh District,Rice/Paddy,141933,13,Kharif,1101805,2024,"Tables 6.5, 1.0","crop_share = percent of total cropped area (Table 6.5), rounded to integer in source; crop_area reported only for major crops (Table 1.0); season assigned per standard Punjab crop calendar, not a census-reported field; Report footnote: ""0"" = value less than 0.5; ""-"" = no value"
Toba Tek Singh District,Maize (Rabi),,2,Rabi,1101805,2024,"Tables 6.5, 1.0","crop_share = percent of total cropped area (Table 6.5), rounded to integer in source; crop_area reported only for major crops (Table 1.0); season assigned per standard Punjab crop calendar, not a census-reported field; Report footnote: ""0"" = value less than 0.5; ""-"" = no value"
Toba Tek Singh District,Maize (Kharif),,5,Kharif,1101805,2024,"Tables 6.5, 1.0","crop_share = percent of total cropped area (Table 6.5), rounded to integer in source; crop_area reported only for major crops (Table 1.0); season assigned per standard Punjab crop calendar, not a census-reported field; Report footnote: ""0"" = value less than 0.5; ""-"" = no value"
Toba Tek Singh District,Jowar/Bajra/Gram,,4,Kharif+Rabi,1101805,2024,"Tables 6.5, 1.0","crop_share = percent of total cropped area (Table 6.5), rounded to integer in source; crop_area reported only for major crops (Table 1.0); season assigned per standard Punjab crop calendar, not a census-reported field; Report footnote: ""0"" = value less than 0.5; ""-"" = no value"
Toba Tek Singh District,Barley,,0,Rabi,1101805,2024,"Tables 6.5, 1.0","crop_share = percent of total cropped area (Table 6.5), rounded to integer in source; crop_area reported only for major crops (Table 1.0); season assigned per standard Punjab crop calendar, not a census-reported field; Report footnote: ""0"" = value less than 0.5; ""-"" = no value"
Toba Tek Singh District,Cotton,23630,2,Kharif,1101805,2024,"Tables 6.5, 1.0","crop_share = percent of total cropped area (Table 6.5), rounded to integer in source; crop_area reported only for major crops (Table 1.0); season assigned per standard Punjab crop calendar, not a census-reported field; Report footnote: ""0"" = value less than 0.5; ""-"" = no value"
Toba Tek Singh District,Sugarcane,56281,5,Kharif+Rabi,1101805,2024,"Tables 6.5, 1.0","crop_share = percent of total cropped area (Table 6.5), rounded to integer in source; crop_area reported only for major crops (Table 1.0); season assigned per standard Punjab crop calendar, not a census-reported field; Report footnote: ""0"" = value less than 0.5; ""-"" = no value"
Toba Tek Singh District,Tobacco,,0,Rabi,1101805,2024,"Tables 6.5, 1.0","crop_share = percent of total cropped area (Table 6.5), rounded to integer in source; crop_area reported only for major crops (Table 1.0); season assigned per standard Punjab crop calendar, not a census-reported field; Report footnote: ""0"" = value less than 0.5; ""-"" = no value"
Toba Tek Singh District,Oilseeds,,5,Kharif+Rabi,1101805,2024,"Tables 6.5, 1.0","crop_share = percent of total cropped area (Table 6.5), rounded to integer in source; crop_area reported only for major crops (Table 1.0); season assigned per standard Punjab crop calendar, not a census-reported field; Report footnote: ""0"" = value less than 0.5; ""-"" = no value"
Toba Tek Singh District,Pulses,,0,Kharif+Rabi,1101805,2024,"Tables 6.5, 1.0","crop_share = percent of total cropped area (Table 6.5), rounded to integer in source; crop_area reported only for major crops (Table 1.0); season assigned per standard Punjab crop calendar, not a census-reported field; Report footnote: ""0"" = value less than 0.5; ""-"" = no value"
Toba Tek Singh District,Fodders,213958,19,Kharif+Rabi,1101805,2024,"Tables 6.5, 1.0","crop_share = percent of total cropped area (Table 6.5), rounded to integer in source; crop_area reported only for major crops (Table 1.0); season assigned per standard Punjab crop calendar, not a census-reported field; Report footnote: ""0"" = value less than 0.5; ""-"" = no value"
Toba Tek Singh District,Vegetables,,2,Kharif+Rabi,1101805,2024,"Tables 6.5, 1.0","crop_share = percent of total cropped area (Table 6.5), rounded to integer in source; crop_area reported only for major crops (Table 1.0); season assigned per standard Punjab crop calendar, not a census-reported field; Report footnote: ""0"" = value less than 0.5; ""-"" = no value"
Toba Tek Singh District,Orchards,33242,3,Kharif+Rabi,1101805,2024,"Tables 6.5, 1.0","crop_share = percent of total cropped area (Table 6.5), rounded to integer in source; crop_area reported only for major crops (Table 1.0); season assigned per standard Punjab crop calendar, not a census-reported field; Report footnote: ""0"" = value less than 0.5; ""-"" = no value"
Toba Tek Singh District,Other Crops,,3,Kharif+Rabi,1101805,2024,"Tables 6.5, 1.0","crop_share = percent of total cropped area (Table 6.5), rounded to integer in source; crop_area reported only for major crops (Table 1.0); season assigned per standard Punjab crop calendar, not a census-reported field; Report footnote: ""0"" = value less than 0.5; ""-"" = no value"
Toba Tek Singh District,Maize (Total),71016,,Kharif+Rabi,1101805,2024,"Tables 6.5, 1.0","crop_share = percent of total cropped area (Table 6.5), rounded to integer in source; crop_area reported only for major crops (Table 1.0); season assigned per standard Punjab crop calendar, not a census-reported field; Report footnote: ""0"" = value less than 0.5; ""-"" = no value"
Toba Tek Singh District,Kharif Crops (Total),480909,,Kharif,1101805,2024,"Tables 6.5, 1.0","crop_share = percent of total cropped area (Table 6.5), rounded to integer in source; crop_area reported only for major crops (Table 1.0); season assigned per standard Punjab crop calendar, not a census-reported field; Report footnote: ""0"" = value less than 0.5; ""-"" = no value"
Toba Tek Singh District,Rabi Crops (Total),587653,,Rabi,1101805,2024,"Tables 6.5, 1.0","crop_share = percent of total cropped area (Table 6.5), rounded to integer in source; crop_area reported only for major crops (Table 1.0); season assigned per standard Punjab crop calendar, not a census-reported field; Report footnote: ""0"" = value less than 0.5; ""-"" = no value"
Toba Tek Singh District,Total Cropped Area,1101805,,Kharif+Rabi,1101805,2024,"Tables 6.5, 1.0","crop_share = percent of total cropped area (Table 6.5), rounded to integer in source; crop_area reported only for major crops (Table 1.0); season assigned per standard Punjab crop calendar, not a census-reported field; Report footnote: ""0"" = value less than 0.5; ""-"" = no value"
Gujranwala District,Wheat,595788,43,Rabi,1371824,2024,"Tables 6.5, 1.0","crop_share = percent of total cropped area (Table 6.5), rounded to integer in source; crop_area reported only for major crops (Table 1.0); season assigned per standard Punjab crop calendar, not a census-reported field; Report footnote: ""0"" = value less than 0.5; ""-"" = no value"
Gujranwala District,Rice/Paddy,596834,44,Kharif,1371824,2024,"Tables 6.5, 1.0","crop_share = percent of total cropped area (Table 6.5), rounded to integer in source; crop_area reported only for major crops (Table 1.0); season assigned per standard Punjab crop calendar, not a census-reported field; Report footnote: ""0"" = value less than 0.5; ""-"" = no value"
Gujranwala District,Maize (Rabi),,0,Rabi,1371824,2024,"Tables 6.5, 1.0","crop_share = percent of total cropped area (Table 6.5), rounded to integer in source; crop_area reported only for major crops (Table 1.0); season assigned per standard Punjab crop calendar, not a census-reported field; Report footnote: ""0"" = value less than 0.5; ""-"" = no value"
Gujranwala District,Maize (Kharif),,0,Kharif,1371824,2024,"Tables 6.5, 1.0","crop_share = percent of total cropped area (Table 6.5), rounded to integer in source; crop_area reported only for major crops (Table 1.0); season assigned per standard Punjab crop calendar, not a census-reported field; Report footnote: ""0"" = value less than 0.5; ""-"" = no value"
Gujranwala District,Jowar/Bajra/Gram,,1,Kharif+Rabi,1371824,2024,"Tables 6.5, 1.0","crop_share = percent of total cropped area (Table 6.5), rounded to integer in source; crop_area reported only for major crops (Table 1.0); season assigned per standard Punjab crop calendar, not a census-reported field; Report footnote: ""0"" = value less than 0.5; ""-"" = no value"
Gujranwala District,Barley,,0,Rabi,1371824,2024,"Tables 6.5, 1.0","crop_share = percent of total cropped area (Table 6.5), rounded to integer in source; crop_area reported only for major crops (Table 1.0); season assigned per standard Punjab crop calendar, not a census-reported field; Report footnote: ""0"" = value less than 0.5; ""-"" = no value"
Gujranwala District,Cotton,24,,Kharif,1371824,2024,"Tables 6.5, 1.0","crop_share = percent of total cropped area (Table 6.5), rounded to integer in source; crop_area reported only for major crops (Table 1.0); season assigned per standard Punjab crop calendar, not a census-reported field; Report footnote: ""0"" = value less than 0.5; ""-"" = no value"
Gujranwala District,Sugarcane,675,,Kharif+Rabi,1371824,2024,"Tables 6.5, 1.0","crop_share = percent of total cropped area (Table 6.5), rounded to integer in source; crop_area reported only for major crops (Table 1.0); season assigned per standard Punjab crop calendar, not a census-reported field; Report footnote: ""0"" = value less than 0.5; ""-"" = no value"
Gujranwala District,Tobacco,,,Rabi,1371824,2024,"Tables 6.5, 1.0","crop_share = percent of total cropped area (Table 6.5), rounded to integer in source; crop_area reported only for major crops (Table 1.0); season assigned per standard Punjab crop calendar, not a census-reported field; Report footnote: ""0"" = value less than 0.5; ""-"" = no value"
Gujranwala District,Oilseeds,,1,Kharif+Rabi,1371824,2024,"Tables 6.5, 1.0","crop_share = percent of total cropped area (Table 6.5), rounded to integer in source; crop_area reported only for major crops (Table 1.0); season assigned per standard Punjab crop calendar, not a census-reported field; Report footnote: ""0"" = value less than 0.5; ""-"" = no value"
Gujranwala District,Pulses,,0,Kharif+Rabi,1371824,2024,"Tables 6.5, 1.0","crop_share = percent of total cropped area (Table 6.5), rounded to integer in source; crop_area reported only for major crops (Table 1.0); season assigned per standard Punjab crop calendar, not a census-reported field; Report footnote: ""0"" = value less than 0.5; ""-"" = no value"
Gujranwala District,Fodders,123079,9,Kharif+Rabi,1371824,2024,"Tables 6.5, 1.0","crop_share = percent of total cropped area (Table 6.5), rounded to integer in source; crop_area reported only for major crops (Table 1.0); season assigned per standard Punjab crop calendar, not a census-reported field; Report footnote: ""0"" = value less than 0.5; ""-"" = no value"
Gujranwala District,Vegetables,,1,Kharif+Rabi,1371824,2024,"Tables 6.5, 1.0","crop_share = percent of total cropped area (Table 6.5), rounded to integer in source; crop_area reported only for major crops (Table 1.0); season assigned per standard Punjab crop calendar, not a census-reported field; Report footnote: ""0"" = value less than 0.5; ""-"" = no value"
Gujranwala District,Orchards,477,,Kharif+Rabi,1371824,2024,"Tables 6.5, 1.0","crop_share = percent of total cropped area (Table 6.5), rounded to integer in source; crop_area reported only for major crops (Table 1.0); season assigned per standard Punjab crop calendar, not a census-reported field; Report footnote: ""0"" = value less than 0.5; ""-"" = no value"
Gujranwala District,Other Crops,,1,Kharif+Rabi,1371824,2024,"Tables 6.5, 1.0","crop_share = percent of total cropped area (Table 6.5), rounded to integer in source; crop_area reported only for major crops (Table 1.0); season assigned per standard Punjab crop calendar, not a census-reported field; Report footnote: ""0"" = value less than 0.5; ""-"" = no value"
Gujranwala District,Maize (Total),4842,,Kharif+Rabi,1371824,2024,"Tables 6.5, 1.0","crop_share = percent of total cropped area (Table 6.5), rounded to integer in source; crop_area reported only for major crops (Table 1.0); season assigned per standard Punjab crop calendar, not a census-reported field; Report footnote: ""0"" = value less than 0.5; ""-"" = no value"
Gujranwala District,Kharif Crops (Total),685431,,Kharif,1371824,2024,"Tables 6.5, 1.0","crop_share = percent of total cropped area (Table 6.5), rounded to integer in source; crop_area reported only for major crops (Table 1.0); season assigned per standard Punjab crop calendar, not a census-reported field; Report footnote: ""0"" = value less than 0.5; ""-"" = no value"
Gujranwala District,Rabi Crops (Total),685915,,Rabi,1371824,2024,"Tables 6.5, 1.0","crop_share = percent of total cropped area (Table 6.5), rounded to integer in source; crop_area reported only for major crops (Table 1.0); season assigned per standard Punjab crop calendar, not a census-reported field; Report footnote: ""0"" = value less than 0.5; ""-"" = no value"
Gujranwala District,Total Cropped Area,1371824,,Kharif+Rabi,1371824,2024,"Tables 6.5, 1.0","crop_share = percent of total cropped area (Table 6.5), rounded to integer in source; crop_area reported only for major crops (Table 1.0); season assigned per standard Punjab crop calendar, not a census-reported field; Report footnote: ""0"" = value less than 0.5; ""-"" = no value"
Gujrat District,Wheat,421678,49,Rabi,865226,2024,"Tables 6.5, 1.0","crop_share = percent of total cropped area (Table 6.5), rounded to integer in source; crop_area reported only for major crops (Table 1.0); season assigned per standard Punjab crop calendar, not a census-reported field; Report footnote: ""0"" = value less than 0.5; ""-"" = no value"
Gujrat District,Rice/Paddy,113652,13,Kharif,865226,2024,"Tables 6.5, 1.0","crop_share = percent of total cropped area (Table 6.5), rounded to integer in source; crop_area reported only for major crops (Table 1.0); season assigned per standard Punjab crop calendar, not a census-reported field; Report footnote: ""0"" = value less than 0.5; ""-"" = no value"
Gujrat District,Maize (Rabi),,1,Rabi,865226,2024,"Tables 6.5, 1.0","crop_share = percent of total cropped area (Table 6.5), rounded to integer in source; crop_area reported only for major crops (Table 1.0); season assigned per standard Punjab crop calendar, not a census-reported field; Report footnote: ""0"" = value less than 0.5; ""-"" = no value"
Gujrat District,Maize (Kharif),,1,Kharif,865226,2024,"Tables 6.5, 1.0","crop_share = percent of total cropped area (Table 6.5), rounded to integer in source; crop_area reported only for major crops (Table 1.0); season assigned per standard Punjab crop calendar, not a census-reported field; Report footnote: ""0"" = value less than 0.5; ""-"" = no value"
Gujrat District,Jowar/Bajra/Gram,,11,Kharif+Rabi,865226,2024,"Tables 6.5, 1.0","crop_share = percent of total cropped area (Table 6.5), rounded to integer in source; crop_area reported only for major crops (Table 1.0); season assigned per standard Punjab crop calendar, not a census-reported field; Report footnote: ""0"" = value less than 0.5; ""-"" = no value"
Gujrat District,Barley,,0,Rabi,865226,2024,"Tables 6.5, 1.0","crop_share = percent of total cropped area (Table 6.5), rounded to integer in source; crop_area reported only for major crops (Table 1.0); season assigned per standard Punjab crop calendar, not a census-reported field; Report footnote: ""0"" = value less than 0.5; ""-"" = no value"
Gujrat District,Cotton,,,Kharif,865226,2024,"Tables 6.5, 1.0","crop_share = percent of total cropped area (Table 6.5), rounded to integer in source; crop_area reported only for major crops (Table 1.0); season assigned per standard Punjab crop calendar, not a census-reported field; Report footnote: ""0"" = value less than 0.5; ""-"" = no value"
Gujrat District,Sugarcane,4970,1,Kharif+Rabi,865226,2024,"Tables 6.5, 1.0","crop_share = percent of total cropped area (Table 6.5), rounded to integer in source; crop_area reported only for major crops (Table 1.0); season assigned per standard Punjab crop calendar, not a census-reported field; Report footnote: ""0"" = value less than 0.5; ""-"" = no value"
Gujrat District,Tobacco,,0,Rabi,865226,2024,"Tables 6.5, 1.0","crop_share = percent of total cropped area (Table 6.5), rounded to integer in source; crop_area reported only for major crops (Table 1.0); season assigned per standard Punjab crop calendar, not a census-reported field; Report footnote: ""0"" = value less than 0.5; ""-"" = no value"
Gujrat District,Oilseeds,,0,Kharif+Rabi,865226,2024,"Tables 6.5, 1.0","crop_share = percent of total cropped area (Table 6.5), rounded to integer in source; crop_area reported only for major crops (Table 1.0); season assigned per standard Punjab crop calendar, not a census-reported field; Report footnote: ""0"" = value less than 0.5; ""-"" = no value"
Gujrat District,Pulses,,0,Kharif+Rabi,865226,2024,"Tables 6.5, 1.0","crop_share = percent of total cropped area (Table 6.5), rounded to integer in source; crop_area reported only for major crops (Table 1.0); season assigned per standard Punjab crop calendar, not a census-reported field; Report footnote: ""0"" = value less than 0.5; ""-"" = no value"
Gujrat District,Fodders,183281,21,Kharif+Rabi,865226,2024,"Tables 6.5, 1.0","crop_share = percent of total cropped area (Table 6.5), rounded to integer in source; crop_area reported only for major crops (Table 1.0); season assigned per standard Punjab crop calendar, not a census-reported field; Report footnote: ""0"" = value less than 0.5; ""-"" = no value"
Gujrat District,Vegetables,,1,Kharif+Rabi,865226,2024,"Tables 6.5, 1.0","crop_share = percent of total cropped area (Table 6.5), rounded to integer in source; crop_area reported only for major crops (Table 1.0); season assigned per standard Punjab crop calendar, not a census-reported field; Report footnote: ""0"" = value less than 0.5; ""-"" = no value"
Gujrat District,Orchards,2826,0,Kharif+Rabi,865226,2024,"Tables 6.5, 1.0","crop_share = percent of total cropped area (Table 6.5), rounded to integer in source; crop_area reported only for major crops (Table 1.0); season assigned per standard Punjab crop calendar, not a census-reported field; Report footnote: ""0"" = value less than 0.5; ""-"" = no value"
Gujrat District,Other Crops,,2,Kharif+Rabi,865226,2024,"Tables 6.5, 1.0","crop_share = percent of total cropped area (Table 6.5), rounded to integer in source; crop_area reported only for major crops (Table 1.0); season assigned per standard Punjab crop calendar, not a census-reported field; Report footnote: ""0"" = value less than 0.5; ""-"" = no value"
Gujrat District,Maize (Total),10914,,Kharif+Rabi,865226,2024,"Tables 6.5, 1.0","crop_share = percent of total cropped area (Table 6.5), rounded to integer in source; crop_area reported only for major crops (Table 1.0); season assigned per standard Punjab crop calendar, not a census-reported field; Report footnote: ""0"" = value less than 0.5; ""-"" = no value"
Gujrat District,Kharif Crops (Total),359163,,Kharif,865226,2024,"Tables 6.5, 1.0","crop_share = percent of total cropped area (Table 6.5), rounded to integer in source; crop_area reported only for major crops (Table 1.0); season assigned per standard Punjab crop calendar, not a census-reported field; Report footnote: ""0"" = value less than 0.5; ""-"" = no value"
Gujrat District,Rabi Crops (Total),503237,,Rabi,865226,2024,"Tables 6.5, 1.0","crop_share = percent of total cropped area (Table 6.5), rounded to integer in source; crop_area reported only for major crops (Table 1.0); season assigned per standard Punjab crop calendar, not a census-reported field; Report footnote: ""0"" = value less than 0.5; ""-"" = no value"
Gujrat District,Total Cropped Area,865226,,Kharif+Rabi,865226,2024,"Tables 6.5, 1.0","crop_share = percent of total cropped area (Table 6.5), rounded to integer in source; crop_area reported only for major crops (Table 1.0); season assigned per standard Punjab crop calendar, not a census-reported field; Report footnote: ""0"" = value less than 0.5; ""-"" = no value"
Hafizabad District,Wheat,358993,42,Rabi,855492,2024,"Tables 6.5, 1.0","crop_share = percent of total cropped area (Table 6.5), rounded to integer in source; crop_area reported only for major crops (Table 1.0); season assigned per standard Punjab crop calendar, not a census-reported field; Report footnote: ""0"" = value less than 0.5; ""-"" = no value"
Hafizabad District,Rice/Paddy,352605,41,Kharif,855492,2024,"Tables 6.5, 1.0","crop_share = percent of total cropped area (Table 6.5), rounded to integer in source; crop_area reported only for major crops (Table 1.0); season assigned per standard Punjab crop calendar, not a census-reported field; Report footnote: ""0"" = value less than 0.5; ""-"" = no value"
Hafizabad District,Maize (Rabi),,0,Rabi,855492,2024,"Tables 6.5, 1.0","crop_share = percent of total cropped area (Table 6.5), rounded to integer in source; crop_area reported only for major crops (Table 1.0); season assigned per standard Punjab crop calendar, not a census-reported field; Report footnote: ""0"" = value less than 0.5; ""-"" = no value"
Hafizabad District,Maize (Kharif),,0,Kharif,855492,2024,"Tables 6.5, 1.0","crop_share = percent of total cropped area (Table 6.5), rounded to integer in source; crop_area reported only for major crops (Table 1.0); season assigned per standard Punjab crop calendar, not a census-reported field; Report footnote: ""0"" = value less than 0.5; ""-"" = no value"
Hafizabad District,Jowar/Bajra/Gram,,1,Kharif+Rabi,855492,2024,"Tables 6.5, 1.0","crop_share = percent of total cropped area (Table 6.5), rounded to integer in source; crop_area reported only for major crops (Table 1.0); season assigned per standard Punjab crop calendar, not a census-reported field; Report footnote: ""0"" = value less than 0.5; ""-"" = no value"
Hafizabad District,Barley,,0,Rabi,855492,2024,"Tables 6.5, 1.0","crop_share = percent of total cropped area (Table 6.5), rounded to integer in source; crop_area reported only for major crops (Table 1.0); season assigned per standard Punjab crop calendar, not a census-reported field; Report footnote: ""0"" = value less than 0.5; ""-"" = no value"
Hafizabad District,Cotton,,,Kharif,855492,2024,"Tables 6.5, 1.0","crop_share = percent of total cropped area (Table 6.5), rounded to integer in source; crop_area reported only for major crops (Table 1.0); season assigned per standard Punjab crop calendar, not a census-reported field; Report footnote: ""0"" = value less than 0.5; ""-"" = no value"
Hafizabad District,Sugarcane,9017,1,Kharif+Rabi,855492,2024,"Tables 6.5, 1.0","crop_share = percent of total cropped area (Table 6.5), rounded to integer in source; crop_area reported only for major crops (Table 1.0); season assigned per standard Punjab crop calendar, not a census-reported field; Report footnote: ""0"" = value less than 0.5; ""-"" = no value"
Hafizabad District,Tobacco,,0,Rabi,855492,2024,"Tables 6.5, 1.0","crop_share = percent of total cropped area (Table 6.5), rounded to integer in source; crop_area reported only for major crops (Table 1.0); season assigned per standard Punjab crop calendar, not a census-reported field; Report footnote: ""0"" = value less than 0.5; ""-"" = no value"
Hafizabad District,Oilseeds,,1,Kharif+Rabi,855492,2024,"Tables 6.5, 1.0","crop_share = percent of total cropped area (Table 6.5), rounded to integer in source; crop_area reported only for major crops (Table 1.0); season assigned per standard Punjab crop calendar, not a census-reported field; Report footnote: ""0"" = value less than 0.5; ""-"" = no value"
Hafizabad District,Pulses,,,Kharif+Rabi,855492,2024,"Tables 6.5, 1.0","crop_share = percent of total cropped area (Table 6.5), rounded to integer in source; crop_area reported only for major crops (Table 1.0); season assigned per standard Punjab crop calendar, not a census-reported field; Report footnote: ""0"" = value less than 0.5; ""-"" = no value"
Hafizabad District,Fodders,89195,10,Kharif+Rabi,855492,2024,"Tables 6.5, 1.0","crop_share = percent of total cropped area (Table 6.5), rounded to integer in source; crop_area reported only for major crops (Table 1.0); season assigned per standard Punjab crop calendar, not a census-reported field; Report footnote: ""0"" = value less than 0.5; ""-"" = no value"
Hafizabad District,Vegetables,,0,Kharif+Rabi,855492,2024,"Tables 6.5, 1.0","crop_share = percent of total cropped area (Table 6.5), rounded to integer in source; crop_area reported only for major crops (Table 1.0); season assigned per standard Punjab crop calendar, not a census-reported field; Report footnote: ""0"" = value less than 0.5; ""-"" = no value"
Hafizabad District,Orchards,411,,Kharif+Rabi,855492,2024,"Tables 6.5, 1.0","crop_share = percent of total cropped area (Table 6.5), rounded to integer in source; crop_area reported only for major crops (Table 1.0); season assigned per standard Punjab crop calendar, not a census-reported field; Report footnote: ""0"" = value less than 0.5; ""-"" = no value"
Hafizabad District,Other Crops,,3,Kharif+Rabi,855492,2024,"Tables 6.5, 1.0","crop_share = percent of total cropped area (Table 6.5), rounded to integer in source; crop_area reported only for major crops (Table 1.0); season assigned per standard Punjab crop calendar, not a census-reported field; Report footnote: ""0"" = value less than 0.5; ""-"" = no value"
Hafizabad District,Maize (Total),1821,,Kharif+Rabi,855492,2024,"Tables 6.5, 1.0","crop_share = percent of total cropped area (Table 6.5), rounded to integer in source; crop_area reported only for major crops (Table 1.0); season assigned per standard Punjab crop calendar, not a census-reported field; Report footnote: ""0"" = value less than 0.5; ""-"" = no value"
Hafizabad District,Kharif Crops (Total),429647,,Kharif,855492,2024,"Tables 6.5, 1.0","crop_share = percent of total cropped area (Table 6.5), rounded to integer in source; crop_area reported only for major crops (Table 1.0); season assigned per standard Punjab crop calendar, not a census-reported field; Report footnote: ""0"" = value less than 0.5; ""-"" = no value"
Hafizabad District,Rabi Crops (Total),425435,,Rabi,855492,2024,"Tables 6.5, 1.0","crop_share = percent of total cropped area (Table 6.5), rounded to integer in source; crop_area reported only for major crops (Table 1.0); season assigned per standard Punjab crop calendar, not a census-reported field; Report footnote: ""0"" = value less than 0.5; ""-"" = no value"
Hafizabad District,Total Cropped Area,855492,,Kharif+Rabi,855492,2024,"Tables 6.5, 1.0","crop_share = percent of total cropped area (Table 6.5), rounded to integer in source; crop_area reported only for major crops (Table 1.0); season assigned per standard Punjab crop calendar, not a census-reported field; Report footnote: ""0"" = value less than 0.5; ""-"" = no value"
Mandi Bahauddin District,Wheat,395766,39,Rabi,1005272,2024,"Tables 6.5, 1.0","crop_share = percent of total cropped area (Table 6.5), rounded to integer in source; crop_area reported only for major crops (Table 1.0); season assigned per standard Punjab crop calendar, not a census-reported field; Report footnote: ""0"" = value less than 0.5; ""-"" = no value"
Mandi Bahauddin District,Rice/Paddy,320233,32,Kharif,1005272,2024,"Tables 6.5, 1.0","crop_share = percent of total cropped area (Table 6.5), rounded to integer in source; crop_area reported only for major crops (Table 1.0); season assigned per standard Punjab crop calendar, not a census-reported field; Report footnote: ""0"" = value less than 0.5; ""-"" = no value"
Mandi Bahauddin District,Maize (Rabi),,0,Rabi,1005272,2024,"Tables 6.5, 1.0","crop_share = percent of total cropped area (Table 6.5), rounded to integer in source; crop_area reported only for major crops (Table 1.0); season assigned per standard Punjab crop calendar, not a census-reported field; Report footnote: ""0"" = value less than 0.5; ""-"" = no value"
Mandi Bahauddin District,Maize (Kharif),,0,Kharif,1005272,2024,"Tables 6.5, 1.0","crop_share = percent of total cropped area (Table 6.5), rounded to integer in source; crop_area reported only for major crops (Table 1.0); season assigned per standard Punjab crop calendar, not a census-reported field; Report footnote: ""0"" = value less than 0.5; ""-"" = no value"
Mandi Bahauddin District,Jowar/Bajra/Gram,,1,Kharif+Rabi,1005272,2024,"Tables 6.5, 1.0","crop_share = percent of total cropped area (Table 6.5), rounded to integer in source; crop_area reported only for major crops (Table 1.0); season assigned per standard Punjab crop calendar, not a census-reported field; Report footnote: ""0"" = value less than 0.5; ""-"" = no value"
Mandi Bahauddin District,Barley,,0,Rabi,1005272,2024,"Tables 6.5, 1.0","crop_share = percent of total cropped area (Table 6.5), rounded to integer in source; crop_area reported only for major crops (Table 1.0); season assigned per standard Punjab crop calendar, not a census-reported field; Report footnote: ""0"" = value less than 0.5; ""-"" = no value"
Mandi Bahauddin District,Cotton,194,,Kharif,1005272,2024,"Tables 6.5, 1.0","crop_share = percent of total cropped area (Table 6.5), rounded to integer in source; crop_area reported only for major crops (Table 1.0); season assigned per standard Punjab crop calendar, not a census-reported field; Report footnote: ""0"" = value less than 0.5; ""-"" = no value"
Mandi Bahauddin District,Sugarcane,49662,5,Kharif+Rabi,1005272,2024,"Tables 6.5, 1.0","crop_share = percent of total cropped area (Table 6.5), rounded to integer in source; crop_area reported only for major crops (Table 1.0); season assigned per standard Punjab crop calendar, not a census-reported field; Report footnote: ""0"" = value less than 0.5; ""-"" = no value"
Mandi Bahauddin District,Tobacco,,,Rabi,1005272,2024,"Tables 6.5, 1.0","crop_share = percent of total cropped area (Table 6.5), rounded to integer in source; crop_area reported only for major crops (Table 1.0); season assigned per standard Punjab crop calendar, not a census-reported field; Report footnote: ""0"" = value less than 0.5; ""-"" = no value"
Mandi Bahauddin District,Oilseeds,,2,Kharif+Rabi,1005272,2024,"Tables 6.5, 1.0","crop_share = percent of total cropped area (Table 6.5), rounded to integer in source; crop_area reported only for major crops (Table 1.0); season assigned per standard Punjab crop calendar, not a census-reported field; Report footnote: ""0"" = value less than 0.5; ""-"" = no value"
Mandi Bahauddin District,Pulses,,,Kharif+Rabi,1005272,2024,"Tables 6.5, 1.0","crop_share = percent of total cropped area (Table 6.5), rounded to integer in source; crop_area reported only for major crops (Table 1.0); season assigned per standard Punjab crop calendar, not a census-reported field; Report footnote: ""0"" = value less than 0.5; ""-"" = no value"
Mandi Bahauddin District,Fodders,155731,16,Kharif+Rabi,1005272,2024,"Tables 6.5, 1.0","crop_share = percent of total cropped area (Table 6.5), rounded to integer in source; crop_area reported only for major crops (Table 1.0); season assigned per standard Punjab crop calendar, not a census-reported field; Report footnote: ""0"" = value less than 0.5; ""-"" = no value"
Mandi Bahauddin District,Vegetables,,0,Kharif+Rabi,1005272,2024,"Tables 6.5, 1.0","crop_share = percent of total cropped area (Table 6.5), rounded to integer in source; crop_area reported only for major crops (Table 1.0); season assigned per standard Punjab crop calendar, not a census-reported field; Report footnote: ""0"" = value less than 0.5; ""-"" = no value"
Mandi Bahauddin District,Orchards,11268,1,Kharif+Rabi,1005272,2024,"Tables 6.5, 1.0","crop_share = percent of total cropped area (Table 6.5), rounded to integer in source; crop_area reported only for major crops (Table 1.0); season assigned per standard Punjab crop calendar, not a census-reported field; Report footnote: ""0"" = value less than 0.5; ""-"" = no value"
Mandi Bahauddin District,Other Crops,,4,Kharif+Rabi,1005272,2024,"Tables 6.5, 1.0","crop_share = percent of total cropped area (Table 6.5), rounded to integer in source; crop_area reported only for major crops (Table 1.0); season assigned per standard Punjab crop calendar, not a census-reported field; Report footnote: ""0"" = value less than 0.5; ""-"" = no value"
Mandi Bahauddin District,Maize (Total),5309,,Kharif+Rabi,1005272,2024,"Tables 6.5, 1.0","crop_share = percent of total cropped area (Table 6.5), rounded to integer in source; crop_area reported only for major crops (Table 1.0); season assigned per standard Punjab crop calendar, not a census-reported field; Report footnote: ""0"" = value less than 0.5; ""-"" = no value"
Mandi Bahauddin District,Kharif Crops (Total),487292,,Kharif,1005272,2024,"Tables 6.5, 1.0","crop_share = percent of total cropped area (Table 6.5), rounded to integer in source; crop_area reported only for major crops (Table 1.0); season assigned per standard Punjab crop calendar, not a census-reported field; Report footnote: ""0"" = value less than 0.5; ""-"" = no value"
Mandi Bahauddin District,Rabi Crops (Total),506712,,Rabi,1005272,2024,"Tables 6.5, 1.0","crop_share = percent of total cropped area (Table 6.5), rounded to integer in source; crop_area reported only for major crops (Table 1.0); season assigned per standard Punjab crop calendar, not a census-reported field; Report footnote: ""0"" = value less than 0.5; ""-"" = no value"
Mandi Bahauddin District,Total Cropped Area,1005272,,Kharif+Rabi,1005272,2024,"Tables 6.5, 1.0","crop_share = percent of total cropped area (Table 6.5), rounded to integer in source; crop_area reported only for major crops (Table 1.0); season assigned per standard Punjab crop calendar, not a census-reported field; Report footnote: ""0"" = value less than 0.5; ""-"" = no value"
Narowal District,Wheat,375227,48,Rabi,774960,2024,"Tables 6.5, 1.0","crop_share = percent of total cropped area (Table 6.5), rounded to integer in source; crop_area reported only for major crops (Table 1.0); season assigned per standard Punjab crop calendar, not a census-reported field; Report footnote: ""0"" = value less than 0.5; ""-"" = no value"
Narowal District,Rice/Paddy,301491,39,Kharif,774960,2024,"Tables 6.5, 1.0","crop_share = percent of total cropped area (Table 6.5), rounded to integer in source; crop_area reported only for major crops (Table 1.0); season assigned per standard Punjab crop calendar, not a census-reported field; Report footnote: ""0"" = value less than 0.5; ""-"" = no value"
Narowal District,Maize (Rabi),,,Rabi,774960,2024,"Tables 6.5, 1.0","crop_share = percent of total cropped area (Table 6.5), rounded to integer in source; crop_area reported only for major crops (Table 1.0); season assigned per standard Punjab crop calendar, not a census-reported field; Report footnote: ""0"" = value less than 0.5; ""-"" = no value"
Narowal District,Maize (Kharif),,,Kharif,774960,2024,"Tables 6.5, 1.0","crop_share = percent of total cropped area (Table 6.5), rounded to integer in source; crop_area reported only for major crops (Table 1.0); season assigned per standard Punjab crop calendar, not a census-reported field; Report footnote: ""0"" = value less than 0.5; ""-"" = no value"
Narowal District,Jowar/Bajra/Gram,,4,Kharif+Rabi,774960,2024,"Tables 6.5, 1.0","crop_share = percent of total cropped area (Table 6.5), rounded to integer in source; crop_area reported only for major crops (Table 1.0); season assigned per standard Punjab crop calendar, not a census-reported field; Report footnote: ""0"" = value less than 0.5; ""-"" = no value"
Narowal District,Barley,,0,Rabi,774960,2024,"Tables 6.5, 1.0","crop_share = percent of total cropped area (Table 6.5), rounded to integer in source; crop_area reported only for major crops (Table 1.0); season assigned per standard Punjab crop calendar, not a census-reported field; Report footnote: ""0"" = value less than 0.5; ""-"" = no value"
Narowal District,Cotton,27,,Kharif,774960,2024,"Tables 6.5, 1.0","crop_share = percent of total cropped area (Table 6.5), rounded to integer in source; crop_area reported only for major crops (Table 1.0); season assigned per standard Punjab crop calendar, not a census-reported field; Report footnote: ""0"" = value less than 0.5; ""-"" = no value"
Narowal District,Sugarcane,665,0,Kharif+Rabi,774960,2024,"Tables 6.5, 1.0","crop_share = percent of total cropped area (Table 6.5), rounded to integer in source; crop_area reported only for major crops (Table 1.0); season assigned per standard Punjab crop calendar, not a census-reported field; Report footnote: ""0"" = value less than 0.5; ""-"" = no value"
Narowal District,Tobacco,,,Rabi,774960,2024,"Tables 6.5, 1.0","crop_share = percent of total cropped area (Table 6.5), rounded to integer in source; crop_area reported only for major crops (Table 1.0); season assigned per standard Punjab crop calendar, not a census-reported field; Report footnote: ""0"" = value less than 0.5; ""-"" = no value"
Narowal District,Oilseeds,,1,Kharif+Rabi,774960,2024,"Tables 6.5, 1.0","crop_share = percent of total cropped area (Table 6.5), rounded to integer in source; crop_area reported only for major crops (Table 1.0); season assigned per standard Punjab crop calendar, not a census-reported field; Report footnote: ""0"" = value less than 0.5; ""-"" = no value"
Narowal District,Pulses,,0,Kharif+Rabi,774960,2024,"Tables 6.5, 1.0","crop_share = percent of total cropped area (Table 6.5), rounded to integer in source; crop_area reported only for major crops (Table 1.0); season assigned per standard Punjab crop calendar, not a census-reported field; Report footnote: ""0"" = value less than 0.5; ""-"" = no value"
Narowal District,Fodders,54357,7,Kharif+Rabi,774960,2024,"Tables 6.5, 1.0","crop_share = percent of total cropped area (Table 6.5), rounded to integer in source; crop_area reported only for major crops (Table 1.0); season assigned per standard Punjab crop calendar, not a census-reported field; Report footnote: ""0"" = value less than 0.5; ""-"" = no value"
Narowal District,Vegetables,,1,Kharif+Rabi,774960,2024,"Tables 6.5, 1.0","crop_share = percent of total cropped area (Table 6.5), rounded to integer in source; crop_area reported only for major crops (Table 1.0); season assigned per standard Punjab crop calendar, not a census-reported field; Report footnote: ""0"" = value less than 0.5; ""-"" = no value"
Narowal District,Orchards,334,,Kharif+Rabi,774960,2024,"Tables 6.5, 1.0","crop_share = percent of total cropped area (Table 6.5), rounded to integer in source; crop_area reported only for major crops (Table 1.0); season assigned per standard Punjab crop calendar, not a census-reported field; Report footnote: ""0"" = value less than 0.5; ""-"" = no value"
Narowal District,Other Crops,,1,Kharif+Rabi,774960,2024,"Tables 6.5, 1.0","crop_share = percent of total cropped area (Table 6.5), rounded to integer in source; crop_area reported only for major crops (Table 1.0); season assigned per standard Punjab crop calendar, not a census-reported field; Report footnote: ""0"" = value less than 0.5; ""-"" = no value"
Narowal District,Maize (Total),435,,Kharif+Rabi,774960,2024,"Tables 6.5, 1.0","crop_share = percent of total cropped area (Table 6.5), rounded to integer in source; crop_area reported only for major crops (Table 1.0); season assigned per standard Punjab crop calendar, not a census-reported field; Report footnote: ""0"" = value less than 0.5; ""-"" = no value"
Narowal District,Kharif Crops (Total),363829,,Kharif,774960,2024,"Tables 6.5, 1.0","crop_share = percent of total cropped area (Table 6.5), rounded to integer in source; crop_area reported only for major crops (Table 1.0); season assigned per standard Punjab crop calendar, not a census-reported field; Report footnote: ""0"" = value less than 0.5; ""-"" = no value"
Narowal District,Rabi Crops (Total),410798,,Rabi,774960,2024,"Tables 6.5, 1.0","crop_share = percent of total cropped area (Table 6.5), rounded to integer in source; crop_area reported only for major crops (Table 1.0); season assigned per standard Punjab crop calendar, not a census-reported field; Report footnote: ""0"" = value less than 0.5; ""-"" = no value"
Narowal District,Total Cropped Area,774960,,Kharif+Rabi,774960,2024,"Tables 6.5, 1.0","crop_share = percent of total cropped area (Table 6.5), rounded to integer in source; crop_area reported only for major crops (Table 1.0); season assigned per standard Punjab crop calendar, not a census-reported field; Report footnote: ""0"" = value less than 0.5; ""-"" = no value"
Sialkot District,Wheat,507247,46,Rabi,1104465,2024,"Tables 6.5, 1.0","crop_share = percent of total cropped area (Table 6.5), rounded to integer in source; crop_area reported only for major crops (Table 1.0); season assigned per standard Punjab crop calendar, not a census-reported field; Report footnote: ""0"" = value less than 0.5; ""-"" = no value"
Sialkot District,Rice/Paddy,472542,43,Kharif,1104465,2024,"Tables 6.5, 1.0","crop_share = percent of total cropped area (Table 6.5), rounded to integer in source; crop_area reported only for major crops (Table 1.0); season assigned per standard Punjab crop calendar, not a census-reported field; Report footnote: ""0"" = value less than 0.5; ""-"" = no value"
Sialkot District,Maize (Rabi),,0,Rabi,1104465,2024,"Tables 6.5, 1.0","crop_share = percent of total cropped area (Table 6.5), rounded to integer in source; crop_area reported only for major crops (Table 1.0); season assigned per standard Punjab crop calendar, not a census-reported field; Report footnote: ""0"" = value less than 0.5; ""-"" = no value"
Sialkot District,Maize (Kharif),,0,Kharif,1104465,2024,"Tables 6.5, 1.0","crop_share = percent of total cropped area (Table 6.5), rounded to integer in source; crop_area reported only for major crops (Table 1.0); season assigned per standard Punjab crop calendar, not a census-reported field; Report footnote: ""0"" = value less than 0.5; ""-"" = no value"
Sialkot District,Jowar/Bajra/Gram,,1,Kharif+Rabi,1104465,2024,"Tables 6.5, 1.0","crop_share = percent of total cropped area (Table 6.5), rounded to integer in source; crop_area reported only for major crops (Table 1.0); season assigned per standard Punjab crop calendar, not a census-reported field; Report footnote: ""0"" = value less than 0.5; ""-"" = no value"
Sialkot District,Barley,,,Rabi,1104465,2024,"Tables 6.5, 1.0","crop_share = percent of total cropped area (Table 6.5), rounded to integer in source; crop_area reported only for major crops (Table 1.0); season assigned per standard Punjab crop calendar, not a census-reported field; Report footnote: ""0"" = value less than 0.5; ""-"" = no value"
Sialkot District,Cotton,827,0,Kharif,1104465,2024,"Tables 6.5, 1.0","crop_share = percent of total cropped area (Table 6.5), rounded to integer in source; crop_area reported only for major crops (Table 1.0); season assigned per standard Punjab crop calendar, not a census-reported field; Report footnote: ""0"" = value less than 0.5; ""-"" = no value"
Sialkot District,Sugarcane,951,0,Kharif+Rabi,1104465,2024,"Tables 6.5, 1.0","crop_share = percent of total cropped area (Table 6.5), rounded to integer in source; crop_area reported only for major crops (Table 1.0); season assigned per standard Punjab crop calendar, not a census-reported field; Report footnote: ""0"" = value less than 0.5; ""-"" = no value"
Sialkot District,Tobacco,,,Rabi,1104465,2024,"Tables 6.5, 1.0","crop_share = percent of total cropped area (Table 6.5), rounded to integer in source; crop_area reported only for major crops (Table 1.0); season assigned per standard Punjab crop calendar, not a census-reported field; Report footnote: ""0"" = value less than 0.5; ""-"" = no value"
Sialkot District,Oilseeds,,0,Kharif+Rabi,1104465,2024,"Tables 6.5, 1.0","crop_share = percent of total cropped area (Table 6.5), rounded to integer in source; crop_area reported only for major crops (Table 1.0); season assigned per standard Punjab crop calendar, not a census-reported field; Report footnote: ""0"" = value less than 0.5; ""-"" = no value"
Sialkot District,Pulses,,0,Kharif+Rabi,1104465,2024,"Tables 6.5, 1.0","crop_share = percent of total cropped area (Table 6.5), rounded to integer in source; crop_area reported only for major crops (Table 1.0); season assigned per standard Punjab crop calendar, not a census-reported field; Report footnote: ""0"" = value less than 0.5; ""-"" = no value"
Sialkot District,Fodders,83796,8,Kharif+Rabi,1104465,2024,"Tables 6.5, 1.0","crop_share = percent of total cropped area (Table 6.5), rounded to integer in source; crop_area reported only for major crops (Table 1.0); season assigned per standard Punjab crop calendar, not a census-reported field; Report footnote: ""0"" = value less than 0.5; ""-"" = no value"
Sialkot District,Vegetables,,1,Kharif+Rabi,1104465,2024,"Tables 6.5, 1.0","crop_share = percent of total cropped area (Table 6.5), rounded to integer in source; crop_area reported only for major crops (Table 1.0); season assigned per standard Punjab crop calendar, not a census-reported field; Report footnote: ""0"" = value less than 0.5; ""-"" = no value"
Sialkot District,Orchards,413,,Kharif+Rabi,1104465,2024,"Tables 6.5, 1.0","crop_share = percent of total cropped area (Table 6.5), rounded to integer in source; crop_area reported only for major crops (Table 1.0); season assigned per standard Punjab crop calendar, not a census-reported field; Report footnote: ""0"" = value less than 0.5; ""-"" = no value"
Sialkot District,Other Crops,,1,Kharif+Rabi,1104465,2024,"Tables 6.5, 1.0","crop_share = percent of total cropped area (Table 6.5), rounded to integer in source; crop_area reported only for major crops (Table 1.0); season assigned per standard Punjab crop calendar, not a census-reported field; Report footnote: ""0"" = value less than 0.5; ""-"" = no value"
Sialkot District,Maize (Total),2317,,Kharif+Rabi,1104465,2024,"Tables 6.5, 1.0","crop_share = percent of total cropped area (Table 6.5), rounded to integer in source; crop_area reported only for major crops (Table 1.0); season assigned per standard Punjab crop calendar, not a census-reported field; Report footnote: ""0"" = value less than 0.5; ""-"" = no value"
Sialkot District,Kharif Crops (Total),539388,,Kharif,1104465,2024,"Tables 6.5, 1.0","crop_share = percent of total cropped area (Table 6.5), rounded to integer in source; crop_area reported only for major crops (Table 1.0); season assigned per standard Punjab crop calendar, not a census-reported field; Report footnote: ""0"" = value less than 0.5; ""-"" = no value"
Sialkot District,Rabi Crops (Total),564663,,Rabi,1104465,2024,"Tables 6.5, 1.0","crop_share = percent of total cropped area (Table 6.5), rounded to integer in source; crop_area reported only for major crops (Table 1.0); season assigned per standard Punjab crop calendar, not a census-reported field; Report footnote: ""0"" = value less than 0.5; ""-"" = no value"
Sialkot District,Total Cropped Area,1104465,,Kharif+Rabi,1104465,2024,"Tables 6.5, 1.0","crop_share = percent of total cropped area (Table 6.5), rounded to integer in source; crop_area reported only for major crops (Table 1.0); season assigned per standard Punjab crop calendar, not a census-reported field; Report footnote: ""0"" = value less than 0.5; ""-"" = no value"
Kasur District,Wheat,424104,32,Rabi,1348415,2024,"Tables 6.5, 1.0","crop_share = percent of total cropped area (Table 6.5), rounded to integer in source; crop_area reported only for major crops (Table 1.0); season assigned per standard Punjab crop calendar, not a census-reported field; Report footnote: ""0"" = value less than 0.5; ""-"" = no value"
Kasur District,Rice/Paddy,228643,17,Kharif,1348415,2024,"Tables 6.5, 1.0","crop_share = percent of total cropped area (Table 6.5), rounded to integer in source; crop_area reported only for major crops (Table 1.0); season assigned per standard Punjab crop calendar, not a census-reported field; Report footnote: ""0"" = value less than 0.5; ""-"" = no value"
Kasur District,Maize (Rabi),,3,Rabi,1348415,2024,"Tables 6.5, 1.0","crop_share = percent of total cropped area (Table 6.5), rounded to integer in source; crop_area reported only for major crops (Table 1.0); season assigned per standard Punjab crop calendar, not a census-reported field; Report footnote: ""0"" = value less than 0.5; ""-"" = no value"
Kasur District,Maize (Kharif),,6,Kharif,1348415,2024,"Tables 6.5, 1.0","crop_share = percent of total cropped area (Table 6.5), rounded to integer in source; crop_area reported only for major crops (Table 1.0); season assigned per standard Punjab crop calendar, not a census-reported field; Report footnote: ""0"" = value less than 0.5; ""-"" = no value"
Kasur District,Jowar/Bajra/Gram,,4,Kharif+Rabi,1348415,2024,"Tables 6.5, 1.0","crop_share = percent of total cropped area (Table 6.5), rounded to integer in source; crop_area reported only for major crops (Table 1.0); season assigned per standard Punjab crop calendar, not a census-reported field; Report footnote: ""0"" = value less than 0.5; ""-"" = no value"
Kasur District,Barley,,0,Rabi,1348415,2024,"Tables 6.5, 1.0","crop_share = percent of total cropped area (Table 6.5), rounded to integer in source; crop_area reported only for major crops (Table 1.0); season assigned per standard Punjab crop calendar, not a census-reported field; Report footnote: ""0"" = value less than 0.5; ""-"" = no value"
Kasur District,Cotton,12319,1,Kharif,1348415,2024,"Tables 6.5, 1.0","crop_share = percent of total cropped area (Table 6.5), rounded to integer in source; crop_area reported only for major crops (Table 1.0); season assigned per standard Punjab crop calendar, not a census-reported field; Report footnote: ""0"" = value less than 0.5; ""-"" = no value"
Kasur District,Sugarcane,31447,2,Kharif+Rabi,1348415,2024,"Tables 6.5, 1.0","crop_share = percent of total cropped area (Table 6.5), rounded to integer in source; crop_area reported only for major crops (Table 1.0); season assigned per standard Punjab crop calendar, not a census-reported field; Report footnote: ""0"" = value less than 0.5; ""-"" = no value"
Kasur District,Tobacco,,,Rabi,1348415,2024,"Tables 6.5, 1.0","crop_share = percent of total cropped area (Table 6.5), rounded to integer in source; crop_area reported only for major crops (Table 1.0); season assigned per standard Punjab crop calendar, not a census-reported field; Report footnote: ""0"" = value less than 0.5; ""-"" = no value"
Kasur District,Oilseeds,,2,Kharif+Rabi,1348415,2024,"Tables 6.5, 1.0","crop_share = percent of total cropped area (Table 6.5), rounded to integer in source; crop_area reported only for major crops (Table 1.0); season assigned per standard Punjab crop calendar, not a census-reported field; Report footnote: ""0"" = value less than 0.5; ""-"" = no value"
Kasur District,Pulses,,0,Kharif+Rabi,1348415,2024,"Tables 6.5, 1.0","crop_share = percent of total cropped area (Table 6.5), rounded to integer in source; crop_area reported only for major crops (Table 1.0); season assigned per standard Punjab crop calendar, not a census-reported field; Report footnote: ""0"" = value less than 0.5; ""-"" = no value"
Kasur District,Fodders,249986,19,Kharif+Rabi,1348415,2024,"Tables 6.5, 1.0","crop_share = percent of total cropped area (Table 6.5), rounded to integer in source; crop_area reported only for major crops (Table 1.0); season assigned per standard Punjab crop calendar, not a census-reported field; Report footnote: ""0"" = value less than 0.5; ""-"" = no value"
Kasur District,Vegetables,,8,Kharif+Rabi,1348415,2024,"Tables 6.5, 1.0","crop_share = percent of total cropped area (Table 6.5), rounded to integer in source; crop_area reported only for major crops (Table 1.0); season assigned per standard Punjab crop calendar, not a census-reported field; Report footnote: ""0"" = value less than 0.5; ""-"" = no value"
Kasur District,Orchards,5117,0,Kharif+Rabi,1348415,2024,"Tables 6.5, 1.0","crop_share = percent of total cropped area (Table 6.5), rounded to integer in source; crop_area reported only for major crops (Table 1.0); season assigned per standard Punjab crop calendar, not a census-reported field; Report footnote: ""0"" = value less than 0.5; ""-"" = no value"
Kasur District,Other Crops,,6,Kharif+Rabi,1348415,2024,"Tables 6.5, 1.0","crop_share = percent of total cropped area (Table 6.5), rounded to integer in source; crop_area reported only for major crops (Table 1.0); season assigned per standard Punjab crop calendar, not a census-reported field; Report footnote: ""0"" = value less than 0.5; ""-"" = no value"
Kasur District,Maize (Total),123415,,Kharif+Rabi,1348415,2024,"Tables 6.5, 1.0","crop_share = percent of total cropped area (Table 6.5), rounded to integer in source; crop_area reported only for major crops (Table 1.0); season assigned per standard Punjab crop calendar, not a census-reported field; Report footnote: ""0"" = value less than 0.5; ""-"" = no value"
Kasur District,Kharif Crops (Total),640183,,Kharif,1348415,2024,"Tables 6.5, 1.0","crop_share = percent of total cropped area (Table 6.5), rounded to integer in source; crop_area reported only for major crops (Table 1.0); season assigned per standard Punjab crop calendar, not a census-reported field; Report footnote: ""0"" = value less than 0.5; ""-"" = no value"
Kasur District,Rabi Crops (Total),703115,,Rabi,1348415,2024,"Tables 6.5, 1.0","crop_share = percent of total cropped area (Table 6.5), rounded to integer in source; crop_area reported only for major crops (Table 1.0); season assigned per standard Punjab crop calendar, not a census-reported field; Report footnote: ""0"" = value less than 0.5; ""-"" = no value"
Kasur District,Total Cropped Area,1348415,,Kharif+Rabi,1348415,2024,"Tables 6.5, 1.0","crop_share = percent of total cropped area (Table 6.5), rounded to integer in source; crop_area reported only for major crops (Table 1.0); season assigned per standard Punjab crop calendar, not a census-reported field; Report footnote: ""0"" = value less than 0.5; ""-"" = no value"
Lahore District,Wheat,89729,42,Rabi,216344,2024,"Tables 6.5, 1.0","crop_share = percent of total cropped area (Table 6.5), rounded to integer in source; crop_area reported only for major crops (Table 1.0); season assigned per standard Punjab crop calendar, not a census-reported field; Report footnote: ""0"" = value less than 0.5; ""-"" = no value"
Lahore District,Rice/Paddy,57554,27,Kharif,216344,2024,"Tables 6.5, 1.0","crop_share = percent of total cropped area (Table 6.5), rounded to integer in source; crop_area reported only for major crops (Table 1.0); season assigned per standard Punjab crop calendar, not a census-reported field; Report footnote: ""0"" = value less than 0.5; ""-"" = no value"
Lahore District,Maize (Rabi),,0,Rabi,216344,2024,"Tables 6.5, 1.0","crop_share = percent of total cropped area (Table 6.5), rounded to integer in source; crop_area reported only for major crops (Table 1.0); season assigned per standard Punjab crop calendar, not a census-reported field; Report footnote: ""0"" = value less than 0.5; ""-"" = no value"
Lahore District,Maize (Kharif),,1,Kharif,216344,2024,"Tables 6.5, 1.0","crop_share = percent of total cropped area (Table 6.5), rounded to integer in source; crop_area reported only for major crops (Table 1.0); season assigned per standard Punjab crop calendar, not a census-reported field; Report footnote: ""0"" = value less than 0.5; ""-"" = no value"
Lahore District,Jowar/Bajra/Gram,,0,Kharif+Rabi,216344,2024,"Tables 6.5, 1.0","crop_share = percent of total cropped area (Table 6.5), rounded to integer in source; crop_area reported only for major crops (Table 1.0); season assigned per standard Punjab crop calendar, not a census-reported field; Report footnote: ""0"" = value less than 0.5; ""-"" = no value"
Lahore District,Barley,,0,Rabi,216344,2024,"Tables 6.5, 1.0","crop_share = percent of total cropped area (Table 6.5), rounded to integer in source; crop_area reported only for major crops (Table 1.0); season assigned per standard Punjab crop calendar, not a census-reported field; Report footnote: ""0"" = value less than 0.5; ""-"" = no value"
Lahore District,Cotton,6,,Kharif,216344,2024,"Tables 6.5, 1.0","crop_share = percent of total cropped area (Table 6.5), rounded to integer in source; crop_area reported only for major crops (Table 1.0); season assigned per standard Punjab crop calendar, not a census-reported field; Report footnote: ""0"" = value less than 0.5; ""-"" = no value"
Lahore District,Sugarcane,36,,Kharif+Rabi,216344,2024,"Tables 6.5, 1.0","crop_share = percent of total cropped area (Table 6.5), rounded to integer in source; crop_area reported only for major crops (Table 1.0); season assigned per standard Punjab crop calendar, not a census-reported field; Report footnote: ""0"" = value less than 0.5; ""-"" = no value"
Lahore District,Tobacco,,,Rabi,216344,2024,"Tables 6.5, 1.0","crop_share = percent of total cropped area (Table 6.5), rounded to integer in source; crop_area reported only for major crops (Table 1.0); season assigned per standard Punjab crop calendar, not a census-reported field; Report footnote: ""0"" = value less than 0.5; ""-"" = no value"
Lahore District,Oilseeds,,,Kharif+Rabi,216344,2024,"Tables 6.5, 1.0","crop_share = percent of total cropped area (Table 6.5), rounded to integer in source; crop_area reported only for major crops (Table 1.0); season assigned per standard Punjab crop calendar, not a census-reported field; Report footnote: ""0"" = value less than 0.5; ""-"" = no value"
Lahore District,Pulses,,,Kharif+Rabi,216344,2024,"Tables 6.5, 1.0","crop_share = percent of total cropped area (Table 6.5), rounded to integer in source; crop_area reported only for major crops (Table 1.0); season assigned per standard Punjab crop calendar, not a census-reported field; Report footnote: ""0"" = value less than 0.5; ""-"" = no value"
Lahore District,Fodders,60592,28,Kharif+Rabi,216344,2024,"Tables 6.5, 1.0","crop_share = percent of total cropped area (Table 6.5), rounded to integer in source; crop_area reported only for major crops (Table 1.0); season assigned per standard Punjab crop calendar, not a census-reported field; Report footnote: ""0"" = value less than 0.5; ""-"" = no value"
Lahore District,Vegetables,,0,Kharif+Rabi,216344,2024,"Tables 6.5, 1.0","crop_share = percent of total cropped area (Table 6.5), rounded to integer in source; crop_area reported only for major crops (Table 1.0); season assigned per standard Punjab crop calendar, not a census-reported field; Report footnote: ""0"" = value less than 0.5; ""-"" = no value"
Lahore District,Orchards,5264,2,Kharif+Rabi,216344,2024,"Tables 6.5, 1.0","crop_share = percent of total cropped area (Table 6.5), rounded to integer in source; crop_area reported only for major crops (Table 1.0); season assigned per standard Punjab crop calendar, not a census-reported field; Report footnote: ""0"" = value less than 0.5; ""-"" = no value"
Lahore District,Other Crops,,0,Kharif+Rabi,216344,2024,"Tables 6.5, 1.0","crop_share = percent of total cropped area (Table 6.5), rounded to integer in source; crop_area reported only for major crops (Table 1.0); season assigned per standard Punjab crop calendar, not a census-reported field; Report footnote: ""0"" = value less than 0.5; ""-"" = no value"
Lahore District,Maize (Total),1455,,Kharif+Rabi,216344,2024,"Tables 6.5, 1.0","crop_share = percent of total cropped area (Table 6.5), rounded to integer in source; crop_area reported only for major crops (Table 1.0); season assigned per standard Punjab crop calendar, not a census-reported field; Report footnote: ""0"" = value less than 0.5; ""-"" = no value"
Lahore District,Kharif Crops (Total),86079,,Kharif,216344,2024,"Tables 6.5, 1.0","crop_share = percent of total cropped area (Table 6.5), rounded to integer in source; crop_area reported only for major crops (Table 1.0); season assigned per standard Punjab crop calendar, not a census-reported field; Report footnote: ""0"" = value less than 0.5; ""-"" = no value"
Lahore District,Rabi Crops (Total),125000,,Rabi,216344,2024,"Tables 6.5, 1.0","crop_share = percent of total cropped area (Table 6.5), rounded to integer in source; crop_area reported only for major crops (Table 1.0); season assigned per standard Punjab crop calendar, not a census-reported field; Report footnote: ""0"" = value less than 0.5; ""-"" = no value"
Lahore District,Total Cropped Area,216344,,Kharif+Rabi,216344,2024,"Tables 6.5, 1.0","crop_share = percent of total cropped area (Table 6.5), rounded to integer in source; crop_area reported only for major crops (Table 1.0); season assigned per standard Punjab crop calendar, not a census-reported field; Report footnote: ""0"" = value less than 0.5; ""-"" = no value"
Nankana Sahib District,Wheat,360070,40,Rabi,890401,2024,"Tables 6.5, 1.0","Nankana Sahib District is not present in district_master_clean.csv (remote-sensing master covers 34 districts); crop_share = percent of total cropped area (Table 6.5), rounded to integer in source; crop_area reported only for major crops (Table 1.0); season assigned per standard Punjab crop calendar, not a census-reported field; Report footnote: ""0"" = value less than 0.5; ""-"" = no value"
Nankana Sahib District,Rice/Paddy,320682,36,Kharif,890401,2024,"Tables 6.5, 1.0","Nankana Sahib District is not present in district_master_clean.csv (remote-sensing master covers 34 districts); crop_share = percent of total cropped area (Table 6.5), rounded to integer in source; crop_area reported only for major crops (Table 1.0); season assigned per standard Punjab crop calendar, not a census-reported field; Report footnote: ""0"" = value less than 0.5; ""-"" = no value"
Nankana Sahib District,Maize (Rabi),,0,Rabi,890401,2024,"Tables 6.5, 1.0","Nankana Sahib District is not present in district_master_clean.csv (remote-sensing master covers 34 districts); crop_share = percent of total cropped area (Table 6.5), rounded to integer in source; crop_area reported only for major crops (Table 1.0); season assigned per standard Punjab crop calendar, not a census-reported field; Report footnote: ""0"" = value less than 0.5; ""-"" = no value"
Nankana Sahib District,Maize (Kharif),,0,Kharif,890401,2024,"Tables 6.5, 1.0","Nankana Sahib District is not present in district_master_clean.csv (remote-sensing master covers 34 districts); crop_share = percent of total cropped area (Table 6.5), rounded to integer in source; crop_area reported only for major crops (Table 1.0); season assigned per standard Punjab crop calendar, not a census-reported field; Report footnote: ""0"" = value less than 0.5; ""-"" = no value"
Nankana Sahib District,Jowar/Bajra/Gram,,2,Kharif+Rabi,890401,2024,"Tables 6.5, 1.0","Nankana Sahib District is not present in district_master_clean.csv (remote-sensing master covers 34 districts); crop_share = percent of total cropped area (Table 6.5), rounded to integer in source; crop_area reported only for major crops (Table 1.0); season assigned per standard Punjab crop calendar, not a census-reported field; Report footnote: ""0"" = value less than 0.5; ""-"" = no value"
Nankana Sahib District,Barley,,,Rabi,890401,2024,"Tables 6.5, 1.0","Nankana Sahib District is not present in district_master_clean.csv (remote-sensing master covers 34 districts); crop_share = percent of total cropped area (Table 6.5), rounded to integer in source; crop_area reported only for major crops (Table 1.0); season assigned per standard Punjab crop calendar, not a census-reported field; Report footnote: ""0"" = value less than 0.5; ""-"" = no value"
Nankana Sahib District,Cotton,114,,Kharif,890401,2024,"Tables 6.5, 1.0","Nankana Sahib District is not present in district_master_clean.csv (remote-sensing master covers 34 districts); crop_share = percent of total cropped area (Table 6.5), rounded to integer in source; crop_area reported only for major crops (Table 1.0); season assigned per standard Punjab crop calendar, not a census-reported field; Report footnote: ""0"" = value less than 0.5; ""-"" = no value"
Nankana Sahib District,Sugarcane,8886,1,Kharif+Rabi,890401,2024,"Tables 6.5, 1.0","Nankana Sahib District is not present in district_master_clean.csv (remote-sensing master covers 34 districts); crop_share = percent of total cropped area (Table 6.5), rounded to integer in source; crop_area reported only for major crops (Table 1.0); season assigned per standard Punjab crop calendar, not a census-reported field; Report footnote: ""0"" = value less than 0.5; ""-"" = no value"
Nankana Sahib District,Tobacco,,,Rabi,890401,2024,"Tables 6.5, 1.0","Nankana Sahib District is not present in district_master_clean.csv (remote-sensing master covers 34 districts); crop_share = percent of total cropped area (Table 6.5), rounded to integer in source; crop_area reported only for major crops (Table 1.0); season assigned per standard Punjab crop calendar, not a census-reported field; Report footnote: ""0"" = value less than 0.5; ""-"" = no value"
Nankana Sahib District,Oilseeds,,1,Kharif+Rabi,890401,2024,"Tables 6.5, 1.0","Nankana Sahib District is not present in district_master_clean.csv (remote-sensing master covers 34 districts); crop_share = percent of total cropped area (Table 6.5), rounded to integer in source; crop_area reported only for major crops (Table 1.0); season assigned per standard Punjab crop calendar, not a census-reported field; Report footnote: ""0"" = value less than 0.5; ""-"" = no value"
Nankana Sahib District,Pulses,,0,Kharif+Rabi,890401,2024,"Tables 6.5, 1.0","Nankana Sahib District is not present in district_master_clean.csv (remote-sensing master covers 34 districts); crop_share = percent of total cropped area (Table 6.5), rounded to integer in source; crop_area reported only for major crops (Table 1.0); season assigned per standard Punjab crop calendar, not a census-reported field; Report footnote: ""0"" = value less than 0.5; ""-"" = no value"
Nankana Sahib District,Fodders,124537,14,Kharif+Rabi,890401,2024,"Tables 6.5, 1.0","Nankana Sahib District is not present in district_master_clean.csv (remote-sensing master covers 34 districts); crop_share = percent of total cropped area (Table 6.5), rounded to integer in source; crop_area reported only for major crops (Table 1.0); season assigned per standard Punjab crop calendar, not a census-reported field; Report footnote: ""0"" = value less than 0.5; ""-"" = no value"
Nankana Sahib District,Vegetables,,0,Kharif+Rabi,890401,2024,"Tables 6.5, 1.0","Nankana Sahib District is not present in district_master_clean.csv (remote-sensing master covers 34 districts); crop_share = percent of total cropped area (Table 6.5), rounded to integer in source; crop_area reported only for major crops (Table 1.0); season assigned per standard Punjab crop calendar, not a census-reported field; Report footnote: ""0"" = value less than 0.5; ""-"" = no value"
Nankana Sahib District,Orchards,4771,1,Kharif+Rabi,890401,2024,"Tables 6.5, 1.0","Nankana Sahib District is not present in district_master_clean.csv (remote-sensing master covers 34 districts); crop_share = percent of total cropped area (Table 6.5), rounded to integer in source; crop_area reported only for major crops (Table 1.0); season assigned per standard Punjab crop calendar, not a census-reported field; Report footnote: ""0"" = value less than 0.5; ""-"" = no value"
Nankana Sahib District,Other Crops,,4,Kharif+Rabi,890401,2024,"Tables 6.5, 1.0","Nankana Sahib District is not present in district_master_clean.csv (remote-sensing master covers 34 districts); crop_share = percent of total cropped area (Table 6.5), rounded to integer in source; crop_area reported only for major crops (Table 1.0); season assigned per standard Punjab crop calendar, not a census-reported field; Report footnote: ""0"" = value less than 0.5; ""-"" = no value"
Nankana Sahib District,Maize (Total),4362,,Kharif+Rabi,890401,2024,"Tables 6.5, 1.0","Nankana Sahib District is not present in district_master_clean.csv (remote-sensing master covers 34 districts); crop_share = percent of total cropped area (Table 6.5), rounded to integer in source; crop_area reported only for major crops (Table 1.0); season assigned per standard Punjab crop calendar, not a census-reported field; Report footnote: ""0"" = value less than 0.5; ""-"" = no value"
Nankana Sahib District,Kharif Crops (Total),436989,,Kharif,890401,2024,"Tables 6.5, 1.0","Nankana Sahib District is not present in district_master_clean.csv (remote-sensing master covers 34 districts); crop_share = percent of total cropped area (Table 6.5), rounded to integer in source; crop_area reported only for major crops (Table 1.0); season assigned per standard Punjab crop calendar, not a census-reported field; Report footnote: ""0"" = value less than 0.5; ""-"" = no value"
Nankana Sahib District,Rabi Crops (Total),448642,,Rabi,890401,2024,"Tables 6.5, 1.0","Nankana Sahib District is not present in district_master_clean.csv (remote-sensing master covers 34 districts); crop_share = percent of total cropped area (Table 6.5), rounded to integer in source; crop_area reported only for major crops (Table 1.0); season assigned per standard Punjab crop calendar, not a census-reported field; Report footnote: ""0"" = value less than 0.5; ""-"" = no value"
Nankana Sahib District,Total Cropped Area,890401,,Kharif+Rabi,890401,2024,"Tables 6.5, 1.0","Nankana Sahib District is not present in district_master_clean.csv (remote-sensing master covers 34 districts); crop_share = percent of total cropped area (Table 6.5), rounded to integer in source; crop_area reported only for major crops (Table 1.0); season assigned per standard Punjab crop calendar, not a census-reported field; Report footnote: ""0"" = value less than 0.5; ""-"" = no value"
Sheikhupura District,Wheat,547894,40,Rabi,1366709,2024,"Tables 6.5, 1.0","crop_share = percent of total cropped area (Table 6.5), rounded to integer in source; crop_area reported only for major crops (Table 1.0); season assigned per standard Punjab crop calendar, not a census-reported field; Report footnote: ""0"" = value less than 0.5; ""-"" = no value"
Sheikhupura District,Rice/Paddy,506558,37,Kharif,1366709,2024,"Tables 6.5, 1.0","crop_share = percent of total cropped area (Table 6.5), rounded to integer in source; crop_area reported only for major crops (Table 1.0); season assigned per standard Punjab crop calendar, not a census-reported field; Report footnote: ""0"" = value less than 0.5; ""-"" = no value"
Sheikhupura District,Maize (Rabi),,0,Rabi,1366709,2024,"Tables 6.5, 1.0","crop_share = percent of total cropped area (Table 6.5), rounded to integer in source; crop_area reported only for major crops (Table 1.0); season assigned per standard Punjab crop calendar, not a census-reported field; Report footnote: ""0"" = value less than 0.5; ""-"" = no value"
Sheikhupura District,Maize (Kharif),,0,Kharif,1366709,2024,"Tables 6.5, 1.0","crop_share = percent of total cropped area (Table 6.5), rounded to integer in source; crop_area reported only for major crops (Table 1.0); season assigned per standard Punjab crop calendar, not a census-reported field; Report footnote: ""0"" = value less than 0.5; ""-"" = no value"
Sheikhupura District,Jowar/Bajra/Gram,,2,Kharif+Rabi,1366709,2024,"Tables 6.5, 1.0","crop_share = percent of total cropped area (Table 6.5), rounded to integer in source; crop_area reported only for major crops (Table 1.0); season assigned per standard Punjab crop calendar, not a census-reported field; Report footnote: ""0"" = value less than 0.5; ""-"" = no value"
Sheikhupura District,Barley,,0,Rabi,1366709,2024,"Tables 6.5, 1.0","crop_share = percent of total cropped area (Table 6.5), rounded to integer in source; crop_area reported only for major crops (Table 1.0); season assigned per standard Punjab crop calendar, not a census-reported field; Report footnote: ""0"" = value less than 0.5; ""-"" = no value"
Sheikhupura District,Cotton,178,,Kharif,1366709,2024,"Tables 6.5, 1.0","crop_share = percent of total cropped area (Table 6.5), rounded to integer in source; crop_area reported only for major crops (Table 1.0); season assigned per standard Punjab crop calendar, not a census-reported field; Report footnote: ""0"" = value less than 0.5; ""-"" = no value"
Sheikhupura District,Sugarcane,2742,0,Kharif+Rabi,1366709,2024,"Tables 6.5, 1.0","crop_share = percent of total cropped area (Table 6.5), rounded to integer in source; crop_area reported only for major crops (Table 1.0); season assigned per standard Punjab crop calendar, not a census-reported field; Report footnote: ""0"" = value less than 0.5; ""-"" = no value"
Sheikhupura District,Tobacco,,,Rabi,1366709,2024,"Tables 6.5, 1.0","crop_share = percent of total cropped area (Table 6.5), rounded to integer in source; crop_area reported only for major crops (Table 1.0); season assigned per standard Punjab crop calendar, not a census-reported field; Report footnote: ""0"" = value less than 0.5; ""-"" = no value"
Sheikhupura District,Oilseeds,,0,Kharif+Rabi,1366709,2024,"Tables 6.5, 1.0","crop_share = percent of total cropped area (Table 6.5), rounded to integer in source; crop_area reported only for major crops (Table 1.0); season assigned per standard Punjab crop calendar, not a census-reported field; Report footnote: ""0"" = value less than 0.5; ""-"" = no value"
Sheikhupura District,Pulses,,,Kharif+Rabi,1366709,2024,"Tables 6.5, 1.0","crop_share = percent of total cropped area (Table 6.5), rounded to integer in source; crop_area reported only for major crops (Table 1.0); season assigned per standard Punjab crop calendar, not a census-reported field; Report footnote: ""0"" = value less than 0.5; ""-"" = no value"
Sheikhupura District,Fodders,242294,18,Kharif+Rabi,1366709,2024,"Tables 6.5, 1.0","crop_share = percent of total cropped area (Table 6.5), rounded to integer in source; crop_area reported only for major crops (Table 1.0); season assigned per standard Punjab crop calendar, not a census-reported field; Report footnote: ""0"" = value less than 0.5; ""-"" = no value"
Sheikhupura District,Vegetables,,1,Kharif+Rabi,1366709,2024,"Tables 6.5, 1.0","crop_share = percent of total cropped area (Table 6.5), rounded to integer in source; crop_area reported only for major crops (Table 1.0); season assigned per standard Punjab crop calendar, not a census-reported field; Report footnote: ""0"" = value less than 0.5; ""-"" = no value"
Sheikhupura District,Orchards,12965,1,Kharif+Rabi,1366709,2024,"Tables 6.5, 1.0","crop_share = percent of total cropped area (Table 6.5), rounded to integer in source; crop_area reported only for major crops (Table 1.0); season assigned per standard Punjab crop calendar, not a census-reported field; Report footnote: ""0"" = value less than 0.5; ""-"" = no value"
Sheikhupura District,Other Crops,,1,Kharif+Rabi,1366709,2024,"Tables 6.5, 1.0","crop_share = percent of total cropped area (Table 6.5), rounded to integer in source; crop_area reported only for major crops (Table 1.0); season assigned per standard Punjab crop calendar, not a census-reported field; Report footnote: ""0"" = value less than 0.5; ""-"" = no value"
Sheikhupura District,Maize (Total),6978,,Kharif+Rabi,1366709,2024,"Tables 6.5, 1.0","crop_share = percent of total cropped area (Table 6.5), rounded to integer in source; crop_area reported only for major crops (Table 1.0); season assigned per standard Punjab crop calendar, not a census-reported field; Report footnote: ""0"" = value less than 0.5; ""-"" = no value"
Sheikhupura District,Kharif Crops (Total),653170,,Kharif,1366709,2024,"Tables 6.5, 1.0","crop_share = percent of total cropped area (Table 6.5), rounded to integer in source; crop_area reported only for major crops (Table 1.0); season assigned per standard Punjab crop calendar, not a census-reported field; Report footnote: ""0"" = value less than 0.5; ""-"" = no value"
Sheikhupura District,Rabi Crops (Total),700574,,Rabi,1366709,2024,"Tables 6.5, 1.0","crop_share = percent of total cropped area (Table 6.5), rounded to integer in source; crop_area reported only for major crops (Table 1.0); season assigned per standard Punjab crop calendar, not a census-reported field; Report footnote: ""0"" = value less than 0.5; ""-"" = no value"
Sheikhupura District,Total Cropped Area,1366709,,Kharif+Rabi,1366709,2024,"Tables 6.5, 1.0","crop_share = percent of total cropped area (Table 6.5), rounded to integer in source; crop_area reported only for major crops (Table 1.0); season assigned per standard Punjab crop calendar, not a census-reported field; Report footnote: ""0"" = value less than 0.5; ""-"" = no value"
Khanewal District,Wheat,618311,39,Rabi,1569863,2024,"Tables 6.5, 1.0","crop_share = percent of total cropped area (Table 6.5), rounded to integer in source; crop_area reported only for major crops (Table 1.0); season assigned per standard Punjab crop calendar, not a census-reported field; Report footnote: ""0"" = value less than 0.5; ""-"" = no value"
Khanewal District,Rice/Paddy,172035,11,Kharif,1569863,2024,"Tables 6.5, 1.0","crop_share = percent of total cropped area (Table 6.5), rounded to integer in source; crop_area reported only for major crops (Table 1.0); season assigned per standard Punjab crop calendar, not a census-reported field; Report footnote: ""0"" = value less than 0.5; ""-"" = no value"
Khanewal District,Maize (Rabi),,1,Rabi,1569863,2024,"Tables 6.5, 1.0","crop_share = percent of total cropped area (Table 6.5), rounded to integer in source; crop_area reported only for major crops (Table 1.0); season assigned per standard Punjab crop calendar, not a census-reported field; Report footnote: ""0"" = value less than 0.5; ""-"" = no value"
Khanewal District,Maize (Kharif),,3,Kharif,1569863,2024,"Tables 6.5, 1.0","crop_share = percent of total cropped area (Table 6.5), rounded to integer in source; crop_area reported only for major crops (Table 1.0); season assigned per standard Punjab crop calendar, not a census-reported field; Report footnote: ""0"" = value less than 0.5; ""-"" = no value"
Khanewal District,Jowar/Bajra/Gram,,1,Kharif+Rabi,1569863,2024,"Tables 6.5, 1.0","crop_share = percent of total cropped area (Table 6.5), rounded to integer in source; crop_area reported only for major crops (Table 1.0); season assigned per standard Punjab crop calendar, not a census-reported field; Report footnote: ""0"" = value less than 0.5; ""-"" = no value"
Khanewal District,Barley,,0,Rabi,1569863,2024,"Tables 6.5, 1.0","crop_share = percent of total cropped area (Table 6.5), rounded to integer in source; crop_area reported only for major crops (Table 1.0); season assigned per standard Punjab crop calendar, not a census-reported field; Report footnote: ""0"" = value less than 0.5; ""-"" = no value"
Khanewal District,Cotton,280809,18,Kharif,1569863,2024,"Tables 6.5, 1.0","crop_share = percent of total cropped area (Table 6.5), rounded to integer in source; crop_area reported only for major crops (Table 1.0); season assigned per standard Punjab crop calendar, not a census-reported field; Report footnote: ""0"" = value less than 0.5; ""-"" = no value"
Khanewal District,Sugarcane,9176,1,Kharif+Rabi,1569863,2024,"Tables 6.5, 1.0","crop_share = percent of total cropped area (Table 6.5), rounded to integer in source; crop_area reported only for major crops (Table 1.0); season assigned per standard Punjab crop calendar, not a census-reported field; Report footnote: ""0"" = value less than 0.5; ""-"" = no value"
Khanewal District,Tobacco,,,Rabi,1569863,2024,"Tables 6.5, 1.0","crop_share = percent of total cropped area (Table 6.5), rounded to integer in source; crop_area reported only for major crops (Table 1.0); season assigned per standard Punjab crop calendar, not a census-reported field; Report footnote: ""0"" = value less than 0.5; ""-"" = no value"
Khanewal District,Oilseeds,,8,Kharif+Rabi,1569863,2024,"Tables 6.5, 1.0","crop_share = percent of total cropped area (Table 6.5), rounded to integer in source; crop_area reported only for major crops (Table 1.0); season assigned per standard Punjab crop calendar, not a census-reported field; Report footnote: ""0"" = value less than 0.5; ""-"" = no value"
Khanewal District,Pulses,,0,Kharif+Rabi,1569863,2024,"Tables 6.5, 1.0","crop_share = percent of total cropped area (Table 6.5), rounded to integer in source; crop_area reported only for major crops (Table 1.0); season assigned per standard Punjab crop calendar, not a census-reported field; Report footnote: ""0"" = value less than 0.5; ""-"" = no value"
Khanewal District,Fodders,191583,12,Kharif+Rabi,1569863,2024,"Tables 6.5, 1.0","crop_share = percent of total cropped area (Table 6.5), rounded to integer in source; crop_area reported only for major crops (Table 1.0); season assigned per standard Punjab crop calendar, not a census-reported field; Report footnote: ""0"" = value less than 0.5; ""-"" = no value"
Khanewal District,Vegetables,,2,Kharif+Rabi,1569863,2024,"Tables 6.5, 1.0","crop_share = percent of total cropped area (Table 6.5), rounded to integer in source; crop_area reported only for major crops (Table 1.0); season assigned per standard Punjab crop calendar, not a census-reported field; Report footnote: ""0"" = value less than 0.5; ""-"" = no value"
Khanewal District,Orchards,25162,2,Kharif+Rabi,1569863,2024,"Tables 6.5, 1.0","crop_share = percent of total cropped area (Table 6.5), rounded to integer in source; crop_area reported only for major crops (Table 1.0); season assigned per standard Punjab crop calendar, not a census-reported field; Report footnote: ""0"" = value less than 0.5; ""-"" = no value"
Khanewal District,Other Crops,,1,Kharif+Rabi,1569863,2024,"Tables 6.5, 1.0","crop_share = percent of total cropped area (Table 6.5), rounded to integer in source; crop_area reported only for major crops (Table 1.0); season assigned per standard Punjab crop calendar, not a census-reported field; Report footnote: ""0"" = value less than 0.5; ""-"" = no value"
Khanewal District,Maize (Total),71756,,Kharif+Rabi,1569863,2024,"Tables 6.5, 1.0","crop_share = percent of total cropped area (Table 6.5), rounded to integer in source; crop_area reported only for major crops (Table 1.0); season assigned per standard Punjab crop calendar, not a census-reported field; Report footnote: ""0"" = value less than 0.5; ""-"" = no value"
Khanewal District,Kharif Crops (Total),744624,,Kharif,1569863,2024,"Tables 6.5, 1.0","crop_share = percent of total cropped area (Table 6.5), rounded to integer in source; crop_area reported only for major crops (Table 1.0); season assigned per standard Punjab crop calendar, not a census-reported field; Report footnote: ""0"" = value less than 0.5; ""-"" = no value"
Khanewal District,Rabi Crops (Total),800077,,Rabi,1569863,2024,"Tables 6.5, 1.0","crop_share = percent of total cropped area (Table 6.5), rounded to integer in source; crop_area reported only for major crops (Table 1.0); season assigned per standard Punjab crop calendar, not a census-reported field; Report footnote: ""0"" = value less than 0.5; ""-"" = no value"
Khanewal District,Total Cropped Area,1569863,,Kharif+Rabi,1569863,2024,"Tables 6.5, 1.0","crop_share = percent of total cropped area (Table 6.5), rounded to integer in source; crop_area reported only for major crops (Table 1.0); season assigned per standard Punjab crop calendar, not a census-reported field; Report footnote: ""0"" = value less than 0.5; ""-"" = no value"
Lodhran District,Wheat,425119,42,Rabi,1005844,2024,"Tables 6.5, 1.0","crop_share = percent of total cropped area (Table 6.5), rounded to integer in source; crop_area reported only for major crops (Table 1.0); season assigned per standard Punjab crop calendar, not a census-reported field; Report footnote: ""0"" = value less than 0.5; ""-"" = no value"
Lodhran District,Rice/Paddy,24911,3,Kharif,1005844,2024,"Tables 6.5, 1.0","crop_share = percent of total cropped area (Table 6.5), rounded to integer in source; crop_area reported only for major crops (Table 1.0); season assigned per standard Punjab crop calendar, not a census-reported field; Report footnote: ""0"" = value less than 0.5; ""-"" = no value"
Lodhran District,Maize (Rabi),,3,Rabi,1005844,2024,"Tables 6.5, 1.0","crop_share = percent of total cropped area (Table 6.5), rounded to integer in source; crop_area reported only for major crops (Table 1.0); season assigned per standard Punjab crop calendar, not a census-reported field; Report footnote: ""0"" = value less than 0.5; ""-"" = no value"
Lodhran District,Maize (Kharif),,14,Kharif,1005844,2024,"Tables 6.5, 1.0","crop_share = percent of total cropped area (Table 6.5), rounded to integer in source; crop_area reported only for major crops (Table 1.0); season assigned per standard Punjab crop calendar, not a census-reported field; Report footnote: ""0"" = value less than 0.5; ""-"" = no value"
Lodhran District,Jowar/Bajra/Gram,,0,Kharif+Rabi,1005844,2024,"Tables 6.5, 1.0","crop_share = percent of total cropped area (Table 6.5), rounded to integer in source; crop_area reported only for major crops (Table 1.0); season assigned per standard Punjab crop calendar, not a census-reported field; Report footnote: ""0"" = value less than 0.5; ""-"" = no value"
Lodhran District,Barley,,,Rabi,1005844,2024,"Tables 6.5, 1.0","crop_share = percent of total cropped area (Table 6.5), rounded to integer in source; crop_area reported only for major crops (Table 1.0); season assigned per standard Punjab crop calendar, not a census-reported field; Report footnote: ""0"" = value less than 0.5; ""-"" = no value"
Lodhran District,Cotton,250551,25,Kharif,1005844,2024,"Tables 6.5, 1.0","crop_share = percent of total cropped area (Table 6.5), rounded to integer in source; crop_area reported only for major crops (Table 1.0); season assigned per standard Punjab crop calendar, not a census-reported field; Report footnote: ""0"" = value less than 0.5; ""-"" = no value"
Lodhran District,Sugarcane,5893,1,Kharif+Rabi,1005844,2024,"Tables 6.5, 1.0","crop_share = percent of total cropped area (Table 6.5), rounded to integer in source; crop_area reported only for major crops (Table 1.0); season assigned per standard Punjab crop calendar, not a census-reported field; Report footnote: ""0"" = value less than 0.5; ""-"" = no value"
Lodhran District,Tobacco,,,Rabi,1005844,2024,"Tables 6.5, 1.0","crop_share = percent of total cropped area (Table 6.5), rounded to integer in source; crop_area reported only for major crops (Table 1.0); season assigned per standard Punjab crop calendar, not a census-reported field; Report footnote: ""0"" = value less than 0.5; ""-"" = no value"
Lodhran District,Oilseeds,,2,Kharif+Rabi,1005844,2024,"Tables 6.5, 1.0","crop_share = percent of total cropped area (Table 6.5), rounded to integer in source; crop_area reported only for major crops (Table 1.0); season assigned per standard Punjab crop calendar, not a census-reported field; Report footnote: ""0"" = value less than 0.5; ""-"" = no value"
Lodhran District,Pulses,,,Kharif+Rabi,1005844,2024,"Tables 6.5, 1.0","crop_share = percent of total cropped area (Table 6.5), rounded to integer in source; crop_area reported only for major crops (Table 1.0); season assigned per standard Punjab crop calendar, not a census-reported field; Report footnote: ""0"" = value less than 0.5; ""-"" = no value"
Lodhran District,Fodders,82599,8,Kharif+Rabi,1005844,2024,"Tables 6.5, 1.0","crop_share = percent of total cropped area (Table 6.5), rounded to integer in source; crop_area reported only for major crops (Table 1.0); season assigned per standard Punjab crop calendar, not a census-reported field; Report footnote: ""0"" = value less than 0.5; ""-"" = no value"
Lodhran District,Vegetables,,1,Kharif+Rabi,1005844,2024,"Tables 6.5, 1.0","crop_share = percent of total cropped area (Table 6.5), rounded to integer in source; crop_area reported only for major crops (Table 1.0); season assigned per standard Punjab crop calendar, not a census-reported field; Report footnote: ""0"" = value less than 0.5; ""-"" = no value"
Lodhran District,Orchards,2876,0,Kharif+Rabi,1005844,2024,"Tables 6.5, 1.0","crop_share = percent of total cropped area (Table 6.5), rounded to integer in source; crop_area reported only for major crops (Table 1.0); season assigned per standard Punjab crop calendar, not a census-reported field; Report footnote: ""0"" = value less than 0.5; ""-"" = no value"
Lodhran District,Other Crops,,2,Kharif+Rabi,1005844,2024,"Tables 6.5, 1.0","crop_share = percent of total cropped area (Table 6.5), rounded to integer in source; crop_area reported only for major crops (Table 1.0); season assigned per standard Punjab crop calendar, not a census-reported field; Report footnote: ""0"" = value less than 0.5; ""-"" = no value"
Lodhran District,Maize (Total),168614,,Kharif+Rabi,1005844,2024,"Tables 6.5, 1.0","crop_share = percent of total cropped area (Table 6.5), rounded to integer in source; crop_area reported only for major crops (Table 1.0); season assigned per standard Punjab crop calendar, not a census-reported field; Report footnote: ""0"" = value less than 0.5; ""-"" = no value"
Lodhran District,Kharif Crops (Total),493272,,Kharif,1005844,2024,"Tables 6.5, 1.0","crop_share = percent of total cropped area (Table 6.5), rounded to integer in source; crop_area reported only for major crops (Table 1.0); season assigned per standard Punjab crop calendar, not a census-reported field; Report footnote: ""0"" = value less than 0.5; ""-"" = no value"
Lodhran District,Rabi Crops (Total),509696,,Rabi,1005844,2024,"Tables 6.5, 1.0","crop_share = percent of total cropped area (Table 6.5), rounded to integer in source; crop_area reported only for major crops (Table 1.0); season assigned per standard Punjab crop calendar, not a census-reported field; Report footnote: ""0"" = value less than 0.5; ""-"" = no value"
Lodhran District,Total Cropped Area,1005844,,Kharif+Rabi,1005844,2024,"Tables 6.5, 1.0","crop_share = percent of total cropped area (Table 6.5), rounded to integer in source; crop_area reported only for major crops (Table 1.0); season assigned per standard Punjab crop calendar, not a census-reported field; Report footnote: ""0"" = value less than 0.5; ""-"" = no value"
Multan District,Wheat,523781,36,Rabi,1439934,2024,"Tables 6.5, 1.0","crop_share = percent of total cropped area (Table 6.5), rounded to integer in source; crop_area reported only for major crops (Table 1.0); season assigned per standard Punjab crop calendar, not a census-reported field; Report footnote: ""0"" = value less than 0.5; ""-"" = no value"
Multan District,Rice/Paddy,153186,11,Kharif,1439934,2024,"Tables 6.5, 1.0","crop_share = percent of total cropped area (Table 6.5), rounded to integer in source; crop_area reported only for major crops (Table 1.0); season assigned per standard Punjab crop calendar, not a census-reported field; Report footnote: ""0"" = value less than 0.5; ""-"" = no value"
Multan District,Maize (Rabi),,2,Rabi,1439934,2024,"Tables 6.5, 1.0","crop_share = percent of total cropped area (Table 6.5), rounded to integer in source; crop_area reported only for major crops (Table 1.0); season assigned per standard Punjab crop calendar, not a census-reported field; Report footnote: ""0"" = value less than 0.5; ""-"" = no value"
Multan District,Maize (Kharif),,7,Kharif,1439934,2024,"Tables 6.5, 1.0","crop_share = percent of total cropped area (Table 6.5), rounded to integer in source; crop_area reported only for major crops (Table 1.0); season assigned per standard Punjab crop calendar, not a census-reported field; Report footnote: ""0"" = value less than 0.5; ""-"" = no value"
Multan District,Jowar/Bajra/Gram,,2,Kharif+Rabi,1439934,2024,"Tables 6.5, 1.0","crop_share = percent of total cropped area (Table 6.5), rounded to integer in source; crop_area reported only for major crops (Table 1.0); season assigned per standard Punjab crop calendar, not a census-reported field; Report footnote: ""0"" = value less than 0.5; ""-"" = no value"
Multan District,Barley,,0,Rabi,1439934,2024,"Tables 6.5, 1.0","crop_share = percent of total cropped area (Table 6.5), rounded to integer in source; crop_area reported only for major crops (Table 1.0); season assigned per standard Punjab crop calendar, not a census-reported field; Report footnote: ""0"" = value less than 0.5; ""-"" = no value"
Multan District,Cotton,203796,14,Kharif,1439934,2024,"Tables 6.5, 1.0","crop_share = percent of total cropped area (Table 6.5), rounded to integer in source; crop_area reported only for major crops (Table 1.0); season assigned per standard Punjab crop calendar, not a census-reported field; Report footnote: ""0"" = value less than 0.5; ""-"" = no value"
Multan District,Sugarcane,6868,1,Kharif+Rabi,1439934,2024,"Tables 6.5, 1.0","crop_share = percent of total cropped area (Table 6.5), rounded to integer in source; crop_area reported only for major crops (Table 1.0); season assigned per standard Punjab crop calendar, not a census-reported field; Report footnote: ""0"" = value less than 0.5; ""-"" = no value"
Multan District,Tobacco,,,Rabi,1439934,2024,"Tables 6.5, 1.0","crop_share = percent of total cropped area (Table 6.5), rounded to integer in source; crop_area reported only for major crops (Table 1.0); season assigned per standard Punjab crop calendar, not a census-reported field; Report footnote: ""0"" = value less than 0.5; ""-"" = no value"
Multan District,Oilseeds,,3,Kharif+Rabi,1439934,2024,"Tables 6.5, 1.0","crop_share = percent of total cropped area (Table 6.5), rounded to integer in source; crop_area reported only for major crops (Table 1.0); season assigned per standard Punjab crop calendar, not a census-reported field; Report footnote: ""0"" = value less than 0.5; ""-"" = no value"
Multan District,Pulses,,,Kharif+Rabi,1439934,2024,"Tables 6.5, 1.0","crop_share = percent of total cropped area (Table 6.5), rounded to integer in source; crop_area reported only for major crops (Table 1.0); season assigned per standard Punjab crop calendar, not a census-reported field; Report footnote: ""0"" = value less than 0.5; ""-"" = no value"
Multan District,Fodders,203970,14,Kharif+Rabi,1439934,2024,"Tables 6.5, 1.0","crop_share = percent of total cropped area (Table 6.5), rounded to integer in source; crop_area reported only for major crops (Table 1.0); season assigned per standard Punjab crop calendar, not a census-reported field; Report footnote: ""0"" = value less than 0.5; ""-"" = no value"
Multan District,Vegetables,,1,Kharif+Rabi,1439934,2024,"Tables 6.5, 1.0","crop_share = percent of total cropped area (Table 6.5), rounded to integer in source; crop_area reported only for major crops (Table 1.0); season assigned per standard Punjab crop calendar, not a census-reported field; Report footnote: ""0"" = value less than 0.5; ""-"" = no value"
Multan District,Orchards,96675,7,Kharif+Rabi,1439934,2024,"Tables 6.5, 1.0","crop_share = percent of total cropped area (Table 6.5), rounded to integer in source; crop_area reported only for major crops (Table 1.0); season assigned per standard Punjab crop calendar, not a census-reported field; Report footnote: ""0"" = value less than 0.5; ""-"" = no value"
Multan District,Other Crops,,3,Kharif+Rabi,1439934,2024,"Tables 6.5, 1.0","crop_share = percent of total cropped area (Table 6.5), rounded to integer in source; crop_area reported only for major crops (Table 1.0); season assigned per standard Punjab crop calendar, not a census-reported field; Report footnote: ""0"" = value less than 0.5; ""-"" = no value"
Multan District,Maize (Total),121397,,Kharif+Rabi,1439934,2024,"Tables 6.5, 1.0","crop_share = percent of total cropped area (Table 6.5), rounded to integer in source; crop_area reported only for major crops (Table 1.0); season assigned per standard Punjab crop calendar, not a census-reported field; Report footnote: ""0"" = value less than 0.5; ""-"" = no value"
Multan District,Kharif Crops (Total),648448,,Kharif,1439934,2024,"Tables 6.5, 1.0","crop_share = percent of total cropped area (Table 6.5), rounded to integer in source; crop_area reported only for major crops (Table 1.0); season assigned per standard Punjab crop calendar, not a census-reported field; Report footnote: ""0"" = value less than 0.5; ""-"" = no value"
Multan District,Rabi Crops (Total),694811,,Rabi,1439934,2024,"Tables 6.5, 1.0","crop_share = percent of total cropped area (Table 6.5), rounded to integer in source; crop_area reported only for major crops (Table 1.0); season assigned per standard Punjab crop calendar, not a census-reported field; Report footnote: ""0"" = value less than 0.5; ""-"" = no value"
Multan District,Total Cropped Area,1439934,,Kharif+Rabi,1439934,2024,"Tables 6.5, 1.0","crop_share = percent of total cropped area (Table 6.5), rounded to integer in source; crop_area reported only for major crops (Table 1.0); season assigned per standard Punjab crop calendar, not a census-reported field; Report footnote: ""0"" = value less than 0.5; ""-"" = no value"
Vehari District,Wheat,495575,30,Rabi,1628150,2024,"Tables 6.5, 1.0","crop_share = percent of total cropped area (Table 6.5), rounded to integer in source; crop_area reported only for major crops (Table 1.0); season assigned per standard Punjab crop calendar, not a census-reported field; Report footnote: ""0"" = value less than 0.5; ""-"" = no value"
Vehari District,Rice/Paddy,77308,5,Kharif,1628150,2024,"Tables 6.5, 1.0","crop_share = percent of total cropped area (Table 6.5), rounded to integer in source; crop_area reported only for major crops (Table 1.0); season assigned per standard Punjab crop calendar, not a census-reported field; Report footnote: ""0"" = value less than 0.5; ""-"" = no value"
Vehari District,Maize (Rabi),,8,Rabi,1628150,2024,"Tables 6.5, 1.0","crop_share = percent of total cropped area (Table 6.5), rounded to integer in source; crop_area reported only for major crops (Table 1.0); season assigned per standard Punjab crop calendar, not a census-reported field; Report footnote: ""0"" = value less than 0.5; ""-"" = no value"
Vehari District,Maize (Kharif),,20,Kharif,1628150,2024,"Tables 6.5, 1.0","crop_share = percent of total cropped area (Table 6.5), rounded to integer in source; crop_area reported only for major crops (Table 1.0); season assigned per standard Punjab crop calendar, not a census-reported field; Report footnote: ""0"" = value less than 0.5; ""-"" = no value"
Vehari District,Jowar/Bajra/Gram,,1,Kharif+Rabi,1628150,2024,"Tables 6.5, 1.0","crop_share = percent of total cropped area (Table 6.5), rounded to integer in source; crop_area reported only for major crops (Table 1.0); season assigned per standard Punjab crop calendar, not a census-reported field; Report footnote: ""0"" = value less than 0.5; ""-"" = no value"
Vehari District,Barley,,1,Rabi,1628150,2024,"Tables 6.5, 1.0","crop_share = percent of total cropped area (Table 6.5), rounded to integer in source; crop_area reported only for major crops (Table 1.0); season assigned per standard Punjab crop calendar, not a census-reported field; Report footnote: ""0"" = value less than 0.5; ""-"" = no value"
Vehari District,Cotton,90427,6,Kharif,1628150,2024,"Tables 6.5, 1.0","crop_share = percent of total cropped area (Table 6.5), rounded to integer in source; crop_area reported only for major crops (Table 1.0); season assigned per standard Punjab crop calendar, not a census-reported field; Report footnote: ""0"" = value less than 0.5; ""-"" = no value"
Vehari District,Sugarcane,13433,1,Kharif+Rabi,1628150,2024,"Tables 6.5, 1.0","crop_share = percent of total cropped area (Table 6.5), rounded to integer in source; crop_area reported only for major crops (Table 1.0); season assigned per standard Punjab crop calendar, not a census-reported field; Report footnote: ""0"" = value less than 0.5; ""-"" = no value"
Vehari District,Tobacco,,,Rabi,1628150,2024,"Tables 6.5, 1.0","crop_share = percent of total cropped area (Table 6.5), rounded to integer in source; crop_area reported only for major crops (Table 1.0); season assigned per standard Punjab crop calendar, not a census-reported field; Report footnote: ""0"" = value less than 0.5; ""-"" = no value"
Vehari District,Oilseeds,,5,Kharif+Rabi,1628150,2024,"Tables 6.5, 1.0","crop_share = percent of total cropped area (Table 6.5), rounded to integer in source; crop_area reported only for major crops (Table 1.0); season assigned per standard Punjab crop calendar, not a census-reported field; Report footnote: ""0"" = value less than 0.5; ""-"" = no value"
Vehari District,Pulses,,0,Kharif+Rabi,1628150,2024,"Tables 6.5, 1.0","crop_share = percent of total cropped area (Table 6.5), rounded to integer in source; crop_area reported only for major crops (Table 1.0); season assigned per standard Punjab crop calendar, not a census-reported field; Report footnote: ""0"" = value less than 0.5; ""-"" = no value"
Vehari District,Fodders,233930,14,Kharif+Rabi,1628150,2024,"Tables 6.5, 1.0","crop_share = percent of total cropped area (Table 6.5), rounded to integer in source; crop_area reported only for major crops (Table 1.0); season assigned per standard Punjab crop calendar, not a census-reported field; Report footnote: ""0"" = value less than 0.5; ""-"" = no value"
Vehari District,Vegetables,,3,Kharif+Rabi,1628150,2024,"Tables 6.5, 1.0","crop_share = percent of total cropped area (Table 6.5), rounded to integer in source; crop_area reported only for major crops (Table 1.0); season assigned per standard Punjab crop calendar, not a census-reported field; Report footnote: ""0"" = value less than 0.5; ""-"" = no value"
Vehari District,Orchards,11477,1,Kharif+Rabi,1628150,2024,"Tables 6.5, 1.0","crop_share = percent of total cropped area (Table 6.5), rounded to integer in source; crop_area reported only for major crops (Table 1.0); season assigned per standard Punjab crop calendar, not a census-reported field; Report footnote: ""0"" = value less than 0.5; ""-"" = no value"
Vehari District,Other Crops,,6,Kharif+Rabi,1628150,2024,"Tables 6.5, 1.0","crop_share = percent of total cropped area (Table 6.5), rounded to integer in source; crop_area reported only for major crops (Table 1.0); season assigned per standard Punjab crop calendar, not a census-reported field; Report footnote: ""0"" = value less than 0.5; ""-"" = no value"
Vehari District,Maize (Total),453289,,Kharif+Rabi,1628150,2024,"Tables 6.5, 1.0","crop_share = percent of total cropped area (Table 6.5), rounded to integer in source; crop_area reported only for major crops (Table 1.0); season assigned per standard Punjab crop calendar, not a census-reported field; Report footnote: ""0"" = value less than 0.5; ""-"" = no value"
Vehari District,Kharif Crops (Total),775875,,Kharif,1628150,2024,"Tables 6.5, 1.0","crop_share = percent of total cropped area (Table 6.5), rounded to integer in source; crop_area reported only for major crops (Table 1.0); season assigned per standard Punjab crop calendar, not a census-reported field; Report footnote: ""0"" = value less than 0.5; ""-"" = no value"
Vehari District,Rabi Crops (Total),840797,,Rabi,1628150,2024,"Tables 6.5, 1.0","crop_share = percent of total cropped area (Table 6.5), rounded to integer in source; crop_area reported only for major crops (Table 1.0); season assigned per standard Punjab crop calendar, not a census-reported field; Report footnote: ""0"" = value less than 0.5; ""-"" = no value"
Vehari District,Total Cropped Area,1628150,,Kharif+Rabi,1628150,2024,"Tables 6.5, 1.0","crop_share = percent of total cropped area (Table 6.5), rounded to integer in source; crop_area reported only for major crops (Table 1.0); season assigned per standard Punjab crop calendar, not a census-reported field; Report footnote: ""0"" = value less than 0.5; ""-"" = no value"
Attock District,Wheat,698180,67,Rabi,1039211,2024,"Tables 6.5, 1.0","crop_share = percent of total cropped area (Table 6.5), rounded to integer in source; crop_area reported only for major crops (Table 1.0); season assigned per standard Punjab crop calendar, not a census-reported field; Report footnote: ""0"" = value less than 0.5; ""-"" = no value"
Attock District,Rice/Paddy,558,0,Kharif,1039211,2024,"Tables 6.5, 1.0","crop_share = percent of total cropped area (Table 6.5), rounded to integer in source; crop_area reported only for major crops (Table 1.0); season assigned per standard Punjab crop calendar, not a census-reported field; Report footnote: ""0"" = value less than 0.5; ""-"" = no value"
Attock District,Maize (Rabi),,0,Rabi,1039211,2024,"Tables 6.5, 1.0","crop_share = percent of total cropped area (Table 6.5), rounded to integer in source; crop_area reported only for major crops (Table 1.0); season assigned per standard Punjab crop calendar, not a census-reported field; Report footnote: ""0"" = value less than 0.5; ""-"" = no value"
Attock District,Maize (Kharif),,4,Kharif,1039211,2024,"Tables 6.5, 1.0","crop_share = percent of total cropped area (Table 6.5), rounded to integer in source; crop_area reported only for major crops (Table 1.0); season assigned per standard Punjab crop calendar, not a census-reported field; Report footnote: ""0"" = value less than 0.5; ""-"" = no value"
Attock District,Jowar/Bajra/Gram,,1,Kharif+Rabi,1039211,2024,"Tables 6.5, 1.0","crop_share = percent of total cropped area (Table 6.5), rounded to integer in source; crop_area reported only for major crops (Table 1.0); season assigned per standard Punjab crop calendar, not a census-reported field; Report footnote: ""0"" = value less than 0.5; ""-"" = no value"
Attock District,Barley,,0,Rabi,1039211,2024,"Tables 6.5, 1.0","crop_share = percent of total cropped area (Table 6.5), rounded to integer in source; crop_area reported only for major crops (Table 1.0); season assigned per standard Punjab crop calendar, not a census-reported field; Report footnote: ""0"" = value less than 0.5; ""-"" = no value"
Attock District,Cotton,4707,1,Kharif,1039211,2024,"Tables 6.5, 1.0","crop_share = percent of total cropped area (Table 6.5), rounded to integer in source; crop_area reported only for major crops (Table 1.0); season assigned per standard Punjab crop calendar, not a census-reported field; Report footnote: ""0"" = value less than 0.5; ""-"" = no value"
Attock District,Sugarcane,1249,0,Kharif+Rabi,1039211,2024,"Tables 6.5, 1.0","crop_share = percent of total cropped area (Table 6.5), rounded to integer in source; crop_area reported only for major crops (Table 1.0); season assigned per standard Punjab crop calendar, not a census-reported field; Report footnote: ""0"" = value less than 0.5; ""-"" = no value"
Attock District,Tobacco,,0,Rabi,1039211,2024,"Tables 6.5, 1.0","crop_share = percent of total cropped area (Table 6.5), rounded to integer in source; crop_area reported only for major crops (Table 1.0); season assigned per standard Punjab crop calendar, not a census-reported field; Report footnote: ""0"" = value less than 0.5; ""-"" = no value"
Attock District,Oilseeds,,9,Kharif+Rabi,1039211,2024,"Tables 6.5, 1.0","crop_share = percent of total cropped area (Table 6.5), rounded to integer in source; crop_area reported only for major crops (Table 1.0); season assigned per standard Punjab crop calendar, not a census-reported field; Report footnote: ""0"" = value less than 0.5; ""-"" = no value"
Attock District,Pulses,,0,Kharif+Rabi,1039211,2024,"Tables 6.5, 1.0","crop_share = percent of total cropped area (Table 6.5), rounded to integer in source; crop_area reported only for major crops (Table 1.0); season assigned per standard Punjab crop calendar, not a census-reported field; Report footnote: ""0"" = value less than 0.5; ""-"" = no value"
Attock District,Fodders,63792,6,Kharif+Rabi,1039211,2024,"Tables 6.5, 1.0","crop_share = percent of total cropped area (Table 6.5), rounded to integer in source; crop_area reported only for major crops (Table 1.0); season assigned per standard Punjab crop calendar, not a census-reported field; Report footnote: ""0"" = value less than 0.5; ""-"" = no value"
Attock District,Vegetables,,4,Kharif+Rabi,1039211,2024,"Tables 6.5, 1.0","crop_share = percent of total cropped area (Table 6.5), rounded to integer in source; crop_area reported only for major crops (Table 1.0); season assigned per standard Punjab crop calendar, not a census-reported field; Report footnote: ""0"" = value less than 0.5; ""-"" = no value"
Attock District,Orchards,12997,1,Kharif+Rabi,1039211,2024,"Tables 6.5, 1.0","crop_share = percent of total cropped area (Table 6.5), rounded to integer in source; crop_area reported only for major crops (Table 1.0); season assigned per standard Punjab crop calendar, not a census-reported field; Report footnote: ""0"" = value less than 0.5; ""-"" = no value"
Attock District,Other Crops,,5,Kharif+Rabi,1039211,2024,"Tables 6.5, 1.0","crop_share = percent of total cropped area (Table 6.5), rounded to integer in source; crop_area reported only for major crops (Table 1.0); season assigned per standard Punjab crop calendar, not a census-reported field; Report footnote: ""0"" = value less than 0.5; ""-"" = no value"
Attock District,Maize (Total),39894,,Kharif+Rabi,1039211,2024,"Tables 6.5, 1.0","crop_share = percent of total cropped area (Table 6.5), rounded to integer in source; crop_area reported only for major crops (Table 1.0); season assigned per standard Punjab crop calendar, not a census-reported field; Report footnote: ""0"" = value less than 0.5; ""-"" = no value"
Attock District,Kharif Crops (Total),272332,,Kharif,1039211,2024,"Tables 6.5, 1.0","crop_share = percent of total cropped area (Table 6.5), rounded to integer in source; crop_area reported only for major crops (Table 1.0); season assigned per standard Punjab crop calendar, not a census-reported field; Report footnote: ""0"" = value less than 0.5; ""-"" = no value"
Attock District,Rabi Crops (Total),753882,,Rabi,1039211,2024,"Tables 6.5, 1.0","crop_share = percent of total cropped area (Table 6.5), rounded to integer in source; crop_area reported only for major crops (Table 1.0); season assigned per standard Punjab crop calendar, not a census-reported field; Report footnote: ""0"" = value less than 0.5; ""-"" = no value"
Attock District,Total Cropped Area,1039211,,Kharif+Rabi,1039211,2024,"Tables 6.5, 1.0","crop_share = percent of total cropped area (Table 6.5), rounded to integer in source; crop_area reported only for major crops (Table 1.0); season assigned per standard Punjab crop calendar, not a census-reported field; Report footnote: ""0"" = value less than 0.5; ""-"" = no value"
Chakwal District,Wheat,543041,61,Rabi,894448,2024,"Tables 6.5, 1.0","crop_share = percent of total cropped area (Table 6.5), rounded to integer in source; crop_area reported only for major crops (Table 1.0); season assigned per standard Punjab crop calendar, not a census-reported field; Report footnote: ""0"" = value less than 0.5; ""-"" = no value"
Chakwal District,Rice/Paddy,,,Kharif,894448,2024,"Tables 6.5, 1.0","crop_share = percent of total cropped area (Table 6.5), rounded to integer in source; crop_area reported only for major crops (Table 1.0); season assigned per standard Punjab crop calendar, not a census-reported field; Report footnote: ""0"" = value less than 0.5; ""-"" = no value"
Chakwal District,Maize (Rabi),,,Rabi,894448,2024,"Tables 6.5, 1.0","crop_share = percent of total cropped area (Table 6.5), rounded to integer in source; crop_area reported only for major crops (Table 1.0); season assigned per standard Punjab crop calendar, not a census-reported field; Report footnote: ""0"" = value less than 0.5; ""-"" = no value"
Chakwal District,Maize (Kharif),,0,Kharif,894448,2024,"Tables 6.5, 1.0","crop_share = percent of total cropped area (Table 6.5), rounded to integer in source; crop_area reported only for major crops (Table 1.0); season assigned per standard Punjab crop calendar, not a census-reported field; Report footnote: ""0"" = value less than 0.5; ""-"" = no value"
Chakwal District,Jowar/Bajra/Gram,,2,Kharif+Rabi,894448,2024,"Tables 6.5, 1.0","crop_share = percent of total cropped area (Table 6.5), rounded to integer in source; crop_area reported only for major crops (Table 1.0); season assigned per standard Punjab crop calendar, not a census-reported field; Report footnote: ""0"" = value less than 0.5; ""-"" = no value"
Chakwal District,Barley,,0,Rabi,894448,2024,"Tables 6.5, 1.0","crop_share = percent of total cropped area (Table 6.5), rounded to integer in source; crop_area reported only for major crops (Table 1.0); season assigned per standard Punjab crop calendar, not a census-reported field; Report footnote: ""0"" = value less than 0.5; ""-"" = no value"
Chakwal District,Cotton,811,0,Kharif,894448,2024,"Tables 6.5, 1.0","crop_share = percent of total cropped area (Table 6.5), rounded to integer in source; crop_area reported only for major crops (Table 1.0); season assigned per standard Punjab crop calendar, not a census-reported field; Report footnote: ""0"" = value less than 0.5; ""-"" = no value"
Chakwal District,Sugarcane,269,,Kharif+Rabi,894448,2024,"Tables 6.5, 1.0","crop_share = percent of total cropped area (Table 6.5), rounded to integer in source; crop_area reported only for major crops (Table 1.0); season assigned per standard Punjab crop calendar, not a census-reported field; Report footnote: ""0"" = value less than 0.5; ""-"" = no value"
Chakwal District,Tobacco,,,Rabi,894448,2024,"Tables 6.5, 1.0","crop_share = percent of total cropped area (Table 6.5), rounded to integer in source; crop_area reported only for major crops (Table 1.0); season assigned per standard Punjab crop calendar, not a census-reported field; Report footnote: ""0"" = value less than 0.5; ""-"" = no value"
Chakwal District,Oilseeds,,16,Kharif+Rabi,894448,2024,"Tables 6.5, 1.0","crop_share = percent of total cropped area (Table 6.5), rounded to integer in source; crop_area reported only for major crops (Table 1.0); season assigned per standard Punjab crop calendar, not a census-reported field; Report footnote: ""0"" = value less than 0.5; ""-"" = no value"
Chakwal District,Pulses,,1,Kharif+Rabi,894448,2024,"Tables 6.5, 1.0","crop_share = percent of total cropped area (Table 6.5), rounded to integer in source; crop_area reported only for major crops (Table 1.0); season assigned per standard Punjab crop calendar, not a census-reported field; Report footnote: ""0"" = value less than 0.5; ""-"" = no value"
Chakwal District,Fodders,42411,5,Kharif+Rabi,894448,2024,"Tables 6.5, 1.0","crop_share = percent of total cropped area (Table 6.5), rounded to integer in source; crop_area reported only for major crops (Table 1.0); season assigned per standard Punjab crop calendar, not a census-reported field; Report footnote: ""0"" = value less than 0.5; ""-"" = no value"
Chakwal District,Vegetables,,,Kharif+Rabi,894448,2024,"Tables 6.5, 1.0","crop_share = percent of total cropped area (Table 6.5), rounded to integer in source; crop_area reported only for major crops (Table 1.0); season assigned per standard Punjab crop calendar, not a census-reported field; Report footnote: ""0"" = value less than 0.5; ""-"" = no value"
Chakwal District,Orchards,694,0,Kharif+Rabi,894448,2024,"Tables 6.5, 1.0","crop_share = percent of total cropped area (Table 6.5), rounded to integer in source; crop_area reported only for major crops (Table 1.0); season assigned per standard Punjab crop calendar, not a census-reported field; Report footnote: ""0"" = value less than 0.5; ""-"" = no value"
Chakwal District,Other Crops,,16,Kharif+Rabi,894448,2024,"Tables 6.5, 1.0","crop_share = percent of total cropped area (Table 6.5), rounded to integer in source; crop_area reported only for major crops (Table 1.0); season assigned per standard Punjab crop calendar, not a census-reported field; Report footnote: ""0"" = value less than 0.5; ""-"" = no value"
Chakwal District,Maize (Total),871,,Kharif+Rabi,894448,2024,"Tables 6.5, 1.0","crop_share = percent of total cropped area (Table 6.5), rounded to integer in source; crop_area reported only for major crops (Table 1.0); season assigned per standard Punjab crop calendar, not a census-reported field; Report footnote: ""0"" = value less than 0.5; ""-"" = no value"
Chakwal District,Kharif Crops (Total),290386,,Kharif,894448,2024,"Tables 6.5, 1.0","crop_share = percent of total cropped area (Table 6.5), rounded to integer in source; crop_area reported only for major crops (Table 1.0); season assigned per standard Punjab crop calendar, not a census-reported field; Report footnote: ""0"" = value less than 0.5; ""-"" = no value"
Chakwal District,Rabi Crops (Total),603368,,Rabi,894448,2024,"Tables 6.5, 1.0","crop_share = percent of total cropped area (Table 6.5), rounded to integer in source; crop_area reported only for major crops (Table 1.0); season assigned per standard Punjab crop calendar, not a census-reported field; Report footnote: ""0"" = value less than 0.5; ""-"" = no value"
Chakwal District,Total Cropped Area,894448,,Kharif+Rabi,894448,2024,"Tables 6.5, 1.0","crop_share = percent of total cropped area (Table 6.5), rounded to integer in source; crop_area reported only for major crops (Table 1.0); season assigned per standard Punjab crop calendar, not a census-reported field; Report footnote: ""0"" = value less than 0.5; ""-"" = no value"
Jhelum District,Wheat,298241,68,Rabi,439218,2024,"Tables 6.5, 1.0","crop_share = percent of total cropped area (Table 6.5), rounded to integer in source; crop_area reported only for major crops (Table 1.0); season assigned per standard Punjab crop calendar, not a census-reported field; Report footnote: ""0"" = value less than 0.5; ""-"" = no value"
Jhelum District,Rice/Paddy,19915,5,Kharif,439218,2024,"Tables 6.5, 1.0","crop_share = percent of total cropped area (Table 6.5), rounded to integer in source; crop_area reported only for major crops (Table 1.0); season assigned per standard Punjab crop calendar, not a census-reported field; Report footnote: ""0"" = value less than 0.5; ""-"" = no value"
Jhelum District,Maize (Rabi),,,Rabi,439218,2024,"Tables 6.5, 1.0","crop_share = percent of total cropped area (Table 6.5), rounded to integer in source; crop_area reported only for major crops (Table 1.0); season assigned per standard Punjab crop calendar, not a census-reported field; Report footnote: ""0"" = value less than 0.5; ""-"" = no value"
Jhelum District,Maize (Kharif),,1,Kharif,439218,2024,"Tables 6.5, 1.0","crop_share = percent of total cropped area (Table 6.5), rounded to integer in source; crop_area reported only for major crops (Table 1.0); season assigned per standard Punjab crop calendar, not a census-reported field; Report footnote: ""0"" = value less than 0.5; ""-"" = no value"
Jhelum District,Jowar/Bajra/Gram,,7,Kharif+Rabi,439218,2024,"Tables 6.5, 1.0","crop_share = percent of total cropped area (Table 6.5), rounded to integer in source; crop_area reported only for major crops (Table 1.0); season assigned per standard Punjab crop calendar, not a census-reported field; Report footnote: ""0"" = value less than 0.5; ""-"" = no value"
Jhelum District,Barley,,0,Rabi,439218,2024,"Tables 6.5, 1.0","crop_share = percent of total cropped area (Table 6.5), rounded to integer in source; crop_area reported only for major crops (Table 1.0); season assigned per standard Punjab crop calendar, not a census-reported field; Report footnote: ""0"" = value less than 0.5; ""-"" = no value"
Jhelum District,Cotton,341,0,Kharif,439218,2024,"Tables 6.5, 1.0","crop_share = percent of total cropped area (Table 6.5), rounded to integer in source; crop_area reported only for major crops (Table 1.0); season assigned per standard Punjab crop calendar, not a census-reported field; Report footnote: ""0"" = value less than 0.5; ""-"" = no value"
Jhelum District,Sugarcane,423,0,Kharif+Rabi,439218,2024,"Tables 6.5, 1.0","crop_share = percent of total cropped area (Table 6.5), rounded to integer in source; crop_area reported only for major crops (Table 1.0); season assigned per standard Punjab crop calendar, not a census-reported field; Report footnote: ""0"" = value less than 0.5; ""-"" = no value"
Jhelum District,Tobacco,,,Rabi,439218,2024,"Tables 6.5, 1.0","crop_share = percent of total cropped area (Table 6.5), rounded to integer in source; crop_area reported only for major crops (Table 1.0); season assigned per standard Punjab crop calendar, not a census-reported field; Report footnote: ""0"" = value less than 0.5; ""-"" = no value"
Jhelum District,Oilseeds,,3,Kharif+Rabi,439218,2024,"Tables 6.5, 1.0","crop_share = percent of total cropped area (Table 6.5), rounded to integer in source; crop_area reported only for major crops (Table 1.0); season assigned per standard Punjab crop calendar, not a census-reported field; Report footnote: ""0"" = value less than 0.5; ""-"" = no value"
Jhelum District,Pulses,,0,Kharif+Rabi,439218,2024,"Tables 6.5, 1.0","crop_share = percent of total cropped area (Table 6.5), rounded to integer in source; crop_area reported only for major crops (Table 1.0); season assigned per standard Punjab crop calendar, not a census-reported field; Report footnote: ""0"" = value less than 0.5; ""-"" = no value"
Jhelum District,Fodders,55181,13,Kharif+Rabi,439218,2024,"Tables 6.5, 1.0","crop_share = percent of total cropped area (Table 6.5), rounded to integer in source; crop_area reported only for major crops (Table 1.0); season assigned per standard Punjab crop calendar, not a census-reported field; Report footnote: ""0"" = value less than 0.5; ""-"" = no value"
Jhelum District,Vegetables,,1,Kharif+Rabi,439218,2024,"Tables 6.5, 1.0","crop_share = percent of total cropped area (Table 6.5), rounded to integer in source; crop_area reported only for major crops (Table 1.0); season assigned per standard Punjab crop calendar, not a census-reported field; Report footnote: ""0"" = value less than 0.5; ""-"" = no value"
Jhelum District,Orchards,978,0,Kharif+Rabi,439218,2024,"Tables 6.5, 1.0","crop_share = percent of total cropped area (Table 6.5), rounded to integer in source; crop_area reported only for major crops (Table 1.0); season assigned per standard Punjab crop calendar, not a census-reported field; Report footnote: ""0"" = value less than 0.5; ""-"" = no value"
Jhelum District,Other Crops,,3,Kharif+Rabi,439218,2024,"Tables 6.5, 1.0","crop_share = percent of total cropped area (Table 6.5), rounded to integer in source; crop_area reported only for major crops (Table 1.0); season assigned per standard Punjab crop calendar, not a census-reported field; Report footnote: ""0"" = value less than 0.5; ""-"" = no value"
Jhelum District,Maize (Total),3528,,Kharif+Rabi,439218,2024,"Tables 6.5, 1.0","crop_share = percent of total cropped area (Table 6.5), rounded to integer in source; crop_area reported only for major crops (Table 1.0); season assigned per standard Punjab crop calendar, not a census-reported field; Report footnote: ""0"" = value less than 0.5; ""-"" = no value"
Jhelum District,Kharif Crops (Total),120429,,Kharif,439218,2024,"Tables 6.5, 1.0","crop_share = percent of total cropped area (Table 6.5), rounded to integer in source; crop_area reported only for major crops (Table 1.0); season assigned per standard Punjab crop calendar, not a census-reported field; Report footnote: ""0"" = value less than 0.5; ""-"" = no value"
Jhelum District,Rabi Crops (Total),317811,,Rabi,439218,2024,"Tables 6.5, 1.0","crop_share = percent of total cropped area (Table 6.5), rounded to integer in source; crop_area reported only for major crops (Table 1.0); season assigned per standard Punjab crop calendar, not a census-reported field; Report footnote: ""0"" = value less than 0.5; ""-"" = no value"
Jhelum District,Total Cropped Area,439218,,Kharif+Rabi,439218,2024,"Tables 6.5, 1.0","crop_share = percent of total cropped area (Table 6.5), rounded to integer in source; crop_area reported only for major crops (Table 1.0); season assigned per standard Punjab crop calendar, not a census-reported field; Report footnote: ""0"" = value less than 0.5; ""-"" = no value"
Rawalpindi District,Wheat,533582,78,Rabi,682582,2024,"Tables 6.5, 1.0","crop_share = percent of total cropped area (Table 6.5), rounded to integer in source; crop_area reported only for major crops (Table 1.0); season assigned per standard Punjab crop calendar, not a census-reported field; Report footnote: ""0"" = value less than 0.5; ""-"" = no value"
Rawalpindi District,Rice/Paddy,116,,Kharif,682582,2024,"Tables 6.5, 1.0","crop_share = percent of total cropped area (Table 6.5), rounded to integer in source; crop_area reported only for major crops (Table 1.0); season assigned per standard Punjab crop calendar, not a census-reported field; Report footnote: ""0"" = value less than 0.5; ""-"" = no value"
Rawalpindi District,Maize (Rabi),,0,Rabi,682582,2024,"Tables 6.5, 1.0","crop_share = percent of total cropped area (Table 6.5), rounded to integer in source; crop_area reported only for major crops (Table 1.0); season assigned per standard Punjab crop calendar, not a census-reported field; Report footnote: ""0"" = value less than 0.5; ""-"" = no value"
Rawalpindi District,Maize (Kharif),,7,Kharif,682582,2024,"Tables 6.5, 1.0","crop_share = percent of total cropped area (Table 6.5), rounded to integer in source; crop_area reported only for major crops (Table 1.0); season assigned per standard Punjab crop calendar, not a census-reported field; Report footnote: ""0"" = value less than 0.5; ""-"" = no value"
Rawalpindi District,Jowar/Bajra/Gram,,3,Kharif+Rabi,682582,2024,"Tables 6.5, 1.0","crop_share = percent of total cropped area (Table 6.5), rounded to integer in source; crop_area reported only for major crops (Table 1.0); season assigned per standard Punjab crop calendar, not a census-reported field; Report footnote: ""0"" = value less than 0.5; ""-"" = no value"
Rawalpindi District,Barley,,0,Rabi,682582,2024,"Tables 6.5, 1.0","crop_share = percent of total cropped area (Table 6.5), rounded to integer in source; crop_area reported only for major crops (Table 1.0); season assigned per standard Punjab crop calendar, not a census-reported field; Report footnote: ""0"" = value less than 0.5; ""-"" = no value"
Rawalpindi District,Cotton,,,Kharif,682582,2024,"Tables 6.5, 1.0","crop_share = percent of total cropped area (Table 6.5), rounded to integer in source; crop_area reported only for major crops (Table 1.0); season assigned per standard Punjab crop calendar, not a census-reported field; Report footnote: ""0"" = value less than 0.5; ""-"" = no value"
Rawalpindi District,Sugarcane,141,,Kharif+Rabi,682582,2024,"Tables 6.5, 1.0","crop_share = percent of total cropped area (Table 6.5), rounded to integer in source; crop_area reported only for major crops (Table 1.0); season assigned per standard Punjab crop calendar, not a census-reported field; Report footnote: ""0"" = value less than 0.5; ""-"" = no value"
Rawalpindi District,Tobacco,,,Rabi,682582,2024,"Tables 6.5, 1.0","crop_share = percent of total cropped area (Table 6.5), rounded to integer in source; crop_area reported only for major crops (Table 1.0); season assigned per standard Punjab crop calendar, not a census-reported field; Report footnote: ""0"" = value less than 0.5; ""-"" = no value"
Rawalpindi District,Oilseeds,,4,Kharif+Rabi,682582,2024,"Tables 6.5, 1.0","crop_share = percent of total cropped area (Table 6.5), rounded to integer in source; crop_area reported only for major crops (Table 1.0); season assigned per standard Punjab crop calendar, not a census-reported field; Report footnote: ""0"" = value less than 0.5; ""-"" = no value"
Rawalpindi District,Pulses,,0,Kharif+Rabi,682582,2024,"Tables 6.5, 1.0","crop_share = percent of total cropped area (Table 6.5), rounded to integer in source; crop_area reported only for major crops (Table 1.0); season assigned per standard Punjab crop calendar, not a census-reported field; Report footnote: ""0"" = value less than 0.5; ""-"" = no value"
Rawalpindi District,Fodders,38617,6,Kharif+Rabi,682582,2024,"Tables 6.5, 1.0","crop_share = percent of total cropped area (Table 6.5), rounded to integer in source; crop_area reported only for major crops (Table 1.0); season assigned per standard Punjab crop calendar, not a census-reported field; Report footnote: ""0"" = value less than 0.5; ""-"" = no value"
Rawalpindi District,Vegetables,,0,Kharif+Rabi,682582,2024,"Tables 6.5, 1.0","crop_share = percent of total cropped area (Table 6.5), rounded to integer in source; crop_area reported only for major crops (Table 1.0); season assigned per standard Punjab crop calendar, not a census-reported field; Report footnote: ""0"" = value less than 0.5; ""-"" = no value"
Rawalpindi District,Orchards,937,0,Kharif+Rabi,682582,2024,"Tables 6.5, 1.0","crop_share = percent of total cropped area (Table 6.5), rounded to integer in source; crop_area reported only for major crops (Table 1.0); season assigned per standard Punjab crop calendar, not a census-reported field; Report footnote: ""0"" = value less than 0.5; ""-"" = no value"
Rawalpindi District,Other Crops,,1,Kharif+Rabi,682582,2024,"Tables 6.5, 1.0","crop_share = percent of total cropped area (Table 6.5), rounded to integer in source; crop_area reported only for major crops (Table 1.0); season assigned per standard Punjab crop calendar, not a census-reported field; Report footnote: ""0"" = value less than 0.5; ""-"" = no value"
Rawalpindi District,Maize (Total),51129,,Kharif+Rabi,682582,2024,"Tables 6.5, 1.0","crop_share = percent of total cropped area (Table 6.5), rounded to integer in source; crop_area reported only for major crops (Table 1.0); season assigned per standard Punjab crop calendar, not a census-reported field; Report footnote: ""0"" = value less than 0.5; ""-"" = no value"
Rawalpindi District,Kharif Crops (Total),139805,,Kharif,682582,2024,"Tables 6.5, 1.0","crop_share = percent of total cropped area (Table 6.5), rounded to integer in source; crop_area reported only for major crops (Table 1.0); season assigned per standard Punjab crop calendar, not a census-reported field; Report footnote: ""0"" = value less than 0.5; ""-"" = no value"
Rawalpindi District,Rabi Crops (Total),541840,,Rabi,682582,2024,"Tables 6.5, 1.0","crop_share = percent of total cropped area (Table 6.5), rounded to integer in source; crop_area reported only for major crops (Table 1.0); season assigned per standard Punjab crop calendar, not a census-reported field; Report footnote: ""0"" = value less than 0.5; ""-"" = no value"
Rawalpindi District,Total Cropped Area,682582,,Kharif+Rabi,682582,2024,"Tables 6.5, 1.0","crop_share = percent of total cropped area (Table 6.5), rounded to integer in source; crop_area reported only for major crops (Table 1.0); season assigned per standard Punjab crop calendar, not a census-reported field; Report footnote: ""0"" = value less than 0.5; ""-"" = no value"
Okara District,Wheat,427152,25,Rabi,1705062,2024,"Tables 6.5, 1.0","crop_share = percent of total cropped area (Table 6.5), rounded to integer in source; crop_area reported only for major crops (Table 1.0); season assigned per standard Punjab crop calendar, not a census-reported field; Report footnote: ""0"" = value less than 0.5; ""-"" = no value"
Okara District,Rice/Paddy,464243,27,Kharif,1705062,2024,"Tables 6.5, 1.0","crop_share = percent of total cropped area (Table 6.5), rounded to integer in source; crop_area reported only for major crops (Table 1.0); season assigned per standard Punjab crop calendar, not a census-reported field; Report footnote: ""0"" = value less than 0.5; ""-"" = no value"
Okara District,Maize (Rabi),,4,Rabi,1705062,2024,"Tables 6.5, 1.0","crop_share = percent of total cropped area (Table 6.5), rounded to integer in source; crop_area reported only for major crops (Table 1.0); season assigned per standard Punjab crop calendar, not a census-reported field; Report footnote: ""0"" = value less than 0.5; ""-"" = no value"
Okara District,Maize (Kharif),,7,Kharif,1705062,2024,"Tables 6.5, 1.0","crop_share = percent of total cropped area (Table 6.5), rounded to integer in source; crop_area reported only for major crops (Table 1.0); season assigned per standard Punjab crop calendar, not a census-reported field; Report footnote: ""0"" = value less than 0.5; ""-"" = no value"
Okara District,Jowar/Bajra/Gram,,1,Kharif+Rabi,1705062,2024,"Tables 6.5, 1.0","crop_share = percent of total cropped area (Table 6.5), rounded to integer in source; crop_area reported only for major crops (Table 1.0); season assigned per standard Punjab crop calendar, not a census-reported field; Report footnote: ""0"" = value less than 0.5; ""-"" = no value"
Okara District,Barley,,0,Rabi,1705062,2024,"Tables 6.5, 1.0","crop_share = percent of total cropped area (Table 6.5), rounded to integer in source; crop_area reported only for major crops (Table 1.0); season assigned per standard Punjab crop calendar, not a census-reported field; Report footnote: ""0"" = value less than 0.5; ""-"" = no value"
Okara District,Cotton,2376,0,Kharif,1705062,2024,"Tables 6.5, 1.0","crop_share = percent of total cropped area (Table 6.5), rounded to integer in source; crop_area reported only for major crops (Table 1.0); season assigned per standard Punjab crop calendar, not a census-reported field; Report footnote: ""0"" = value less than 0.5; ""-"" = no value"
Okara District,Sugarcane,22221,1,Kharif+Rabi,1705062,2024,"Tables 6.5, 1.0","crop_share = percent of total cropped area (Table 6.5), rounded to integer in source; crop_area reported only for major crops (Table 1.0); season assigned per standard Punjab crop calendar, not a census-reported field; Report footnote: ""0"" = value less than 0.5; ""-"" = no value"
Okara District,Tobacco,,,Rabi,1705062,2024,"Tables 6.5, 1.0","crop_share = percent of total cropped area (Table 6.5), rounded to integer in source; crop_area reported only for major crops (Table 1.0); season assigned per standard Punjab crop calendar, not a census-reported field; Report footnote: ""0"" = value less than 0.5; ""-"" = no value"
Okara District,Oilseeds,,3,Kharif+Rabi,1705062,2024,"Tables 6.5, 1.0","crop_share = percent of total cropped area (Table 6.5), rounded to integer in source; crop_area reported only for major crops (Table 1.0); season assigned per standard Punjab crop calendar, not a census-reported field; Report footnote: ""0"" = value less than 0.5; ""-"" = no value"
Okara District,Pulses,,,Kharif+Rabi,1705062,2024,"Tables 6.5, 1.0","crop_share = percent of total cropped area (Table 6.5), rounded to integer in source; crop_area reported only for major crops (Table 1.0); season assigned per standard Punjab crop calendar, not a census-reported field; Report footnote: ""0"" = value less than 0.5; ""-"" = no value"
Okara District,Fodders,201027,12,Kharif+Rabi,1705062,2024,"Tables 6.5, 1.0","crop_share = percent of total cropped area (Table 6.5), rounded to integer in source; crop_area reported only for major crops (Table 1.0); season assigned per standard Punjab crop calendar, not a census-reported field; Report footnote: ""0"" = value less than 0.5; ""-"" = no value"
Okara District,Vegetables,,15,Kharif+Rabi,1705062,2024,"Tables 6.5, 1.0","crop_share = percent of total cropped area (Table 6.5), rounded to integer in source; crop_area reported only for major crops (Table 1.0); season assigned per standard Punjab crop calendar, not a census-reported field; Report footnote: ""0"" = value less than 0.5; ""-"" = no value"
Okara District,Orchards,3943,0,Kharif+Rabi,1705062,2024,"Tables 6.5, 1.0","crop_share = percent of total cropped area (Table 6.5), rounded to integer in source; crop_area reported only for major crops (Table 1.0); season assigned per standard Punjab crop calendar, not a census-reported field; Report footnote: ""0"" = value less than 0.5; ""-"" = no value"
Okara District,Other Crops,,5,Kharif+Rabi,1705062,2024,"Tables 6.5, 1.0","crop_share = percent of total cropped area (Table 6.5), rounded to integer in source; crop_area reported only for major crops (Table 1.0); season assigned per standard Punjab crop calendar, not a census-reported field; Report footnote: ""0"" = value less than 0.5; ""-"" = no value"
Okara District,Maize (Total),175780,,Kharif+Rabi,1705062,2024,"Tables 6.5, 1.0","crop_share = percent of total cropped area (Table 6.5), rounded to integer in source; crop_area reported only for major crops (Table 1.0); season assigned per standard Punjab crop calendar, not a census-reported field; Report footnote: ""0"" = value less than 0.5; ""-"" = no value"
Okara District,Kharif Crops (Total),829634,,Kharif,1705062,2024,"Tables 6.5, 1.0","crop_share = percent of total cropped area (Table 6.5), rounded to integer in source; crop_area reported only for major crops (Table 1.0); season assigned per standard Punjab crop calendar, not a census-reported field; Report footnote: ""0"" = value less than 0.5; ""-"" = no value"
Okara District,Rabi Crops (Total),871486,,Rabi,1705062,2024,"Tables 6.5, 1.0","crop_share = percent of total cropped area (Table 6.5), rounded to integer in source; crop_area reported only for major crops (Table 1.0); season assigned per standard Punjab crop calendar, not a census-reported field; Report footnote: ""0"" = value less than 0.5; ""-"" = no value"
Okara District,Total Cropped Area,1705062,,Kharif+Rabi,1705062,2024,"Tables 6.5, 1.0","crop_share = percent of total cropped area (Table 6.5), rounded to integer in source; crop_area reported only for major crops (Table 1.0); season assigned per standard Punjab crop calendar, not a census-reported field; Report footnote: ""0"" = value less than 0.5; ""-"" = no value"
Pakpattan District,Wheat,346741,27,Rabi,1264214,2024,"Tables 6.5, 1.0","crop_share = percent of total cropped area (Table 6.5), rounded to integer in source; crop_area reported only for major crops (Table 1.0); season assigned per standard Punjab crop calendar, not a census-reported field; Report footnote: ""0"" = value less than 0.5; ""-"" = no value"
Pakpattan District,Rice/Paddy,240911,19,Kharif,1264214,2024,"Tables 6.5, 1.0","crop_share = percent of total cropped area (Table 6.5), rounded to integer in source; crop_area reported only for major crops (Table 1.0); season assigned per standard Punjab crop calendar, not a census-reported field; Report footnote: ""0"" = value less than 0.5; ""-"" = no value"
Pakpattan District,Maize (Rabi),,4,Rabi,1264214,2024,"Tables 6.5, 1.0","crop_share = percent of total cropped area (Table 6.5), rounded to integer in source; crop_area reported only for major crops (Table 1.0); season assigned per standard Punjab crop calendar, not a census-reported field; Report footnote: ""0"" = value less than 0.5; ""-"" = no value"
Pakpattan District,Maize (Kharif),,14,Kharif,1264214,2024,"Tables 6.5, 1.0","crop_share = percent of total cropped area (Table 6.5), rounded to integer in source; crop_area reported only for major crops (Table 1.0); season assigned per standard Punjab crop calendar, not a census-reported field; Report footnote: ""0"" = value less than 0.5; ""-"" = no value"
Pakpattan District,Jowar/Bajra/Gram,,2,Kharif+Rabi,1264214,2024,"Tables 6.5, 1.0","crop_share = percent of total cropped area (Table 6.5), rounded to integer in source; crop_area reported only for major crops (Table 1.0); season assigned per standard Punjab crop calendar, not a census-reported field; Report footnote: ""0"" = value less than 0.5; ""-"" = no value"
Pakpattan District,Barley,,0,Rabi,1264214,2024,"Tables 6.5, 1.0","crop_share = percent of total cropped area (Table 6.5), rounded to integer in source; crop_area reported only for major crops (Table 1.0); season assigned per standard Punjab crop calendar, not a census-reported field; Report footnote: ""0"" = value less than 0.5; ""-"" = no value"
Pakpattan District,Cotton,5576,0,Kharif,1264214,2024,"Tables 6.5, 1.0","crop_share = percent of total cropped area (Table 6.5), rounded to integer in source; crop_area reported only for major crops (Table 1.0); season assigned per standard Punjab crop calendar, not a census-reported field; Report footnote: ""0"" = value less than 0.5; ""-"" = no value"
Pakpattan District,Sugarcane,1119,0,Kharif+Rabi,1264214,2024,"Tables 6.5, 1.0","crop_share = percent of total cropped area (Table 6.5), rounded to integer in source; crop_area reported only for major crops (Table 1.0); season assigned per standard Punjab crop calendar, not a census-reported field; Report footnote: ""0"" = value less than 0.5; ""-"" = no value"
Pakpattan District,Tobacco,,,Rabi,1264214,2024,"Tables 6.5, 1.0","crop_share = percent of total cropped area (Table 6.5), rounded to integer in source; crop_area reported only for major crops (Table 1.0); season assigned per standard Punjab crop calendar, not a census-reported field; Report footnote: ""0"" = value less than 0.5; ""-"" = no value"
Pakpattan District,Oilseeds,,5,Kharif+Rabi,1264214,2024,"Tables 6.5, 1.0","crop_share = percent of total cropped area (Table 6.5), rounded to integer in source; crop_area reported only for major crops (Table 1.0); season assigned per standard Punjab crop calendar, not a census-reported field; Report footnote: ""0"" = value less than 0.5; ""-"" = no value"
Pakpattan District,Pulses,,,Kharif+Rabi,1264214,2024,"Tables 6.5, 1.0","crop_share = percent of total cropped area (Table 6.5), rounded to integer in source; crop_area reported only for major crops (Table 1.0); season assigned per standard Punjab crop calendar, not a census-reported field; Report footnote: ""0"" = value less than 0.5; ""-"" = no value"
Pakpattan District,Fodders,206653,16,Kharif+Rabi,1264214,2024,"Tables 6.5, 1.0","crop_share = percent of total cropped area (Table 6.5), rounded to integer in source; crop_area reported only for major crops (Table 1.0); season assigned per standard Punjab crop calendar, not a census-reported field; Report footnote: ""0"" = value less than 0.5; ""-"" = no value"
Pakpattan District,Vegetables,,10,Kharif+Rabi,1264214,2024,"Tables 6.5, 1.0","crop_share = percent of total cropped area (Table 6.5), rounded to integer in source; crop_area reported only for major crops (Table 1.0); season assigned per standard Punjab crop calendar, not a census-reported field; Report footnote: ""0"" = value less than 0.5; ""-"" = no value"
Pakpattan District,Orchards,3604,0,Kharif+Rabi,1264214,2024,"Tables 6.5, 1.0","crop_share = percent of total cropped area (Table 6.5), rounded to integer in source; crop_area reported only for major crops (Table 1.0); season assigned per standard Punjab crop calendar, not a census-reported field; Report footnote: ""0"" = value less than 0.5; ""-"" = no value"
Pakpattan District,Other Crops,,2,Kharif+Rabi,1264214,2024,"Tables 6.5, 1.0","crop_share = percent of total cropped area (Table 6.5), rounded to integer in source; crop_area reported only for major crops (Table 1.0); season assigned per standard Punjab crop calendar, not a census-reported field; Report footnote: ""0"" = value less than 0.5; ""-"" = no value"
Pakpattan District,Maize (Total),220241,,Kharif+Rabi,1264214,2024,"Tables 6.5, 1.0","crop_share = percent of total cropped area (Table 6.5), rounded to integer in source; crop_area reported only for major crops (Table 1.0); season assigned per standard Punjab crop calendar, not a census-reported field; Report footnote: ""0"" = value less than 0.5; ""-"" = no value"
Pakpattan District,Kharif Crops (Total),629084,,Kharif,1264214,2024,"Tables 6.5, 1.0","crop_share = percent of total cropped area (Table 6.5), rounded to integer in source; crop_area reported only for major crops (Table 1.0); season assigned per standard Punjab crop calendar, not a census-reported field; Report footnote: ""0"" = value less than 0.5; ""-"" = no value"
Pakpattan District,Rabi Crops (Total),631526,,Rabi,1264214,2024,"Tables 6.5, 1.0","crop_share = percent of total cropped area (Table 6.5), rounded to integer in source; crop_area reported only for major crops (Table 1.0); season assigned per standard Punjab crop calendar, not a census-reported field; Report footnote: ""0"" = value less than 0.5; ""-"" = no value"
Pakpattan District,Total Cropped Area,1264214,,Kharif+Rabi,1264214,2024,"Tables 6.5, 1.0","crop_share = percent of total cropped area (Table 6.5), rounded to integer in source; crop_area reported only for major crops (Table 1.0); season assigned per standard Punjab crop calendar, not a census-reported field; Report footnote: ""0"" = value less than 0.5; ""-"" = no value"
Sahiwal District,Wheat,337472,28,Rabi,1218243,2024,"Tables 6.5, 1.0","crop_share = percent of total cropped area (Table 6.5), rounded to integer in source; crop_area reported only for major crops (Table 1.0); season assigned per standard Punjab crop calendar, not a census-reported field; Report footnote: ""0"" = value less than 0.5; ""-"" = no value"
Sahiwal District,Rice/Paddy,98472,8,Kharif,1218243,2024,"Tables 6.5, 1.0","crop_share = percent of total cropped area (Table 6.5), rounded to integer in source; crop_area reported only for major crops (Table 1.0); season assigned per standard Punjab crop calendar, not a census-reported field; Report footnote: ""0"" = value less than 0.5; ""-"" = no value"
Sahiwal District,Maize (Rabi),,3,Rabi,1218243,2024,"Tables 6.5, 1.0","crop_share = percent of total cropped area (Table 6.5), rounded to integer in source; crop_area reported only for major crops (Table 1.0); season assigned per standard Punjab crop calendar, not a census-reported field; Report footnote: ""0"" = value less than 0.5; ""-"" = no value"
Sahiwal District,Maize (Kharif),,11,Kharif,1218243,2024,"Tables 6.5, 1.0","crop_share = percent of total cropped area (Table 6.5), rounded to integer in source; crop_area reported only for major crops (Table 1.0); season assigned per standard Punjab crop calendar, not a census-reported field; Report footnote: ""0"" = value less than 0.5; ""-"" = no value"
Sahiwal District,Jowar/Bajra/Gram,,3,Kharif+Rabi,1218243,2024,"Tables 6.5, 1.0","crop_share = percent of total cropped area (Table 6.5), rounded to integer in source; crop_area reported only for major crops (Table 1.0); season assigned per standard Punjab crop calendar, not a census-reported field; Report footnote: ""0"" = value less than 0.5; ""-"" = no value"
Sahiwal District,Barley,,,Rabi,1218243,2024,"Tables 6.5, 1.0","crop_share = percent of total cropped area (Table 6.5), rounded to integer in source; crop_area reported only for major crops (Table 1.0); season assigned per standard Punjab crop calendar, not a census-reported field; Report footnote: ""0"" = value less than 0.5; ""-"" = no value"
Sahiwal District,Cotton,49988,4,Kharif,1218243,2024,"Tables 6.5, 1.0","crop_share = percent of total cropped area (Table 6.5), rounded to integer in source; crop_area reported only for major crops (Table 1.0); season assigned per standard Punjab crop calendar, not a census-reported field; Report footnote: ""0"" = value less than 0.5; ""-"" = no value"
Sahiwal District,Sugarcane,17174,1,Kharif+Rabi,1218243,2024,"Tables 6.5, 1.0","crop_share = percent of total cropped area (Table 6.5), rounded to integer in source; crop_area reported only for major crops (Table 1.0); season assigned per standard Punjab crop calendar, not a census-reported field; Report footnote: ""0"" = value less than 0.5; ""-"" = no value"
Sahiwal District,Tobacco,,,Rabi,1218243,2024,"Tables 6.5, 1.0","crop_share = percent of total cropped area (Table 6.5), rounded to integer in source; crop_area reported only for major crops (Table 1.0); season assigned per standard Punjab crop calendar, not a census-reported field; Report footnote: ""0"" = value less than 0.5; ""-"" = no value"
Sahiwal District,Oilseeds,,8,Kharif+Rabi,1218243,2024,"Tables 6.5, 1.0","crop_share = percent of total cropped area (Table 6.5), rounded to integer in source; crop_area reported only for major crops (Table 1.0); season assigned per standard Punjab crop calendar, not a census-reported field; Report footnote: ""0"" = value less than 0.5; ""-"" = no value"
Sahiwal District,Pulses,,0,Kharif+Rabi,1218243,2024,"Tables 6.5, 1.0","crop_share = percent of total cropped area (Table 6.5), rounded to integer in source; crop_area reported only for major crops (Table 1.0); season assigned per standard Punjab crop calendar, not a census-reported field; Report footnote: ""0"" = value less than 0.5; ""-"" = no value"
Sahiwal District,Fodders,243727,20,Kharif+Rabi,1218243,2024,"Tables 6.5, 1.0","crop_share = percent of total cropped area (Table 6.5), rounded to integer in source; crop_area reported only for major crops (Table 1.0); season assigned per standard Punjab crop calendar, not a census-reported field; Report footnote: ""0"" = value less than 0.5; ""-"" = no value"
Sahiwal District,Vegetables,,9,Kharif+Rabi,1218243,2024,"Tables 6.5, 1.0","crop_share = percent of total cropped area (Table 6.5), rounded to integer in source; crop_area reported only for major crops (Table 1.0); season assigned per standard Punjab crop calendar, not a census-reported field; Report footnote: ""0"" = value less than 0.5; ""-"" = no value"
Sahiwal District,Orchards,7119,1,Kharif+Rabi,1218243,2024,"Tables 6.5, 1.0","crop_share = percent of total cropped area (Table 6.5), rounded to integer in source; crop_area reported only for major crops (Table 1.0); season assigned per standard Punjab crop calendar, not a census-reported field; Report footnote: ""0"" = value less than 0.5; ""-"" = no value"
Sahiwal District,Other Crops,,4,Kharif+Rabi,1218243,2024,"Tables 6.5, 1.0","crop_share = percent of total cropped area (Table 6.5), rounded to integer in source; crop_area reported only for major crops (Table 1.0); season assigned per standard Punjab crop calendar, not a census-reported field; Report footnote: ""0"" = value less than 0.5; ""-"" = no value"
Sahiwal District,Maize (Total),172379,,Kharif+Rabi,1218243,2024,"Tables 6.5, 1.0","crop_share = percent of total cropped area (Table 6.5), rounded to integer in source; crop_area reported only for major crops (Table 1.0); season assigned per standard Punjab crop calendar, not a census-reported field; Report footnote: ""0"" = value less than 0.5; ""-"" = no value"
Sahiwal District,Kharif Crops (Total),579086,,Kharif,1218243,2024,"Tables 6.5, 1.0","crop_share = percent of total cropped area (Table 6.5), rounded to integer in source; crop_area reported only for major crops (Table 1.0); season assigned per standard Punjab crop calendar, not a census-reported field; Report footnote: ""0"" = value less than 0.5; ""-"" = no value"
Sahiwal District,Rabi Crops (Total),632038,,Rabi,1218243,2024,"Tables 6.5, 1.0","crop_share = percent of total cropped area (Table 6.5), rounded to integer in source; crop_area reported only for major crops (Table 1.0); season assigned per standard Punjab crop calendar, not a census-reported field; Report footnote: ""0"" = value less than 0.5; ""-"" = no value"
Sahiwal District,Total Cropped Area,1218243,,Kharif+Rabi,1218243,2024,"Tables 6.5, 1.0","crop_share = percent of total cropped area (Table 6.5), rounded to integer in source; crop_area reported only for major crops (Table 1.0); season assigned per standard Punjab crop calendar, not a census-reported field; Report footnote: ""0"" = value less than 0.5; ""-"" = no value"
Bhakkar District,Wheat,1105659,43,Rabi,2595598,2024,"Tables 6.5, 1.0","crop_share = percent of total cropped area (Table 6.5), rounded to integer in source; crop_area reported only for major crops (Table 1.0); season assigned per standard Punjab crop calendar, not a census-reported field; Report footnote: ""0"" = value less than 0.5; ""-"" = no value"
Bhakkar District,Rice/Paddy,21171,1,Kharif,2595598,2024,"Tables 6.5, 1.0","crop_share = percent of total cropped area (Table 6.5), rounded to integer in source; crop_area reported only for major crops (Table 1.0); season assigned per standard Punjab crop calendar, not a census-reported field; Report footnote: ""0"" = value less than 0.5; ""-"" = no value"
Bhakkar District,Maize (Rabi),,,Rabi,2595598,2024,"Tables 6.5, 1.0","crop_share = percent of total cropped area (Table 6.5), rounded to integer in source; crop_area reported only for major crops (Table 1.0); season assigned per standard Punjab crop calendar, not a census-reported field; Report footnote: ""0"" = value less than 0.5; ""-"" = no value"
Bhakkar District,Maize (Kharif),,,Kharif,2595598,2024,"Tables 6.5, 1.0","crop_share = percent of total cropped area (Table 6.5), rounded to integer in source; crop_area reported only for major crops (Table 1.0); season assigned per standard Punjab crop calendar, not a census-reported field; Report footnote: ""0"" = value less than 0.5; ""-"" = no value"
Bhakkar District,Jowar/Bajra/Gram,,4,Kharif+Rabi,2595598,2024,"Tables 6.5, 1.0","crop_share = percent of total cropped area (Table 6.5), rounded to integer in source; crop_area reported only for major crops (Table 1.0); season assigned per standard Punjab crop calendar, not a census-reported field; Report footnote: ""0"" = value less than 0.5; ""-"" = no value"
Bhakkar District,Barley,,0,Rabi,2595598,2024,"Tables 6.5, 1.0","crop_share = percent of total cropped area (Table 6.5), rounded to integer in source; crop_area reported only for major crops (Table 1.0); season assigned per standard Punjab crop calendar, not a census-reported field; Report footnote: ""0"" = value less than 0.5; ""-"" = no value"
Bhakkar District,Cotton,49901,2,Kharif,2595598,2024,"Tables 6.5, 1.0","crop_share = percent of total cropped area (Table 6.5), rounded to integer in source; crop_area reported only for major crops (Table 1.0); season assigned per standard Punjab crop calendar, not a census-reported field; Report footnote: ""0"" = value less than 0.5; ""-"" = no value"
Bhakkar District,Sugarcane,162519,6,Kharif+Rabi,2595598,2024,"Tables 6.5, 1.0","crop_share = percent of total cropped area (Table 6.5), rounded to integer in source; crop_area reported only for major crops (Table 1.0); season assigned per standard Punjab crop calendar, not a census-reported field; Report footnote: ""0"" = value less than 0.5; ""-"" = no value"
Bhakkar District,Tobacco,,,Rabi,2595598,2024,"Tables 6.5, 1.0","crop_share = percent of total cropped area (Table 6.5), rounded to integer in source; crop_area reported only for major crops (Table 1.0); season assigned per standard Punjab crop calendar, not a census-reported field; Report footnote: ""0"" = value less than 0.5; ""-"" = no value"
Bhakkar District,Oilseeds,,5,Kharif+Rabi,2595598,2024,"Tables 6.5, 1.0","crop_share = percent of total cropped area (Table 6.5), rounded to integer in source; crop_area reported only for major crops (Table 1.0); season assigned per standard Punjab crop calendar, not a census-reported field; Report footnote: ""0"" = value less than 0.5; ""-"" = no value"
Bhakkar District,Pulses,,22,Kharif+Rabi,2595598,2024,"Tables 6.5, 1.0","crop_share = percent of total cropped area (Table 6.5), rounded to integer in source; crop_area reported only for major crops (Table 1.0); season assigned per standard Punjab crop calendar, not a census-reported field; Report footnote: ""0"" = value less than 0.5; ""-"" = no value"
Bhakkar District,Fodders,328845,13,Kharif+Rabi,2595598,2024,"Tables 6.5, 1.0","crop_share = percent of total cropped area (Table 6.5), rounded to integer in source; crop_area reported only for major crops (Table 1.0); season assigned per standard Punjab crop calendar, not a census-reported field; Report footnote: ""0"" = value less than 0.5; ""-"" = no value"
Bhakkar District,Vegetables,,0,Kharif+Rabi,2595598,2024,"Tables 6.5, 1.0","crop_share = percent of total cropped area (Table 6.5), rounded to integer in source; crop_area reported only for major crops (Table 1.0); season assigned per standard Punjab crop calendar, not a census-reported field; Report footnote: ""0"" = value less than 0.5; ""-"" = no value"
Bhakkar District,Orchards,64888,3,Kharif+Rabi,2595598,2024,"Tables 6.5, 1.0","crop_share = percent of total cropped area (Table 6.5), rounded to integer in source; crop_area reported only for major crops (Table 1.0); season assigned per standard Punjab crop calendar, not a census-reported field; Report footnote: ""0"" = value less than 0.5; ""-"" = no value"
Bhakkar District,Other Crops,,2,Kharif+Rabi,2595598,2024,"Tables 6.5, 1.0","crop_share = percent of total cropped area (Table 6.5), rounded to integer in source; crop_area reported only for major crops (Table 1.0); season assigned per standard Punjab crop calendar, not a census-reported field; Report footnote: ""0"" = value less than 0.5; ""-"" = no value"
Bhakkar District,Maize (Total),2023,,Kharif+Rabi,2595598,2024,"Tables 6.5, 1.0","crop_share = percent of total cropped area (Table 6.5), rounded to integer in source; crop_area reported only for major crops (Table 1.0); season assigned per standard Punjab crop calendar, not a census-reported field; Report footnote: ""0"" = value less than 0.5; ""-"" = no value"
Bhakkar District,Kharif Crops (Total),1014320,,Kharif,2595598,2024,"Tables 6.5, 1.0","crop_share = percent of total cropped area (Table 6.5), rounded to integer in source; crop_area reported only for major crops (Table 1.0); season assigned per standard Punjab crop calendar, not a census-reported field; Report footnote: ""0"" = value less than 0.5; ""-"" = no value"
Bhakkar District,Rabi Crops (Total),1516391,,Rabi,2595598,2024,"Tables 6.5, 1.0","crop_share = percent of total cropped area (Table 6.5), rounded to integer in source; crop_area reported only for major crops (Table 1.0); season assigned per standard Punjab crop calendar, not a census-reported field; Report footnote: ""0"" = value less than 0.5; ""-"" = no value"
Bhakkar District,Total Cropped Area,2595598,,Kharif+Rabi,2595598,2024,"Tables 6.5, 1.0","crop_share = percent of total cropped area (Table 6.5), rounded to integer in source; crop_area reported only for major crops (Table 1.0); season assigned per standard Punjab crop calendar, not a census-reported field; Report footnote: ""0"" = value less than 0.5; ""-"" = no value"
Khushab District,Wheat,667594,49,Rabi,1374383,2024,"Tables 6.5, 1.0","crop_share = percent of total cropped area (Table 6.5), rounded to integer in source; crop_area reported only for major crops (Table 1.0); season assigned per standard Punjab crop calendar, not a census-reported field; Report footnote: ""0"" = value less than 0.5; ""-"" = no value"
Khushab District,Rice/Paddy,160907,12,Kharif,1374383,2024,"Tables 6.5, 1.0","crop_share = percent of total cropped area (Table 6.5), rounded to integer in source; crop_area reported only for major crops (Table 1.0); season assigned per standard Punjab crop calendar, not a census-reported field; Report footnote: ""0"" = value less than 0.5; ""-"" = no value"
Khushab District,Maize (Rabi),,,Rabi,1374383,2024,"Tables 6.5, 1.0","crop_share = percent of total cropped area (Table 6.5), rounded to integer in source; crop_area reported only for major crops (Table 1.0); season assigned per standard Punjab crop calendar, not a census-reported field; Report footnote: ""0"" = value less than 0.5; ""-"" = no value"
Khushab District,Maize (Kharif),,0,Kharif,1374383,2024,"Tables 6.5, 1.0","crop_share = percent of total cropped area (Table 6.5), rounded to integer in source; crop_area reported only for major crops (Table 1.0); season assigned per standard Punjab crop calendar, not a census-reported field; Report footnote: ""0"" = value less than 0.5; ""-"" = no value"
Khushab District,Jowar/Bajra/Gram,,3,Kharif+Rabi,1374383,2024,"Tables 6.5, 1.0","crop_share = percent of total cropped area (Table 6.5), rounded to integer in source; crop_area reported only for major crops (Table 1.0); season assigned per standard Punjab crop calendar, not a census-reported field; Report footnote: ""0"" = value less than 0.5; ""-"" = no value"
Khushab District,Barley,,,Rabi,1374383,2024,"Tables 6.5, 1.0","crop_share = percent of total cropped area (Table 6.5), rounded to integer in source; crop_area reported only for major crops (Table 1.0); season assigned per standard Punjab crop calendar, not a census-reported field; Report footnote: ""0"" = value less than 0.5; ""-"" = no value"
Khushab District,Cotton,2432,0,Kharif,1374383,2024,"Tables 6.5, 1.0","crop_share = percent of total cropped area (Table 6.5), rounded to integer in source; crop_area reported only for major crops (Table 1.0); season assigned per standard Punjab crop calendar, not a census-reported field; Report footnote: ""0"" = value less than 0.5; ""-"" = no value"
Khushab District,Sugarcane,21917,2,Kharif+Rabi,1374383,2024,"Tables 6.5, 1.0","crop_share = percent of total cropped area (Table 6.5), rounded to integer in source; crop_area reported only for major crops (Table 1.0); season assigned per standard Punjab crop calendar, not a census-reported field; Report footnote: ""0"" = value less than 0.5; ""-"" = no value"
Khushab District,Tobacco,,,Rabi,1374383,2024,"Tables 6.5, 1.0","crop_share = percent of total cropped area (Table 6.5), rounded to integer in source; crop_area reported only for major crops (Table 1.0); season assigned per standard Punjab crop calendar, not a census-reported field; Report footnote: ""0"" = value less than 0.5; ""-"" = no value"
Khushab District,Oilseeds,,2,Kharif+Rabi,1374383,2024,"Tables 6.5, 1.0","crop_share = percent of total cropped area (Table 6.5), rounded to integer in source; crop_area reported only for major crops (Table 1.0); season assigned per standard Punjab crop calendar, not a census-reported field; Report footnote: ""0"" = value less than 0.5; ""-"" = no value"
Khushab District,Pulses,,7,Kharif+Rabi,1374383,2024,"Tables 6.5, 1.0","crop_share = percent of total cropped area (Table 6.5), rounded to integer in source; crop_area reported only for major crops (Table 1.0); season assigned per standard Punjab crop calendar, not a census-reported field; Report footnote: ""0"" = value less than 0.5; ""-"" = no value"
Khushab District,Fodders,302290,22,Kharif+Rabi,1374383,2024,"Tables 6.5, 1.0","crop_share = percent of total cropped area (Table 6.5), rounded to integer in source; crop_area reported only for major crops (Table 1.0); season assigned per standard Punjab crop calendar, not a census-reported field; Report footnote: ""0"" = value less than 0.5; ""-"" = no value"
Khushab District,Vegetables,,2,Kharif+Rabi,1374383,2024,"Tables 6.5, 1.0","crop_share = percent of total cropped area (Table 6.5), rounded to integer in source; crop_area reported only for major crops (Table 1.0); season assigned per standard Punjab crop calendar, not a census-reported field; Report footnote: ""0"" = value less than 0.5; ""-"" = no value"
Khushab District,Orchards,3074,0,Kharif+Rabi,1374383,2024,"Tables 6.5, 1.0","crop_share = percent of total cropped area (Table 6.5), rounded to integer in source; crop_area reported only for major crops (Table 1.0); season assigned per standard Punjab crop calendar, not a census-reported field; Report footnote: ""0"" = value less than 0.5; ""-"" = no value"
Khushab District,Other Crops,,2,Kharif+Rabi,1374383,2024,"Tables 6.5, 1.0","crop_share = percent of total cropped area (Table 6.5), rounded to integer in source; crop_area reported only for major crops (Table 1.0); season assigned per standard Punjab crop calendar, not a census-reported field; Report footnote: ""0"" = value less than 0.5; ""-"" = no value"
Khushab District,Maize (Total),2075,,Kharif+Rabi,1374383,2024,"Tables 6.5, 1.0","crop_share = percent of total cropped area (Table 6.5), rounded to integer in source; crop_area reported only for major crops (Table 1.0); season assigned per standard Punjab crop calendar, not a census-reported field; Report footnote: ""0"" = value less than 0.5; ""-"" = no value"
Khushab District,Kharif Crops (Total),532257,,Kharif,1374383,2024,"Tables 6.5, 1.0","crop_share = percent of total cropped area (Table 6.5), rounded to integer in source; crop_area reported only for major crops (Table 1.0); season assigned per standard Punjab crop calendar, not a census-reported field; Report footnote: ""0"" = value less than 0.5; ""-"" = no value"
Khushab District,Rabi Crops (Total),839052,,Rabi,1374383,2024,"Tables 6.5, 1.0","crop_share = percent of total cropped area (Table 6.5), rounded to integer in source; crop_area reported only for major crops (Table 1.0); season assigned per standard Punjab crop calendar, not a census-reported field; Report footnote: ""0"" = value less than 0.5; ""-"" = no value"
Khushab District,Total Cropped Area,1374383,,Kharif+Rabi,1374383,2024,"Tables 6.5, 1.0","crop_share = percent of total cropped area (Table 6.5), rounded to integer in source; crop_area reported only for major crops (Table 1.0); season assigned per standard Punjab crop calendar, not a census-reported field; Report footnote: ""0"" = value less than 0.5; ""-"" = no value"
Mianwali District,Wheat,537848,49,Rabi,1098332,2024,"Tables 6.5, 1.0","crop_share = percent of total cropped area (Table 6.5), rounded to integer in source; crop_area reported only for major crops (Table 1.0); season assigned per standard Punjab crop calendar, not a census-reported field; Report footnote: ""0"" = value less than 0.5; ""-"" = no value"
Mianwali District,Rice/Paddy,6926,1,Kharif,1098332,2024,"Tables 6.5, 1.0","crop_share = percent of total cropped area (Table 6.5), rounded to integer in source; crop_area reported only for major crops (Table 1.0); season assigned per standard Punjab crop calendar, not a census-reported field; Report footnote: ""0"" = value less than 0.5; ""-"" = no value"
Mianwali District,Maize (Rabi),,0,Rabi,1098332,2024,"Tables 6.5, 1.0","crop_share = percent of total cropped area (Table 6.5), rounded to integer in source; crop_area reported only for major crops (Table 1.0); season assigned per standard Punjab crop calendar, not a census-reported field; Report footnote: ""0"" = value less than 0.5; ""-"" = no value"
Mianwali District,Maize (Kharif),,0,Kharif,1098332,2024,"Tables 6.5, 1.0","crop_share = percent of total cropped area (Table 6.5), rounded to integer in source; crop_area reported only for major crops (Table 1.0); season assigned per standard Punjab crop calendar, not a census-reported field; Report footnote: ""0"" = value less than 0.5; ""-"" = no value"
Mianwali District,Jowar/Bajra/Gram,,5,Kharif+Rabi,1098332,2024,"Tables 6.5, 1.0","crop_share = percent of total cropped area (Table 6.5), rounded to integer in source; crop_area reported only for major crops (Table 1.0); season assigned per standard Punjab crop calendar, not a census-reported field; Report footnote: ""0"" = value less than 0.5; ""-"" = no value"
Mianwali District,Barley,,0,Rabi,1098332,2024,"Tables 6.5, 1.0","crop_share = percent of total cropped area (Table 6.5), rounded to integer in source; crop_area reported only for major crops (Table 1.0); season assigned per standard Punjab crop calendar, not a census-reported field; Report footnote: ""0"" = value less than 0.5; ""-"" = no value"
Mianwali District,Cotton,131339,12,Kharif,1098332,2024,"Tables 6.5, 1.0","crop_share = percent of total cropped area (Table 6.5), rounded to integer in source; crop_area reported only for major crops (Table 1.0); season assigned per standard Punjab crop calendar, not a census-reported field; Report footnote: ""0"" = value less than 0.5; ""-"" = no value"
Mianwali District,Sugarcane,25724,2,Kharif+Rabi,1098332,2024,"Tables 6.5, 1.0","crop_share = percent of total cropped area (Table 6.5), rounded to integer in source; crop_area reported only for major crops (Table 1.0); season assigned per standard Punjab crop calendar, not a census-reported field; Report footnote: ""0"" = value less than 0.5; ""-"" = no value"
Mianwali District,Tobacco,,0,Rabi,1098332,2024,"Tables 6.5, 1.0","crop_share = percent of total cropped area (Table 6.5), rounded to integer in source; crop_area reported only for major crops (Table 1.0); season assigned per standard Punjab crop calendar, not a census-reported field; Report footnote: ""0"" = value less than 0.5; ""-"" = no value"
Mianwali District,Oilseeds,,7,Kharif+Rabi,1098332,2024,"Tables 6.5, 1.0","crop_share = percent of total cropped area (Table 6.5), rounded to integer in source; crop_area reported only for major crops (Table 1.0); season assigned per standard Punjab crop calendar, not a census-reported field; Report footnote: ""0"" = value less than 0.5; ""-"" = no value"
Mianwali District,Pulses,,14,Kharif+Rabi,1098332,2024,"Tables 6.5, 1.0","crop_share = percent of total cropped area (Table 6.5), rounded to integer in source; crop_area reported only for major crops (Table 1.0); season assigned per standard Punjab crop calendar, not a census-reported field; Report footnote: ""0"" = value less than 0.5; ""-"" = no value"
Mianwali District,Fodders,96179,9,Kharif+Rabi,1098332,2024,"Tables 6.5, 1.0","crop_share = percent of total cropped area (Table 6.5), rounded to integer in source; crop_area reported only for major crops (Table 1.0); season assigned per standard Punjab crop calendar, not a census-reported field; Report footnote: ""0"" = value less than 0.5; ""-"" = no value"
Mianwali District,Vegetables,,0,Kharif+Rabi,1098332,2024,"Tables 6.5, 1.0","crop_share = percent of total cropped area (Table 6.5), rounded to integer in source; crop_area reported only for major crops (Table 1.0); season assigned per standard Punjab crop calendar, not a census-reported field; Report footnote: ""0"" = value less than 0.5; ""-"" = no value"
Mianwali District,Orchards,1597,0,Kharif+Rabi,1098332,2024,"Tables 6.5, 1.0","crop_share = percent of total cropped area (Table 6.5), rounded to integer in source; crop_area reported only for major crops (Table 1.0); season assigned per standard Punjab crop calendar, not a census-reported field; Report footnote: ""0"" = value less than 0.5; ""-"" = no value"
Mianwali District,Other Crops,,1,Kharif+Rabi,1098332,2024,"Tables 6.5, 1.0","crop_share = percent of total cropped area (Table 6.5), rounded to integer in source; crop_area reported only for major crops (Table 1.0); season assigned per standard Punjab crop calendar, not a census-reported field; Report footnote: ""0"" = value less than 0.5; ""-"" = no value"
Mianwali District,Maize (Total),5191,,Kharif+Rabi,1098332,2024,"Tables 6.5, 1.0","crop_share = percent of total cropped area (Table 6.5), rounded to integer in source; crop_area reported only for major crops (Table 1.0); season assigned per standard Punjab crop calendar, not a census-reported field; Report footnote: ""0"" = value less than 0.5; ""-"" = no value"
Mianwali District,Kharif Crops (Total),468907,,Kharif,1098332,2024,"Tables 6.5, 1.0","crop_share = percent of total cropped area (Table 6.5), rounded to integer in source; crop_area reported only for major crops (Table 1.0); season assigned per standard Punjab crop calendar, not a census-reported field; Report footnote: ""0"" = value less than 0.5; ""-"" = no value"
Mianwali District,Rabi Crops (Total),627828,,Rabi,1098332,2024,"Tables 6.5, 1.0","crop_share = percent of total cropped area (Table 6.5), rounded to integer in source; crop_area reported only for major crops (Table 1.0); season assigned per standard Punjab crop calendar, not a census-reported field; Report footnote: ""0"" = value less than 0.5; ""-"" = no value"
Mianwali District,Total Cropped Area,1098332,,Kharif+Rabi,1098332,2024,"Tables 6.5, 1.0","crop_share = percent of total cropped area (Table 6.5), rounded to integer in source; crop_area reported only for major crops (Table 1.0); season assigned per standard Punjab crop calendar, not a census-reported field; Report footnote: ""0"" = value less than 0.5; ""-"" = no value"
Sargodha District,Wheat,599353,36,Rabi,1690486,2024,"Tables 6.5, 1.0","crop_share = percent of total cropped area (Table 6.5), rounded to integer in source; crop_area reported only for major crops (Table 1.0); season assigned per standard Punjab crop calendar, not a census-reported field; Report footnote: ""0"" = value less than 0.5; ""-"" = no value"
Sargodha District,Rice/Paddy,180754,11,Kharif,1690486,2024,"Tables 6.5, 1.0","crop_share = percent of total cropped area (Table 6.5), rounded to integer in source; crop_area reported only for major crops (Table 1.0); season assigned per standard Punjab crop calendar, not a census-reported field; Report footnote: ""0"" = value less than 0.5; ""-"" = no value"
Sargodha District,Maize (Rabi),,0,Rabi,1690486,2024,"Tables 6.5, 1.0","crop_share = percent of total cropped area (Table 6.5), rounded to integer in source; crop_area reported only for major crops (Table 1.0); season assigned per standard Punjab crop calendar, not a census-reported field; Report footnote: ""0"" = value less than 0.5; ""-"" = no value"
Sargodha District,Maize (Kharif),,2,Kharif,1690486,2024,"Tables 6.5, 1.0","crop_share = percent of total cropped area (Table 6.5), rounded to integer in source; crop_area reported only for major crops (Table 1.0); season assigned per standard Punjab crop calendar, not a census-reported field; Report footnote: ""0"" = value less than 0.5; ""-"" = no value"
Sargodha District,Jowar/Bajra/Gram,,3,Kharif+Rabi,1690486,2024,"Tables 6.5, 1.0","crop_share = percent of total cropped area (Table 6.5), rounded to integer in source; crop_area reported only for major crops (Table 1.0); season assigned per standard Punjab crop calendar, not a census-reported field; Report footnote: ""0"" = value less than 0.5; ""-"" = no value"
Sargodha District,Barley,,0,Rabi,1690486,2024,"Tables 6.5, 1.0","crop_share = percent of total cropped area (Table 6.5), rounded to integer in source; crop_area reported only for major crops (Table 1.0); season assigned per standard Punjab crop calendar, not a census-reported field; Report footnote: ""0"" = value less than 0.5; ""-"" = no value"
Sargodha District,Cotton,5340,0,Kharif,1690486,2024,"Tables 6.5, 1.0","crop_share = percent of total cropped area (Table 6.5), rounded to integer in source; crop_area reported only for major crops (Table 1.0); season assigned per standard Punjab crop calendar, not a census-reported field; Report footnote: ""0"" = value less than 0.5; ""-"" = no value"
Sargodha District,Sugarcane,107302,6,Kharif+Rabi,1690486,2024,"Tables 6.5, 1.0","crop_share = percent of total cropped area (Table 6.5), rounded to integer in source; crop_area reported only for major crops (Table 1.0); season assigned per standard Punjab crop calendar, not a census-reported field; Report footnote: ""0"" = value less than 0.5; ""-"" = no value"
Sargodha District,Tobacco,,,Rabi,1690486,2024,"Tables 6.5, 1.0","crop_share = percent of total cropped area (Table 6.5), rounded to integer in source; crop_area reported only for major crops (Table 1.0); season assigned per standard Punjab crop calendar, not a census-reported field; Report footnote: ""0"" = value less than 0.5; ""-"" = no value"
Sargodha District,Oilseeds,,2,Kharif+Rabi,1690486,2024,"Tables 6.5, 1.0","crop_share = percent of total cropped area (Table 6.5), rounded to integer in source; crop_area reported only for major crops (Table 1.0); season assigned per standard Punjab crop calendar, not a census-reported field; Report footnote: ""0"" = value less than 0.5; ""-"" = no value"
Sargodha District,Pulses,,0,Kharif+Rabi,1690486,2024,"Tables 6.5, 1.0","crop_share = percent of total cropped area (Table 6.5), rounded to integer in source; crop_area reported only for major crops (Table 1.0); season assigned per standard Punjab crop calendar, not a census-reported field; Report footnote: ""0"" = value less than 0.5; ""-"" = no value"
Sargodha District,Fodders,427852,25,Kharif+Rabi,1690486,2024,"Tables 6.5, 1.0","crop_share = percent of total cropped area (Table 6.5), rounded to integer in source; crop_area reported only for major crops (Table 1.0); season assigned per standard Punjab crop calendar, not a census-reported field; Report footnote: ""0"" = value less than 0.5; ""-"" = no value"
Sargodha District,Vegetables,,1,Kharif+Rabi,1690486,2024,"Tables 6.5, 1.0","crop_share = percent of total cropped area (Table 6.5), rounded to integer in source; crop_area reported only for major crops (Table 1.0); season assigned per standard Punjab crop calendar, not a census-reported field; Report footnote: ""0"" = value less than 0.5; ""-"" = no value"
Sargodha District,Orchards,182995,11,Kharif+Rabi,1690486,2024,"Tables 6.5, 1.0","crop_share = percent of total cropped area (Table 6.5), rounded to integer in source; crop_area reported only for major crops (Table 1.0); season assigned per standard Punjab crop calendar, not a census-reported field; Report footnote: ""0"" = value less than 0.5; ""-"" = no value"
Sargodha District,Other Crops,,4,Kharif+Rabi,1690486,2024,"Tables 6.5, 1.0","crop_share = percent of total cropped area (Table 6.5), rounded to integer in source; crop_area reported only for major crops (Table 1.0); season assigned per standard Punjab crop calendar, not a census-reported field; Report footnote: ""0"" = value less than 0.5; ""-"" = no value"
Sargodha District,Maize (Total),31686,,Kharif+Rabi,1690486,2024,"Tables 6.5, 1.0","crop_share = percent of total cropped area (Table 6.5), rounded to integer in source; crop_area reported only for major crops (Table 1.0); season assigned per standard Punjab crop calendar, not a census-reported field; Report footnote: ""0"" = value less than 0.5; ""-"" = no value"
Sargodha District,Kharif Crops (Total),644414,,Kharif,1690486,2024,"Tables 6.5, 1.0","crop_share = percent of total cropped area (Table 6.5), rounded to integer in source; crop_area reported only for major crops (Table 1.0); season assigned per standard Punjab crop calendar, not a census-reported field; Report footnote: ""0"" = value less than 0.5; ""-"" = no value"
Sargodha District,Rabi Crops (Total),863077,,Rabi,1690486,2024,"Tables 6.5, 1.0","crop_share = percent of total cropped area (Table 6.5), rounded to integer in source; crop_area reported only for major crops (Table 1.0); season assigned per standard Punjab crop calendar, not a census-reported field; Report footnote: ""0"" = value less than 0.5; ""-"" = no value"
Sargodha District,Total Cropped Area,1690486,,Kharif+Rabi,1690486,2024,"Tables 6.5, 1.0","crop_share = percent of total cropped area (Table 6.5), rounded to integer in source; crop_area reported only for major crops (Table 1.0); season assigned per standard Punjab crop calendar, not a census-reported field; Report footnote: ""0"" = value less than 0.5; ""-"" = no value"
Cholistan Area,Wheat,215952,51,Rabi,420665,2024,"Tables 6.5, 1.0","Cholistan Area is a separate non-district reporting unit within Bahawalpur Division; not present in district_master_clean.csv; crop_share = percent of total cropped area (Table 6.5), rounded to integer in source; crop_area reported only for major crops (Table 1.0); season assigned per standard Punjab crop calendar, not a census-reported field; Report footnote: ""0"" = value less than 0.5; ""-"" = no value"
Cholistan Area,Rice/Paddy,5258,1,Kharif,420665,2024,"Tables 6.5, 1.0","Cholistan Area is a separate non-district reporting unit within Bahawalpur Division; not present in district_master_clean.csv; crop_share = percent of total cropped area (Table 6.5), rounded to integer in source; crop_area reported only for major crops (Table 1.0); season assigned per standard Punjab crop calendar, not a census-reported field; Report footnote: ""0"" = value less than 0.5; ""-"" = no value"
Cholistan Area,Maize (Rabi),,,Rabi,420665,2024,"Tables 6.5, 1.0","Cholistan Area is a separate non-district reporting unit within Bahawalpur Division; not present in district_master_clean.csv; crop_share = percent of total cropped area (Table 6.5), rounded to integer in source; crop_area reported only for major crops (Table 1.0); season assigned per standard Punjab crop calendar, not a census-reported field; Report footnote: ""0"" = value less than 0.5; ""-"" = no value"
Cholistan Area,Maize (Kharif),,,Kharif,420665,2024,"Tables 6.5, 1.0","Cholistan Area is a separate non-district reporting unit within Bahawalpur Division; not present in district_master_clean.csv; crop_share = percent of total cropped area (Table 6.5), rounded to integer in source; crop_area reported only for major crops (Table 1.0); season assigned per standard Punjab crop calendar, not a census-reported field; Report footnote: ""0"" = value less than 0.5; ""-"" = no value"
Cholistan Area,Jowar/Bajra/Gram,,0,Kharif+Rabi,420665,2024,"Tables 6.5, 1.0","Cholistan Area is a separate non-district reporting unit within Bahawalpur Division; not present in district_master_clean.csv; crop_share = percent of total cropped area (Table 6.5), rounded to integer in source; crop_area reported only for major crops (Table 1.0); season assigned per standard Punjab crop calendar, not a census-reported field; Report footnote: ""0"" = value less than 0.5; ""-"" = no value"
Cholistan Area,Barley,,0,Rabi,420665,2024,"Tables 6.5, 1.0","Cholistan Area is a separate non-district reporting unit within Bahawalpur Division; not present in district_master_clean.csv; crop_share = percent of total cropped area (Table 6.5), rounded to integer in source; crop_area reported only for major crops (Table 1.0); season assigned per standard Punjab crop calendar, not a census-reported field; Report footnote: ""0"" = value less than 0.5; ""-"" = no value"
Cholistan Area,Cotton,160236,38,Kharif,420665,2024,"Tables 6.5, 1.0","Cholistan Area is a separate non-district reporting unit within Bahawalpur Division; not present in district_master_clean.csv; crop_share = percent of total cropped area (Table 6.5), rounded to integer in source; crop_area reported only for major crops (Table 1.0); season assigned per standard Punjab crop calendar, not a census-reported field; Report footnote: ""0"" = value less than 0.5; ""-"" = no value"
Cholistan Area,Sugarcane,2599,1,Kharif+Rabi,420665,2024,"Tables 6.5, 1.0","Cholistan Area is a separate non-district reporting unit within Bahawalpur Division; not present in district_master_clean.csv; crop_share = percent of total cropped area (Table 6.5), rounded to integer in source; crop_area reported only for major crops (Table 1.0); season assigned per standard Punjab crop calendar, not a census-reported field; Report footnote: ""0"" = value less than 0.5; ""-"" = no value"
Cholistan Area,Tobacco,,,Rabi,420665,2024,"Tables 6.5, 1.0","Cholistan Area is a separate non-district reporting unit within Bahawalpur Division; not present in district_master_clean.csv; crop_share = percent of total cropped area (Table 6.5), rounded to integer in source; crop_area reported only for major crops (Table 1.0); season assigned per standard Punjab crop calendar, not a census-reported field; Report footnote: ""0"" = value less than 0.5; ""-"" = no value"
Cholistan Area,Oilseeds,,2,Kharif+Rabi,420665,2024,"Tables 6.5, 1.0","Cholistan Area is a separate non-district reporting unit within Bahawalpur Division; not present in district_master_clean.csv; crop_share = percent of total cropped area (Table 6.5), rounded to integer in source; crop_area reported only for major crops (Table 1.0); season assigned per standard Punjab crop calendar, not a census-reported field; Report footnote: ""0"" = value less than 0.5; ""-"" = no value"
Cholistan Area,Pulses,,0,Kharif+Rabi,420665,2024,"Tables 6.5, 1.0","Cholistan Area is a separate non-district reporting unit within Bahawalpur Division; not present in district_master_clean.csv; crop_share = percent of total cropped area (Table 6.5), rounded to integer in source; crop_area reported only for major crops (Table 1.0); season assigned per standard Punjab crop calendar, not a census-reported field; Report footnote: ""0"" = value less than 0.5; ""-"" = no value"
Cholistan Area,Fodders,21275,5,Kharif+Rabi,420665,2024,"Tables 6.5, 1.0","Cholistan Area is a separate non-district reporting unit within Bahawalpur Division; not present in district_master_clean.csv; crop_share = percent of total cropped area (Table 6.5), rounded to integer in source; crop_area reported only for major crops (Table 1.0); season assigned per standard Punjab crop calendar, not a census-reported field; Report footnote: ""0"" = value less than 0.5; ""-"" = no value"
Cholistan Area,Vegetables,,0,Kharif+Rabi,420665,2024,"Tables 6.5, 1.0","Cholistan Area is a separate non-district reporting unit within Bahawalpur Division; not present in district_master_clean.csv; crop_share = percent of total cropped area (Table 6.5), rounded to integer in source; crop_area reported only for major crops (Table 1.0); season assigned per standard Punjab crop calendar, not a census-reported field; Report footnote: ""0"" = value less than 0.5; ""-"" = no value"
Cholistan Area,Orchards,183,,Kharif+Rabi,420665,2024,"Tables 6.5, 1.0","Cholistan Area is a separate non-district reporting unit within Bahawalpur Division; not present in district_master_clean.csv; crop_share = percent of total cropped area (Table 6.5), rounded to integer in source; crop_area reported only for major crops (Table 1.0); season assigned per standard Punjab crop calendar, not a census-reported field; Report footnote: ""0"" = value less than 0.5; ""-"" = no value"
Cholistan Area,Other Crops,,1,Kharif+Rabi,420665,2024,"Tables 6.5, 1.0","Cholistan Area is a separate non-district reporting unit within Bahawalpur Division; not present in district_master_clean.csv; crop_share = percent of total cropped area (Table 6.5), rounded to integer in source; crop_area reported only for major crops (Table 1.0); season assigned per standard Punjab crop calendar, not a census-reported field; Report footnote: ""0"" = value less than 0.5; ""-"" = no value"
Cholistan Area,Maize (Total),111,,Kharif+Rabi,420665,2024,"Tables 6.5, 1.0","Cholistan Area is a separate non-district reporting unit within Bahawalpur Division; not present in district_master_clean.csv; crop_share = percent of total cropped area (Table 6.5), rounded to integer in source; crop_area reported only for major crops (Table 1.0); season assigned per standard Punjab crop calendar, not a census-reported field; Report footnote: ""0"" = value less than 0.5; ""-"" = no value"
Cholistan Area,Kharif Crops (Total),179557,,Kharif,420665,2024,"Tables 6.5, 1.0","Cholistan Area is a separate non-district reporting unit within Bahawalpur Division; not present in district_master_clean.csv; crop_share = percent of total cropped area (Table 6.5), rounded to integer in source; crop_area reported only for major crops (Table 1.0); season assigned per standard Punjab crop calendar, not a census-reported field; Report footnote: ""0"" = value less than 0.5; ""-"" = no value"
Cholistan Area,Rabi Crops (Total),240925,,Rabi,420665,2024,"Tables 6.5, 1.0","Cholistan Area is a separate non-district reporting unit within Bahawalpur Division; not present in district_master_clean.csv; crop_share = percent of total cropped area (Table 6.5), rounded to integer in source; crop_area reported only for major crops (Table 1.0); season assigned per standard Punjab crop calendar, not a census-reported field; Report footnote: ""0"" = value less than 0.5; ""-"" = no value"
Cholistan Area,Total Cropped Area,420665,,Kharif+Rabi,420665,2024,"Tables 6.5, 1.0","Cholistan Area is a separate non-district reporting unit within Bahawalpur Division; not present in district_master_clean.csv; crop_share = percent of total cropped area (Table 6.5), rounded to integer in source; crop_area reported only for major crops (Table 1.0); season assigned per standard Punjab crop calendar, not a census-reported field; Report footnote: ""0"" = value less than 0.5; ""-"" = no value"
