system:index,bare_km2,built_km2,crops_km2,district,flooded_vegetation_km2,grass_km2,month,shrub_and_scrub_km2,snow_and_ice_km2,trees_km2,water_km2,year,.geo
0_0001000000000000168f,214.066557410458,614.4117155177481,3924.866104613814,Attock District,50.27616565234813,13.72470457437722,1,1142.6262107390362,0.18665456813851408,688.7490835760702,156.2395608905338,2023,"{""type"":""MultiPoint"",""coordinates"":[]}"
0_00010000000000001690,1786.586326375863,399.7250057288791,6125.192549807521,Bahawalnagar District,10.182694253215896,1.1512378742918372,1,145.05223616309027,6.327293798327446,29.427997763517002,73.37948718209039,2023,"{""type"":""MultiPoint"",""coordinates"":[]}"
0_00010000000000001691,10743.178533371232,579.1234842368602,11627.44361537456,Bahawalpur District,2.443600195529414,0.9675423455881138,1,790.5689957871887,0.2771777706220746,191.26060285260354,32.49266466320146,2023,"{""type"":""MultiPoint"",""coordinates"":[]}"
0_00010000000000001692,2761.274794379403,659.4022604831697,4666.913430736779,Bhakkar District,0.3473841529339552,0.05093296151608229,1,261.8045565052981,113.93221712612784,86.22006057515084,38.24927155075997,2023,"{""type"":""MultiPoint"",""coordinates"":[]}"
0_00010000000000001693,89.75177415646611,579.9957344594575,3814.202225806349,Chakwal District,33.941338830857596,6.513776821778248,1,936.4242353584104,0.32513287899760057,1059.5689543410772,90.21827593577258,2023,"{""type"":""MultiPoint"",""coordinates"":[]}"
0_00010000000000001694,2579.8648734337594,593.5298265674609,4660.9488298596425,Dera Ghazi Khan District,38.18891281971671,0.9523100419663916,1,3274.818010566416,2.1192947952076793,362.0667981782234,280.6866364211611,2023,"{""type"":""MultiPoint"",""coordinates"":[]}"
0_00010000000000001695,77.59099092769492,846.6618172007668,4524.802362493465,Faisalabad District,8.134656196471084,1.677954469274218,1,41.466591610909234,13.564533789302498,382.5452349112496,50.98257018456272,2023,"{""type"":""MultiPoint"",""coordinates"":[]}"
0_00010000000000001696,76.98271283934294,385.2810891747365,3010.1581106291387,Gujranwala District,4.6623584145022665,2.5920440859106533,1,10.933807032244902,0.11082766107557451,42.5960356299528,86.15688155953059,2023,"{""type"":""MultiPoint"",""coordinates"":[]}"
0_00010000000000001697,49.08777831268369,463.06750150385005,2208.733295879955,Gujrat District,6.942869970702803,3.7331539874312045,1,86.05067546923152,0.12468770531316599,290.32110811772145,58.95820102036073,2023,"{""type"":""MultiPoint"",""coordinates"":[]}"
0_00010000000000001698,34.42338287713116,160.58514516792243,1955.1974157017385,Hafizabad District,5.8196789483959765,1.1321282871067524,1,8.473479097690797,0.43224743192321524,48.29637609207819,62.99832171797387,2023,"{""type"":""MultiPoint"",""coordinates"":[]}"
0_00010000000000001699,921.9749844855429,694.4885627162221,6640.095128403177,Jhang District,2.1009897024279423,4.6699054427444935,1,105.98596213275165,72.00350881969811,343.5876245781669,162.35158586494038,2023,"{""type"":""MultiPoint"",""coordinates"":[]}"
0_0001000000000000169a,114.25409231170572,308.12029276362756,1631.8614807342199,Jhelum District,34.42861108478232,5.418632444301073,1,611.7064326097932,2.90671782236108,789.8133227740979,117.55957399266315,2023,"{""type"":""MultiPoint"",""coordinates"":[]}"
0_0001000000000000169b,52.604108388930115,355.13033046209637,3368.5257999256723,Kasur District,1.4773286264389753,0.9549653039806906,1,31.30865042196477,1.943293487339043,139.73657310691974,36.44385918074232,2023,"{""type"":""MultiPoint"",""coordinates"":[]}"
0_0001000000000000169c,51.169419754033584,393.1786859334684,3673.8702980755734,Khanewal District,0.3597215094439247,1.0230746465826444,1,17.322904876871583,0.291033047930721,137.7136319873599,80.85492011613266,2023,"{""type"":""MultiPoint"",""coordinates"":[]}"
0_0001000000000000169d,1117.8488007259243,299.6013074140521,3429.184860427144,Khushab District,6.183234440352694,9.480111510788692,1,687.0639069110556,167.57451086566215,814.393448666494,68.14600421506546,2023,"{""type"":""MultiPoint"",""coordinates"":[]}"
0_0001000000000000169e,159.296695377338,588.2545449080019,913.6600206035865,Lahore District,0.7492277669373388,0.5183913856744766,1,20.517730725888967,0.0,26.681421306382354,18.334247509112544,2023,"{""type"":""MultiPoint"",""coordinates"":[]}"
0_0001000000000000169f,1491.2449962406254,504.0972483892177,3951.6535933085447,Layyah District,1.1012943806126714,0.7337759942985049,1,251.68249608173457,4.264826302102529,44.00351889644402,99.52471428377665,2023,"{""type"":""MultiPoint"",""coordinates"":[]}"
0_000100000000000016a0,28.540698401250093,249.41249629130917,2372.562602672686,Lodhran District,0.007558828526559998,0.03466935642063618,1,3.9736594315618277,0.025962387211620808,10.592202891909754,1.8991574210461741,2023,"{""type"":""MultiPoint"",""coordinates"":[]}"
0_000100000000000016a1,36.616597610971354,282.02726301893443,2180.682352006154,Mandi Bahauddin District,8.643913945566643,2.1831506370877225,1,29.45751802029417,0.32668926444854224,124.21346422880525,91.66661700969743,2023,"{""type"":""MultiPoint"",""coordinates"":[]}"
0_000100000000000016a2,628.5975664389593,495.70657779313257,3342.7462126899222,Mianwali District,55.12386818504435,5.343209551537739,1,839.681978877444,1.170681958835499,357.6614389879739,265.12632791119836,2023,"{""type"":""MultiPoint"",""coordinates"":[]}"
0_000100000000000016a3,146.12084076036788,510.11642942746704,2682.6993301810808,Multan District,0.04315115138888359,0.24008338409384677,1,5.240969100510519,0.15567056834697723,252.91553131044634,50.588179926219965,2023,"{""type"":""MultiPoint"",""coordinates"":[]}"
0_000100000000000016a4,628.4220503338594,863.394021343681,5496.971619431819,Muzaffargarh District,4.900485095568001,3.322006727568805,1,112.62948899418114,1.4635261857297783,253.4482462994681,323.4811192638515,2023,"{""type"":""MultiPoint"",""coordinates"":[]}"
0_000100000000000016a5,21.05501879585505,154.6355024157092,2087.5306227133374,Narowal District,0.28673952352255583,2.2485991603530504,1,9.437514525326883,0.016895931214094162,75.50989214103376,28.099588763246352,2023,"{""type"":""MultiPoint"",""coordinates"":[]}"
0_000100000000000016a6,48.03515050291796,286.16717228961414,3987.0522535421937,Okara District,0.12015675287693739,3.260751985134009,1,21.349336509738922,0.8236153936013579,66.8056290935104,23.96559041908705,2023,"{""type"":""MultiPoint"",""coordinates"":[]}"
0_000100000000000016a7,25.11159520087873,214.27792644274294,2612.2778386093783,Pakpattan District,0.0689083430916071,1.346160591075964,1,5.020757088528983,0.09466677065938711,9.454461823520706,16.410371089693815,2023,"{""type"":""MultiPoint"",""coordinates"":[]}"
0_000100000000000016a8,3607.811800652088,808.3172226239325,7647.8420182637155,Rahim Yar Khan District,12.77583996604982,2.5410861173279438,1,267.07078693093115,1.112023606206126,248.01311126332732,180.5305651214486,2023,"{""type"":""MultiPoint"",""coordinates"":[]}"
0_000100000000000016a9,4407.737985681218,324.7595234648854,5340.355157405953,Rajanpur District,12.383383118185927,1.6157348454546403,1,1811.4582340593504,3.3271998017843742,212.58127842216078,220.82912649754795,2023,"{""type"":""MultiPoint"",""coordinates"":[]}"
0_000100000000000016aa,57.849629244212,999.1473763377604,2144.7055101725036,Rawalpindi District,12.395269257144308,24.204145809522302,1,323.05075470859225,2.631724696412829,1488.2152669709137,70.74685730916613,2023,"{""type"":""MultiPoint"",""coordinates"":[]}"
0_000100000000000016ab,17.447520228880734,304.5027275797637,2807.907291314675,Sahiwal District,0.18664057025065026,0.9464002052431597,1,13.718308380636953,0.05140544753521681,67.26157903299466,16.45047629440167,2023,"{""type"":""MultiPoint"",""coordinates"":[]}"
0_000100000000000016ac,70.32302551886761,486.44924769267885,4506.441872444509,Sargodha District,4.199592959972135,3.035953957324519,1,29.547484329156575,0.6591702935998054,578.1774862555495,92.54565348126287,2023,"{""type"":""MultiPoint"",""coordinates"":[]}"
0_000100000000000016ad,91.47869688027775,478.3289148907488,4942.1400703137,Sheikhupura District,4.8343958877100075,5.771071158174205,1,29.855457320878756,5.06554018749545,176.055895242095,88.79609775402966,2023,"{""type"":""MultiPoint"",""coordinates"":[]}"
0_000100000000000016ae,52.29232194835648,335.2238856723642,2503.532768442482,Sialkot District,0.2940238267183304,3.9094399111089753,1,11.61067789243717,0.05037946440279484,103.64816647094183,55.24782377342674,2023,"{""type"":""MultiPoint"",""coordinates"":[]}"
0_000100000000000016af,18.63529573261884,294.0739901068018,2611.6688140892975,Toba Tek Singh District,0.8050823373318302,0.8143820536852467,1,29.92080384474978,0.7202917646835831,105.2058333019452,19.649018408909583,2023,"{""type"":""MultiPoint"",""coordinates"":[]}"
0_000100000000000016b0,39.415490713069104,421.3123341384618,3996.9498214596374,Vehari District,0.09376051399637671,0.319514237344265,1,9.143041183120188,1.0710824867162634,23.27537786723936,7.05960867018165,2023,"{""type"":""MultiPoint"",""coordinates"":[]}"
1_0001000000000000168f,407.59301796916,683.1220013325669,3351.1458118945397,Attock District,11.397622596348326,2.5477402002130654,2,1791.6527427234596,0.04152403865009546,441.03081704785717,116.61547973972985,2023,"{""type"":""MultiPoint"",""coordinates"":[]}"
1_00010000000000001690,2057.3729573946703,477.5747772363289,5916.347690626986,Bahawalnagar District,4.683174979873002,0.25098460726439953,2,57.1098863129924,0.00864430796355009,13.75439440182538,49.92231907889101,2023,"{""type"":""MultiPoint"",""coordinates"":[]}"
1_00010000000000001691,13653.84368089097,758.7474771568552,9124.861298103579,Bahawalpur District,3.8495361194562387,0.2173505937680602,2,258.39035857288786,0.09544808138161898,137.07669866820615,30.674368410276287,2023,"{""type"":""MultiPoint"",""coordinates"":[]}"
1_00010000000000001692,2543.3362254417484,545.287429888689,5058.046344153401,Bhakkar District,3.00031912419945,0.1696291398257017,2,245.09548492766913,0.008483996614813805,112.5515858011722,56.864237166769506,2023,"{""type"":""MultiPoint"",""coordinates"":[]}"
1_00010000000000001693,250.43483523013913,540.2780573165007,3208.7987927320687,Chakwal District,22.65024384356597,1.2985075218603015,2,1713.554957470393,0.0,805.8350874784385,68.09096699619994,2023,"{""type"":""MultiPoint"",""coordinates"":[]}"
1_00010000000000001694,3521.187076501033,484.3771208926743,4638.194593060071,Dera Ghazi Khan District,17.522374943746073,0.18041908785189484,2,2692.85765495778,0.2482419889420271,210.99346787385355,227.61454337760077,2023,"{""type"":""MultiPoint"",""coordinates"":[]}"
1_00010000000000001695,73.45326790297587,854.2224563106859,4906.785459572497,Faisalabad District,7.717601489114995,1.6875955555441917,2,22.87097878742817,0.0,37.16447035429598,43.52488181115511,2023,"{""type"":""MultiPoint"",""coordinates"":[]}"
1_00010000000000001696,46.4225768756377,429.93232853011983,3011.7627547349553,Gujranwala District,8.093710356384662,0.5564146302640438,2,10.308888811822616,0.07135175265298754,24.905605076724555,87.42023625787274,2023,"{""type"":""MultiPoint"",""coordinates"":[]}"
1_00010000000000001697,52.82033837100893,490.208143820924,2131.7864301614572,Gujrat District,5.630891564364235,3.4559916361582053,2,200.6537702094289,0.8213920364156366,223.0612618735936,58.58105229389872,2023,"{""type"":""MultiPoint"",""coordinates"":[]}"
1_00010000000000001698,21.11761136896471,142.3471717886846,1933.2420657367722,Hafizabad District,12.491597564193402,1.1327234302446538,2,6.437457832420134,0.0,93.99603972165826,66.59350787902287,2023,"{""type"":""MultiPoint"",""coordinates"":[]}"
1_00010000000000001699,852.9426163784652,673.9247097412378,7039.010759357144,Jhang District,2.1869662357494235,0.7311133295297623,2,49.83792985938125,0.00856658723205328,116.23898345172843,212.37660720520375,2023,"{""type"":""MultiPoint"",""coordinates"":[]}"
1_0001000000000000169a,133.57761346271224,304.80942232329403,1213.1049595847396,Jhelum District,18.64707603586801,4.675838766659738,2,1158.849919829006,0.0,682.2625554913253,100.14177104394662,2023,"{""type"":""MultiPoint"",""coordinates"":[]}"
1_0001000000000000169b,86.05675597678432,490.56363860404883,3283.7915806932083,Kasur District,1.0779179302427697,0.05970268230885267,2,18.547121579083157,0.008548910729587078,69.1812948343618,38.838347693317225,2023,"{""type"":""MultiPoint"",""coordinates"":[]}"
1_0001000000000000169c,65.147816213056,406.3221480132829,3665.499901518909,Khanewal District,0.5289758858800518,0.5462213543079355,2,19.26770848866333,0.01184638364642274,123.49432905451121,74.96474303514057,2023,"{""type"":""MultiPoint"",""coordinates"":[]}"
1_0001000000000000169d,1152.7139142939234,336.0451100609758,3427.191112857659,Khushab District,2.690399491439994,1.0495438094963045,2,907.0540057333623,0.06729386281222105,698.6585209135843,74.00628415328615,2023,"{""type"":""MultiPoint"",""coordinates"":[]}"
1_0001000000000000169e,118.12958782597573,712.1103615303326,851.2811021594915,Lahore District,0.1614918988198042,0.016986951231956482,2,11.423247387070283,0.0,11.98603340397936,22.903468426021146,2023,"{""type"":""MultiPoint"",""coordinates"":[]}"
1_0001000000000000169f,1385.3702716540834,464.0841311521097,4108.4834985771895,Layyah District,0.9819339094683528,0.07674485959623958,2,208.72305193406112,0.0,40.613718512069944,139.97311327877804,2023,"{""type"":""MultiPoint"",""coordinates"":[]}"
1_000100000000000016a0,76.48452777608352,340.59704178387267,2236.5868644309103,Lodhran District,0.007422633417973331,0.0,2,2.5968397138640285,0.03467876557260752,9.107341105578577,1.6342914726219926,2023,"{""type"":""MultiPoint"",""coordinates"":[]}"
1_000100000000000016a1,24.948230951655585,257.0325217385502,2214.723175684629,Mandi Bahauddin District,16.198782438708136,1.7231515694920925,2,30.178491370482188,0.0,101.55826429727249,109.45494769116972,2023,"{""type"":""MultiPoint"",""coordinates"":[]}"
1_000100000000000016a2,873.7065568757957,443.9370267041941,3086.4143678280034,Mianwali District,23.547956600098633,5.798463552379433,2,1048.8545600677749,0.23647819056595656,257.296519572401,246.94106762405562,2023,"{""type"":""MultiPoint"",""coordinates"":[]}"
1_000100000000000016a3,144.8957197524863,617.438011890847,2610.441243652217,Multan District,0.2184494598239076,0.0776049131527543,2,2.771185308895713,0.03460351936519146,217.93875538296993,54.30461193016345,2023,"{""type"":""MultiPoint"",""coordinates"":[]}"
1_000100000000000016a4,661.0827637634951,841.0836288430456,5483.53749289066,Muzaffargarh District,7.716247435272033,1.1924238875508308,2,148.03842820890026,0.07809538438039668,206.6890409401454,338.61444232227535,2023,"{""type"":""MultiPoint"",""coordinates"":[]}"
1_000100000000000016a5,9.461473574551444,187.28346154366196,1890.9641138132627,Narowal District,0.01670924174946313,0.21692325242740268,2,9.039347692922341,0.4092802368506205,257.4570144037406,23.972050210431807,2023,"{""type"":""MultiPoint"",""coordinates"":[]}"
1_000100000000000016a6,70.76472099965038,369.80689950440006,3940.244084970039,Okara District,0.0,0.03422310762107372,2,11.651547280242484,0.008573470637202263,11.798693749940425,33.270913406143734,2023,"{""type"":""MultiPoint"",""coordinates"":[]}"
1_000100000000000016a7,32.95139832872824,246.53228022266615,2579.845749817332,Pakpattan District,0.04309185408055782,0.017195027321577072,2,4.900766854232871,0.008604710921645164,2.9403430114628053,16.82325613282475,2023,"{""type"":""MultiPoint"",""coordinates"":[]}"
1_000100000000000016a8,3911.00013447653,804.6403117053136,7548.073474300427,Rahim Yar Khan District,14.519509680528998,0.3238351373001933,2,155.3008608715645,0.1657979702576995,165.02033518433714,176.97019521876734,2023,"{""type"":""MultiPoint"",""coordinates"":[]}"
1_000100000000000016a9,4973.414775387874,259.0175278056924,5248.086701239909,Rajanpur District,10.060273285699534,0.3390153618529439,2,1561.4937436415687,0.49489623078090306,95.13504598698414,187.00564435617812,2023,"{""type"":""MultiPoint"",""coordinates"":[]}"
1_000100000000000016aa,109.3480633850885,1119.1135868975816,1791.0889737382818,Rawalpindi District,8.089147403587898,6.854454059281623,2,804.4547853274381,0.057937415316700935,1332.333789509853,53.32762281230705,2023,"{""type"":""MultiPoint"",""coordinates"":[]}"
1_000100000000000016ab,27.58064263782957,347.51584710536486,2774.7656089463076,Sahiwal District,0.05310019437661942,0.9959714097244775,2,15.307244800075011,0.02571017201989889,49.74955103590208,12.478672752781389,2023,"{""type"":""MultiPoint"",""coordinates"":[]}"
1_000100000000000016ac,58.01160131806471,491.954313765952,4711.170886764373,Sargodha District,5.896025759785198,2.0236664433032274,2,40.679743311897504,0.0,359.89596145766984,101.7472881118749,2023,"{""type"":""MultiPoint"",""coordinates"":[]}"
1_000100000000000016ad,65.8544294749697,548.5692710103868,5058.361836925279,Sheikhupura District,0.8392814053770374,0.6650469088561687,2,15.89276767916174,0.0,35.41804733190175,96.72545889917689,2023,"{""type"":""MultiPoint"",""coordinates"":[]}"
1_000100000000000016ae,27.349960957902177,414.7046560992724,2313.7778289761504,Sialkot District,0.7970231102231672,0.7560760448339815,2,8.561042427596654,0.2535444101099582,248.52881698201543,51.08053839413412,2023,"{""type"":""MultiPoint"",""coordinates"":[]}"
1_000100000000000016af,28.959108752315394,298.0665074010982,2636.4110726177387,Toba Tek Singh District,0.30672946757472613,0.8801286410978612,2,26.68535060596963,0.14237639518345102,72.15874328927376,17.88349446977178,2023,"{""type"":""MultiPoint"",""coordinates"":[]}"
1_000100000000000016b0,131.03169974475807,522.5575596669834,3813.153285520539,Vehari District,0.060518210753798485,0.12977010197937489,2,6.413942988899846,0.11229895520955324,16.117088126318126,9.063867954325442,2023,"{""type"":""MultiPoint"",""coordinates"":[]}"
2_0001000000000000168f,746.8045159831461,612.682587298068,2845.2891191671033,Attock District,6.968463605810321,2.148339140553977,3,2050.04124798885,0.03324676305055618,425.82643015788244,115.35280743805949,2023,"{""type"":""MultiPoint"",""coordinates"":[]}"
2_00010000000000001690,2198.0948745999817,441.9730195755285,5811.224603793958,Bahawalnagar District,10.982616438530385,0.7715539043878807,3,48.65434357915439,0.0,18.367517324650258,46.95629973060579,2023,"{""type"":""MultiPoint"",""coordinates"":[]}"
2_00010000000000001691,14804.033278481,706.9598235004602,8053.89490894789,Bahawalpur District,3.9699004438650958,0.5208159517496824,3,233.76036788034168,0.0,124.75541793458969,39.8617034574861,2023,"{""type"":""MultiPoint"",""coordinates"":[]}"
2_00010000000000001692,2740.5561462149576,612.8125408671322,4904.763843605325,Bhakkar District,0.9993460710032606,0.03394597303122282,3,207.81759574345003,0.0,55.551646473386555,65.65984352285443,2023,"{""type"":""MultiPoint"",""coordinates"":[]}"
2_00010000000000001693,513.202856200466,477.6779122302565,2704.1535870266644,Chakwal District,12.830723776434567,6.31749520625773,3,2167.2875060736515,0.0,665.0653788896534,64.40598918578277,2023,"{""type"":""MultiPoint"",""coordinates"":[]}"
2_00010000000000001694,4554.952934650423,459.7398310821175,4256.858774765615,Dera Ghazi Khan District,8.103102498045008,0.6828789571300149,3,2168.39643478952,0.008622276596724987,128.7672195180922,215.66569414601528,2023,"{""type"":""MultiPoint"",""coordinates"":[]}"
2_00010000000000001695,101.23913231753178,898.2637172988381,4845.970916941597,Faisalabad District,2.3573609876829913,1.022866797633469,3,26.62584107023682,0.00850541703402996,26.16948639428353,45.76888455885882,2023,"{""type"":""MultiPoint"",""coordinates"":[]}"
2_00010000000000001696,32.06621061181467,445.0253202057718,3005.153903057349,Gujranwala District,7.551630124387642,0.4981343050432556,3,10.798341122477808,0.0,26.327822211866874,92.05250538772373,2023,"{""type"":""MultiPoint"",""coordinates"":[]}"
2_00010000000000001697,49.572725007876606,512.4705500285853,2056.645763659357,Gujrat District,2.65127898511276,6.627102488582478,3,294.4433970982027,0.0,177.94801164628464,66.66044305324847,2023,"{""type"":""MultiPoint"",""coordinates"":[]}"
2_00010000000000001698,31.609559848119382,152.05894962250457,1973.6775368534393,Hafizabad District,1.815349504351616,1.588009195124694,3,6.515198363239566,0.0,50.325689854991495,59.76788208018989,2023,"{""type"":""MultiPoint"",""coordinates"":[]}"
2_00010000000000001699,977.8821129130861,756.2142034506129,6941.146286572264,Jhang District,6.423268900019135,2.2377263212211282,3,69.85222146152793,0.0,48.916485734689324,144.5859467922509,2023,"{""type"":""MultiPoint"",""coordinates"":[]}"
2_0001000000000000169a,161.22524198463515,329.2831393102951,1078.222260276042,Jhelum District,9.276828672181743,12.989788061559347,3,1312.9923705145059,0.0,624.4107981351185,87.66872958321416,2023,"{""type"":""MultiPoint"",""coordinates"":[]}"
2_0001000000000000169b,82.23348832411655,471.10875030758916,3305.6069077850007,Kasur District,1.7167704735279958,0.19460899674278848,3,28.760849975538896,0.0,59.652334979939845,38.85119806162867,2023,"{""type"":""MultiPoint"",""coordinates"":[]}"
2_0001000000000000169c,88.70600769361664,490.4817470124064,3579.8062386498195,Khanewal District,0.5138924487008184,0.12891777511686087,3,19.65666081116845,0.0,82.76945593505002,93.72076962151948,2023,"{""type"":""MultiPoint"",""coordinates"":[]}"
2_0001000000000000169d,1463.0134059589716,404.58234741229785,3009.8219184777354,Khushab District,6.620883595808317,3.238238157014198,3,1101.9566808749423,0.0,543.5231532647329,66.71955743503628,2023,"{""type"":""MultiPoint"",""coordinates"":[]}"
2_0001000000000000169e,50.75403083258254,797.5487596960669,838.013574771616,Lahore District,0.4919995660181431,0.8259926511851303,3,12.193841046660994,0.0,7.785163867740216,20.398917151052576,2023,"{""type"":""MultiPoint"",""coordinates"":[]}"
2_0001000000000000169f,1461.2981505236096,502.16898517089294,4078.95866772168,Layyah District,1.7002163481076848,0.03416028153151274,3,118.21117876051542,0.0,22.163292906064466,163.77181216495512,2023,"{""type"":""MultiPoint"",""coordinates"":[]}"
2_000100000000000016a0,36.59152648197669,318.3205712293257,2296.310087255436,Lodhran District,0.0247451280663703,0.08663838263601065,3,4.630987993441522,0.0,8.635447352372255,2.449003858667086,2023,"{""type"":""MultiPoint"",""coordinates"":[]}"
2_000100000000000016a1,37.518093181657136,284.50147314311977,2230.680543851688,Mandi Bahauddin District,10.060277969353631,2.152113911644647,3,35.77049791788427,0.0,55.07510977906047,100.05945598755177,2023,"{""type"":""MultiPoint"",""coordinates"":[]}"
2_000100000000000016a2,1254.8469838312444,370.58744784946396,3007.11359567026,Mianwali District,16.713103645623605,4.43730559758842,3,938.7377184652962,0.0,160.42542908014178,238.2962782544285,2023,"{""type"":""MultiPoint"",""coordinates"":[]}"
2_000100000000000016a3,144.5424978982146,661.2738481886795,2631.387314387619,Multan District,0.11213720962405205,0.3702906081452966,3,2.283822534971085,0.0,153.79738815917685,54.35288682349172,2023,"{""type"":""MultiPoint"",""coordinates"":[]}"
2_000100000000000016a4,866.392634554963,1073.3629479707167,5063.738052713028,Muzaffargarh District,5.96946647827897,0.9062560107558966,3,112.40321851957444,0.008602313697338104,184.45036081351412,380.8010243011966,2023,"{""type"":""MultiPoint"",""coordinates"":[]}"
2_000100000000000016a5,10.275647682594316,240.27559751366067,2073.274180886011,Narowal District,0.09948908135879272,0.1832518484845173,3,12.627891345033605,0.0,19.360217400632944,22.724098211822707,2023,"{""type"":""MultiPoint"",""coordinates"":[]}"
2_000100000000000016a6,95.25517469982013,346.1109937720146,3929.230489684071,Okara District,0.3389835068042956,0.32570409029722214,3,21.152663422408786,0.0,13.13092679814527,32.03472051511281,2023,"{""type"":""MultiPoint"",""coordinates"":[]}"
2_000100000000000016a7,53.02067362216903,227.15724599084214,2576.6572168909593,Pakpattan District,0.12073749955743551,1.5149749074934744,3,4.015060050599277,0.0,3.885891010005977,17.690885987943588,2023,"{""type"":""MultiPoint"",""coordinates"":[]}"
2_000100000000000016a8,4792.70299717931,1034.1487467929867,6534.926703927545,Rahim Yar Khan District,10.4243710397834,0.24565690755844116,3,89.63443530080293,0.0,130.851097698349,183.0804456986889,2023,"{""type"":""MultiPoint"",""coordinates"":[]}"
2_000100000000000016a9,6323.616172569781,298.30895353991036,4399.40104376887,Rajanpur District,9.160466171753612,0.15713857766240835,3,1016.2261381608745,0.0,99.43696719669902,188.74074331098691,2023,"{""type"":""MultiPoint"",""coordinates"":[]}"
2_000100000000000016aa,106.03131909547555,1158.0991166939154,1573.5754344522259,Rawalpindi District,2.714968994617754,9.226615424947264,3,957.4951695146771,0.0,1370.2489028062714,47.27683356660692,2023,"{""type"":""MultiPoint"",""coordinates"":[]}"
2_000100000000000016ab,33.10781029004092,332.7812740835124,2781.416355338069,Sahiwal District,0.30106783788651226,0.5403747195377946,3,19.06283942375186,0.0,42.88881525275682,18.373812108826552,2023,"{""type"":""MultiPoint"",""coordinates"":[]}"
2_000100000000000016ac,90.20783605773877,563.6585195685866,4835.508767718381,Sargodha District,18.620339825241736,3.446579903163308,3,47.23105520574267,0.0,112.67390511261628,100.03248354145053,2023,"{""type"":""MultiPoint"",""coordinates"":[]}"
2_000100000000000016ad,62.85232320402694,589.1382418413995,4984.006979076404,Sheikhupura District,1.7205204992829,0.8312558031257461,3,18.036470100721893,0.0,71.88896754010052,93.85138157004965,2023,"{""type"":""MultiPoint"",""coordinates"":[]}"
2_000100000000000016ae,22.51303406951255,437.18065077880135,2512.9508804991146,Sialkot District,0.5996356007990007,0.999397465626837,3,9.372816644561501,0.0,30.665239114646663,51.527833229175535,2023,"{""type"":""MultiPoint"",""coordinates"":[]}"
2_000100000000000016af,46.60036668024738,324.4347998833649,2619.9795413280885,Toba Tek Singh District,0.19266767933891682,0.09452850767867822,3,24.870131433773423,0.0,42.36142432537369,22.96005180215864,2023,"{""type"":""MultiPoint"",""coordinates"":[]}"
2_000100000000000016b0,62.792039723858686,501.0951647042535,3892.6881070546306,Vehari District,0.1555220428854227,1.1452438824572693,3,6.668905532845825,0.0,21.86109570382053,12.233952625015494,2023,"{""type"":""MultiPoint"",""coordinates"":[]}"
3_0001000000000000168f,634.569416535529,623.2494955650476,2699.0444084468613,Attock District,1.6130161133686118,5.439368551246384,4,2328.942349278902,0.04155838955193758,402.0437717352501,110.20337292676902,2023,"{""type"":""MultiPoint"",""coordinates"":[]}"
3_00010000000000001690,2867.272072183829,373.3287484840581,5193.533211420418,Bahawalnagar District,13.567615002393723,1.0887779230251908,4,79.43823630370055,0.0,6.234465076478527,42.56170255289066,2023,"{""type"":""MultiPoint"",""coordinates"":[]}"
3_00010000000000001691,17866.63944147675,696.0025369775864,5051.481393501641,Bahawalpur District,1.3840839027920189,0.45215379633009434,4,214.92536933083895,0.0,95.9510501718039,40.92018743963802,2023,"{""type"":""MultiPoint"",""coordinates"":[]}"
3_00010000000000001692,4213.7029139573815,581.0816174522736,3432.480705797329,Bhakkar District,0.6439008424058557,0.22888805996626616,4,280.89014826384465,0.0,20.28495769999629,58.88177639794189,2023,"{""type"":""MultiPoint"",""coordinates"":[]}"
3_00010000000000001693,708.9684730316677,492.95639251564427,2532.1386510683556,Chakwal District,2.7432192322925903,7.0746481301153405,4,2045.0146893390036,0.0,759.2088021921212,62.83657307996615,2023,"{""type"":""MultiPoint"",""coordinates"":[]}"
3_00010000000000001694,5236.621400379926,403.23103137397953,3489.2012142758676,Dera Ghazi Khan District,19.99004763901672,15.100054269934109,4,2371.033242272863,0.0,58.44520308315096,199.5532993888154,2023,"{""type"":""MultiPoint"",""coordinates"":[]}"
3_00010000000000001695,147.69053307506894,948.8967732076476,4741.43952223309,Faisalabad District,1.7673985555475833,1.5536028677597642,4,51.04320501737735,0.0,6.608975150753909,48.4267016764511,2023,"{""type"":""MultiPoint"",""coordinates"":[]}"
3_00010000000000001696,26.52311984959113,437.90997963551723,3018.3368149322614,Gujranwala District,4.397860859999177,3.1795516698383817,4,12.681105185628812,0.0,21.20344942682879,95.2419854667695,2023,"{""type"":""MultiPoint"",""coordinates"":[]}"
3_00010000000000001697,46.65906918990407,512.6718934435105,2093.7981189572192,Gujrat District,5.0222636500848274,16.57079501916454,4,229.31774355957623,0.0,185.4697059056192,77.50968224217058,2023,"{""type"":""MultiPoint"",""coordinates"":[]}"
3_00010000000000001698,30.864236556314964,159.21753291340872,2011.8947821697586,Hafizabad District,0.6207413139259991,0.13347063503940315,4,9.448720710494502,0.0,5.848695726966595,59.32999529605185,2023,"{""type"":""MultiPoint"",""coordinates"":[]}"
3_00010000000000001699,1178.9213748344857,1023.37335675144,6487.815508216462,Jhang District,0.5290686804801226,0.7092505972832441,4,89.17280909228414,0.0,29.54465697537012,137.19222699786516,2023,"{""type"":""MultiPoint"",""coordinates"":[]}"
3_0001000000000000169a,184.16639064510593,335.13774526240485,1213.4107930531213,Jhelum District,4.221581024044722,13.922058431329388,4,1171.7326152707942,0.0,584.6682875777577,108.80968527299369,2023,"{""type"":""MultiPoint"",""coordinates"":[]}"
3_0001000000000000169b,96.51364554939609,421.6998485379688,3334.967942047352,Kasur District,1.3113734228682576,1.1376624376786981,4,36.618901809684786,0.0,48.801868438136346,47.07366666099897,2023,"{""type"":""MultiPoint"",""coordinates"":[]}"
3_0001000000000000169c,165.59959684662593,557.764767652582,3443.3588839510053,Khanewal District,0.4817405127573247,0.07735235150903463,4,25.83608970227195,0.0,69.3463411749651,93.31891775568036,2023,"{""type"":""MultiPoint"",""coordinates"":[]}"
3_0001000000000000169d,2262.2629650145514,362.4766925595592,2370.294587384643,Khushab District,2.3405659192369557,4.621461651014054,4,1065.6637400602006,0.008417528122663498,465.7986928231394,66.00906223607267,2023,"{""type"":""MultiPoint"",""coordinates"":[]}"
3_0001000000000000169e,63.344594247259344,753.52466361549,856.4848345392878,Lahore District,0.8322051238633839,4.2264466473430975,4,22.178643194531254,0.0,6.629474259938533,20.79141795520908,2023,"{""type"":""MultiPoint"",""coordinates"":[]}"
3_0001000000000000169f,2208.523207248185,620.2211940684996,3213.5473240337146,Layyah District,1.0840090662240982,0.8270679299737893,4,149.24409409142373,0.0,15.5931538405956,139.2664135987414,2023,"{""type"":""MultiPoint"",""coordinates"":[]}"
3_000100000000000016a0,102.8799875460419,329.2545705635138,2215.0084778775185,Lodhran District,0.0,0.06928411219269037,4,10.815179156325756,0.0,6.6506133135846435,2.370895112744149,2023,"{""type"":""MultiPoint"",""coordinates"":[]}"
3_000100000000000016a1,32.96719077696621,311.57717747835477,2223.5619886206027,Mandi Bahauddin District,6.133915022282186,3.2389506010996065,4,29.368742880342054,0.0,42.79675779686693,106.17284256544549,2023,"{""type"":""MultiPoint"",""coordinates"":[]}"
3_000100000000000016a2,1414.228075982046,418.1010828896846,2520.6707706753605,Mianwali District,45.851522296981194,3.404515654725187,4,1199.7145434448862,0.008347911760210991,145.57985838182339,243.5991451567806,2023,"{""type"":""MultiPoint"",""coordinates"":[]}"
3_000100000000000016a3,261.5048593413633,693.238332984476,2493.2580048789946,Multan District,0.06029114406555891,0.7920514717698097,4,19.22191886084118,0.0,130.1805809643156,49.86414616409616,2023,"{""type"":""MultiPoint"",""coordinates"":[]}"
3_000100000000000016a4,1440.8002517592272,1369.7896635145094,4131.7831827262935,Muzaffargarh District,7.1305459672877305,4.791493583470583,4,237.72273514272612,0.008602313697338104,146.24781949410544,349.7582691744079,2023,"{""type"":""MultiPoint"",""coordinates"":[]}"
3_000100000000000016a5,14.514480696454205,202.76469853897672,2022.1462797655083,Narowal District,2.454981309380017,23.106886723560883,4,56.09982229695089,0.0,31.818694313195554,25.914530325571405,2023,"{""type"":""MultiPoint"",""coordinates"":[]}"
3_000100000000000016a6,99.12864768728612,355.72254310750634,3901.8887514448516,Okara District,0.8927304885843221,0.11144192796200514,4,32.03308943338766,0.0,9.462792667863415,38.3396597312325,2023,"{""type"":""MultiPoint"",""coordinates"":[]}"
3_000100000000000016a7,56.43285919595145,266.1142278579374,2526.175272496893,Pakpattan District,0.09479513578116894,0.04248201467242895,4,10.008293533069539,0.0,1.8734018942341208,23.32135383103262,2023,"{""type"":""MultiPoint"",""coordinates"":[]}"
3_000100000000000016a8,5765.43266527019,1065.2188632764357,5556.244859943827,Rahim Yar Khan District,8.976022798228351,0.3951268653440125,4,70.4752710666471,0.03513352386653423,145.19270368124924,164.04380811923645,2023,"{""type"":""MultiPoint"",""coordinates"":[]}"
3_000100000000000016a9,7511.264090026924,290.2212835914838,3318.1180298068766,Rajanpur District,3.4358577989041805,13.741571398451924,4,982.3962947762956,0.0,37.05331183411546,178.81718406348543,2023,"{""type"":""MultiPoint"",""coordinates"":[]}"
3_000100000000000016aa,134.23642512709267,1155.2365513881816,1578.6972306990522,Rawalpindi District,1.2527914405672573,13.888724462845015,4,995.4743108793035,0.0,1300.800073554192,45.08225299750327,2023,"{""type"":""MultiPoint"",""coordinates"":[]}"
3_000100000000000016ab,54.87733671514355,370.48595794216527,2726.682276296222,Sahiwal District,0.49550525010289515,0.5061153818067967,4,18.983620482394656,0.0,35.75010737564195,20.691429610904677,2023,"{""type"":""MultiPoint"",""coordinates"":[]}"
3_000100000000000016ac,87.72251132483794,594.7806876416773,4910.820376676622,Sargodha District,2.7602996975183487,1.7147668412028283,4,38.327518554667336,0.0,24.058854918963476,111.19447127743167,2023,"{""type"":""MultiPoint"",""coordinates"":[]}"
3_000100000000000016ad,68.5196537952651,575.5169073843743,4998.385861100301,Sheikhupura District,7.696130482403233,8.81477625674623,4,32.60970647222564,0.0,31.58283849453517,99.20026564926056,2023,"{""type"":""MultiPoint"",""coordinates"":[]}"
3_000100000000000016ae,19.542795052076233,443.7778328393385,2453.0156193842713,Sialkot District,6.379352162584809,28.70988761893309,4,17.733551547201532,0.0,40.345227919887826,56.305220877945274,2023,"{""type"":""MultiPoint"",""coordinates"":[]}"
3_000100000000000016af,74.31608445822972,356.022328947868,2545.9870268960717,Toba Tek Singh District,0.7360395410700755,0.31738031663950167,4,34.1579984995993,0.0,41.30609447042658,28.65055851011957,2023,"{""type"":""MultiPoint"",""coordinates"":[]}"
3_000100000000000016b0,99.5124664781469,572.223008498082,3792.321777021808,Vehari District,0.0,0.12958230823278427,4,13.735800571253927,0.0,8.34554018378623,12.37185620845606,2023,"{""type"":""MultiPoint"",""coordinates"":[]}"
4_0001000000000000168f,1132.1827356462059,544.6373055556132,2498.908299282803,Attock District,2.4450278755094783,3.4060459225785498,5,2207.091129102434,0.02493505086749792,310.59741529606504,105.8538638104484,2023,"{""type"":""MultiPoint"",""coordinates"":[]}"
4_00010000000000001690,5194.370128790957,295.0090439281189,2991.8594364200694,Bahawalnagar District,1.8924455186352134,0.5959338052198291,5,26.906741812222588,0.017245705239474773,2.853280605810384,63.520572360520994,2023,"{""type"":""MultiPoint"",""coordinates"":[]}"
4_00010000000000001691,21360.05060554247,499.07689942531283,1900.8396491470294,Bahawalpur District,0.13899767678231,0.2248420346382202,5,95.37318491401041,0.0,77.18115546401663,34.870882393120255,2023,"{""type"":""MultiPoint"",""coordinates"":[]}"
4_00010000000000001692,5456.831755464005,613.1172243772257,2286.822793352224,Bhakkar District,0.05087016895413399,0.23772447928786278,5,144.910718432697,0.0,14.151585750694514,72.07223644605016,2023,"{""type"":""MultiPoint"",""coordinates"":[]}"
4_00010000000000001693,1038.904734314306,448.4735587218047,2184.018027048697,Chakwal District,5.276712327560081,4.899873547665044,5,2271.249953863455,0.0,602.2968595167695,55.82172924890822,2023,"{""type"":""MultiPoint"",""coordinates"":[]}"
4_00010000000000001694,5980.150482958848,425.165110423321,2981.7411299078894,Dera Ghazi Khan District,2.745940730907023,100.06273428494951,5,2020.9107258490599,0.0,73.50032118725062,208.89904734132918,2023,"{""type"":""MultiPoint"",""coordinates"":[]}"
4_00010000000000001695,309.26224816270616,947.4477106314224,4609.560308834951,Faisalabad District,0.3055356154218316,0.3917393619194627,5,33.18458982126459,0.00848584808409214,4.743233634765242,42.52285987316248,2023,"{""type"":""MultiPoint"",""coordinates"":[]}"
4_00010000000000001696,101.9450429842241,436.05141159429706,2931.3139930521993,Gujranwala District,5.383401094811658,1.6839407843008054,5,12.647374204338035,0.0,18.754182847337248,111.69452046492665,2023,"{""type"":""MultiPoint"",""coordinates"":[]}"
4_00010000000000001697,50.19413022682728,485.6840292574509,2101.5532213945085,Gujrat District,3.6081312315648093,15.567388554728208,5,261.7114888306416,0.00840756669640541,165.4531047599025,83.23937014492923,2023,"{""type"":""MultiPoint"",""coordinates"":[]}"
4_00010000000000001698,142.93595834717738,159.0701584733804,1873.8741022411625,Hafizabad District,1.098128936253488,0.7967894204216552,5,13.568700356529478,0.008435645140707493,6.256064740108217,79.74983716178684,2023,"{""type"":""MultiPoint"",""coordinates"":[]}"
4_00010000000000001699,1664.4033544482772,1188.151276123783,5778.540020002596,Jhang District,1.2932673208415508,0.4101119451224804,5,46.362016128189865,0.0,27.336005550871292,240.7622006259895,2023,"{""type"":""MultiPoint"",""coordinates"":[]}"
4_0001000000000000169a,285.56399549204565,330.6121369456434,1108.8444712362273,Jhelum District,7.446275697703308,10.12041650782248,5,1358.4486156220128,0.008405257016420364,393.28143403094407,121.74340574813675,2023,"{""type"":""MultiPoint"",""coordinates"":[]}"
4_0001000000000000169b,264.28916360312235,431.96852617874447,3176.2113892659686,Kasur District,0.3480089345618206,0.8078303716930688,5,19.009642489795006,0.008536198176443577,44.404324791799574,51.07748707022299,2023,"{""type"":""MultiPoint"",""coordinates"":[]}"
4_0001000000000000169c,912.113695216964,455.1097339905763,2804.3935368620414,Khanewal District,0.12864524591714144,0.06076973216498599,5,16.911867366829775,0.0,63.50092184042522,103.56451969247897,2023,"{""type"":""MultiPoint"",""coordinates"":[]}"
4_0001000000000000169d,2702.0599080532093,330.6620818025158,1987.7127815597162,Khushab District,3.0965236397460103,5.507049022903484,5,1037.8292994430944,0.0,426.0501533243768,106.55838833097735,2023,"{""type"":""MultiPoint"",""coordinates"":[]}"
4_0001000000000000169e,175.17754107571628,704.7356468840853,806.3617425344224,Lahore District,0.33147844579070807,2.7215353808310976,5,14.214610189677892,0.0,4.002333798073232,20.46739127432526,2023,"{""type"":""MultiPoint"",""coordinates"":[]}"
4_0001000000000000169f,3100.2027071200055,594.1952406209509,2387.996765169504,Layyah District,0.1961487140506506,0.17912413086742163,5,83.16046347627598,0.0,6.808002697413459,175.5680119482874,2023,"{""type"":""MultiPoint"",""coordinates"":[]}"
4_000100000000000016a0,1217.0135473312848,215.14888877318262,1217.6475154104987,Lodhran District,0.017336123622953892,0.08664312027394772,5,5.307910825965889,0.0,4.4565846740797745,7.370581423012795,2023,"{""type"":""MultiPoint"",""coordinates"":[]}"
4_000100000000000016a1,36.73501915688096,351.85023780497625,2159.0023300635644,Mandi Bahauddin District,6.8725697280108635,3.9875569438087006,5,30.217400364581422,0.0,45.06993570282835,122.08251597730845,2023,"{""type"":""MultiPoint"",""coordinates"":[]}"
4_000100000000000016a2,2019.6480230297022,397.7191607551174,2027.4977854648203,Mianwali District,13.434076927620552,6.342210086734564,5,1104.429160932349,0.016773481853306293,178.72775705321598,243.34291466263437,2023,"{""type"":""MultiPoint"",""coordinates"":[]}"
4_000100000000000016a3,1043.6620122675251,543.3887617216828,1894.9443483421542,Multan District,0.01723487488925457,0.835278176702559,5,3.032498121133768,0.0,100.95873051100939,61.281321794824564,2023,"{""type"":""MultiPoint"",""coordinates"":[]}"
4_000100000000000016a4,3034.09405599651,1336.786673396281,2691.9770947190113,Muzaffargarh District,2.185194377787411,2.2531018599904344,5,158.19434130853955,0.008615124970674515,83.51979026434688,379.0136966282867,2023,"{""type"":""MultiPoint"",""coordinates"":[]}"
4_000100000000000016a5,35.68261794298888,225.01685578396507,2036.6902772364806,Narowal District,0.2855184055353497,0.9950412306204146,5,35.24121071450485,0.0,21.252670268871476,23.656182386631187,2023,"{""type"":""MultiPoint"",""coordinates"":[]}"
4_000100000000000016a6,380.72492031666144,393.0944378800216,3576.0834694886976,Okara District,0.11172699369490147,0.042907748371362686,5,20.174468464630788,0.0,8.449338980983285,58.89838661561336,2023,"{""type"":""MultiPoint"",""coordinates"":[]}"
4_000100000000000016a7,249.50857356877668,295.5509190821692,2292.196886558458,Pakpattan District,0.017227938398718834,0.01723217125982046,5,5.478562672812418,0.0,1.4006995083764195,39.89258445931927,2023,"{""type"":""MultiPoint"",""coordinates"":[]}"
4_000100000000000016a8,8392.911823425758,963.7774166870314,3086.943292259714,Rahim Yar Khan District,4.852408569894147,0.6481765450361897,5,37.367470730132624,0.008759844116866589,118.2095645142427,171.2955419690988,2023,"{""type"":""MultiPoint"",""coordinates"":[]}"
4_000100000000000016a9,9625.549905298098,202.32760528113474,1587.9548576643074,Rajanpur District,1.4024546863511205,28.950827240074673,5,728.0462757885638,0.0,40.52474486575846,120.29095247224996,2023,"{""type"":""MultiPoint"",""coordinates"":[]}"
4_000100000000000016aa,198.0762972674314,1092.8498560175187,1488.0087107864554,Rawalpindi District,0.8977768053501552,19.49097047308277,5,1298.7206691747529,0.0,1081.1984107347682,45.425669289376664,2023,"{""type"":""MultiPoint"",""coordinates"":[]}"
4_000100000000000016ab,191.17407842533407,368.75366524240985,2602.7143375177675,Sahiwal District,0.017899046860197013,0.13077822010964155,5,10.208605712155501,0.0,36.890552491121284,18.582432398623695,2023,"{""type"":""MultiPoint"",""coordinates"":[]}"
4_000100000000000016ac,199.65493076902027,651.7719973576603,4694.726934034908,Sargodha District,3.806281974243329,2.0284747616807914,5,54.2999118844668,0.0,43.214522380334344,121.87643377060692,2023,"{""type"":""MultiPoint"",""coordinates"":[]}"
4_000100000000000016ad,515.5560699364829,553.0308947246449,4594.865882553821,Sheikhupura District,1.6104683349529902,0.7663473667065595,5,28.480226675179953,0.008470442146062851,24.780320935064527,103.2274586661116,2023,"{""type"":""MultiPoint"",""coordinates"":[]}"
4_000100000000000016ae,30.47210752191205,472.1239027505193,2442.8962307392017,Sialkot District,1.6205458497774659,12.3959975817186,5,17.57632140635203,0.0,31.738417651095222,56.985963901661925,2023,"{""type"":""MultiPoint"",""coordinates"":[]}"
4_000100000000000016af,204.00984073750968,388.94177579247554,2415.329614997403,Toba Tek Singh District,0.05932448224767166,0.14377365671098233,5,13.08640298708251,0.0,39.2854880217061,20.637290964889175,2023,"{""type"":""MultiPoint"",""coordinates"":[]}"
4_000100000000000016b0,521.171870386447,595.7286142553805,3339.4471023030173,Vehari District,0.0,0.07769772224128246,5,10.348570521756569,0.0,8.336719177579324,23.529456903343544,2023,"{""type"":""MultiPoint"",""coordinates"":[]}"
5_0001000000000000168f,2367.1221361533867,564.8565529329777,1650.3090999125227,Attock District,0.3822685508057475,2.5754755888499465,6,1765.8483786257714,0.008311626501381397,346.0477726805773,107.99676147113173,2023,"{""type"":""MultiPoint"",""coordinates"":[]}"
5_00010000000000001690,4572.313425101112,448.6999615301725,3371.613703234461,Bahawalnagar District,22.678647708819778,4.763295303098857,6,42.02839665747083,0.26918337866663933,20.724795042796462,93.93342099019564,2023,"{""type"":""MultiPoint"",""coordinates"":[]}"
5_00010000000000001691,20206.47877264018,545.831290551538,2916.1601409962373,Bahawalpur District,1.3033130941912532,2.65417467583263,6,132.34563210468156,0.0,117.11289016181128,45.8700023729208,2023,"{""type"":""MultiPoint"",""coordinates"":[]}"
5_00010000000000001692,6590.4655786272215,437.79477362874536,1339.6371081566988,Bhakkar District,0.13536183256655931,1.2810284698783767,6,79.40202911849701,0.0,44.337098876036265,95.14192976149566,2023,"{""type"":""MultiPoint"",""coordinates"":[]}"
5_00010000000000001693,2014.0504120312996,527.1536732315469,1547.1099835770608,Chakwal District,1.096450732089579,1.3623249211111197,6,1936.5957775662635,0.07519091572612524,529.1839318086193,54.31370380544926,2023,"{""type"":""MultiPoint"",""coordinates"":[]}"
5_00010000000000001694,8246.286034917208,313.6261069765387,1139.0432761666784,Dera Ghazi Khan District,2.473152719438076,93.20816894775511,6,1607.7867852684772,0.0,144.85866259459556,245.89330509286376,2023,"{""type"":""MultiPoint"",""coordinates"":[]}"
5_00010000000000001695,1388.4449857265197,1448.6254667689004,2986.38701888328,Faisalabad District,0.6031166044995189,0.33031682555070696,6,8.14496503800665,0.0,45.36763848495469,69.52320345198626,2023,"{""type"":""MultiPoint"",""coordinates"":[]}"
5_00010000000000001696,1104.427801608842,512.8227429248392,1275.8336230471984,Gujranwala District,11.911034084191801,2.0164005700206635,6,15.13464750426584,0.03377681877464056,32.32987991293856,664.9639605553638,2023,"{""type"":""MultiPoint"",""coordinates"":[]}"
5_00010000000000001697,172.26322532917794,548.0391633553613,1948.9102952119695,Gujrat District,2.0252331305696973,8.940458781231998,6,158.84095861892425,0.0,227.44895732698268,100.5509802130325,2023,"{""type"":""MultiPoint"",""coordinates"":[]}"
5_00010000000000001698,1213.5629176933755,272.6606095055154,491.9462622569181,Hafizabad District,3.134351240514832,0.40539005640894177,6,3.309365883034965,0.0,13.343049334146668,278.996229352046,2023,"{""type"":""MultiPoint"",""coordinates"":[]}"
5_00010000000000001699,3883.1945232613666,2077.852875356252,2563.2868952451163,Jhang District,1.0629143677651882,0.9391484180355774,6,23.870766504152733,0.0,97.53526591735654,299.51586307562593,2023,"{""type"":""MultiPoint"",""coordinates"":[]}"
5_0001000000000000169a,657.5955122073053,428.19309589297086,962.9444544334549,Jhelum District,3.1287590432839067,7.670814497177215,6,1038.4260791142376,0.0,404.1296975866946,113.9807437624271,2023,"{""type"":""MultiPoint"",""coordinates"":[]}"
5_0001000000000000169b,955.2236846598341,727.273439097872,1757.6276538259515,Kasur District,1.8356324012665186,4.356363884180638,6,12.542166844503406,0.0,249.94620284923516,279.31976534124175,2023,"{""type"":""MultiPoint"",""coordinates"":[]}"
5_0001000000000000169c,1147.7138423037882,609.3920460519691,2387.0806465678065,Khanewal District,0.14588676486164331,1.6188117080276796,6,7.516126164896231,0.0,92.05857655457496,110.25775383147321,2023,"{""type"":""MultiPoint"",""coordinates"":[]}"
5_0001000000000000169d,3297.496934153764,430.74922270987037,1662.2427542567505,Khushab District,0.6575641296803951,3.484649352897324,6,697.9315071650067,0.008405669592320919,409.36505119478073,97.5400965441968,2023,"{""type"":""MultiPoint"",""coordinates"":[]}"
5_0001000000000000169e,333.3013765227488,766.3810700226395,457.776620174371,Lahore District,1.1270076532318605,3.4576236556850226,6,12.142884916165734,0.0,61.39920975055691,92.42648688752354,2023,"{""type"":""MultiPoint"",""coordinates"":[]}"
5_0001000000000000169f,4013.6005225140684,489.875207310075,1537.388561514987,Layyah District,0.9216444930061698,2.3155632474733627,6,39.587239658565935,0.0,46.464854625827975,218.1528705133527,2023,"{""type"":""MultiPoint"",""coordinates"":[]}"
5_000100000000000016a0,899.8316111442213,227.09438335971507,1518.232192348148,Lodhran District,0.017273583449423313,1.022502227916437,6,1.8717389027861988,0.0,8.879964223390846,10.099341892294,2023,"{""type"":""MultiPoint"",""coordinates"":[]}"
5_000100000000000016a1,272.61268368894787,536.1980636915777,1711.7094665286372,Mandi Bahauddin District,2.044552246758751,2.2694827930855688,6,18.335544548180028,0.0,50.60079392021266,162.04697832456043,2023,"{""type"":""MultiPoint"",""coordinates"":[]}"
5_000100000000000016a2,3368.968592006089,372.129722695195,923.6559816886066,Mianwali District,14.352174613763596,6.966559597031743,6,835.8742870625658,0.0,182.81794771901602,286.39259701177997,2023,"{""type"":""MultiPoint"",""coordinates"":[]}"
5_000100000000000016a3,1507.8714503738004,560.0519104740381,1335.7939548988004,Multan District,0.03453731071203947,1.8988402101412123,6,1.223182199953818,0.0,173.7566387122168,67.48967163025894,2023,"{""type"":""MultiPoint"",""coordinates"":[]}"
5_000100000000000016a4,3964.574996511119,1003.6434897033789,1939.943167286096,Muzaffargarh District,1.4773258516820622,7.103970939454202,6,77.75240628872358,0.0,277.7520515048877,415.7851555903826,2023,"{""type"":""MultiPoint"",""coordinates"":[]}"
5_000100000000000016a5,444.58783726709373,224.43316307961575,1522.42680942468,Narowal District,11.587550446891465,8.377788727357983,6,13.452478803672335,0.0,33.85931574515268,120.09543047513375,2023,"{""type"":""MultiPoint"",""coordinates"":[]}"
5_000100000000000016a6,1010.5604239378673,681.1198981542578,2480.6020486691127,Okara District,0.361748419000822,1.4490352268787283,6,12.903169022694083,0.008585945703089237,55.064854814459146,195.50989229870123,2023,"{""type"":""MultiPoint"",""coordinates"":[]}"
5_000100000000000016a7,440.74154642332053,402.9224888140445,1960.2450749374857,Pakpattan District,0.07982526167350656,0.5207876355807279,6,2.6804980081268677,0.0,8.072351435188422,68.80011344415081,2023,"{""type"":""MultiPoint"",""coordinates"":[]}"
5_000100000000000016a8,7473.618766508833,855.0897609601092,4107.403615542023,Rahim Yar Khan District,1.5582906986166742,4.492118819773782,6,16.630437850714753,0.06140016112476587,125.64876385887392,191.51130014495817,2023,"{""type"":""MultiPoint"",""coordinates"":[]}"
5_000100000000000016a9,9530.240420000691,220.1969287067944,1710.596738444086,Rajanpur District,2.800553662702441,23.365668185285347,6,545.9352191655147,0.0,99.55884305636454,202.35325207509757,2023,"{""type"":""MultiPoint"",""coordinates"":[]}"
5_000100000000000016aa,500.8207952589747,1189.6295632720248,1348.5762298413533,Rawalpindi District,0.1778517335799395,21.690951370922665,6,947.8385209075628,0.0,1164.0576612860148,51.876786878303285,2023,"{""type"":""MultiPoint"",""coordinates"":[]}"
5_000100000000000016ab,538.256254959384,564.9428693148618,2039.0814083349364,Sahiwal District,0.017153020948171616,0.30267350397565784,6,3.033207679371916,0.0,52.079429722741686,30.75935251816157,2023,"{""type"":""MultiPoint"",""coordinates"":[]}"
5_000100000000000016ac,1086.8713191043,1195.0251838712898,3261.90419869886,Sargodha District,1.0128228105604649,0.5715587225651333,6,22.152728749282073,0.0,43.83748180826433,160.00419316779747,2023,"{""type"":""MultiPoint"",""coordinates"":[]}"
5_000100000000000016ad,2810.8854617575,812.4065058094429,1646.5390498587644,Sheikhupura District,14.07385912669786,3.5022048281030913,6,16.646487545477704,0.008474240079522133,84.4125670510143,433.85152941803074,2023,"{""type"":""MultiPoint"",""coordinates"":[]}"
5_000100000000000016ae,490.0386484146776,528.8842632170729,1740.9219553893795,Sialkot District,28.59802530670137,12.830679369173652,6,21.54249730670423,0.0084327831864357,74.93422387835807,168.0507617369842,2023,"{""type"":""MultiPoint"",""coordinates"":[]}"
5_000100000000000016af,962.2509081117807,590.7398249343513,1443.98399366323,Toba Tek Singh District,0.04290192574262619,0.31734691094607115,6,2.9085752113265735,0.0,53.09235311690716,28.157607765740476,2023,"{""type"":""MultiPoint"",""coordinates"":[]}"
5_000100000000000016b0,735.8289073718568,715.7648210893586,2988.8832512402937,Vehari District,0.10284661527576984,0.9790692318450003,6,5.407766281349549,0.0,22.168236235879803,29.50513320390646,2023,"{""type"":""MultiPoint"",""coordinates"":[]}"
6_0001000000000000168f,1147.9094141510955,1046.211280460309,2373.2847742352014,Attock District,2.584839203267121,27.34239489414601,7,1198.084152460668,0.176457501400043,839.177044071867,163.65705790161795,2023,"{""type"":""MultiPoint"",""coordinates"":[]}"
6_00010000000000001690,3183.5496739397117,620.2989563293207,3644.4500346644318,Bahawalnagar District,36.33743393083705,38.18096082664515,7,59.053259168565276,1.9127395529628675,354.8897244784945,567.4720678097697,2023,"{""type"":""MultiPoint"",""coordinates"":[]}"
6_00010000000000001691,18548.879760838565,641.4547891084251,3972.566946811413,Bahawalpur District,4.347030753916239,16.242668159645707,7,264.33673258146234,1.1219891225919127,383.4673841794112,122.01802335244912,2023,"{""type"":""MultiPoint"",""coordinates"":[]}"
6_00010000000000001692,5655.501321376709,670.8145886375039,1795.4104990173169,Bhakkar District,6.126043674225609,5.390172358930988,7,118.516961895963,0.1358819343149662,175.43769926172044,160.86174031445645,2023,"{""type"":""MultiPoint"",""coordinates"":[]}"
6_00010000000000001693,1009.8128294897102,407.4825306539224,1892.304623857268,Chakwal District,2.06734230928123,16.157234157329682,7,993.3414815908299,1.0392388934269547,613.0637322857426,60.42986066317295,2023,"{""type"":""MultiPoint"",""coordinates"":[]}"
6_00010000000000001694,6879.807638118771,328.58377900949375,1547.7139398430854,Dera Ghazi Khan District,24.690109344831136,138.13920046351484,7,1694.6343096028359,0.7166249629073576,399.825175875031,621.1375583061327,2023,"{""type"":""MultiPoint"",""coordinates"":[]}"
6_00010000000000001695,863.6895633009024,1022.5623909271377,2842.9046923089736,Faisalabad District,8.355391461303569,5.330645578705212,7,5.638732697299736,2.1295663148456927,36.20454599118481,231.4159412463178,2023,"{""type"":""MultiPoint"",""coordinates"":[]}"
6_00010000000000001696,48.5536051740322,406.0368025014104,1092.332137070852,Gujranwala District,101.24367497866865,109.11564701479296,7,4.236698332903724,0.09277003072202206,46.617001779567374,1780.1598121614509,2023,"{""type"":""MultiPoint"",""coordinates"":[]}"
6_00010000000000001697,139.0475868866505,429.3273470862239,1686.3893772277029,Gujrat District,93.86208665785472,97.87305264309343,7,67.97869245727345,0.08386911265552044,263.15459435826864,246.8811424480094,2023,"{""type"":""MultiPoint"",""coordinates"":[]}"
6_00010000000000001698,353.77665340002693,205.22656669431163,575.0250735386512,Hafizabad District,38.33441445484904,17.238250371788208,7,4.3870948278290385,0.025307479314506054,30.116789685781388,987.6792956771549,2023,"{""type"":""MultiPoint"",""coordinates"":[]}"
6_00010000000000001699,2990.5690107063724,1667.2711465747373,2855.493185836909,Jhang District,9.82466406788969,18.505489791692327,7,31.46339496421244,0.07652810122817755,284.59286865626336,908.6357522666345,2023,"{""type"":""MultiPoint"",""coordinates"":[]}"
6_0001000000000000169a,480.91771253823265,363.2887397601835,825.9913288325874,Jhelum District,8.913560053308075,31.192165225024752,7,272.7237149666703,0.3262167787179351,314.9179504443471,87.57002684219428,2023,"{""type"":""MultiPoint"",""coordinates"":[]}"
6_0001000000000000169b,400.3849088139795,654.0375195649069,1886.071014518824,Kasur District,32.1197136662097,31.912404978709915,7,18.678527453706106,0.38614690154060427,207.90207577459879,703.8408661183262,2023,"{""type"":""MultiPoint"",""coordinates"":[]}"
6_0001000000000000169c,811.7970952237137,567.4011574842,2685.1816892068496,Khanewal District,0.7439397998884613,4.878387712807778,7,4.416235027674074,0.008635072968900204,116.28419989646942,161.92039898762886,2023,"{""type"":""MultiPoint"",""coordinates"":[]}"
6_0001000000000000169d,3352.064600466221,519.3715302301645,1531.7362566833222,Khushab District,1.1455565886572003,6.327347190283677,7,526.7735419093028,0.10099081415683031,466.1633214240785,105.7487139881899,2023,"{""type"":""MultiPoint"",""coordinates"":[]}"
6_0001000000000000169e,50.146689766068384,726.8593619127157,655.3593073065047,Lahore District,15.667877300836002,32.37439157230159,7,3.39267527277344,0.03404184337705374,38.7294410762578,198.04445085413386,2023,"{""type"":""MultiPoint"",""coordinates"":[]}"
6_0001000000000000169f,3014.3320832467653,540.2566954214382,2101.31079154061,Layyah District,7.2610922088189165,4.0157814786312915,7,46.36209572564226,0.6412615748122334,140.27763175953402,493.8490309211043,2023,"{""type"":""MultiPoint"",""coordinates"":[]}"
6_000100000000000016a0,593.8306361868504,259.5318020992529,1687.1040235645155,Lodhran District,1.0652313027530909,5.684606719027986,7,1.0214058744995032,0.17299559712409973,47.25446036234133,69.08921104799956,2023,"{""type"":""MultiPoint"",""coordinates"":[]}"
6_000100000000000016a1,104.16037471772117,284.8786534878188,1512.955855286556,Mandi Bahauddin District,9.826275643585797,19.917422894695225,7,10.712900829647538,0.235660039819777,65.50603982995392,237.32614655934418,2023,"{""type"":""MultiPoint"",""coordinates"":[]}"
6_000100000000000016a2,2314.5991100576034,579.5087248730199,1329.8251344330392,Mianwali District,34.88372674301705,2.7660423746332525,7,709.1825601704127,5.0567044763332785,425.59618644868107,539.3308651991188,2023,"{""type"":""MultiPoint"",""coordinates"":[]}"
6_000100000000000016a3,974.5166218700654,664.6913225243162,1583.2502469123067,Multan District,0.5860399696975946,6.427442558186457,7,0.8284777377458179,0.1814768835902214,261.9207765256768,124.17156076196434,2023,"{""type"":""MultiPoint"",""coordinates"":[]}"
6_000100000000000016a4,2918.406092330725,997.1611139632761,2398.3234382050837,Muzaffargarh District,4.984298746956183,8.85072182420203,7,62.31169764619395,1.1310246963053943,649.0585451233073,647.8056311396739,2023,"{""type"":""MultiPoint"",""coordinates"":[]}"
6_000100000000000016a5,23.31883763114319,31.25554372388139,114.4896108315637,Narowal District,33.7689207351237,21.289442573761676,7,2.8300735516619744,0.14317611418664455,14.081438445606654,251.9249123772789,2023,"{""type"":""MultiPoint"",""coordinates"":[]}"
6_000100000000000016a6,663.0414271444848,531.0421537471387,1186.011212146834,Okara District,13.334638518843725,13.951183330925073,7,8.423984663341852,4.443260574713349,267.09642241517923,788.1442586276241,2023,"{""type"":""MultiPoint"",""coordinates"":[]}"
6_000100000000000016a7,313.79030525730013,512.9236030693914,507.59438018394525,Pakpattan District,8.204972751876886,8.641605069203411,7,3.071822444937539,9.26698149548953,523.0062777601036,611.5903391337351,2023,"{""type"":""MultiPoint"",""coordinates"":[]}"
6_000100000000000016a8,6507.724715536663,837.3973131029009,4611.39504149204,Rahim Yar Khan District,2.49768559508683,3.446760066854311,7,12.871435809142742,0.008714394643902779,550.1236508597636,250.5491376879279,2023,"{""type"":""MultiPoint"",""coordinates"":[]}"
6_000100000000000016a9,8403.193039760954,235.15951921530439,1550.318200159453,Rajanpur District,8.209886951123673,20.017253648175622,7,413.6430104061486,0.06094508059322834,948.1463810085045,350.908555308587,2023,"{""type"":""MultiPoint"",""coordinates"":[]}"
6_000100000000000016aa,221.98351862017503,1063.5606100707405,1621.5444779006616,Rawalpindi District,1.6072015074209547,147.23682944726053,7,260.69517876350267,0.1831220928579569,1372.1596085681927,74.05532199931058,2023,"{""type"":""MultiPoint"",""coordinates"":[]}"
6_000100000000000016ab,568.6875546852893,524.2974425425754,1568.078058659786,Sahiwal District,1.2989562310387983,1.8739305753881732,7,4.553005226482363,0.15450783353298903,97.34399667813203,94.65552495436414,2023,"{""type"":""MultiPoint"",""coordinates"":[]}"
6_000100000000000016ac,929.4105288356761,896.3193746772796,3279.709504746065,Sargodha District,5.951362087066267,8.51447883140953,7,19.259525844564333,0.02535903174430132,100.68986270505133,280.0834745742125,2023,"{""type"":""MultiPoint"",""coordinates"":[]}"
6_000100000000000016ad,387.0282846446278,526.6255710587527,1679.4576854282222,Sheikhupura District,220.34453124393,82.85654777924658,7,6.538562450736908,0.24128515146234455,89.11766102649273,2501.0863757651814,2023,"{""type"":""MultiPoint"",""coordinates"":[]}"
6_000100000000000016ae,63.083413925577034,304.18312525161923,843.0952608461106,Sialkot District,119.74278233862462,65.33714346998902,7,7.660255518592163,0.19346885569393635,61.91588843428693,775.1585599146782,2023,"{""type"":""MultiPoint"",""coordinates"":[]}"
6_000100000000000016af,875.9168972310155,534.63582260223,1485.1159755559238,Toba Tek Singh District,0.5804075735785506,1.5018393551675127,7,5.063366451990954,0.0,70.2089817272974,101.15301082976819,2023,"{""type"":""MultiPoint"",""coordinates"":[]}"
6_000100000000000016b0,811.9535357837985,637.0215892752925,2947.1716294124285,Vehari District,1.2623426607097774,2.6384728620778404,7,3.7816157438445326,0.0,33.54724930127462,61.26359623033991,2023,"{""type"":""MultiPoint"",""coordinates"":[]}"
7_0001000000000000168f,865.8047372184474,1263.4566288125245,2768.5394517292652,Attock District,3.595040334750186,21.914141333530495,8,748.2701507249482,0.0,967.8189103337444,165.74769705531423,2023,"{""type"":""MultiPoint"",""coordinates"":[]}"
7_00010000000000001690,2705.7996006574303,549.6740744541307,4636.0081156795895,Bahawalnagar District,52.22212593062763,32.86535076006297,8,48.43965720004385,8.441516033866826E-4,241.72547568243877,289.4739002183921,2023,"{""type"":""MultiPoint"",""coordinates"":[]}"
7_00010000000000001691,17791.819733725955,653.888273116694,4468.573711917633,Bahawalpur District,7.697126412336878,2.1894209305956664,8,518.1643211977921,0.043476760387420654,265.7501224367751,259.63003009921493,2023,"{""type"":""MultiPoint"",""coordinates"":[]}"
7_00010000000000001692,6074.503633537963,889.1173699970777,943.9891172489664,Bhakkar District,8.783897537690606,0.6404520335698537,8,101.41424831914186,0.0,424.2408820404726,145.5053077562584,2023,"{""type"":""MultiPoint"",""coordinates"":[]}"
7_00010000000000001693,537.9290907548523,860.920185470026,2783.26300750713,Chakwal District,0.5077100817442817,37.112680176145155,8,639.3222176416978,0.008395918644964695,1671.8926508973225,77.9556250833121,2023,"{""type"":""MultiPoint"",""coordinates"":[]}"
7_00010000000000001694,5396.635392902915,581.2721031664853,2177.587704625711,Dera Ghazi Khan District,22.892645442087712,196.9746490331038,8,2228.1577984110318,0.21529687009751797,750.2262215948683,439.2136806372518,2023,"{""type"":""MultiPoint"",""coordinates"":[]}"
7_00010000000000001695,764.0237780908087,1602.2890968311033,2371.530766566415,Faisalabad District,12.270349144347596,3.9692887561395764,8,7.092784991853085,0.0,921.9482131907718,264.3024342122579,2023,"{""type"":""MultiPoint"",""coordinates"":[]}"
7_00010000000000001696,9.238051480478514,422.24374907001044,2869.4709302819206,Gujranwala District,10.435481242904915,9.519896086075288,8,2.8177422448006624,0.0,73.7737250017331,221.97429161851167,2023,"{""type"":""MultiPoint"",""coordinates"":[]}"
7_00010000000000001697,31.799390727128173,493.5907864387093,1974.9774083970476,Gujrat District,16.99009633723135,54.180975435776446,8,10.799559460039816,0.0,456.1361010873982,128.54495408391838,2023,"{""type"":""MultiPoint"",""coordinates"":[]}"
7_00010000000000001698,14.271186884291764,203.40433183355879,1811.5382950188555,Hafizabad District,4.711534745143909,4.673147155961716,8,3.8483329401223685,0.0,84.19396303775629,150.71738370627017,2023,"{""type"":""MultiPoint"",""coordinates"":[]}"
7_00010000000000001699,1747.8123382266322,1946.2522162407051,2846.168160731886,Jhang District,35.916136100537635,10.19100407594267,8,15.170691889951774,0.0,1550.3726209506906,795.3750839293259,2023,"{""type"":""MultiPoint"",""coordinates"":[]}"
7_0001000000000000169a,187.6283339030274,433.08088300745635,1286.5561321552368,Jhelum District,31.428011592868348,61.078160750661404,8,183.51122048327733,0.0,1287.3627703188242,145.42364432619993,2023,"{""type"":""MultiPoint"",""coordinates"":[]}"
7_0001000000000000169b,142.00068147275965,648.0389943572455,2352.4261340277776,Kasur District,11.85729438571223,5.475174758170604,8,13.850391005479967,0.09390205051749945,387.8039743895807,329.9454165638115,2023,"{""type"":""MultiPoint"",""coordinates"":[]}"
7_0001000000000000169c,622.2230047812868,957.1676484354899,1764.0189465251,Khanewal District,11.199587840594203,4.296411840504438,8,3.8139162027879676,0.0,708.4633738309071,284.6008004907263,2023,"{""type"":""MultiPoint"",""coordinates"":[]}"
7_0001000000000000169d,3196.7539885031547,700.4182774210714,1437.2748193776567,Khushab District,14.066392888756942,54.06234098082299,8,280.19135297299454,0.0,802.1470664299037,114.56194660218031,2023,"{""type"":""MultiPoint"",""coordinates"":[]}"
7_0001000000000000169e,66.59811842833079,816.7289652852855,542.2706999831412,Lahore District,3.305443623592603,4.049778469169841,8,5.189853296753968,0.05100237485021353,225.7846077001891,64.03381042160898,2023,"{""type"":""MultiPoint"",""coordinates"":[]}"
7_0001000000000000169f,2928.162263611182,1070.6206061312014,1582.3227187377893,Layyah District,29.919358310055934,2.751917834934212,8,69.11567477774533,0.02560953889042139,252.18441998903444,413.20389494652335,2023,"{""type"":""MultiPoint"",""coordinates"":[]}"
7_000100000000000016a0,761.0351325759187,401.262117148494,1370.2841451821412,Lodhran District,0.07346843230519809,2.458042667349618,8,0.2793040905951285,0.00865897350013256,113.5724213637156,18.07571724790203,2023,"{""type"":""MultiPoint"",""coordinates"":[]}"
7_000100000000000016a1,14.9088324261464,380.6797304615013,1966.3813108340632,Mandi Bahauddin District,15.090838534038006,19.16924807706154,8,7.886991158807102,0.0,113.04066253762839,238.65995171271337,2023,"{""type"":""MultiPoint"",""coordinates"":[]}"
7_000100000000000016a2,1663.8476837228582,748.1223807741396,1524.0895169478238,Mianwali District,94.02936969056873,7.827136139725061,8,609.5782836574587,0.0920771025121212,708.4662276638451,563.5514299462202,2023,"{""type"":""MultiPoint"",""coordinates"":[]}"
7_000100000000000016a3,666.7684941614885,820.354249362253,1394.026275563302,Multan District,15.373043094104265,1.9322571982246113,8,1.7351064722510237,0.0,518.7324539594936,229.19830599880467,2023,"{""type"":""MultiPoint"",""coordinates"":[]}"
7_000100000000000016a4,2174.6936201502367,1327.0327694063603,2553.7707707882328,Muzaffargarh District,40.89635658084106,5.172139264084398,8,91.00399151640927,0.1550331087782979,731.5289358528402,763.7789470079412,2023,"{""type"":""MultiPoint"",""coordinates"":[]}"
7_000100000000000016a5,17.949370767961383,211.2785969601981,1956.39553433897,Narowal District,6.276733404014478,34.92576018655125,8,6.3454074024058436,0.0,84.65534556736333,60.99362534213374,2023,"{""type"":""MultiPoint"",""coordinates"":[]}"
7_000100000000000016a6,281.7860589702669,536.463321148469,2824.9498275168094,Okara District,9.027662815244906,2.180546957984859,8,4.179378839552987,0.0,281.681333049646,497.3115271907008,2023,"{""type"":""MultiPoint"",""coordinates"":[]}"
7_000100000000000016a7,448.436287441974,420.4813459522036,1363.2515842314192,Pakpattan District,13.451543553407285,2.826595510052992,8,4.760483169584882,0.0,195.5238933565351,435.33095274439415,2023,"{""type"":""MultiPoint"",""coordinates"":[]}"
7_000100000000000016a8,5777.926082149304,923.1792476871358,5372.044807903925,Rahim Yar Khan District,10.325825240638325,2.6551131248218462,8,29.76906963480527,0.008737589232623577,269.66159917495634,390.44397204020515,2023,"{""type"":""MultiPoint"",""coordinates"":[]}"
7_000100000000000016a9,7616.467484674868,423.6097510918792,2095.314420535306,Rajanpur District,22.195306124980103,21.247326974019256,8,808.1483840431654,0.1219192547723651,715.1877074016805,632.7553231958666,2023,"{""type"":""MultiPoint"",""coordinates"":[]}"
7_000100000000000016aa,104.70928119911868,1078.6683703013164,1848.6551305134394,Rawalpindi District,0.4024193822570583,86.81903362500607,8,86.20856372639535,0.40795513493757624,1779.5504061362249,83.65634635739467,2023,"{""type"":""MultiPoint"",""coordinates"":[]}"
7_000100000000000016ab,643.5248415259463,717.8541174347567,1370.1907785019525,Sahiwal District,1.4674203062137845,1.7053375985144692,8,2.6343160650638096,0.0,402.08393760643827,89.01160001549502,2023,"{""type"":""MultiPoint"",""coordinates"":[]}"
7_000100000000000016ac,408.71334006678245,1610.0357606474313,2722.253770554032,Sargodha District,6.846004083511585,6.661906163511322,8,16.98106296744709,0.0,772.2255615755148,227.6620808746885,2023,"{""type"":""MultiPoint"",""coordinates"":[]}"
7_000100000000000016ad,119.2836717336055,718.6569913397927,4104.2269252910655,Sheikhupura District,22.329038886674773,14.83033205402248,8,4.826666058479424,0.016942174173891544,395.74703804787026,442.4085340494253,2023,"{""type"":""MultiPoint"",""coordinates"":[]}"
7_000100000000000016ae,8.780168064260016,421.2692955700206,2362.9757752840105,Sialkot District,14.757271551947092,30.955550056542545,8,3.673918815227408,0.0,86.21139529453698,137.18611276569393,2023,"{""type"":""MultiPoint"",""coordinates"":[]}"
7_000100000000000016af,673.7460593896242,707.339963645762,1243.3640601696484,Toba Tek Singh District,1.2851253709774098,0.565064137801528,8,2.1735107579652,0.017145534977316856,342.8173370763623,110.18524555690658,2023,"{""type"":""MultiPoint"",""coordinates"":[]}"
7_000100000000000016b0,1844.897028836396,808.0829137703771,1091.5672438728825,Vehari District,13.796083815352006,5.518791931403764,8,6.952919003239595,0.0,442.8125822361632,285.0124678039523,2023,"{""type"":""MultiPoint"",""coordinates"":[]}"
8_0001000000000000168f,724.4091276148554,1749.4002692386218,2471.7462025173736,Attock District,3.371551977046857,4.330923926249584,9,835.6788690347919,0.0,869.363050433858,146.8467627997273,2023,"{""type"":""MultiPoint"",""coordinates"":[]}"
8_00010000000000001690,2545.6294487587197,795.9563244798421,3735.848029112769,Bahawalnagar District,7.027184155725819,5.417395758365883,9,70.46596983118603,0.0,1277.6386966921825,139.0417801580045,2023,"{""type"":""MultiPoint"",""coordinates"":[]}"
8_00010000000000001691,16905.433548827532,1267.794075660904,3224.049969632256,Bahawalpur District,19.19907936561561,5.138000709936023,9,766.2126123870449,0.0,1481.3965435030445,298.53238651105295,2023,"{""type"":""MultiPoint"",""coordinates"":[]}"
8_00010000000000001692,5064.746365975896,1477.0437855011655,1727.5434149483222,Bhakkar District,6.439992325135743,0.3876552901760328,9,106.67652252461106,0.0,102.51850997444024,102.83866193139306,2023,"{""type"":""MultiPoint"",""coordinates"":[]}"
8_00010000000000001693,383.8565771936494,1681.7095767514525,2443.8713912128383,Chakwal District,0.637978799531565,2.1246262092727655,9,700.8219840003687,0.0,1331.2924057783266,66.62690864372634,2023,"{""type"":""MultiPoint"",""coordinates"":[]}"
8_00010000000000001694,4480.627641094467,955.6024605151378,2856.6407121030657,Dera Ghazi Khan District,12.8592411159556,58.221091721415085,9,2482.4915437223935,0.0,635.8663355229495,310.8664668881682,2023,"{""type"":""MultiPoint"",""coordinates"":[]}"
8_00010000000000001695,193.74660157296879,2038.0209677915802,3498.834385937175,Faisalabad District,4.246685582523545,0.7767274507157067,9,9.484649472720191,0.0,114.26684127950347,88.04985269651036,2023,"{""type"":""MultiPoint"",""coordinates"":[]}"
8_00010000000000001696,27.11273435758536,492.7041228501893,2924.5743066816176,Gujranwala District,1.5586527892698843,1.4084383693980236,9,6.9742172132812295,0.0,48.60177253874055,116.5396222263538,2023,"{""type"":""MultiPoint"",""coordinates"":[]}"
8_00010000000000001697,53.108955705764835,723.4247096048485,1743.9317099145924,Gujrat District,2.1013881616988312,3.2907856253578385,9,16.334165290001707,0.0,535.8169301746998,89.01062749028571,2023,"{""type"":""MultiPoint"",""coordinates"":[]}"
8_00010000000000001698,26.188033590480394,219.8139264312043,1945.0955733775545,Hafizabad District,0.20278140335325517,1.2144875805824995,9,3.703977251385211,0.0,11.858345542661844,69.28105014473856,2023,"{""type"":""MultiPoint"",""coordinates"":[]}"
8_00010000000000001699,1357.2898370568219,2130.423778809607,4967.200190464853,Jhang District,7.647394683529788,1.151690294034779,9,29.261600997547312,0.0,161.36902378508634,292.9147360541912,2023,"{""type"":""MultiPoint"",""coordinates"":[]}"
8_0001000000000000169a,167.74238122783453,834.4801103319643,1131.0204933361313,Jhelum District,4.638771939361651,5.382500542751422,9,227.81323538038367,0.0,1100.8273594923098,144.16430428681494,2023,"{""type"":""MultiPoint"",""coordinates"":[]}"
8_0001000000000000169b,159.5094521578949,780.6978911371464,2711.284862215635,Kasur District,2.321959752947384,1.6053009051829576,9,16.031991434053467,0.017083860002458096,184.75828720342878,131.89808023779415,2023,"{""type"":""MultiPoint"",""coordinates"":[]}"
8_0001000000000000169c,232.34181072391274,1013.5597698041146,2768.4188974567637,Khanewal District,4.230113679707489,1.0148820736427226,9,10.821573322931048,0.0,201.4056559940508,123.99098689227418,2023,"{""type"":""MultiPoint"",""coordinates"":[]}"
8_0001000000000000169d,2388.392881288689,1109.7258714249174,1987.3902433272413,Khushab District,1.5110217657707192,1.775380073093316,9,334.02775592638875,0.0,675.5551646762617,101.09786669417633,2023,"{""type"":""MultiPoint"",""coordinates"":[]}"
8_0001000000000000169e,47.864010678271896,900.9016894908294,691.3145934469082,Lahore District,1.1621923998728687,3.318711390145415,9,3.806472940998627,0.0,38.7970294232389,40.84757981265657,2023,"{""type"":""MultiPoint"",""coordinates"":[]}"
8_0001000000000000169f,2517.5260635936634,1459.9369518695983,1959.6435231127866,Layyah District,19.41055320404178,1.4510927514483531,9,76.6960881799642,0.0,71.42375511841519,242.21843604743847,2023,"{""type"":""MultiPoint"",""coordinates"":[]}"
8_000100000000000016a0,102.10555252697246,556.0119582696435,1737.739372961245,Lodhran District,0.6514601169154048,6.033179781695499,9,16.65313040939908,0.0,231.671976583882,16.18237703216865,2023,"{""type"":""MultiPoint"",""coordinates"":[]}"
8_000100000000000016a1,24.085294997049314,631.5416946056977,1816.7048952647942,Mandi Bahauddin District,1.490811518824422,3.6823538245048884,9,9.41199540047742,0.0,143.06865437006687,125.83186576054523,2023,"{""type"":""MultiPoint"",""coordinates"":[]}"
8_000100000000000016a2,1453.4817008500447,984.7171500134156,1772.970949001782,Mianwali District,144.60888144989661,4.124169939979181,9,753.8616679201232,0.0,492.338292431163,385.0550507876438,2023,"{""type"":""MultiPoint"",""coordinates"":[]}"
8_000100000000000016a3,295.1239704237776,1148.951777056338,1696.792555727112,Multan District,13.33997357818572,1.9123458612052833,9,16.165553279432892,0.0,348.7658824739722,127.06812740989832,2023,"{""type"":""MultiPoint"",""coordinates"":[]}"
8_000100000000000016a4,1772.1911348031647,2144.7053912357924,2550.565535034718,Muzaffargarh District,29.295269267717558,14.419444896981998,9,160.07767649236703,0.0,468.5194616826507,548.2586502623326,2023,"{""type"":""MultiPoint"",""coordinates"":[]}"
8_000100000000000016a5,16.317634450636948,220.44845585336213,1907.7981457678927,Narowal District,2.4160697868787775,15.999397463672887,9,6.498581876375658,0.0,167.13032621666056,42.21176255411815,2023,"{""type"":""MultiPoint"",""coordinates"":[]}"
8_000100000000000016a6,247.7226095265873,584.1806006327708,3404.855328188665,Okara District,4.639259018873175,0.8358359545031016,9,20.896656902075986,0.0,35.17451742695389,139.27484883824548,2023,"{""type"":""MultiPoint"",""coordinates"":[]}"
8_000100000000000016a7,228.92666918666046,411.40102694818717,2087.784708375897,Pakpattan District,1.2008140585659182,0.3046822929426151,9,24.454050217221912,0.0,6.881878263240351,123.10885661685585,2023,"{""type"":""MultiPoint"",""coordinates"":[]}"
8_000100000000000016a8,5542.291744418748,1699.6988275000133,4306.981535438889,Rahim Yar Khan District,19.346953873927976,7.470536487100317,9,125.2000372102813,0.0,801.8673181479907,273.15750146807704,2023,"{""type"":""MultiPoint"",""coordinates"":[]}"
8_000100000000000016a9,7157.717358307071,704.1258711400422,2286.7780477067527,Rajanpur District,38.15448018357742,15.789916220329264,9,1142.4516350909448,0.0,615.6329243045556,374.39739034326345,2023,"{""type"":""MultiPoint"",""coordinates"":[]}"
8_000100000000000016aa,103.90259528298881,1585.7318404926787,1441.33205477435,Rawalpindi District,0.18312408588826656,21.315751390107998,9,76.29710624126682,0.0,1918.735110764428,77.17077751702757,2023,"{""type"":""MultiPoint"",""coordinates"":[]}"
8_000100000000000016ab,114.24302958705118,756.9083156964067,2253.6660590743722,Sahiwal District,0.7153784520193642,0.2171529539696434,9,4.691096680479892,0.0,67.38199829584829,30.649318314234122,2023,"{""type"":""MultiPoint"",""coordinates"":[]}"
8_000100000000000016ac,210.57432419205193,1823.5867167830866,3422.464160256336,Sargodha District,1.113424799876178,1.239389343187213,9,13.194479036280047,0.0,161.14470088535955,138.06229163674163,2023,"{""type"":""MultiPoint"",""coordinates"":[]}"
8_000100000000000016ad,47.40542127789893,755.0067810012795,4743.334344535178,Sheikhupura District,7.408060148036947,3.8817154625102,9,6.39802846504631,0.0,84.19521933585844,174.69656940930176,2023,"{""type"":""MultiPoint"",""coordinates"":[]}"
8_000100000000000016ae,16.53932346188847,482.8276524610635,2388.8867766346125,Sialkot District,3.1742620739428435,7.304532745056877,9,5.610158084610514,0.0,85.9690208600615,75.49776108100208,2023,"{""type"":""MultiPoint"",""coordinates"":[]}"
8_000100000000000016af,221.56186208230827,723.4385974545141,1997.7300313375297,Toba Tek Singh District,0.9850894332881652,0.21251427989599167,9,3.7392682521658784,0.0,86.0935322489772,47.73261655134459,2023,"{""type"":""MultiPoint"",""coordinates"":[]}"
8_000100000000000016b0,210.78319721659835,841.192995025769,3215.8355508097616,Vehari District,3.293728913275489,0.8169686358166384,9,15.829537561769582,0.0,51.64658833438275,159.24146477239316,2023,"{""type"":""MultiPoint"",""coordinates"":[]}"
9_0001000000000000168f,357.6819279766367,1366.0901672905893,2663.902404911046,Attock District,4.297161650434867,4.173861419606734,10,1213.1407584218966,0.01662333868443966,1058.7809122195758,137.06294031405417,2023,"{""type"":""MultiPoint"",""coordinates"":[]}"
9_00010000000000001690,2409.840848890751,778.6725951299874,4451.831235527957,Bahawalnagar District,31.626346111520395,13.631869616962092,10,211.9316841030457,0.16497189179062843,582.6802210657511,96.64505660903147,2023,"{""type"":""MultiPoint"",""coordinates"":[]}"
9_00010000000000001691,16968.14242934507,1487.5628412160768,3951.1902595671872,Bahawalpur District,2.9622138569460192,1.1211891891434789,10,958.2711730990521,0.0,475.5772097758876,122.92890054802318,2023,"{""type"":""MultiPoint"",""coordinates"":[]}"
9_00010000000000001692,4083.974670785446,1847.4685481693189,2429.3824580646947,Bhakkar District,1.4289535554125905,0.635620518682488,10,103.07266433538466,0.0,49.740417911605356,72.49157513059383,2023,"{""type"":""MultiPoint"",""coordinates"":[]}"
9_00010000000000001693,368.4842316269947,1358.577980376316,2506.2206225412147,Chakwal District,3.3395453861859794,1.1863198216639312,10,1004.1866942032477,0.0,1298.4870887452043,70.45896588833818,2023,"{""type"":""MultiPoint"",""coordinates"":[]}"
9_00010000000000001694,4320.19073900629,1293.4333900027668,3062.2360489852804,Dera Ghazi Khan District,8.670275715241829,4.007517943158746,10,2340.307809070019,0.03415356017649174,496.0638835528318,268.2316748477884,2023,"{""type"":""MultiPoint"",""coordinates"":[]}"
9_00010000000000001695,100.08260028440796,1792.8772759749572,3856.0432788206745,Faisalabad District,3.698275635175991,0.9917296535426787,10,9.133757704795869,0.008485767990350723,121.73216661205333,62.859141330099575,2023,"{""type"":""MultiPoint"",""coordinates"":[]}"
9_00010000000000001696,38.27814321853586,500.7218104689545,2903.818220094445,Gujranwala District,5.31606176521483,4.757100710959411,10,7.038076343171884,0.0,47.986718600425945,111.55773582472737,2023,"{""type"":""MultiPoint"",""coordinates"":[]}"
9_00010000000000001697,50.15926807920504,677.0304633281357,1813.8830543986721,Gujrat District,4.762949962895729,6.2451185214497595,10,34.990392909030994,0.0,499.8048034292627,80.1432213385973,2023,"{""type"":""MultiPoint"",""coordinates"":[]}"
9_00010000000000001698,36.23655504446258,246.2657344479479,1873.6655970327154,Hafizabad District,1.1396234538406134,5.457485886290669,10,3.321695699396671,0.0,43.35610803089232,67.91537572641437,2023,"{""type"":""MultiPoint"",""coordinates"":[]}"
9_00010000000000001699,1207.546738738607,2472.5144935392723,4600.336408056119,Jhang District,3.8009624630212784,1.9254294782876968,10,26.198208663053812,0.0,412.5872415107292,222.3487696965828,2023,"{""type"":""MultiPoint"",""coordinates"":[]}"
9_0001000000000000169a,190.30791075362222,766.584768636101,1146.0648602663812,Jhelum District,14.193150939723004,3.2037416320440233,10,386.5057088411139,0.0,962.0598361306952,147.1491793378713,2023,"{""type"":""MultiPoint"",""coordinates"":[]}"
9_0001000000000000169b,144.1960347126585,611.0037320462841,3001.9746935551434,Kasur District,5.73011211721117,2.4260674942759612,10,13.626579777399698,0.0,129.32718061358466,79.84050858752693,2023,"{""type"":""MultiPoint"",""coordinates"":[]}"
9_0001000000000000169c,152.57223261073594,1049.4657517032333,2938.4764040373484,Khanewal District,0.06865298189222813,0.6958929253742099,10,8.414074260792603,0.0,102.45734243424718,103.63333899377315,2023,"{""type"":""MultiPoint"",""coordinates"":[]}"
9_0001000000000000169d,1748.6567427833143,1273.7499946294279,2384.794385466268,Khushab District,7.090099961562629,3.8672982843227537,10,388.18260716383577,0.0,691.7915687444636,101.3434881433443,2023,"{""type"":""MultiPoint"",""coordinates"":[]}"
9_0001000000000000169e,13.217422195856333,822.5169642052524,812.8358858930492,Lahore District,1.063995615089787,3.1812186718571422,10,3.0691588334666164,0.0,42.57147373671041,29.556160431640116,2023,"{""type"":""MultiPoint"",""coordinates"":[]}"
9_0001000000000000169f,2376.6645998958356,1818.889332177358,1838.2223995897627,Layyah District,2.265342653290752,0.11934961564838886,10,62.24274124727018,0.04274123627692461,64.1720121297547,185.68794533215902,2023,"{""type"":""MultiPoint"",""coordinates"":[]}"
9_000100000000000016a0,63.38083041700735,671.358401417221,1862.3017539896655,Lodhran District,0.008675669319927692,1.904115628451109,10,9.967098153554197,0.0,51.850036440629005,6.278095966073519,2023,"{""type"":""MultiPoint"",""coordinates"":[]}"
9_000100000000000016a1,33.16701835338756,636.8686342326085,1761.9145587701641,Mandi Bahauddin District,5.822114698066577,2.530451257475743,10,10.000607487789408,0.0,179.68345331307862,125.83072762938909,2023,"{""type"":""MultiPoint"",""coordinates"":[]}"
9_000100000000000016a2,1432.0160479302353,1030.929611323752,1997.6054675563366,Mianwali District,47.8954898566592,2.3843447236015516,10,816.4883911438833,0.016717612743377686,396.51525828302937,267.3065339638067,2023,"{""type"":""MultiPoint"",""coordinates"":[]}"
9_000100000000000016a3,240.14083181365086,1283.2999275697177,1876.0949295141827,Multan District,0.4647271589759518,0.8335033415542805,10,11.194514215755843,0.0,163.79746302294672,72.29428917313834,2023,"{""type"":""MultiPoint"",""coordinates"":[]}"
9_000100000000000016a4,1731.427578627873,2790.2192067144215,2096.3198089744933,Muzaffargarh District,11.24271530549535,1.9749478148588655,10,116.71512681471148,0.0,508.6345853009389,431.4985941229315,2023,"{""type"":""MultiPoint"",""coordinates"":[]}"
9_000100000000000016a5,32.55467658692642,233.74828962652637,1860.71850071667,Narowal District,6.492919190768518,87.87838455002903,10,6.2055239243798095,0.0,116.79185748062662,34.430221893671245,2023,"{""type"":""MultiPoint"",""coordinates"":[]}"
9_000100000000000016a6,213.20126469205766,621.5712331994492,3468.3369804463077,Okara District,1.6284252732809559,0.23037326066371272,10,17.068889934730297,0.0,29.523048609064197,86.01944107312124,2023,"{""type"":""MultiPoint"",""coordinates"":[]}"
9_000100000000000016a7,188.39290887828844,496.0706497506477,2127.9094751397333,Pakpattan District,0.46499269641935825,0.060256507247686386,10,7.5195971725399,0.0,5.96102600287573,57.68377981181895,2023,"{""type"":""MultiPoint"",""coordinates"":[]}"
9_000100000000000016a8,5650.158112611884,2379.5139279197642,3810.230190977447,Rahim Yar Khan District,9.9261790722499,0.9233010123903844,10,190.84124617488575,0.0,515.1354898697606,219.28600690664325,2023,"{""type"":""MultiPoint"",""coordinates"":[]}"
9_000100000000000016a9,7303.385992639393,979.4329529165857,2201.4499869202095,Rajanpur District,14.523531827684858,1.4398680129033679,10,1183.6644136556336,0.0,375.3072483084,275.8436290157265,2023,"{""type"":""MultiPoint"",""coordinates"":[]}"
9_000100000000000016aa,95.3812445585963,1408.9286064484063,1383.2102385542448,Rawalpindi District,0.7462947876831773,11.842279413499522,10,281.04199663249443,0.0,1972.2284542479383,71.28924590587323,2023,"{""type"":""MultiPoint"",""coordinates"":[]}"
9_000100000000000016ab,70.45546885288374,802.2098185199148,2269.427815729446,Sahiwal District,0.10968673676252365,0.17115135118365288,10,5.204933587428839,0.0,60.10488616890985,20.788588107852082,2023,"{""type"":""MultiPoint"",""coordinates"":[]}"
9_000100000000000016ac,118.18806866841646,1980.1550736956294,3072.63500980729,Sargodha District,3.195858157484555,1.4409797880798578,10,9.052187861830872,0.0,456.7266040825011,129.9857048716871,2023,"{""type"":""MultiPoint"",""coordinates"":[]}"
9_000100000000000016ad,47.20167229897616,684.4536486001284,4805.615806038952,Sheikhupura District,7.212388174126254,34.87294919093816,10,7.111448620015062,0.0,107.39138239180924,128.46684432016576,2023,"{""type"":""MultiPoint"",""coordinates"":[]}"
9_000100000000000016ae,23.663949880632114,498.6675729656264,2311.0398716199447,Sialkot District,14.476854227275094,56.959877088819354,10,8.196186787576652,0.0,88.8932390743684,63.91193575799537,2023,"{""type"":""MultiPoint"",""coordinates"":[]}"
9_000100000000000016af,105.10317538094287,923.7654848331844,1919.9196518006966,Toba Tek Singh District,0.12538296700838736,0.47910500121321165,10,4.133700696572515,0.0,100.6780044760336,27.289006484372944,2023,"{""type"":""MultiPoint"",""coordinates"":[]}"
9_000100000000000016b0,134.01756144965836,1000.9255163404399,3265.3479975332352,Vehari District,2.226794441511818,0.8420847009502205,10,9.594682432294768,0.0,26.645186151396114,59.040208220281,2023,"{""type"":""MultiPoint"",""coordinates"":[]}"
10_0001000000000000168f,165.5780649549127,1011.7233470260221,3424.479204784973,Attock District,17.088437273086726,6.102603838516071,11,929.9013397231222,0.041558219119906425,1099.0963163728334,151.1358853499387,2023,"{""type"":""MultiPoint"",""coordinates"":[]}"
10_00010000000000001690,5578.072140454128,264.5518267102502,1686.7378054635528,Bahawalnagar District,10.62894135337396,0.8297121087089181,11,39.93432511558355,335.9302490167795,256.1239257983169,404.21590292610085,2023,"{""type"":""MultiPoint"",""coordinates"":[]}"
10_00010000000000001691,18147.174964438902,1058.102428692952,2805.7459915962804,Bahawalpur District,2.8121839014521126,0.20864918269217014,11,825.2238158029631,76.28508098295286,899.4324015230086,152.77070047617983,2023,"{""type"":""MultiPoint"",""coordinates"":[]}"
10_00010000000000001692,4745.522866856282,1142.9945155814835,2028.6156205447467,Bhakkar District,0.6176978261922212,0.5151756377890706,11,94.13450175829452,10.871854410846444,491.2827988861458,73.63987696935953,2023,"{""type"":""MultiPoint"",""coordinates"":[]}"
10_00010000000000001693,167.89895544561247,835.6255780821009,3071.1862449172336,Chakwal District,5.57648637486147,9.36876084313673,11,877.0327462829504,0.13410855270922184,1552.710700105295,91.40786798526625,2023,"{""type"":""MultiPoint"",""coordinates"":[]}"
10_00010000000000001694,5937.946851323386,844.5673396617975,1962.632336031733,Dera Ghazi Khan District,36.89875919336051,5.50782638322562,11,1931.0268412649118,24.680287287833497,520.473649362303,529.4416021750035,2023,"{""type"":""MultiPoint"",""coordinates"":[]}"
10_00010000000000001695,858.688854811527,810.4432497894611,3049.9391714998364,Faisalabad District,4.608102279218535,0.6655615381896496,11,12.264890190078784,197.08555690843394,673.3965730853816,340.33475168157076,2023,"{""type"":""MultiPoint"",""coordinates"":[]}"
10_00010000000000001696,444.49221915009196,394.05075521360646,2586.2708601304894,Gujranwala District,6.3948476762200395,2.5494837444275618,11,4.744661268679535,0.3386543681845069,56.3962611224064,124.23612435232923,2023,"{""type"":""MultiPoint"",""coordinates"":[]}"
10_00010000000000001697,53.0587171856095,583.7063987412544,1913.832536007555,Gujrat District,17.641824271398434,8.03524480653452,11,32.463914205886276,0.0,476.6306004636939,81.65003628531727,2023,"{""type"":""MultiPoint"",""coordinates"":[]}"
10_00010000000000001698,410.1331157813798,148.17087231152414,1489.6721598829197,Hafizabad District,3.326509517803788,0.7980311673280656,11,14.582442776891677,0.24307347278603736,48.69513073516826,161.73683967615898,2023,"{""type"":""MultiPoint"",""coordinates"":[]}"
10_00010000000000001699,2299.6498506238354,788.7836724773597,3995.7078410186864,Jhang District,4.917930222719032,2.3002105774357915,11,33.55071686028923,323.92088142107156,585.541339199727,912.8858097445475,2023,"{""type"":""MultiPoint"",""coordinates"":[]}"
10_0001000000000000169a,104.3509472355429,399.50523365058154,1434.7029590791567,Jhelum District,14.139433559114297,8.063271614112983,11,449.7458901702737,0.2520052269101143,1042.6697816467165,162.63963435514296,2023,"{""type"":""MultiPoint"",""coordinates"":[]}"
10_0001000000000000169b,926.6650511142853,247.0479970399619,1396.3765230221197,Kasur District,1.3067192920355821,0.6792705404955675,11,13.3298775819185,142.17820364557136,1172.7647890979824,87.77647756971419,2023,"{""type"":""MultiPoint"",""coordinates"":[]}"
10_0001000000000000169c,1898.4729120098964,288.72459807043134,1272.7011387509933,Khanewal District,2.148610511871383,0.0774318091571331,11,4.707278664552552,322.2462700241556,124.0399152983747,442.6655348079645,2023,"{""type"":""MultiPoint"",""coordinates"":[]}"
10_0001000000000000169d,1724.2941703498618,423.1141601266559,2625.9863060630864,Khushab District,54.76972422202793,10.525962009441619,11,700.3177593690214,7.191942218128665,948.1377193010685,105.13844151724788,2023,"{""type"":""MultiPoint"",""coordinates"":[]}"
10_0001000000000000169e,626.6178242567053,172.43908274148902,485.7463385138697,Lahore District,0.8078789310529828,1.8584464394213522,11,15.394408422730425,203.69004852356863,162.25780643268908,59.20044532139584,2023,"{""type"":""MultiPoint"",""coordinates"":[]}"
10_0001000000000000169f,3857.06172579214,886.6491583063611,1098.9803348392793,Layyah District,0.6259122916442507,0.008524701930582523,11,21.734441740062163,31.0787225309942,281.7441789600012,170.42346471494395,2023,"{""type"":""MultiPoint"",""coordinates"":[]}"
10_000100000000000016a0,919.0467235618471,419.4791156342327,701.5258840291267,Lodhran District,0.12108313012868166,0.0951951015740633,11,1.402336203493178,64.24410625392315,524.6147824969798,36.5197812706159,2023,"{""type"":""MultiPoint"",""coordinates"":[]}"
10_000100000000000016a1,39.3211845204161,334.1018659374987,1998.659655073694,Mandi Bahauddin District,13.2343988208575,2.812526542580157,11,10.851311269953992,0.0,210.76763499822175,146.06898857873733,2023,"{""type"":""MultiPoint"",""coordinates"":[]}"
10_000100000000000016a2,1235.5317447782916,939.5297936843269,2181.161966939957,Mianwali District,40.6823428252164,4.957502428847639,11,771.461588435536,1.3289949372410774,526.1956985267354,290.30822983789534,2023,"{""type"":""MultiPoint"",""coordinates"":[]}"
10_000100000000000016a3,1029.2796527453058,517.2753308614498,1252.258422961791,Multan District,0.8635516480780115,0.3532352764159441,11,0.5093158039757434,307.2278264316639,271.91612199173477,268.43672808950726,2023,"{""type"":""MultiPoint"",""coordinates"":[]}"
10_000100000000000016a4,4058.8805135993866,1071.4307860002434,630.1624466601066,Muzaffargarh District,3.766594870509032,0.4349681212329397,11,19.37508403013515,381.06062052901115,927.8439631335839,595.0775867315155,2023,"{""type"":""MultiPoint"",""coordinates"":[]}"
10_000100000000000016a5,179.22999110226246,192.44170451909667,1867.842000923875,Narowal District,2.2088172736230725,4.070169177636796,11,3.352400737379988,0.0,89.31996766545392,40.355322570269735,2023,"{""type"":""MultiPoint"",""coordinates"":[]}"
10_000100000000000016a6,1803.7171366176367,95.75475993985127,874.0912083172658,Okara District,0.3951030769841928,0.5734634958207607,11,12.350458972521274,626.1649071328818,866.019081618056,158.51353731765684,2023,"{""type"":""MultiPoint"",""coordinates"":[]}"
10_000100000000000016a7,954.5007464097339,186.83184169317212,624.2875834145274,Pakpattan District,0.7166409266199552,0.3528926447033882,11,3.4064898681005134,665.6438774097528,113.77046858540498,334.5521450075559,2023,"{""type"":""MultiPoint"",""coordinates"":[]}"
10_000100000000000016a8,7503.707492400372,1357.9857519373147,919.8465759108755,Rahim Yar Khan District,12.795200797762064,0.17074537710377982,11,34.962846202794104,204.2597625685052,2404.140626068764,338.14545328153616,2023,"{""type"":""MultiPoint"",""coordinates"":[]}"
10_000100000000000016a9,7266.027020336097,639.0745380391896,1487.214739857508,Rajanpur District,39.293680380923924,0.504639433696866,11,1080.1458177738148,13.588914020512911,843.5879757242349,965.6102977305613,2023,"{""type"":""MultiPoint"",""coordinates"":[]}"
10_000100000000000016aa,64.69831551908716,1247.1334930089538,1722.7442499962142,Rawalpindi District,2.011222422517398,15.262449349462988,11,280.27808935530123,0.008278731256723404,1819.805737489491,72.72652467645193,2023,"{""type"":""MultiPoint"",""coordinates"":[]}"
10_000100000000000016ab,742.0196229424182,355.1370745362641,1371.17147608063,Sahiwal District,2.906693426267627,0.32598258827758186,11,4.019746780841082,247.29273863566272,178.17998239345414,327.4190316705654,2023,"{""type"":""MultiPoint"",""coordinates"":[]}"
10_000100000000000016ac,391.2210069906222,580.2922840671833,3901.7736424357736,Sargodha District,8.831553993450806,1.88385609756863,11,16.848542080556644,8.77376412950529,659.4329472170557,202.32188992120473,2023,"{""type"":""MultiPoint"",""coordinates"":[]}"
10_000100000000000016ad,3125.2452380524983,166.42788130009876,1722.9731780554703,Sheikhupura District,1.4244618516671015,2.9151365139503396,11,24.842686273752914,126.55056981451663,382.1949299811769,269.7520577919797,2023,"{""type"":""MultiPoint"",""coordinates"":[]}"
10_000100000000000016ae,47.103112525723,414.50879965304387,2431.137521819679,Sialkot District,3.751190430568714,5.304412910181518,11,7.184836044388952,0.0,91.72603130947212,65.09358270918109,2023,"{""type"":""MultiPoint"",""coordinates"":[]}"
10_000100000000000016af,297.23511990027896,342.85884102083673,1862.1620867322358,Toba Tek Singh District,5.627825739106857,0.11089160781645892,11,5.855919645332238,133.22856720088083,165.5284091729269,268.8858506206094,2023,"{""type"":""MultiPoint"",""coordinates"":[]}"
10_000100000000000016b0,1656.817578291418,469.8101521343212,446.2900094397769,Vehari District,2.3595653107535894,0.1295427270233631,11,1.716478466439773,507.26893947706293,1032.816636938167,381.4311284848032,2023,"{""type"":""MultiPoint"",""coordinates"":[]}"
11_0001000000000000168f,132.69062590432154,748.0222032372529,4296.222247177209,Attock District,29.42456203466099,7.75342188333983,12,650.0274950307337,0.49752806033939123,761.8637340240692,178.64494019059794,2023,"{""type"":""MultiPoint"",""coordinates"":[]}"
11_00010000000000001690,2240.6868172194627,372.5954010172034,5273.116391990552,Bahawalnagar District,16.16012531692418,3.315084176134391,12,107.09725453656387,8.413571563027068,392.66566596820815,162.97451715871838,2023,"{""type"":""MultiPoint"",""coordinates"":[]}"
11_00010000000000001691,15874.019210622471,430.131499202524,4047.657430241471,Bahawalpur District,19.28573698129724,1.919261620445725,12,561.7249502322254,525.4514476329709,2316.6943746201114,190.87230544387202,2023,"{""type"":""MultiPoint"",""coordinates"":[]}"
11_00010000000000001692,3532.8539382513504,938.7923696530726,3569.52184018603,Bhakkar District,0.6448779599741101,0.5175142604857683,12,119.91571841643136,43.536757789395175,320.4560900094462,61.95580194495326,2023,"{""type"":""MultiPoint"",""coordinates"":[]}"
11_00010000000000001693,92.90610997875896,750.7992138108823,3803.4264189101877,Chakwal District,10.346122395013477,13.173192936642204,12,659.0365545979757,0.18460335303097963,1180.5326898653568,100.53654274131884,2023,"{""type"":""MultiPoint"",""coordinates"":[]}"
11_00010000000000001694,2550.5760685740042,871.5336567582051,4399.103822168361,Dera Ghazi Khan District,56.18165408440444,2.4228592716705273,12,3069.114205990864,2.0043872316349662,499.7128708322696,342.52596777214075,2023,"{""type"":""MultiPoint"",""coordinates"":[]}"
11_00010000000000001695,332.07220892364563,1124.1501045257146,3236.1175234556376,Faisalabad District,9.168054757851595,1.4065956354579505,12,34.79625730986762,48.06499693886395,1067.7137493687153,93.93722086794239,2023,"{""type"":""MultiPoint"",""coordinates"":[]}"
11_00010000000000001696,198.2926945329333,368.67581268826905,2844.6166528219937,Gujranwala District,6.229731533614297,2.584759178932975,12,19.777078050458982,0.1264600744470954,79.20774038726938,99.962937758516,2023,"{""type"":""MultiPoint"",""coordinates"":[]}"
11_00010000000000001697,45.4009691838029,488.4838930727257,2176.23137412642,Gujrat District,2.2135309321513654,8.632716796839354,12,26.206936953406707,0.0,353.49818796085225,66.35166294105059,2023,"{""type"":""MultiPoint"",""coordinates"":[]}"
11_00010000000000001698,242.2279777075219,314.47808149553396,1442.8483393392214,Hafizabad District,2.385983090741816,0.5829244256019592,12,169.5679196304039,0.0,39.66194261098098,65.60500702195452,2023,"{""type"":""MultiPoint"",""coordinates"":[]}"
11_00010000000000001699,2286.956670083763,1787.969200113916,3228.6586692026253,Jhang District,6.40559915048892,4.055948614781978,12,63.92203494427981,178.25812982827713,1065.9321401155205,325.0998600920186,2023,"{""type"":""MultiPoint"",""coordinates"":[]}"
11_0001000000000000169a,67.79813150378199,334.8065540125557,1835.4457278216219,Jhelum District,11.72065840943479,12.039470132301542,12,330.53450945814814,0.0,861.6492699806851,162.07483521902236,2023,"{""type"":""MultiPoint"",""coordinates"":[]}"
11_0001000000000000169b,141.71839550712016,391.6242335063168,3023.0064512099693,Kasur District,0.5910307214796251,3.030778377656551,12,15.553841473618705,3.545250274690197,344.07558473401565,64.97934309921648,2023,"{""type"":""MultiPoint"",""coordinates"":[]}"
11_0001000000000000169c,410.3072042917065,198.49944133058412,1167.396060131187,Khanewal District,14.165426259549955,0.20661305636167526,12,15.440043626882721,442.2515191494506,1989.078679682541,118.43870241913362,2023,"{""type"":""MultiPoint"",""coordinates"":[]}"
11_0001000000000000169d,1574.987705447992,394.44082965490355,3060.346874449673,Khushab District,5.04618563885417,4.0968250643754125,12,457.25667952582893,64.17649833683434,939.8684523239036,99.25613473417495,2023,"{""type"":""MultiPoint"",""coordinates"":[]}"
11_0001000000000000169e,193.5108092583789,536.1176988812164,883.2270618974359,Lahore District,0.042477997951209545,2.5885859778004825,12,5.9688479179808605,0.30082601739057135,81.39955262641114,24.856419008356685,2023,"{""type"":""MultiPoint"",""coordinates"":[]}"
11_0001000000000000169f,2185.293378711894,634.7044194085048,3085.1427977603375,Layyah District,4.2068354361964495,0.5697402896797832,12,51.00481800535219,29.619047314359573,200.56717240495567,157.19825454607755,2023,"{""type"":""MultiPoint"",""coordinates"":[]}"
11_000100000000000016a0,196.4032531539234,200.74348351469663,651.5095769592763,Lodhran District,3.4118012610676827,0.19063933100551367,12,4.972094061831925,127.12085097977052,1457.3245213980547,25.372787022294805,2023,"{""type"":""MultiPoint"",""coordinates"":[]}"
11_000100000000000016a1,46.11452181109537,468.5362716621702,1887.7145088697912,Mandi Bahauddin District,10.259109211530463,2.5730004641830044,12,54.91162005197622,0.0,173.75020839140254,111.95832527981086,2023,"{""type"":""MultiPoint"",""coordinates"":[]}"
11_000100000000000016a2,625.5544433805214,754.0567076614893,3067.3574934712633,Mianwali District,36.39673038902602,6.68235628051939,12,798.5491967401487,1.6748610041232084,415.4534113488544,285.43266211810214,2023,"{""type"":""MultiPoint"",""coordinates"":[]}"
11_000100000000000016a3,198.31627950841815,458.57051644389907,1584.3265271625173,Multan District,6.4498625329385195,0.49144170340150595,12,9.680883960433158,76.03616651092455,1247.3791910290427,66.86931695834753,2023,"{""type"":""MultiPoint"",""coordinates"":[]}"
11_000100000000000016a4,939.2981531543437,906.653580491274,3944.5418141453188,Muzaffargarh District,10.517461038786262,4.906450021080673,12,72.35019969876637,73.0056668925519,1357.530142377003,377.1180829675284,2023,"{""type"":""MultiPoint"",""coordinates"":[]}"
11_000100000000000016a5,73.38173781241126,173.7094854065235,2030.250130018731,Narowal District,0.7774424460296537,6.715315206348897,12,9.538529532198227,0.0,51.71536898411007,32.73236456324584,2023,"{""type"":""MultiPoint"",""coordinates"":[]}"
11_000100000000000016a6,133.81008888937384,306.9578615399406,3199.393222828315,Okara District,0.9486312175242633,1.6890426710138426,12,13.917369626466115,13.866599563403312,704.0329573593815,62.96388279325603,2023,"{""type"":""MultiPoint"",""coordinates"":[]}"
11_000100000000000016a7,271.19923176973253,190.97936812727622,1322.1567913744852,Pakpattan District,1.8736432587107021,0.23234364297240973,12,27.12237862269668,24.510343107446005,998.8007721813067,47.18781387494402,2023,"{""type"":""MultiPoint"",""coordinates"":[]}"
11_000100000000000016a8,4864.344910682888,907.8971339353926,4058.0956978403165,Rahim Yar Khan District,9.164466511052758,0.5496264091236334,12,496.2844304077875,55.33905893151156,2173.946192607634,210.3929372193182,2023,"{""type"":""MultiPoint"",""coordinates"":[]}"
11_000100000000000016a9,4668.569138148513,398.4581772194116,4541.335279646138,Rajanpur District,35.597492243649036,1.5378612847998738,12,1704.5952787012773,4.577841305064366,675.3636947457625,305.0128600019232,2023,"{""type"":""MultiPoint"",""coordinates"":[]}"
11_000100000000000016aa,97.8397351537119,1102.8524116913293,2141.142379992923,Rawalpindi District,5.00273664768274,29.736688193656946,12,242.7646087054857,2.004332792331629,1511.8441259267613,91.48134144485437,2023,"{""type"":""MultiPoint"",""coordinates"":[]}"
11_000100000000000016ab,395.11189517134835,265.6976828575755,839.7782371462122,Sahiwal District,4.443799698111766,0.5908974325284362,12,27.038430248635514,77.7542788639701,1579.4911141905388,38.56601344546047,2023,"{""type"":""MultiPoint"",""coordinates"":[]}"
11_000100000000000016ac,151.40334758109907,836.2381692948659,3766.87146664889,Sargodha District,5.183120096865677,4.162746286735523,12,35.01361852126087,0.05146731252179426,841.66226756427,130.7932836264116,2023,"{""type"":""MultiPoint"",""coordinates"":[]}"
11_000100000000000016ad,364.3259478834256,558.420942192331,4528.745178333447,Sheikhupura District,1.0810092252186116,5.840716481391413,12,36.67701899750049,1.386291085742414,198.2002247971282,127.6488106389256,2023,"{""type"":""MultiPoint"",""coordinates"":[]}"
11_000100000000000016ae,63.48324845592472,411.02387705608174,2458.9079003349643,Sialkot District,0.3699643174186349,5.081287541696984,12,11.058619014593758,0.0,58.76862194214161,57.11596873941668,2023,"{""type"":""MultiPoint"",""coordinates"":[]}"
11_000100000000000016af,402.36802157051864,274.5346534577838,1277.1547282845913,Toba Tek Singh District,5.372759001851811,0.25618491787463427,12,28.56943223947184,228.37258420728298,809.7626402111943,55.102507749455526,2023,"{""type"":""MultiPoint"",""coordinates"":[]}"
11_000100000000000016b0,441.6206445912667,374.54667618902147,1591.6345676542203,Vehari District,16.368399347127507,0.3366555096581578,12,23.174060676323577,38.53959331651967,1932.508930941437,79.91050304419124,2023,"{""type"":""MultiPoint"",""coordinates"":[]}"
