system:index,bare_km2,built_km2,crops_km2,district,flooded_vegetation_km2,grass_km2,month,shrub_and_scrub_km2,snow_and_ice_km2,trees_km2,water_km2,year,.geo
0_0001000000000000168f,762.2282904265231,258.41704358762024,4505.384232402104,Attock District,17.890073222659673,11.992496724266049,1,320.27895592686303,33.70390343666442,670.3605473541783,224.8912144616465,2024,"{""type"":""MultiPoint"",""coordinates"":[]}"
0_00010000000000001690,61.59053461336549,81.94838212387381,1938.567547655518,Bahawalnagar District,3.482638337649405,2.8702416885644197,1,9.548247998430593,174.66988894905455,142.8714959264313,69.02392609670174,2024,"{""type"":""MultiPoint"",""coordinates"":[]}"
0_00010000000000001691,7531.865988540877,5.859798414559633,875.380762977606,Bahawalpur District,0.0,1.181479427050434,1,534.5755645303055,231.86625740752726,15.149024011826544,3.696403406560421,2024,"{""type"":""MultiPoint"",""coordinates"":[]}"
0_00010000000000001692,2265.442391759059,205.9798361381553,3679.3508841818125,Bhakkar District,0.23793816779027965,0.8569573517888784,1,138.71953840852146,641.4138250943748,604.8559903882553,48.41002207929086,2024,"{""type"":""MultiPoint"",""coordinates"":[]}"
0_00010000000000001693,157.37298853904667,504.44509043663595,3565.2201322606566,Chakwal District,31.994485437168798,10.161876916385019,1,526.4871815283327,38.825752256726666,633.3624017976811,85.71463624362778,2024,"{""type"":""MultiPoint"",""coordinates"":[]}"
0_00010000000000001694,794.8657582958392,220.62131945200116,1936.687372121584,Dera Ghazi Khan District,71.28776081850131,0.6722708754241467,1,1679.3362139065296,0.17554911883438334,223.77101429336724,110.66125125032211,2024,"{""type"":""MultiPoint"",""coordinates"":[]}"
0_00010000000000001695,275.5256531360979,7.021016129730816,79.39613776564528,Faisalabad District,16.671485406762972,0.025546577759087086,1,17.950768672200102,885.0510179119806,892.4674053392428,15.011696002321939,2024,"{""type"":""MultiPoint"",""coordinates"":[]}"
0_00010000000000001696,150.790174631453,265.67719338950064,2578.8346018374546,Gujranwala District,0.25317706540226936,16.916564355838094,1,17.08251719437905,0.3891349302568272,268.46343908108713,40.85305303566742,2024,"{""type"":""MultiPoint"",""coordinates"":[]}"
0_00010000000000001697,57.72757967065874,235.96515192900807,1314.6701131587702,Gujrat District,0.050322956405580044,2.3306294241299232,1,36.44825882359462,0.18297976842697927,30.058097345630323,24.49850356116818,2024,"{""type"":""MultiPoint"",""coordinates"":[]}"
0_00010000000000001698,0.347662125279506,2.475310338277589,37.98088373558268,Hafizabad District,0.0,0.05916447099298239,1,0.5492752756886915,0.042258378118276596,1.7073285263250857,1.2067004733627624,2024,"{""type"":""MultiPoint"",""coordinates"":[]}"
0_00010000000000001699,0.0,0.0,0.0,Jhang District,0.0,0.0,1,0.0,0.0,0.0,0.0,2024,"{""type"":""MultiPoint"",""coordinates"":[]}"
0_0001000000000000169a,2.962635953819343,1.7955880526745438,1.4922735892711023,Jhelum District,0.0,0.0,1,1.7041377240828435,1.370738054223943,2.332299771335196,0.10076713928331932,2024,"{""type"":""MultiPoint"",""coordinates"":[]}"
0_0001000000000000169b,175.26171877182944,304.48297080215724,3029.9016385061227,Kasur District,21.06433791963055,9.645375683578644,1,19.618434295372342,3.0810704531732434,349.6413615515273,75.42800092069322,2024,"{""type"":""MultiPoint"",""coordinates"":[]}"
0_0001000000000000169c,0.0,0.0,0.0,Khanewal District,0.0,0.0,1,0.0,0.0,0.0,0.0,2024,"{""type"":""MultiPoint"",""coordinates"":[]}"
0_0001000000000000169d,368.51636779923365,112.75136118520271,1164.1103412210869,Khushab District,11.697238472951392,8.289358920574772,1,346.81246800311277,51.75100354860884,607.2356112668983,29.084402800011723,2024,"{""type"":""MultiPoint"",""coordinates"":[]}"
0_0001000000000000169e,375.92234053681517,397.7560460249474,731.8022695285906,Lahore District,4.937497063320787,1.4699602392337776,1,17.746463348796848,0.28929766826331615,170.98134621249918,27.107058960455014,2024,"{""type"":""MultiPoint"",""coordinates"":[]}"
0_0001000000000000169f,665.4568833306397,101.41853075612555,1597.1951403150335,Layyah District,0.3585404148325324,0.5752497184473802,1,23.537278950787787,2218.0632652234362,501.87516083035104,99.87270787178961,2024,"{""type"":""MultiPoint"",""coordinates"":[]}"
0_000100000000000016a0,0.0,0.0,0.0,Lodhran District,0.0,0.0,1,0.0,0.0,0.0,0.0,2024,"{""type"":""MultiPoint"",""coordinates"":[]}"
0_000100000000000016a1,0.4881694069022642,0.14458728736522153,1.9686829146253415,Mandi Bahauddin District,0.0,0.0,1,0.06817452929475729,0.016837934032082558,0.01175293078025182,0.050512898713350296,2024,"{""type"":""MultiPoint"",""coordinates"":[]}"
0_000100000000000016a2,1281.6804871120619,246.2322388729592,2277.4651684088167,Mianwali District,47.87980951785165,8.102545738724224,1,354.99879945718914,49.437578604297315,1404.6404121142723,320.7208225678762,2024,"{""type"":""MultiPoint"",""coordinates"":[]}"
0_000100000000000016a3,0.0,0.0,0.0,Multan District,0.0,0.0,1,0.0,0.0,0.0,0.0,2024,"{""type"":""MultiPoint"",""coordinates"":[]}"
0_000100000000000016a4,44.074187855035355,0.025723147206008434,0.7909508603606737,Muzaffargarh District,0.0,0.0,1,0.0,322.87588128545406,0.8886767383080488,0.8172939039072863,2024,"{""type"":""MultiPoint"",""coordinates"":[]}"
0_000100000000000016a5,78.82544912253232,113.72512289386461,1263.1069339915566,Narowal District,0.1266493545845151,13.886173149041246,1,44.384193560988734,39.076224173747875,779.9150024889583,45.77462523432411,2024,"{""type"":""MultiPoint"",""coordinates"":[]}"
0_000100000000000016a6,145.505037234026,240.36927427339785,3250.0192902145977,Okara District,13.712331719722087,26.603973628441782,1,14.81484559757964,522.6540575111832,84.06625215196799,53.87625368795558,2024,"{""type"":""MultiPoint"",""coordinates"":[]}"
0_000100000000000016a7,25.95598307272383,70.47202399030475,893.9091206759654,Pakpattan District,0.008612428791821003,4.115938054419615,1,0.8949122736230493,3.3580388305708766,2.919894225811403,13.194831946714983,2024,"{""type"":""MultiPoint"",""coordinates"":[]}"
0_000100000000000016a8,4452.332942512508,168.7254650369944,1905.7145218607147,Rahim Yar Khan District,8.536361849874112,13.065452404086496,1,620.5261073356203,885.9398266576486,765.2458510385973,84.31587215549514,2024,"{""type"":""MultiPoint"",""coordinates"":[]}"
0_000100000000000016a9,4402.037234372068,67.34019201583796,1108.0299686560772,Rajanpur District,28.37166026020605,1.0830753545623786,1,1196.260083653449,334.4010482324433,385.42508817947675,138.1913556816531,2024,"{""type"":""MultiPoint"",""coordinates"":[]}"
0_000100000000000016aa,227.57229741761716,510.17455437889373,1631.7111743878645,Rawalpindi District,3.377407453209162,49.27202061928589,1,200.7660422442773,28.62001200904157,1153.6109113850207,82.49472075141236,2024,"{""type"":""MultiPoint"",""coordinates"":[]}"
0_000100000000000016ab,24.03535572951842,0.059974403120577335,0.01554107661267706,Sahiwal District,15.096299838745857,0.0,1,0.8359877556927648,549.7209002186489,202.38808113228092,3.389716517074289,2024,"{""type"":""MultiPoint"",""coordinates"":[]}"
0_000100000000000016ac,0.7495965793509693,0.0,0.0,Sargodha District,0.0,0.0,1,0.0,0.2061702309906775,0.0,0.0,2024,"{""type"":""MultiPoint"",""coordinates"":[]}"
0_000100000000000016ad,227.6576669188034,260.0285016115682,2725.0056381346685,Sheikhupura District,8.489598427614307,12.13289902956024,1,40.61071623376406,119.89442575376337,1183.648460885159,102.53387339685622,2024,"{""type"":""MultiPoint"",""coordinates"":[]}"
0_000100000000000016ae,58.26482931551907,334.47669647318105,2119.044662398739,Sialkot District,0.21481156505863458,18.69761543798023,1,67.81465983193952,7.788235931657255,391.51036573628005,67.99761071188338,2024,"{""type"":""MultiPoint"",""coordinates"":[]}"
0_000100000000000016af,0.0,0.0,0.0,Toba Tek Singh District,0.0,0.0,1,0.0,0.0,0.0,0.0,2024,"{""type"":""MultiPoint"",""coordinates"":[]}"
0_000100000000000016b0,0.0,0.0,0.0,Vehari District,0.0,0.0,1,0.0,0.0,0.0,0.0,2024,"{""type"":""MultiPoint"",""coordinates"":[]}"
1_0001000000000000168f,158.96563531206738,536.1344669973953,3797.955081344363,Attock District,48.73677807177836,5.8626667857170105,2,1576.56768963845,0.01658889465034008,556.7113384329732,124.19651206513026,2024,"{""type"":""MultiPoint"",""coordinates"":[]}"
1_00010000000000001690,1948.278410588789,434.5321063284525,6052.434632809884,Bahawalnagar District,5.185912594199181,0.7521988973021507,2,61.770078396764305,0.07768397685140371,7.198312579632244,66.79549277492013,2024,"{""type"":""MultiPoint"",""coordinates"":[]}"
1_00010000000000001691,15692.549593819818,614.339487140129,7234.789093519102,Bahawalpur District,4.595246686600149,1.3246335191652179,2,218.2169741325665,0.20933346331996078,137.2807437643774,64.45111055230612,2024,"{""type"":""MultiPoint"",""coordinates"":[]}"
1_00010000000000001692,2471.315609214393,548.962412771977,5330.537765270683,Bhakkar District,0.15262474492192268,0.02552416082471609,2,110.30787975681471,6.232190310768783,64.61069421058193,56.050208030173586,2024,"{""type"":""MultiPoint"",""coordinates"":[]}"
1_00010000000000001693,87.12164228189664,477.33707951285385,3504.8896705591064,Chakwal District,45.05807814082385,2.276328068971634,2,1563.3676769613087,0.008388297632336617,861.0142400675105,69.86834469906182,2024,"{""type"":""MultiPoint"",""coordinates"":[]}"
1_00010000000000001694,3823.5157053810426,398.988661355171,4690.197632232963,Dera Ghazi Khan District,66.16705964734304,0.17198459524661303,2,2272.431139466218,0.15486990939825773,263.5935685609267,277.9548715352464,2024,"{""type"":""MultiPoint"",""coordinates"":[]}"
1_00010000000000001695,117.09042954323266,781.8376764036752,4957.337640404314,Faisalabad District,6.575797427357996,0.7067795973271132,2,27.12533622420959,0.09365844912827015,16.532420706935227,40.12697302751682,2024,"{""type"":""MultiPoint"",""coordinates"":[]}"
1_00010000000000001696,58.99984260672959,393.860952923162,3049.9763111667226,Gujranwala District,4.616287517109338,0.5733703235164285,2,7.665458192453519,0.0,23.904794716396754,79.87684958034433,2024,"{""type"":""MultiPoint"",""coordinates"":[]}"
1_00010000000000001697,39.784001481200704,484.1225135047902,2182.1079537449,Gujrat District,13.681634730155416,4.234872202925821,2,140.15982362721482,0.0,241.18935430118188,61.73911837488048,2024,"{""type"":""MultiPoint"",""coordinates"":[]}"
1_00010000000000001698,24.72871519576612,147.91597058865077,1967.7354666794267,Hafizabad District,1.4021155061200261,0.16873179841786623,2,3.6211219503452963,0.0,82.00480447294665,49.78124913028715,2024,"{""type"":""MultiPoint"",""coordinates"":[]}"
1_00010000000000001699,777.2553071926734,572.644582171245,7248.612333691621,Jhang District,2.627028767950833,0.4520993083715439,2,61.95507650590118,0.8365005729719996,96.26506657574471,186.6102573591924,2024,"{""type"":""MultiPoint"",""coordinates"":[]}"
1_0001000000000000169a,63.0614633326583,281.69736613941325,1497.4810166104749,Jhelum District,63.0887829969071,6.701174343490572,2,916.6597270647867,0.0,646.0771190105919,141.30250703922889,2024,"{""type"":""MultiPoint"",""coordinates"":[]}"
1_0001000000000000169b,66.42613305262125,385.7078278979725,3398.499579801856,Kasur District,1.1167156185845242,2.22870487730731,2,15.438179942118186,0.2223475594073534,72.69082257853566,45.79459757568205,2024,"{""type"":""MultiPoint"",""coordinates"":[]}"
1_0001000000000000169c,73.41250962023716,424.2918770217903,3669.495019972873,Khanewal District,0.06720960643872911,0.08577582146972418,2,12.553405909225637,0.2229834208264947,109.05577500435871,66.59913357017817,2024,"{""type"":""MultiPoint"",""coordinates"":[]}"
1_0001000000000000169d,791.4958445134154,243.81416170263626,4032.2816292693765,Khushab District,11.281692095104532,2.261235948652029,2,747.8399251276371,1.8847959570148412,632.5408727133098,96.83499696262402,2024,"{""type"":""MultiPoint"",""coordinates"":[]}"
1_0001000000000000169e,129.87836633068235,590.4203142635856,958.5480788591483,Lahore District,0.1529926983639598,1.7494150221019107,2,9.326334482106361,0.0,18.52528089638434,19.41149703054963,2024,"{""type"":""MultiPoint"",""coordinates"":[]}"
1_0001000000000000169f,1573.0597576163486,509.51074622109456,4034.1076704368397,Layyah District,1.2029083133766463,0.1371080232784152,2,30.599144698241176,0.6406326051801443,53.08024518223954,145.96825078075716,2024,"{""type"":""MultiPoint"",""coordinates"":[]}"
1_000100000000000016a0,31.872669991251886,304.0582431852745,2319.325918996422,Lodhran District,0.0,0.0,2,3.4252991042373813,0.00868341512978077,5.635938674211502,2.722254315394835,2024,"{""type"":""MultiPoint"",""coordinates"":[]}"
1_000100000000000016a1,20.593890679624003,270.62651533041077,2244.6408351207515,Mandi Bahauddin District,9.970331718038548,2.653753154034562,2,19.414386113565048,0.0,88.1046673730381,99.81318625249698,2024,"{""type"":""MultiPoint"",""coordinates"":[]}"
1_000100000000000016a2,824.2106901130877,407.1485444103825,3333.3806152156944,Mianwali District,50.08366369277457,3.979890022463366,2,905.7313578809775,0.4367305990308523,213.7165405730626,252.46982988657467,2024,"{""type"":""MultiPoint"",""coordinates"":[]}"
1_000100000000000016a3,168.40480713946926,489.6992372617053,2721.722983879636,Multan District,0.017267622984945774,0.07840044511591687,2,3.099861388573167,0.017210865393280983,214.45725592672093,50.62316128032318,2024,"{""type"":""MultiPoint"",""coordinates"":[]}"
1_000100000000000016a4,635.0176201225166,909.598473155272,5573.293138339297,Muzaffargarh District,4.10408427163082,0.8168955501716804,2,57.73581978276227,0.047433409047331294,198.33670913350642,309.0823899115199,2024,"{""type"":""MultiPoint"",""coordinates"":[]}"
1_000100000000000016a5,11.253604581575914,162.7256897248255,2124.613542838461,Narowal District,1.3563381343605179,3.913880692696308,2,9.791283978828613,0.0,38.05979832543754,27.106235693413403,2024,"{""type"":""MultiPoint"",""coordinates"":[]}"
1_000100000000000016a6,78.29773948753216,335.3087530559623,3949.434679411681,Okara District,0.01713807601481676,0.24874787218868732,2,15.891866949985864,2.053506713360548,11.947630837161604,44.37959408478848,2024,"{""type"":""MultiPoint"",""coordinates"":[]}"
1_000100000000000016a7,53.44892724923715,234.65291703198037,2569.692223712407,Pakpattan District,0.0,0.24082322977483273,2,3.132192971257895,0.490676480345428,1.444062728434801,20.960862556132764,2024,"{""type"":""MultiPoint"",""coordinates"":[]}"
1_000100000000000016a8,5110.748411172859,873.9980600632582,6281.893968573247,Rahim Yar Khan District,9.589292340017124,0.4897656999528408,2,165.79952690249638,0.06110921408981085,163.13894711848275,170.29537346062494,2024,"{""type"":""MultiPoint"",""coordinates"":[]}"
1_000100000000000016a9,5408.494966910634,239.21825999681127,5160.759898384114,Rajanpur District,18.973253909272014,0.8191033266484737,2,1179.8595168429665,0.03940112036744169,106.24609041273887,220.63713239298806,2024,"{""type"":""MultiPoint"",""coordinates"":[]}"
1_000100000000000016aa,85.33136088296258,1069.3006308672434,1645.033007875797,Rawalpindi District,17.842661384909466,9.119455971682044,2,926.4226429140488,0.0165500957518816,1283.1509456333208,54.39602761995047,2024,"{""type"":""MultiPoint"",""coordinates"":[]}"
1_000100000000000016ab,26.4572550598678,338.4263394509278,2798.573226047074,Sahiwal District,0.0792265285135192,0.06843151804059744,2,11.437014795317516,0.0,36.982501140284334,16.4483545143559,2024,"{""type"":""MultiPoint"",""coordinates"":[]}"
1_000100000000000016ac,64.43479303196438,471.6058780042564,4871.290744462274,Sargodha District,6.080558712528471,0.9896040118317686,2,30.443219114336017,0.06771651469171047,243.06001110012988,83.40696198090764,2024,"{""type"":""MultiPoint"",""coordinates"":[]}"
1_000100000000000016ad,62.21012134807659,466.9362770562224,5145.245146700616,Sheikhupura District,0.34288235809654,4.0152548774455985,2,15.04562641072142,0.34960314724594355,38.40876481565191,89.77246292103447,2024,"{""type"":""MultiPoint"",""coordinates"":[]}"
1_000100000000000016ae,22.19654973923941,387.68867624053985,2554.5963516341453,Sialkot District,1.2154598723220476,1.9310086635361408,2,9.867197173640282,0.0,37.00084098622056,51.313403092594996,2024,"{""type"":""MultiPoint"",""coordinates"":[]}"
1_000100000000000016af,30.365800017618817,300.7896959417116,2663.117973300844,Toba Tek Singh District,0.163821766704467,0.15438645146787167,2,18.454976914614875,0.13677514530718327,46.56069016122789,21.749391940528266,2024,"{""type"":""MultiPoint"",""coordinates"":[]}"
1_000100000000000016b0,70.39993111398435,535.2073534959927,3863.758605446999,Vehari District,0.03457281272858381,0.8384342333301902,2,3.1456869478940086,0.12885817631202584,9.599519289080419,15.527069753444954,2024,"{""type"":""MultiPoint"",""coordinates"":[]}"
2_0001000000000000168f,288.2395566027575,541.2535260253422,2723.8891026950714,Attock District,6.597164732338313,3.117902536149703,3,2558.5010930855706,0.04152908828109503,565.8939708514213,117.6129119255927,2024,"{""type"":""MultiPoint"",""coordinates"":[]}"
2_00010000000000001690,2027.445783648202,383.5213988787513,6002.659103380464,Bahawalnagar District,13.679886791855097,1.176451806910336,3,75.96760465619612,0.0,20.49333317024889,52.08126661416655,2024,"{""type"":""MultiPoint"",""coordinates"":[]}"
2_00010000000000001691,16083.777186709283,674.7460440582615,6792.675642928765,Bahawalpur District,6.6229087203083665,0.5476499491425998,3,232.2884933529641,0.0,122.5974007366919,54.50089014196658,2024,"{""type"":""MultiPoint"",""coordinates"":[]}"
2_00010000000000001692,2368.4465895545977,554.381810925963,5296.510401526408,Bhakkar District,0.5255082529038191,0.03387510124593973,3,275.2991388190903,0.0,38.321047822177846,54.67653646875247,2024,"{""type"":""MultiPoint"",""coordinates"":[]}"
2_00010000000000001693,362.2849288170828,480.17054818386174,2716.2689644072425,Chakwal District,6.646235567612537,2.238497900155683,3,2437.2926154755164,0.0,544.8592008909758,61.180457346718384,2024,"{""type"":""MultiPoint"",""coordinates"":[]}"
2_00010000000000001694,4922.467849742556,421.76759609549725,4373.371923124319,Dera Ghazi Khan District,4.53072243725114,0.2329548792913556,3,1838.699899823,0.008637442253530025,52.30332949396368,179.79257964542248,2024,"{""type"":""MultiPoint"",""coordinates"":[]}"
2_00010000000000001695,85.15552664847642,859.4543919261071,4833.655899938496,Faisalabad District,7.215445314314874,1.0682880940536656,3,42.35702448521248,0.0,67.82334707576197,50.696788301275056,2024,"{""type"":""MultiPoint"",""coordinates"":[]}"
2_00010000000000001696,31.511421013313033,445.650356050924,2993.9853320054776,Gujranwala District,11.335093185217941,1.4202458082387845,3,16.805920509051752,0.0,31.233641382463862,87.53185707174752,2024,"{""type"":""MultiPoint"",""coordinates"":[]}"
2_00010000000000001697,46.617568003492174,514.1066251751364,1974.7720669714001,Gujrat District,4.106759827364893,10.274563319612222,3,363.62966308130285,0.0,185.3091776314064,68.20284795753439,2024,"{""type"":""MultiPoint"",""coordinates"":[]}"
2_00010000000000001698,29.615793612752775,159.270869210892,1979.8692728735325,Hafizabad District,10.291758594939523,2.3662985488772392,3,9.045023099095651,0.0,35.19604814848406,51.703111233386906,2024,"{""type"":""MultiPoint"",""coordinates"":[]}"
2_00010000000000001699,836.7961298109165,831.5635501281047,6957.667225381617,Jhang District,4.090172911983203,0.9890156537294388,3,102.89692486411728,0.0,53.023618293206624,160.23161510199893,2024,"{""type"":""MultiPoint"",""coordinates"":[]}"
2_0001000000000000169a,158.24997696741394,313.0663809938576,1036.1339021547278,Jhelum District,8.209646432616694,10.347673143950455,3,1516.6248188276904,0.0,480.4139618211626,93.02279619613259,2024,"{""type"":""MultiPoint"",""coordinates"":[]}"
2_0001000000000000169b,87.82654597387814,437.1376863401566,3329.647046167564,Kasur District,1.6517376760714781,0.689644815520767,3,24.62509214090293,0.0,61.73610316548935,44.811052624501436,2024,"{""type"":""MultiPoint"",""coordinates"":[]}"
2_0001000000000000169c,79.55059016398428,437.7521710362176,3653.33746254736,Khanewal District,1.1024699353959924,0.020878082378676124,3,23.663951000406897,0.0,76.57140435875559,83.78476282289873,2024,"{""type"":""MultiPoint"",""coordinates"":[]}"
2_0001000000000000169d,1307.2360928781586,289.428727682238,3252.38358083577,Khushab District,4.645934445071308,0.4557452695444226,3,1273.5704304764377,0.008417528122663498,394.1940044283027,77.55325163289467,2024,"{""type"":""MultiPoint"",""coordinates"":[]}"
2_0001000000000000169e,29.730458710214812,788.8070578992991,863.5160114002944,Lahore District,0.9686097079595806,1.7142158336462636,3,11.1339145074215,0.0,11.03506940407861,21.10694212000817,2024,"{""type"":""MultiPoint"",""coordinates"":[]}"
2_0001000000000000169f,1496.7986924202125,539.9877259386267,4067.3671817135437,Layyah District,3.4798970714394075,0.2308114767074585,3,77.47868479578665,0.0,21.980834810658557,140.98263565038204,2024,"{""type"":""MultiPoint"",""coordinates"":[]}"
2_000100000000000016a0,34.356433975586995,326.74134024594935,2288.9572202517847,Lodhran District,0.03469483461230993,0.06063587963581085,3,5.447290787674194,0.0,8.850806413094203,2.6005852935835723,2024,"{""type"":""MultiPoint"",""coordinates"":[]}"
2_000100000000000016a1,28.28445993479633,305.80162655161143,2210.0657736190246,Mandi Bahauddin District,9.895572582226905,2.5412819808677716,3,39.1373923913813,0.0,61.93272037753726,98.15873830451393,2024,"{""type"":""MultiPoint"",""coordinates"":[]}"
2_000100000000000016a2,925.969818777441,329.4955153181419,3132.397006520614,Mianwali District,25.873390610910516,10.011837042579609,3,1201.1330100339562,0.0,149.41321140471484,216.86407268568877,2024,"{""type"":""MultiPoint"",""coordinates"":[]}"
2_000100000000000016a3,135.6120728505629,646.2373501765888,2667.874748677409,Multan District,0.13477281408713143,0.43898342549800873,3,1.9809598638511754,0.0,138.5750134559202,57.26628454600406,2024,"{""type"":""MultiPoint"",""coordinates"":[]}"
2_000100000000000016a4,763.394424625833,1185.6180526278692,5178.514746090741,Muzaffargarh District,6.011306697579429,0.2325859209522605,3,86.00458587464676,0.0,145.84873148155782,322.40813035654514,2024,"{""type"":""MultiPoint"",""coordinates"":[]}"
2_000100000000000016a5,9.295501296028641,218.3839559422112,2086.292325048459,Narowal District,1.1449870559953006,1.5252320927987788,3,10.623044307347314,0.0,25.5994744702224,25.955853756535436,2024,"{""type"":""MultiPoint"",""coordinates"":[]}"
2_000100000000000016a6,93.52304838173384,338.00107646683114,3930.563815082288,Okara District,0.4896477504432494,0.513660466298461,3,16.912808876842554,0.0,10.954866531272145,46.620732932965105,2024,"{""type"":""MultiPoint"",""coordinates"":[]}"
2_000100000000000016a7,60.639659396737954,220.57766738354647,2568.2449593676947,Pakpattan District,0.5171521073207259,1.0413270704448223,3,5.904759773319842,0.0,2.964613532417399,24.17254732808865,2024,"{""type"":""MultiPoint"",""coordinates"":[]}"
2_000100000000000016a8,5384.165064487399,1032.411875487079,6005.408439799084,Rahim Yar Khan District,8.776190209417951,0.16643485613167286,3,73.2563165829791,0.0,113.19139550628104,158.63873761665516,2024,"{""type"":""MultiPoint"",""coordinates"":[]}"
2_000100000000000016a9,6607.9151230448815,320.3559942906649,4403.3319626051825,Rajanpur District,4.80627889869479,0.6970918783918023,3,779.342619004663,0.0,38.457817454931934,180.14073611912772,2024,"{""type"":""MultiPoint"",""coordinates"":[]}"
2_000100000000000016aa,129.0408550647142,1177.6586701042618,1216.9608864837892,Rawalpindi District,3.241496631408147,11.695788886540512,3,1350.3072458763772,0.0,1289.5633317930626,46.20008570858296,2024,"{""type"":""MultiPoint"",""coordinates"":[]}"
2_000100000000000016ab,30.18482572918429,322.3954914314271,2795.867016347951,Sahiwal District,0.6007427167585667,0.3257816303521395,3,23.547768915316784,0.0,36.99923496905934,18.551487314332206,2024,"{""type"":""MultiPoint"",""coordinates"":[]}"
2_000100000000000016ac,88.81872257919362,557.9425335557693,4863.577328112939,Sargodha District,5.713904474445563,1.1660899567034315,3,63.08608061334521,0.0,105.70876845426346,85.3660591862621,2024,"{""type"":""MultiPoint"",""coordinates"":[]}"
2_000100000000000016ad,50.97423015302594,557.1803025839523,5004.525291449934,Sheikhupura District,12.914093381045934,2.335428881594071,3,21.264020363811184,0.0,76.2502523191602,96.88252050258657,2024,"{""type"":""MultiPoint"",""coordinates"":[]}"
2_000100000000000016ae,18.73997637342077,442.76028886137567,2485.3295138790436,Sialkot District,3.675364823814701,5.6332880481785415,3,12.384310084424332,0.0,43.485593018067235,53.80115231391334,2024,"{""type"":""MultiPoint"",""coordinates"":[]}"
2_000100000000000016af,38.18310880730769,301.1903300761885,2640.92767040637,Toba Tek Singh District,0.9392198735190666,0.030521532695959596,3,25.77285842309687,0.0,50.24541923864288,24.204383282202713,2024,"{""type"":""MultiPoint"",""coordinates"":[]}"
2_000100000000000016b0,59.08214782942087,483.9412059119117,3918.689762089705,Vehari District,0.0864048944786191,1.1739575000771998,3,5.982976383807174,0.0,12.362052285269488,17.321524375096402,2024,"{""type"":""MultiPoint"",""coordinates"":[]}"
3_0001000000000000168f,356.8325857903443,593.3690585144776,2353.7113145193707,Attock District,4.250721860713527,9.782423687580168,4,2742.3275732876955,0.02490574959665537,625.350801490956,119.4973726417906,2024,"{""type"":""MultiPoint"",""coordinates"":[]}"
3_00010000000000001690,2756.914860868929,367.9832085813086,5324.280492344808,Bahawalnagar District,4.079442970962354,0.30981921166838966,4,61.43457316025434,0.0,5.615538514566188,56.406893294297305,2024,"{""type"":""MultiPoint"",""coordinates"":[]}"
3_00010000000000001691,18108.26393313062,550.655464740839,4934.577264752806,Bahawalpur District,2.3718493450433016,1.4159768279641867,4,209.04023027573436,0.0,90.97327506125484,70.45822246312437,2024,"{""type"":""MultiPoint"",""coordinates"":[]}"
3_00010000000000001692,4154.519534999679,473.4290401135115,3446.1970649805103,Bhakkar District,4.892396452595644,2.0890913365737482,4,329.1098303444501,0.0,120.34446308537588,57.61348715844181,2024,"{""type"":""MultiPoint"",""coordinates"":[]}"
3_00010000000000001693,513.4725212699095,465.86363138975395,2217.8884863663834,Chakwal District,4.9502877830765115,7.869641233589865,4,2548.3595561493657,0.0,788.1638862292518,64.37343816783498,2024,"{""type"":""MultiPoint"",""coordinates"":[]}"
3_00010000000000001694,5286.304498412339,471.1781487681337,3612.690111498272,Dera Ghazi Khan District,4.244574898737026,3.1213394048788095,4,2155.052398868698,0.0,58.70758409705014,201.66943059085563,2024,"{""type"":""MultiPoint"",""coordinates"":[]}"
3_00010000000000001695,131.43483288796875,959.145824961463,4763.911615441631,Faisalabad District,2.1566209428012373,0.5283062905073166,4,33.00781559678635,0.00848584808409214,6.818602758503574,50.414607055952736,2024,"{""type"":""MultiPoint"",""coordinates"":[]}"
3_00010000000000001696,24.610287623618746,464.1432059781991,2997.67700937895,Gujranwala District,5.35394669648479,2.218231860866003,4,18.636538556652763,0.0,19.59785443446873,87.23679249719443,2024,"{""type"":""MultiPoint"",""coordinates"":[]}"
3_00010000000000001697,39.259792945088414,523.6476992712302,2066.960222962473,Gujrat District,3.516230453514293,20.95935328049841,4,242.69484232663382,0.0,194.5798193641482,75.40131136366332,2024,"{""type"":""MultiPoint"",""coordinates"":[]}"
3_00010000000000001698,29.307948073200592,184.83486688562905,1979.885988791294,Hafizabad District,1.2203418218037663,1.984491110779345,4,18.667296852522036,0.0,6.407359108518736,55.04988267821279,2024,"{""type"":""MultiPoint"",""coordinates"":[]}"
3_00010000000000001699,1185.6189624545914,1050.4291335869434,6444.803572208814,Jhang District,1.1663802796974778,0.40913666505366564,4,65.0293144653533,0.0,27.171170301914366,172.63058218330366,2024,"{""type"":""MultiPoint"",""coordinates"":[]}"
3_0001000000000000169a,157.3581875622236,335.3714216055568,1243.0796870643092,Jhelum District,4.435732285156115,17.10385493929772,4,1204.4571192204182,0.050426920875906944,564.0214507953976,90.19127614431667,2024,"{""type"":""MultiPoint"",""coordinates"":[]}"
3_0001000000000000169b,100.044340289165,442.18563897435126,3306.501573381094,Kasur District,1.2837122310537334,1.9163587478007755,4,31.221278812020433,0.0,58.26057229309397,46.71143417550506,2024,"{""type"":""MultiPoint"",""coordinates"":[]}"
3_0001000000000000169c,246.4797754845527,419.27001604708823,3516.169320028236,Khanewal District,0.3639707133612212,0.025785017758607864,4,25.837682797927773,0.0,61.846146692664306,85.79099316580917,2024,"{""type"":""MultiPoint"",""coordinates"":[]}"
3_0001000000000000169d,2279.776528843039,339.1570341067863,2245.4737712167534,Khushab District,2.834129602399965,2.586578911820463,4,1240.116309065112,0.0,416.94096833647535,72.59086509415259,2024,"{""type"":""MultiPoint"",""coordinates"":[]}"
3_0001000000000000169e,38.3457425177426,799.1927772274427,834.4144505161682,Lahore District,1.019173395418215,4.867171290367112,4,20.37556954225635,0.0,10.102747668946781,19.69464742458042,2024,"{""type"":""MultiPoint"",""coordinates"":[]}"
3_0001000000000000169f,2213.1101154320936,577.8412721762213,3276.958537529307,Layyah District,2.005866524504096,1.1522830445319414,4,92.85170587527693,0.0,17.1352554952324,167.25142780019007,2024,"{""type"":""MultiPoint"",""coordinates"":[]}"
3_000100000000000016a0,203.84270580707152,234.39101920700907,2203.9991414929427,Lodhran District,0.0,0.1472373753786087,4,12.395002106694031,0.0,7.35584790222712,4.918053790598232,2024,"{""type"":""MultiPoint"",""coordinates"":[]}"
3_000100000000000016a1,31.594014142026353,335.1370591295116,2189.730683966872,Mandi Bahauddin District,7.442461757551806,4.574636069758265,4,35.85326569845499,0.0,51.63775764912293,99.8476873286616,2024,"{""type"":""MultiPoint"",""coordinates"":[]}"
3_000100000000000016a2,1113.422029919013,376.8790499601915,2584.3193651580673,Mianwali District,52.87041439949809,25.55489682361995,4,1346.0583494660502,0.008355542086064816,217.0051413604917,275.0402597650301,2024,"{""type"":""MultiPoint"",""coordinates"":[]}"
3_000100000000000016a3,368.28353206709613,608.342905195368,2451.2992890899855,Multan District,0.06320071261668322,0.6614880971099232,4,16.0832670196343,0.0,146.9806017879214,56.40590184019038,2024,"{""type"":""MultiPoint"",""coordinates"":[]}"
3_000100000000000016a4,1508.046023858656,1360.790991450057,4138.771783396908,Muzaffargarh District,4.142702207078829,3.752194585421068,4,122.18851347179243,0.0,194.54640843069512,355.79394627511493,2024,"{""type"":""MultiPoint"",""coordinates"":[]}"
3_000100000000000016a5,15.655202717648123,215.52326944057702,2055.8996694610655,Narowal District,1.8481852305797384,8.482166248742566,4,30.7520319683039,0.0,26.718170831944136,23.94167807073716,2024,"{""type"":""MultiPoint"",""coordinates"":[]}"
3_000100000000000016a6,109.11890509349163,371.42994525715994,3868.556731010941,Okara District,0.4312914971189171,0.16283381450921297,4,23.842146044447286,0.0,9.811854747149583,54.22594902385757,2024,"{""type"":""MultiPoint"",""coordinates"":[]}"
3_000100000000000016a7,83.20699664897047,257.6044299416938,2488.5702902842568,Pakpattan District,0.0705534293663268,0.27564634289592505,4,5.697879870392966,0.0,2.933076649904251,45.703812792090076,2024,"{""type"":""MultiPoint"",""coordinates"":[]}"
3_000100000000000016a8,5800.108106160867,1149.3037723661384,5421.499561760108,Rahim Yar Khan District,6.771269017417787,0.7838694417995273,4,58.80259945127821,0.008759990334510803,157.04023852460455,181.69627783248092,2024,"{""type"":""MultiPoint"",""coordinates"":[]}"
3_000100000000000016a9,7347.898186990151,379.64257060439496,3518.7495409211374,Rajanpur District,2.9467198761180042,0.7476212183817053,4,856.2200571928795,0.0,36.67362108519849,192.16930540827855,2024,"{""type"":""MultiPoint"",""coordinates"":[]}"
3_000100000000000016aa,113.2267716065524,1125.8663956590908,1498.2816121545786,Rawalpindi District,1.6500174160389338,21.097243736136484,4,1106.0712581345772,0.0,1307.0031862672129,51.47187557454933,2024,"{""type"":""MultiPoint"",""coordinates"":[]}"
3_000100000000000016ab,65.20548632025499,357.7346346394944,2736.2683044890564,Sahiwal District,0.20597013179212809,0.12008571438491344,4,16.772582984500215,0.0,30.587910917076265,21.577373857821755,2024,"{""type"":""MultiPoint"",""coordinates"":[]}"
3_000100000000000016ac,114.33369492072173,663.9577696958703,4781.836715361716,Sargodha District,4.725332568246214,1.2918498412468562,4,57.41735894777538,0.0,46.07173231875195,101.74503327859018,2024,"{""type"":""MultiPoint"",""coordinates"":[]}"
3_000100000000000016ad,67.01888551325993,591.683819554863,4997.236428857347,Sheikhupura District,3.5816099134584265,3.216201861001843,4,29.712457007052848,0.0,36.14646829607001,93.73026863205811,2024,"{""type"":""MultiPoint"",""coordinates"":[]}"
3_000100000000000016ae,13.377506694453311,451.9664983845115,2479.493216712196,Sialkot District,4.047851733359344,12.503369900960402,4,10.735933093887335,0.0,36.52949349772112,57.155617385149434,2024,"{""type"":""MultiPoint"",""coordinates"":[]}"
3_000100000000000016af,87.71812353999736,342.43370650430006,2574.8039607924898,Toba Tek Singh District,0.25912188464666114,0.017148738726973534,4,15.21235521278691,0.008566978387534618,36.30705453678235,24.733473451906704,2024,"{""type"":""MultiPoint"",""coordinates"":[]}"
3_000100000000000016b0,147.4882515897025,489.79367536928356,3813.5200323384925,Vehari District,0.2835003412566056,0.5286600287930638,4,11.12825129622338,0.0,8.505049370075849,27.392610935939878,2024,"{""type"":""MultiPoint"",""coordinates"":[]}"
4_0001000000000000168f,818.3566362747703,563.2905114864637,2737.7862052988735,Attock District,2.0967911316848853,5.270244207919813,5,2155.716367373094,0.01662333868443966,407.7367016216557,114.87667680937872,2024,"{""type"":""MultiPoint"",""coordinates"":[]}"
4_00010000000000001690,5080.465769176104,268.1442135037562,3113.6796039894584,Bahawalnagar District,0.9042066406896886,1.3515964406962488,5,33.052326194952954,0.017367955297231674,3.3848766097616334,76.02486843607736,2024,"{""type"":""MultiPoint"",""coordinates"":[]}"
4_00010000000000001691,20876.88714067008,525.1456738828298,2317.459381781176,Bahawalpur District,0.20844559371471405,0.3648207075893879,5,107.91564015523328,0.0,92.44898778462016,47.326126022147484,2024,"{""type"":""MultiPoint"",""coordinates"":[]}"
4_00010000000000001692,5168.875339575715,468.38674598791664,2624.168287583491,Bhakkar District,0.1946237673982978,0.18605992384254932,5,215.04109401222615,0.0,19.58117161582717,91.76158600472208,2024,"{""type"":""MultiPoint"",""coordinates"":[]}"
4_00010000000000001693,1122.092791687617,452.65835537311494,2242.883655112598,Chakwal District,2.0497774397954345,2.2724499932508553,5,2246.0301413674056,0.0,488.90258561316136,54.05169200222282,2024,"{""type"":""MultiPoint"",""coordinates"":[]}"
4_00010000000000001694,6510.027976488858,381.55523925079945,2822.2345063995795,Dera Ghazi Khan District,1.5542150931432843,5.656645060516894,5,1791.177372879809,0.0,37.144529447770296,243.82500806307678,2024,"{""type"":""MultiPoint"",""coordinates"":[]}"
4_00010000000000001695,560.5146646394376,1118.7127266998166,4206.84269884124,Faisalabad District,0.07654636912047863,0.09371098317205906,5,21.135374680055556,0.016970892436802387,4.665228519113917,35.36879015930508,2024,"{""type"":""MultiPoint"",""coordinates"":[]}"
4_00010000000000001696,310.278524556997,462.30894339638303,2708.1097739572797,Gujranwala District,2.0040001972231503,0.30232671895155716,5,9.372754727066585,0.016855492256581783,18.054192683926107,109.02649529635102,2024,"{""type"":""MultiPoint"",""coordinates"":[]}"
4_00010000000000001697,56.143353742737254,622.5604885286815,2035.8145497857465,Gujrat District,1.8861807457226163,3.832838114365643,5,192.5523948099428,0.0,169.93328557573258,84.29618066432064,2024,"{""type"":""MultiPoint"",""coordinates"":[]}"
4_00010000000000001698,671.670804050919,204.45405762462565,1296.5905121156256,Hafizabad District,0.316532514660674,0.05921558756381273,5,16.94350519030556,0.008443483151495457,5.559325902565729,81.75577885254341,2024,"{""type"":""MultiPoint"",""coordinates"":[]}"
4_00010000000000001699,1867.225758658189,1366.314112078402,5379.458614412258,Jhang District,1.3633962217718363,0.5040431534871459,5,31.57423772480996,0.0,30.081991622118537,270.73609827463605,2024,"{""type"":""MultiPoint"",""coordinates"":[]}"
4_0001000000000000169a,368.4225141929645,404.7358143251572,1169.3906296964626,Jhelum District,3.9018325728966916,4.275852307330306,5,1188.9831645597353,0.0,342.0910260864223,134.26832279658274,2024,"{""type"":""MultiPoint"",""coordinates"":[]}"
4_0001000000000000169b,408.13317029565286,470.4423858388894,2995.1980987963793,Kasur District,0.31115478599699686,0.09897956699132919,5,13.817780913065606,0.008521920070052147,45.812448877183826,54.30236790985528,2024,"{""type"":""MultiPoint"",""coordinates"":[]}"
4_0001000000000000169c,947.5550010962376,435.43330916680543,2787.55702027959,Khanewal District,0.152201811965628,0.27485822327435017,5,16.30050585886427,0.0,66.7835608150664,101.7272326955937,2024,"{""type"":""MultiPoint"",""coordinates"":[]}"
4_0001000000000000169d,2922.226628061231,314.2578411523253,1970.8864712728512,Khushab District,0.8866686895489693,1.520465191358737,5,1036.7737076352444,0.0,256.31432948632573,96.61007368765482,2024,"{""type"":""MultiPoint"",""coordinates"":[]}"
4_0001000000000000169e,171.23924273565484,719.3130738181816,792.7005831376739,Lahore District,0.2973798969760537,2.3564072886153182,5,13.340079032187806,0.0,4.83933162373655,23.92618204989635,2024,"{""type"":""MultiPoint"",""coordinates"":[]}"
4_0001000000000000169f,2975.995448762968,522.0816441358451,2572.0695020439134,Layyah District,0.5295975245535374,0.17056972533464432,5,58.83555294079158,0.0,8.698678217119738,209.9254705268305,2024,"{""type"":""MultiPoint"",""coordinates"":[]}"
4_000100000000000016a0,1166.5692636517444,205.18941017313327,1270.8593041399822,Lodhran District,0.10395947005599737,0.06064029410481453,5,5.048763926688801,0.0,5.9420839401400265,13.275582086072102,2024,"{""type"":""MultiPoint"",""coordinates"":[]}"
4_000100000000000016a1,40.43062860372604,500.34964915687846,2005.3768341081507,Mandi Bahauddin District,3.7574429507202964,1.2694467886807579,5,27.044562310290836,0.0,52.04713394369419,125.5418678798183,2024,"{""type"":""MultiPoint"",""coordinates"":[]}"
4_000100000000000016a2,1660.8675096998982,378.7260885968001,2248.3489305430367,Mianwali District,48.281136730729656,3.7119529683982915,5,1190.7098293830336,0.008355542086064816,154.37246309484848,306.1315958352175,2024,"{""type"":""MultiPoint"",""coordinates"":[]}"
4_000100000000000016a3,1035.9402205775582,567.8634132622943,1856.551248803216,Multan District,0.06904118694365025,0.5859980210661888,5,5.07170673005429,0.0,120.39638103997225,61.64217618881707,2024,"{""type"":""MultiPoint"",""coordinates"":[]}"
4_000100000000000016a4,2881.336107832627,1348.6231844933407,2863.4579288703912,Muzaffargarh District,2.003311193548143,0.8190284529700875,5,83.1077407079767,0.0,127.67341015182585,381.0118519730427,2024,"{""type"":""MultiPoint"",""coordinates"":[]}"
4_000100000000000016a5,36.566953376121816,228.50073663030986,2042.0673359659154,Narowal District,0.13704253907735442,0.5349737774398104,5,25.9705246269082,0.0,21.64018346979922,23.402623584026507,2024,"{""type"":""MultiPoint"",""coordinates"":[]}"
4_000100000000000016a6,580.3343105625362,416.21521020622225,3350.700431634481,Okara District,0.1427475738649567,0.05147228203713894,5,17.388767966226325,0.0,7.23232523477545,65.51439102853047,2024,"{""type"":""MultiPoint"",""coordinates"":[]}"
4_000100000000000016a7,379.23077139210164,265.08902088169964,2188.237692409966,Pakpattan District,0.1323461515098518,0.4330178870509068,5,7.29315953721822,0.0,0.8677558293566108,42.77892187066815,2024,"{""type"":""MultiPoint"",""coordinates"":[]}"
4_000100000000000016a8,7416.355441677824,977.9544713712131,4018.9909620470967,Rahim Yar Khan District,3.1112562348408734,0.39499847329787763,5,38.820313334961725,0.10520108882337809,139.71440763631287,180.56740268065286,2024,"{""type"":""MultiPoint"",""coordinates"":[]}"
4_000100000000000016a9,9427.841191532772,213.12071858156548,1907.2572055904307,Rajanpur District,1.1950944695621728,0.6605721852322127,5,565.930966331733,0.0,25.91637343851594,193.12550116672602,2024,"{""type"":""MultiPoint"",""coordinates"":[]}"
4_000100000000000016aa,199.39862523851,1209.3664182082398,1728.0866753723442,Rawalpindi District,0.3379554128566501,11.76202380366112,5,903.8152722366079,0.0,1115.0491993175895,56.85219095892766,2024,"{""type"":""MultiPoint"",""coordinates"":[]}"
4_000100000000000016ab,269.55835644188613,360.130185186085,2536.4409698671393,Sahiwal District,0.04841939627978147,0.04294921550899744,5,12.255558283210677,0.0,33.531415894835746,16.464494769435888,2024,"{""type"":""MultiPoint"",""coordinates"":[]}"
4_000100000000000016ac,316.1882983453645,937.6791255578763,4325.535637222991,Sargodha District,0.6326672780272715,0.46386884432286024,5,36.11575668076527,0.0,31.090405411211155,123.67372759236204,2024,"{""type"":""MultiPoint"",""coordinates"":[]}"
4_000100000000000016ad,1035.0282832645719,616.941728608515,4015.545676038224,Sheikhupura District,0.899085514568815,0.3994430636731433,5,22.618600092565316,0.0,24.03195961033378,106.86136344265849,2024,"{""type"":""MultiPoint"",""coordinates"":[]}"
4_000100000000000016ae,28.948761867687985,517.0861332653018,2412.337063074974,Sialkot District,0.9818088990837043,2.939885782410263,5,14.859657880601784,0.0,30.354025618498234,58.30215101368067,2024,"{""type"":""MultiPoint"",""coordinates"":[]}"
4_000100000000000016af,346.7597118610991,381.0882712358463,2282.6826647119924,Toba Tek Singh District,0.13948702117902975,0.07714247796684504,5,9.866459623110645,0.0,40.68150877098315,20.19826593784725,2024,"{""type"":""MultiPoint"",""coordinates"":[]}"
4_000100000000000016b0,696.9290219997182,488.12841147638704,3257.8824029095517,Vehari District,0.5731539470892326,0.8069309315005062,5,10.084190259402728,0.0,10.863320214392655,33.37259953172476,2024,"{""type"":""MultiPoint"",""coordinates"":[]}"
5_0001000000000000168f,1817.3064133281289,493.85402702561714,2410.0543529135666,Attock District,0.5409402423666096,0.37942332786818345,6,1673.1073898479235,0.008270330727100372,302.27444373635467,107.62149678997187,2024,"{""type"":""MultiPoint"",""coordinates"":[]}"
5_00010000000000001690,5877.129826156065,300.6527271486819,2334.4122786587395,Bahawalnagar District,0.7961761742501575,0.8037188260724732,6,6.570640668729503,0.008622890338301659,7.272719956412181,49.378118467502595,2024,"{""type"":""MultiPoint"",""coordinates"":[]}"
5_00010000000000001691,20713.321000651133,578.9695606073218,2444.7184009544844,Bahawalpur District,0.23468603752553463,1.068902654595235,6,70.69988420006327,0.0,97.28696107495868,61.456820417301465,2024,"{""type"":""MultiPoint"",""coordinates"":[]}"
5_00010000000000001692,6260.028312662913,413.1146034883226,1738.2509983404852,Bhakkar District,5.558169128731185,0.5470541334875366,6,37.297998955425825,0.0,12.473710630761058,120.92406113101353,2024,"{""type"":""MultiPoint"",""coordinates"":[]}"
5_00010000000000001693,2461.6492443409697,372.79941784956435,1620.1190161306376,Chakwal District,1.4422169847596509,0.14234773442149162,6,1785.8144103087266,0.0,322.20672109986776,46.76807414021928,2024,"{""type"":""MultiPoint"",""coordinates"":[]}"
5_00010000000000001694,8479.976713253263,309.0779838977637,1496.6025708220134,Dera Ghazi Khan District,6.96282206025778,3.640011374473426,6,1137.2971692848369,0.0,45.91563159083838,313.7025904001047,2024,"{""type"":""MultiPoint"",""coordinates"":[]}"
5_00010000000000001695,1482.8921450566795,1461.6744210227084,2886.1299158210563,Faisalabad District,0.13644849229604006,0.18765423260629177,6,7.197453565672769,0.008485124446451664,49.33230464740784,59.86788382082447,2024,"{""type"":""MultiPoint"",""coordinates"":[]}"
5_00010000000000001696,1548.1501317768777,480.0760439148319,1052.1053339886314,Gujranwala District,4.9439643909643385,0.2162257199668709,6,2.4068937854293515,0.0,19.72249364645092,511.8527798032826,2024,"{""type"":""MultiPoint"",""coordinates"":[]}"
5_00010000000000001697,457.98126813488847,640.5432106392676,1714.9066403047711,Gujrat District,2.653705327647428,0.008402945473790169,6,102.0209106399623,0.0,159.65833496115366,89.24679901408508,2024,"{""type"":""MultiPoint"",""coordinates"":[]}"
5_00010000000000001698,1154.9978350934043,202.85031676603228,689.4645973844965,Hafizabad District,1.4628644265599695,0.22810332290828228,6,2.0701089650100353,0.0,11.238622571454913,215.04572679209429,2024,"{""type"":""MultiPoint"",""coordinates"":[]}"
5_00010000000000001699,3365.8792216118163,2063.53735687526,3041.3555456581134,Jhang District,6.4130496948153946,1.084383583057891,6,16.017353888005747,0.0,84.46333218694608,368.50800864765534,2024,"{""type"":""MultiPoint"",""coordinates"":[]}"
5_0001000000000000169a,867.0802138875401,377.8421958980644,979.3845000504899,Jhelum District,4.881645041733395,0.6512559192145573,6,1011.2328644016244,0.0,216.72048226798725,158.2759990708975,2024,"{""type"":""MultiPoint"",""coordinates"":[]}"
5_0001000000000000169b,985.0288123636051,617.2077390592619,2096.6156958889765,Kasur District,2.142834455508958,0.7998676314840422,6,7.462674793115287,0.0,63.12797530922016,215.7393094029132,2024,"{""type"":""MultiPoint"",""coordinates"":[]}"
5_0001000000000000169c,1088.6078666317003,733.6446985990756,2305.372157674578,Khanewal District,0.17132533659391544,0.37816961854696274,6,4.875670098699629,0.0,118.53782923080978,104.19597275739207,2024,"{""type"":""MultiPoint"",""coordinates"":[]}"
5_0001000000000000169d,3817.62643210927,280.86135829931817,1376.6991874974076,Khushab District,5.523164861587187,0.6865858862943509,6,802.2299001782184,0.03361805807799101,192.86211166161246,122.95382662475402,2024,"{""type"":""MultiPoint"",""coordinates"":[]}"
5_0001000000000000169e,434.67422481501364,680.6396029342297,516.3227443895942,Lahore District,0.9641443987358727,2.006495608469727,6,6.198919698764004,0.03400102257728577,7.469942834845506,79.70220388069238,2024,"{""type"":""MultiPoint"",""coordinates"":[]}"
5_0001000000000000169f,3798.3774287543215,512.4065947903978,1730.1374214724144,Layyah District,14.674609716335201,1.5955693583570274,6,24.107992675443928,0.0,7.95304760554915,259.05379950453835,2024,"{""type"":""MultiPoint"",""coordinates"":[]}"
5_000100000000000016a0,844.5348954260934,227.04795051460323,1577.9024512507056,Lodhran District,0.07794665824621916,0.15587609261274338,6,1.4800609517842531,0.0,7.6278606694885625,8.221966118387439,2024,"{""type"":""MultiPoint"",""coordinates"":[]}"
5_000100000000000016a1,265.94365583747697,523.9780731036236,1731.9966248723517,Mandi Bahauddin District,2.014587502163269,1.517900657138842,6,11.400817784940937,0.0,49.7781603185533,169.18774566571136,2024,"{""type"":""MultiPoint"",""coordinates"":[]}"
5_000100000000000016a2,3058.7671596458595,303.5629245784207,1316.9301576623106,Mianwali District,70.01139699811226,3.69539709482342,6,711.0955547177618,0.0,101.49588979108663,425.5993819056737,2024,"{""type"":""MultiPoint"",""coordinates"":[]}"
5_000100000000000016a3,1247.7695947488842,596.0158353331408,1561.2413694873346,Multan District,0.12930831592530012,0.6159893773057882,6,0.27613177616149187,0.0,164.0952402915148,77.97671647965544,2024,"{""type"":""MultiPoint"",""coordinates"":[]}"
5_000100000000000016a4,3767.466430116376,1173.5514776079567,2104.392183048545,Muzaffargarh District,6.533410045307349,4.929408287399394,6,27.238102562758414,0.008578544482588768,134.57069554651778,469.3422779163821,2024,"{""type"":""MultiPoint"",""coordinates"":[]}"
5_000100000000000016a5,903.8963885940683,244.4618744383,1144.5658102726563,Narowal District,0.43734398873924624,0.09289504308253527,6,11.535533616808701,0.0,17.515264716664074,56.31526329927877,2024,"{""type"":""MultiPoint"",""coordinates"":[]}"
5_000100000000000016a6,1042.1112733290804,539.4522272715271,2700.992874833404,Okara District,0.7714035343378782,0.5082248893621213,6,10.362216290816955,0.09438411146402359,20.02388201573243,123.26317021294916,2024,"{""type"":""MultiPoint"",""coordinates"":[]}"
5_000100000000000016a7,576.9794154301616,302.0169450605727,1949.2402618725991,Pakpattan District,0.1594496401026845,0.19790583942085505,6,2.0619421322336966,0.0,6.883073622974403,46.52369236150648,2024,"{""type"":""MultiPoint"",""coordinates"":[]}"
5_000100000000000016a8,7531.842711812552,1193.6782282381373,3674.888919241651,Rahim Yar Khan District,2.3269567029295013,4.159070573389237,6,19.36000333423635,0.0350031852722168,142.12708348116524,207.59647797569272,2024,"{""type"":""MultiPoint"",""coordinates"":[]}"
5_000100000000000016a9,10006.525724875626,259.3196148771282,1384.793555145455,Rajanpur District,6.63178371635503,8.612094459763052,6,343.5005705679457,0.026188387535512447,76.096962961014,249.54112830571827,2024,"{""type"":""MultiPoint"",""coordinates"":[]}"
5_000100000000000016aa,596.0903638278628,1241.9651800092126,1530.9297293735995,Rawalpindi District,0.42148587437090923,1.612590440768091,6,824.187582540271,0.0,975.9615523994298,53.49987608322181,2024,"{""type"":""MultiPoint"",""coordinates"":[]}"
5_000100000000000016ab,803.3305665290604,463.6326559140365,1875.8900886942067,Sahiwal District,0.08124671034953174,0.16317705251276493,6,5.512047509757766,0.0,60.861989220520314,19.00057742393703,2024,"{""type"":""MultiPoint"",""coordinates"":[]}"
5_000100000000000016ac,953.2707218248653,944.8726441133365,3662.3484370730666,Sargodha District,0.4170863846609113,0.16857716627418995,6,14.461749123314432,0.0,34.891968853106974,160.94830239429413,2024,"{""type"":""MultiPoint"",""coordinates"":[]}"
5_000100000000000016ad,3275.656147252921,691.3368211602866,1540.993691415504,Sheikhupura District,2.1527047954097975,0.4160345154942251,6,6.982162502890124,0.0,34.45071380512387,270.33786418748036,2024,"{""type"":""MultiPoint"",""coordinates"":[]}"
5_000100000000000016ae,924.4341379998907,552.3833110486979,1431.552758803193,Sialkot District,2.3544571241181274,0.12634667288511992,6,4.787622324245817,0.0,30.6343091747486,119.5365442544587,2024,"{""type"":""MultiPoint"",""coordinates"":[]}"
5_000100000000000016af,974.2413276539933,665.4597823788505,1347.4860761955342,Toba Tek Singh District,0.0257050059735775,0.05993544403463602,6,3.3610530200140443,0.0,65.56629647581528,25.293335465809292,2024,"{""type"":""MultiPoint"",""coordinates"":[]}"
5_000100000000000016b0,1013.7951981648034,570.1087705806152,2856.434208921138,Vehari District,0.5180259627308332,1.2098387083476958,6,1.2064378368649997,0.0,27.4074176433624,27.960133451902696,2024,"{""type"":""MultiPoint"",""coordinates"":[]}"
6_0001000000000000168f,2660.7108784246275,628.1078791475326,1586.196524372536,Attock District,1.3951209188858962,3.4196702222504163,7,1392.297117662426,0.0,402.6842077500059,130.33535904425983,2024,"{""type"":""MultiPoint"",""coordinates"":[]}"
6_00010000000000001690,3844.0384621654057,648.081833298888,2644.2009202853033,Bahawalnagar District,19.54854617836502,39.0791195123219,7,19.32700524462716,4.2417171738274835,767.2282451854509,437.2166415061693,2024,"{""type"":""MultiPoint"",""coordinates"":[]}"
6_00010000000000001691,19097.36615378621,838.2167453130086,2289.111490148627,Bahawalpur District,10.329706605626088,55.36809683511875,7,131.87664379219288,5.518466322379662,1028.028035655994,182.38302849466166,2024,"{""type"":""MultiPoint"",""coordinates"":[]}"
6_00010000000000001692,6328.134375500588,642.1797917244664,895.7298697475272,Bhakkar District,4.636064912338613,1.6931013891327322,7,7.484851211667353,0.1781377987936139,562.9488390244727,145.2098771621528,2024,"{""type"":""MultiPoint"",""coordinates"":[]}"
6_00010000000000001693,1844.9915468203376,579.3402462310834,1771.4004861260637,Chakwal District,3.5507046259830104,16.036148341219214,7,1483.164371550072,0.0,850.6213004970047,61.83664439740206,2024,"{""type"":""MultiPoint"",""coordinates"":[]}"
6_00010000000000001694,7748.307864929936,416.9791320755055,966.3777114048562,Dera Ghazi Khan District,24.104422680639168,58.85063512387376,7,1452.501043834574,0.06023942120373249,559.3901638905865,560.2863612750692,2024,"{""type"":""MultiPoint"",""coordinates"":[]}"
6_00010000000000001695,658.8004082596113,1164.4267266919255,1954.666867309454,Faisalabad District,6.3535291746806575,3.2604539265089176,7,14.316309397006592,108.04275616975684,1374.7242030598957,441.9245758537276,2024,"{""type"":""MultiPoint"",""coordinates"":[]}"
6_00010000000000001696,85.1855567816864,418.9081758820799,853.4980483235719,Gujranwala District,46.26795465580607,11.529842837001471,7,5.657975656626855,0.34656228870153427,92.25589515047109,2100.6803618374925,2024,"{""type"":""MultiPoint"",""coordinates"":[]}"
6_00010000000000001697,315.3367678918419,585.7259451183436,1639.094523838619,Gujrat District,15.599905731664132,17.45365714170769,7,79.12474050783713,0.0,273.7155545967357,240.96817714050047,2024,"{""type"":""MultiPoint"",""coordinates"":[]}"
6_00010000000000001698,315.23984714502143,171.071267521385,370.51829693969336,Hafizabad District,21.526581992778706,2.135803009701126,7,4.212995513944941,0.0,108.17129371280178,1284.4820894866345,2024,"{""type"":""MultiPoint"",""coordinates"":[]}"
6_00010000000000001699,2105.2658877286112,928.2133562352983,3340.835983587605,Jhang District,10.69269202619645,8.711928227923664,7,31.11882837919847,75.17382803308395,1023.9621255874999,933.910238165821,2024,"{""type"":""MultiPoint"",""coordinates"":[]}"
6_0001000000000000169a,699.2577190613518,410.36774274240076,885.8475452791864,Jhelum District,5.539981175473361,20.952849905265897,7,818.5488123541916,0.0,653.4198309659372,122.13467505374446,2024,"{""type"":""MultiPoint"",""coordinates"":[]}"
6_0001000000000000169b,494.01934489596135,685.4700791287438,923.0096539767713,Kasur District,4.130142263122195,6.915289898118114,7,6.618900834820142,75.17042632740649,867.1174052038211,496.42332261611955,2024,"{""type"":""MultiPoint"",""coordinates"":[]}"
6_0001000000000000169c,504.9441868829085,492.86837850996443,472.49440537901484,Khanewal District,0.9478842088222211,5.028042467037106,7,3.148742695795555,8.549113872691112,556.1219644728682,88.84076749348976,2024,"{""type"":""MultiPoint"",""coordinates"":[]}"
6_0001000000000000169d,3875.817843236084,448.018113024876,1149.9898861629706,Khushab District,3.4051896138116717,6.459538300978202,7,535.6555170243021,0.10095404740422964,446.5196676917228,133.50947607439014,2024,"{""type"":""MultiPoint"",""coordinates"":[]}"
6_0001000000000000169e,149.799474605056,419.3343468802233,164.44618898497208,Lahore District,1.9735798304535304,3.1349351425636924,7,4.061019456328131,142.61538147944958,210.61657779457084,160.52969178088455,2024,"{""type"":""MultiPoint"",""coordinates"":[]}"
6_0001000000000000169f,3255.911501885038,822.1689032785522,1031.6514888226986,Layyah District,21.820090560790373,6.497756412968624,7,14.648843663883413,0.0856942655518651,691.8248159610172,382.2492557164865,2024,"{""type"":""MultiPoint"",""coordinates"":[]}"
6_000100000000000016a0,630.3621300855688,405.6870324609546,880.513260068339,Lodhran District,2.623047756410989,34.76224552772062,7,2.7013879939840706,3.842702909683188,585.7594855257256,67.86390594857946,2024,"{""type"":""MultiPoint"",""coordinates"":[]}"
6_000100000000000016a1,118.9909143612775,361.4568821664169,1771.1485728386644,Mandi Bahauddin District,11.103752944782814,7.654824111606998,7,14.38308685777307,0.0,91.3050571066017,379.77447535483645,2024,"{""type"":""MultiPoint"",""coordinates"":[]}"
6_000100000000000016a2,3269.6340894696577,456.0548945709296,862.5723423527992,Mianwali District,72.08155079415323,4.090388801138775,7,535.2916228611934,0.016797132790088654,263.4912735171287,527.9249028942565,2024,"{""type"":""MultiPoint"",""coordinates"":[]}"
6_000100000000000016a3,883.4214676362624,763.622563731265,675.5013465543699,Multan District,2.365761960907748,10.72404297945254,7,1.1683606397835355,1.8463864442107139,776.5677141406007,102.66216164737865,2024,"{""type"":""MultiPoint"",""coordinates"":[]}"
6_000100000000000016a4,2907.6535226064457,1124.2712242500818,954.9379246802382,Muzaffargarh District,16.587808173774356,23.406093323252655,7,22.388211531765464,1.0267650792375207,1756.078013934224,646.328594962442,2024,"{""type"":""MultiPoint"",""coordinates"":[]}"
6_000100000000000016a5,449.4046078105183,302.1546191839757,127.73152371746872,Narowal District,57.85718322103368,3.67692991113838,7,7.688065945992575,32.750801341162585,252.008396637352,1070.9473775862623,2024,"{""type"":""MultiPoint"",""coordinates"":[]}"
6_000100000000000016a6,845.8755536741814,648.3008493346726,649.5748023901682,Okara District,6.705012494917302,4.507391647435725,7,2.76194959147742,16.01758585660992,1308.1444645549918,945.8020779425351,2024,"{""type"":""MultiPoint"",""coordinates"":[]}"
6_000100000000000016a7,339.98219905383513,338.6043209646811,982.1020633081996,Pakpattan District,2.865096641613134,10.29944639865528,7,1.627653620169297,5.181269078307292,390.7161426838633,399.66184295696365,2024,"{""type"":""MultiPoint"",""coordinates"":[]}"
6_000100000000000016a8,6522.250166318251,1314.6291856298078,3750.9233437838725,Rahim Yar Khan District,3.2925165592747576,14.459637780973285,7,8.98197360061036,0.026172236539423466,825.5979088230423,335.8535498126538,2024,"{""type"":""MultiPoint"",""coordinates"":[]}"
6_000100000000000016a9,9111.46905482043,366.82872287236955,1176.9408065069103,Rajanpur District,17.74113715185108,23.725177521883126,7,407.644708959488,0.11289176996797323,745.9235258372973,481.90763645341946,2024,"{""type"":""MultiPoint"",""coordinates"":[]}"
6_000100000000000016aa,358.44873821529757,1268.9322131623421,1520.7318223585428,Rawalpindi District,0.924216662738107,76.59859980298388,7,662.3903713586466,0.0,1240.7675464786225,65.95164065176583,2024,"{""type"":""MultiPoint"",""coordinates"":[]}"
6_000100000000000016ab,655.2578195399806,277.9413251567195,239.20132510721976,Sahiwal District,2.7925052443409664,2.612958927280909,7,1.6564454073013337,68.80682805668125,362.40542359263367,205.508268123635,2024,"{""type"":""MultiPoint"",""coordinates"":[]}"
6_000100000000000016ac,535.2457539945219,953.420782726554,3688.88409479897,Sargodha District,8.85778472729977,4.474294548061695,7,18.396503624257942,0.0,227.7964518708743,334.3038206423797,2024,"{""type"":""MultiPoint"",""coordinates"":[]}"
6_000100000000000016ad,762.9912149513106,639.7494548600458,938.0622488653727,Sheikhupura District,89.23354175021397,14.301960147822312,7,7.724695082023448,15.068732342204337,397.8875617841077,2802.8161427102546,2024,"{""type"":""MultiPoint"",""coordinates"":[]}"
6_000100000000000016ae,165.64983524439455,409.8544323658242,715.8759765837927,Sialkot District,43.449839557586785,13.153170727335793,7,9.208680187585744,12.2915828742233,125.62744149018953,1197.3867241711594,2024,"{""type"":""MultiPoint"",""coordinates"":[]}"
6_000100000000000016af,635.4702666356941,448.76867018805126,903.6930342327291,Toba Tek Singh District,1.002818388163167,1.5830937623320256,7,7.9505760431216626,127.79513348577287,531.0901602904037,179.19416751573772,2024,"{""type"":""MultiPoint"",""coordinates"":[]}"
6_000100000000000016b0,505.06252794513,459.22921871425694,464.10524271355166,Vehari District,1.173182253850003,12.240921189851473,7,1.6417095295135296,4.693431042109196,485.9358867962571,69.44195917053696,2024,"{""type"":""MultiPoint"",""coordinates"":[]}"
7_0001000000000000168f,951.9401178608667,1147.4280754427627,1797.8761404209201,Attock District,4.7321884764687105,28.423694552112295,8,748.0813871887348,0.92506517196695,709.6434052377683,175.04818907870597,2024,"{""type"":""MultiPoint"",""coordinates"":[]}"
7_00010000000000001690,1446.240692254065,486.3116460792283,3429.630230265499,Bahawalnagar District,18.13355625185239,92.14863889240385,8,185.2133547400471,6.327957276192805,382.59040851083165,351.88235331441774,2024,"{""type"":""MultiPoint"",""coordinates"":[]}"
7_00010000000000001691,13821.131622602028,598.983871985665,2734.735683738663,Bahawalpur District,2.817314013780332,42.205573204875584,8,1145.8434411164155,12.79692639796538,782.6097100251815,208.21323341954425,2024,"{""type"":""MultiPoint"",""coordinates"":[]}"
7_00010000000000001692,3217.301168135228,799.1465350935235,931.8320854991456,Bhakkar District,3.7339622137520245,9.348572168966719,8,57.34039326319289,1.5355837061745572,433.4236988093302,205.62813599199856,2024,"{""type"":""MultiPoint"",""coordinates"":[]}"
7_00010000000000001693,449.80393525516865,570.0526348572845,1062.6088049318423,Chakwal District,1.008941416409524,9.555579140190693,8,261.7797802901298,6.305128052286512,486.92281509054584,47.0506011737401,2024,"{""type"":""MultiPoint"",""coordinates"":[]}"
7_00010000000000001694,5225.352264928183,605.2237544266251,1722.3883562262515,Dera Ghazi Khan District,17.48647168945959,29.82453774147685,8,1283.917667978246,1.4044308559969068,622.7359052884811,690.8563289052279,2024,"{""type"":""MultiPoint"",""coordinates"":[]}"
7_00010000000000001695,26.044472340808486,59.13317402755733,171.29721100178054,Faisalabad District,0.27328443992882967,0.5637725610285997,8,0.6473570671297756,5.943598568706097,22.308644330720696,17.57484667815414,2024,"{""type"":""MultiPoint"",""coordinates"":[]}"
7_00010000000000001696,16.513906034454703,391.6039507256785,2640.4434511931536,Gujranwala District,3.7469139838408605,10.880644666115007,8,2.0174986488532785,0.6842952634920092,104.96137035753505,208.8593966572198,2024,"{""type"":""MultiPoint"",""coordinates"":[]}"
7_00010000000000001697,22.145495993994608,408.97591019238484,2085.039938709629,Gujrat District,37.639327171236715,119.09757220738877,8,4.468379546994088,0.2679820862251754,247.6877133284385,209.83592000731142,2024,"{""type"":""MultiPoint"",""coordinates"":[]}"
7_00010000000000001698,0.6511876899749041,7.096888359387716,70.49167867255784,Hafizabad District,0.12684545572847128,0.4376404824283193,8,0.01687468681484461,1.0393313572285514,3.9420754789283463,13.113638892956079,2024,"{""type"":""MultiPoint"",""coordinates"":[]}"
7_00010000000000001699,522.1395709789157,439.9178006054249,1524.6370999413268,Jhang District,10.373769578286538,9.041955114422622,8,5.643687020936141,19.108742121577848,175.0997066074982,411.46553916909966,2024,"{""type"":""MultiPoint"",""coordinates"":[]}"
7_0001000000000000169a,148.2706810417859,488.53149309392444,1359.2391686581768,Jhelum District,33.445125402276425,75.13708352693813,8,82.61555558386826,1.5642966510910614,618.8581021571606,154.9308055322252,2024,"{""type"":""MultiPoint"",""coordinates"":[]}"
7_0001000000000000169b,13.569417116539002,40.59179445745825,219.93714573953082,Kasur District,0.7399515333640223,0.9395761887013327,8,0.12808416038751602,6.728950057449002,43.20237373366003,20.9139072255834,2024,"{""type"":""MultiPoint"",""coordinates"":[]}"
7_0001000000000000169c,342.25222522251164,559.5845175263855,1070.360042398368,Khanewal District,4.000290994057615,15.30449905442987,8,7.128919636333983,6.952891443742841,660.8420355067642,280.15099901948486,2024,"{""type"":""MultiPoint"",""coordinates"":[]}"
7_0001000000000000169d,965.6479364589734,510.4855810997277,537.4178081863431,Khushab District,9.581002680891576,7.18270068771991,8,91.55227988457635,6.081802587090608,244.58287411043602,68.61226130238936,2024,"{""type"":""MultiPoint"",""coordinates"":[]}"
7_0001000000000000169e,9.234010354078869,99.76211267644356,298.43176349202787,Lahore District,1.9897395187733218,2.365558056007413,8,0.47404912149204925,3.2944862960856045,44.08642992037987,35.967576337981896,2024,"{""type"":""MultiPoint"",""coordinates"":[]}"
7_0001000000000000169f,1608.1680810991238,798.425843574629,1758.5438310107872,Layyah District,10.38768237093281,7.513592221817988,8,73.94305695958217,1.4459411641582847,423.3264618478314,599.0474896228745,2024,"{""type"":""MultiPoint"",""coordinates"":[]}"
7_000100000000000016a0,385.10208985427505,376.9570462854543,1192.7614269447056,Lodhran District,0.4504816513508558,12.665389611703509,8,5.442453418832783,2.2172278373922203,259.2638844164636,36.07029939554997,2024,"{""type"":""MultiPoint"",""coordinates"":[]}"
7_000100000000000016a1,5.277833749010574,137.87489972590816,941.732349160065,Mandi Bahauddin District,2.764926080007618,13.521306767175883,8,1.783253755026004,4.39991547768826,29.02872114065742,127.40216656002927,2024,"{""type"":""MultiPoint"",""coordinates"":[]}"
7_000100000000000016a2,1451.7162524670728,883.3438260470755,1095.6824749863504,Mianwali District,69.48480586959597,8.526688624776023,8,297.193062822382,2.762253632235761,633.6252971572763,702.457934018166,2024,"{""type"":""MultiPoint"",""coordinates"":[]}"
7_000100000000000016a3,337.76597797095997,513.0703268104835,1113.288775262025,Multan District,7.054204523106853,11.673571529611944,8,2.4967192165444,3.9954252526310143,496.0540411790614,219.99977667286777,2024,"{""type"":""MultiPoint"",""coordinates"":[]}"
7_000100000000000016a4,1389.9410374711656,1315.8919864826014,2443.2180374654995,Muzaffargarh District,54.10822876097598,20.761577981188164,8,51.3143684409157,4.164041054734558,828.0464145128889,1038.7038610595662,2024,"{""type"":""MultiPoint"",""coordinates"":[]}"
7_000100000000000016a5,7.917449839405862,202.26235212271337,1915.1922065622698,Narowal District,3.276637004958648,37.000506465151624,8,3.0076425876395376,0.5363137827053958,45.233802861844495,62.95943398971257,2024,"{""type"":""MultiPoint"",""coordinates"":[]}"
7_000100000000000016a6,178.18883096149887,293.70172070759696,1754.440664662395,Okara District,1.5202657049521804,9.924960500429219,8,10.29688269884928,3.18128157863576,62.853698282707114,147.80975751662444,2024,"{""type"":""MultiPoint"",""coordinates"":[]}"
7_000100000000000016a7,200.27182993078787,296.3249548341495,1603.4597370160166,Pakpattan District,0.9732649166830907,10.157456890961118,8,20.815269427227918,0.2324387114495039,46.80551743483281,111.70470346735756,2024,"{""type"":""MultiPoint"",""coordinates"":[]}"
7_000100000000000016a8,5595.732717099739,1063.0715074947798,4456.9196925609685,Rahim Yar Khan District,17.25235662368656,13.064200288970389,8,27.000281767609216,0.30152272480156495,991.3320441580943,551.6679879094785,2024,"{""type"":""MultiPoint"",""coordinates"":[]}"
7_000100000000000016a9,6908.549634303222,381.791163338951,1562.2047209139914,Rajanpur District,24.187822179835948,33.8857599760351,8,524.5913393469234,1.8350013974396622,953.9988973432276,1149.057561143305,2024,"{""type"":""MultiPoint"",""coordinates"":[]}"
7_000100000000000016aa,85.93209004484336,1130.5173793656784,2078.327725588052,Rawalpindi District,0.24971388839185238,80.79864375484634,8,62.93950582633488,0.8342788382269004,1122.9559466718606,74.88234484558012,2024,"{""type"":""MultiPoint"",""coordinates"":[]}"
7_000100000000000016ab,167.30047784453515,284.22152209407557,564.9049273918326,Sahiwal District,0.2400046124068253,2.690819710986141,8,5.8721174322032175,1.1580869379690757,131.6873583367058,42.32358698193349,2024,"{""type"":""MultiPoint"",""coordinates"":[]}"
7_000100000000000016ac,15.095822894701039,59.238696913815595,219.53516967179732,Sargodha District,0.34498568264877094,1.985800083460031,8,0.8937990889062777,4.370258594523458,18.22282953417915,24.554333912592163,2024,"{""type"":""MultiPoint"",""coordinates"":[]}"
7_000100000000000016ad,22.03882465593371,276.5120468393187,2346.463774373053,Sheikhupura District,9.664981135919545,11.000328066397238,8,1.9254394091556177,12.908808782769768,189.38817486111074,364.81904303478984,2024,"{""type"":""MultiPoint"",""coordinates"":[]}"
7_000100000000000016ae,5.964082771901261,407.2893193520459,2324.011114635096,Sialkot District,10.360455881793271,36.2124314478909,8,2.0413255325025492,0.00840962678194046,59.226913089590035,220.6954350646366,2024,"{""type"":""MultiPoint"",""coordinates"":[]}"
7_000100000000000016af,58.942287118663536,106.83591344279473,457.800596536506,Toba Tek Singh District,0.3235355638223244,0.8902342867142721,8,1.073574900492003,0.6945593683049083,23.24873807834206,35.14546339816104,2024,"{""type"":""MultiPoint"",""coordinates"":[]}"
7_000100000000000016b0,799.1958967040567,652.8821634519479,1383.0129432243166,Vehari District,1.1982788310915815,23.504307664507163,8,17.308481310874075,5.826813734607661,566.2384445317892,158.87402654769008,2024,"{""type"":""MultiPoint"",""coordinates"":[]}"
8_0001000000000000168f,336.8678306930899,1454.093111493731,3082.3212048099904,Attock District,2.6790865494924434,16.939716251168914,9,755.2465569938405,0.0,1002.1749496987197,154.82430105249156,2024,"{""type"":""MultiPoint"",""coordinates"":[]}"
8_00010000000000001690,1751.7774942162537,918.5000079160703,3896.0669399551066,Bahawalnagar District,56.86780430936419,34.15190355797463,9,504.1924601996646,0.0,1303.8421050817503,111.62611371061087,2024,"{""type"":""MultiPoint"",""coordinates"":[]}"
8_00010000000000001691,11918.758556869621,1502.6972180497887,4292.22417357022,Bahawalpur District,5.401460560630349,16.19645454007767,9,4272.333390192694,0.0,1817.1486000378816,127.04701441151691,2024,"{""type"":""MultiPoint"",""coordinates"":[]}"
8_00010000000000001692,4736.882168835494,1862.359997970176,1542.4658161269906,Bhakkar District,5.05651816888621,1.9572435419166498,9,145.35742477609537,0.025453222915530205,184.99159800019115,109.09868782847464,2024,"{""type"":""MultiPoint"",""coordinates"":[]}"
8_00010000000000001693,209.92783907085803,1186.9960962882487,3016.484948056132,Chakwal District,0.6699750749394298,12.099914324243425,9,575.2070310419425,0.01677949633449316,1531.9850053507178,77.55385988574915,2024,"{""type"":""MultiPoint"",""coordinates"":[]}"
8_00010000000000001694,3132.3154192466764,1073.797876408057,2770.792143365011,Dera Ghazi Khan District,34.807036473054225,176.07153843330843,9,3165.80506715387,0.04310118965804577,1052.1520205730208,387.39128984089797,2024,"{""type"":""MultiPoint"",""coordinates"":[]}"
8_00010000000000001695,87.06916732673042,1976.5908722835761,3386.433667501753,Faisalabad District,9.231840982068988,3.022355434090337,9,10.27746849270428,0.07673003245145082,355.5256266946995,109.70611572416097,2024,"{""type"":""MultiPoint"",""coordinates"":[]}"
8_00010000000000001696,16.250583064643777,532.368759303036,2885.0813594944884,Gujranwala District,2.575126159483311,6.178701326798866,9,6.065760389667954,0.0,47.5732248884498,123.38035239986709,2024,"{""type"":""MultiPoint"",""coordinates"":[]}"
8_00010000000000001697,37.88807418757647,567.0663687737256,1893.2031243510066,Gujrat District,17.564954472789722,14.807535793106345,9,17.94337291374218,0.02516713086515665,499.14680757850914,119.37386676592789,2024,"{""type"":""MultiPoint"",""coordinates"":[]}"
8_00010000000000001698,16.225921219824723,216.8347291616613,1939.89409150036,Hafizabad District,0.572831738594116,2.158268051539712,9,2.1787083424700824,0.0,19.315371285327803,80.17825402218261,2024,"{""type"":""MultiPoint"",""coordinates"":[]}"
8_00010000000000001699,1026.5600978075872,2187.6092214658274,4711.248922728485,Jhang District,22.509336017324205,4.70950841717422,9,30.657288365478756,0.0169889684766531,584.4469355236812,379.49995285163754,2024,"{""type"":""MultiPoint"",""coordinates"":[]}"
8_0001000000000000169a,96.59702922744202,566.7407415682522,1330.3241147094752,Jhelum District,40.97969172503799,15.828462724004162,9,81.46204074591984,0.050289336591959,1283.5140846219974,200.57270187883108,2024,"{""type"":""MultiPoint"",""coordinates"":[]}"
8_0001000000000000169b,90.46953325766486,1018.9767259318527,2440.367221520359,Kasur District,1.5386208750197992,4.262517015080826,9,10.16245577243321,0.008572064340114594,345.6231006131928,76.69911070311917,2024,"{""type"":""MultiPoint"",""coordinates"":[]}"
8_0001000000000000169c,107.7093773392084,1182.7963437274352,2416.8447825631715,Khanewal District,7.549990361293449,5.261720387294304,9,7.659789825888241,0.0,479.20686535491944,148.75482038818666,2024,"{""type"":""MultiPoint"",""coordinates"":[]}"
8_0001000000000000169d,2221.7952304752534,1088.3240933097097,1966.0540260007824,Khushab District,7.174012098932529,14.699775457024282,9,229.58656312215925,0.2945853630080819,932.3493701716117,135.67019340094618,2024,"{""type"":""MultiPoint"",""coordinates"":[]}"
8_0001000000000000169e,28.865651415441846,968.0830147042983,527.2147668552311,Lahore District,1.8183733533739166,5.651151484448244,9,3.953503751458929,0.01702822931110859,144.73757965840838,47.67121013095055,2024,"{""type"":""MultiPoint"",""coordinates"":[]}"
8_0001000000000000169f,2118.4793070073806,1970.2520635047124,1553.3834598482315,Layyah District,42.31832011233577,8.16847750604445,9,145.97070939730412,0.07694351393729448,227.19096519070513,282.4662177967054,2024,"{""type"":""MultiPoint"",""coordinates"":[]}"
8_000100000000000016a0,98.3070327963388,721.0778462398943,1224.5642704533852,Lodhran District,0.01726999506354332,5.61070186481172,9,2.6763879045442334,0.0,605.3240772048887,9.471421222995016,2024,"{""type"":""MultiPoint"",""coordinates"":[]}"
8_000100000000000016a1,14.2929810900022,461.5915312204255,1900.6307116755231,Mandi Bahauddin District,2.7610331383332904,6.606855863179354,9,6.0375194829066885,0.07584049459546804,208.8402544003236,154.9808383766708,2024,"{""type"":""MultiPoint"",""coordinates"":[]}"
8_000100000000000016a2,942.4316472615753,1079.4208006506274,2043.1154017010663,Mianwali District,164.24108294137187,15.815837102014498,9,601.523062273995,0.03350189235061407,707.6090752509075,434.6873846911296,2024,"{""type"":""MultiPoint"",""coordinates"":[]}"
8_000100000000000016a3,185.3071332558113,1223.5662108689658,1320.7868855642191,Multan District,16.262628113704864,2.9406110677758566,9,5.920702841695325,0.0,741.4066802550399,151.9293338427101,2024,"{""type"":""MultiPoint"",""coordinates"":[]}"
8_000100000000000016a4,1220.7386159585496,2492.1707359720494,2093.5035021838785,Muzaffargarh District,66.74215993171593,20.20548773409032,9,246.2403150573519,0.0,908.8055239391531,639.6262228989353,2024,"{""type"":""MultiPoint"",""coordinates"":[]}"
8_000100000000000016a5,13.866328076689559,333.6520569457434,1749.551965587885,Narowal District,0.6603741802969108,10.055932193315204,9,8.389614552175443,0.008447721600532532,220.61059578548677,42.02505892640454,2024,"{""type"":""MultiPoint"",""coordinates"":[]}"
8_000100000000000016a6,164.36752690116637,753.9628294932747,3385.652859099774,Okara District,0.9974501142278314,4.049045033216038,9,13.576063569543846,0.0,44.29290587501418,70.68097640245641,2024,"{""type"":""MultiPoint"",""coordinates"":[]}"
8_000100000000000016a7,81.3547173681322,540.7486733794503,2187.806022436545,Pakpattan District,0.06894795782864094,0.955498855561018,9,12.875352033158288,0.0,16.88193653864311,43.37153739025268,2024,"{""type"":""MultiPoint"",""coordinates"":[]}"
8_000100000000000016a8,5058.3821308897805,1498.260190504501,4727.40595199652,Rahim Yar Khan District,27.49431042335197,12.44366171975054,9,248.7842119163633,0.0,912.1357229985699,291.1082740961884,2024,"{""type"":""MultiPoint"",""coordinates"":[]}"
8_000100000000000016a9,5969.336812045745,709.7750920041483,2518.640120919129,Rajanpur District,62.06327229622825,55.55484177282116,9,1569.9267287949137,0.008710830472409725,980.3770980732079,469.3649465598714,2024,"{""type"":""MultiPoint"",""coordinates"":[]}"
8_000100000000000016aa,71.39344336952576,1287.0089574567714,1711.9793940407428,Rawalpindi District,0.39459100916762563,39.52944632224446,9,58.163813217433486,0.0,1979.0554357124493,77.14327942040183,2024,"{""type"":""MultiPoint"",""coordinates"":[]}"
8_000100000000000016ab,88.8656368218472,874.2983326334506,2118.5884187427996,Sahiwal District,1.0707716944901384,0.5879561486635723,9,3.0986571392373126,0.0,105.94475497019057,36.01782090370269,2024,"{""type"":""MultiPoint"",""coordinates"":[]}"
8_000100000000000016ac,84.01485068418597,1622.0215615664515,3353.792858236608,Sargodha District,10.585813253318124,2.938333160755243,9,5.542372882742362,0.03370712511241436,491.7856668645954,200.66432315915023,2024,"{""type"":""MultiPoint"",""coordinates"":[]}"
8_000100000000000016ad,23.097980588886376,779.0337302030518,4720.092508034018,Sheikhupura District,6.762516002747796,6.707457553036511,9,5.66842319434326,0.0,107.7102026554701,173.25332140355715,2024,"{""type"":""MultiPoint"",""coordinates"":[]}"
8_000100000000000016ae,15.744949563844681,505.0787977276771,2348.497391547744,Sialkot District,6.5622710534061,12.60857584031993,9,5.84431422357904,0.0,91.49394028319372,79.97924716247282,2024,"{""type"":""MultiPoint"",""coordinates"":[]}"
8_000100000000000016af,79.44980241669086,746.5361641035214,2075.665641648011,Toba Tek Singh District,2.199927550426447,1.1097257598138908,9,3.4123115844440224,0.0,117.46916319208913,55.650775385027124,2024,"{""type"":""MultiPoint"",""coordinates"":[]}"
8_000100000000000016b0,188.3634316739133,1355.8504642018754,2650.311317100985,Vehari District,0.2766510357532431,3.6528589712419346,9,9.733011363421147,0.0,250.6571308526411,39.79516606993389,2024,"{""type"":""MultiPoint"",""coordinates"":[]}"
9_0001000000000000168f,193.15835618671105,1442.576108743064,3227.1481845367293,Attock District,5.038174751214683,3.809541643776146,10,818.7209164424673,0.0,988.1632339239777,126.53224131458386,2024,"{""type"":""MultiPoint"",""coordinates"":[]}"
9_00010000000000001690,2252.1367326793056,1024.9414995365833,4049.894866679663,Bahawalnagar District,34.459519793505905,5.134624169062019,10,286.2144283846131,0.0,846.3091641014075,77.93399360265363,2024,"{""type"":""MultiPoint"",""coordinates"":[]}"
9_00010000000000001691,13815.134216895474,1711.716969823874,4733.474697824222,Bahawalpur District,3.1723074694730196,5.582396993095822,10,2569.394406053712,0.0,1058.6093973317386,70.67182420579826,2024,"{""type"":""MultiPoint"",""coordinates"":[]}"
9_00010000000000001692,4159.449602266546,2443.57378649953,1653.3836264199524,Bhakkar District,1.4828794188687906,0.1437511220574379,10,83.36328558246879,0.0,166.5833323382024,80.21464482351186,2024,"{""type"":""MultiPoint"",""coordinates"":[]}"
9_00010000000000001693,162.00650564786415,1156.9482222358313,3001.694415458824,Chakwal District,2.243433589115739,3.572783079874866,10,756.193668287978,0.0,1460.3473046405277,67.9351156491494,2024,"{""type"":""MultiPoint"",""coordinates"":[]}"
9_00010000000000001694,2967.996931649493,1652.7386892940228,3213.023306404486,Dera Ghazi Khan District,28.65080695643875,53.60844806553248,10,2708.3534297445,0.0,861.2651760391744,307.53870452990867,2024,"{""type"":""MultiPoint"",""coordinates"":[]}"
9_00010000000000001695,69.17273675626984,1651.683404854926,3971.2346508948763,Faisalabad District,12.507344150517648,1.331621930788399,10,7.7278032555007465,0.0,155.23346528114342,78.53568465967535,2024,"{""type"":""MultiPoint"",""coordinates"":[]}"
9_00010000000000001696,36.24669922968263,488.32792765483913,2903.8231778197096,Gujranwala District,5.3940813947761175,12.237620064371502,10,5.843167009613678,0.0,53.16733826708194,114.4338555863602,2024,"{""type"":""MultiPoint"",""coordinates"":[]}"
9_00010000000000001697,51.99749816728429,606.056408944883,1811.5437244201844,Gujrat District,28.04410648778008,9.74636999676552,10,26.520713837755224,0.0,530.2746994409271,102.83575067166971,2024,"{""type"":""MultiPoint"",""coordinates"":[]}"
9_00010000000000001698,27.300564215518534,197.49361049509517,1953.6401224681192,Hafizabad District,0.967400750247579,10.366720273272664,10,3.4738577350791466,0.0,16.180485051413815,67.93541433321418,2024,"{""type"":""MultiPoint"",""coordinates"":[]}"
9_00010000000000001699,1102.6900637307115,2486.7992399127274,4815.84115112407,Jhang District,4.939079274102022,2.1193340393952003,10,26.610840148500657,0.0,286.3731831187821,221.88536079738145,2024,"{""type"":""MultiPoint"",""coordinates"":[]}"
9_0001000000000000169a,100.93835465568756,476.30224368705166,1372.31835582539,Jhelum District,33.01768775774056,9.074882546381332,10,261.0228648347013,0.0,1211.4093470953585,151.98542013524062,2024,"{""type"":""MultiPoint"",""coordinates"":[]}"
9_0001000000000000169b,164.319021986991,802.3356354895066,2763.5236653371253,Kasur District,2.225917795855625,4.56592103746884,10,11.862675290043448,0.0,175.20648547436898,64.08558649272456,2024,"{""type"":""MultiPoint"",""coordinates"":[]}"
9_0001000000000000169c,129.26876744535554,1313.2225184004571,2620.9433113758028,Khanewal District,0.20595075003802776,0.6833882797509432,10,13.501903481419912,0.0,168.6608624940154,109.296987720557,2024,"{""type"":""MultiPoint"",""coordinates"":[]}"
9_0001000000000000169d,1650.449609008895,1164.5041995693289,2549.2450679409408,Khushab District,15.65834901976746,5.90841388239653,10,306.4196334425469,0.0,802.5381695077809,104.75274280488271,2024,"{""type"":""MultiPoint"",""coordinates"":[]}"
9_0001000000000000169e,62.90561817576926,864.7820277730482,699.3498933972865,Lahore District,0.8214145139626721,6.712894599950489,10,5.190663291879145,0.008508053608238697,55.01075875519537,33.230501022222725,2024,"{""type"":""MultiPoint"",""coordinates"":[]}"
9_0001000000000000169f,2169.669451575047,2445.1804850375534,1168.6434168672884,Layyah District,15.381030252440738,0.6486636754125357,10,133.08835998429169,0.0,204.01421599047734,211.68084049484528,2024,"{""type"":""MultiPoint"",""coordinates"":[]}"
9_000100000000000016a0,67.90154494244021,797.8732964504729,1608.1488909203888,Lodhran District,0.017359163612127304,5.2687167497753515,10,29.14267078150867,0.0,154.86778462811498,3.828744045608476,2024,"{""type"":""MultiPoint"",""coordinates"":[]}"
9_000100000000000016a1,26.0587936773677,417.1864783128176,2038.4184876253973,Mandi Bahauddin District,13.210484341082765,5.50784767064832,10,8.652988727460158,0.0,119.42913174390355,127.35335364328223,2024,"{""type"":""MultiPoint"",""coordinates"":[]}"
9_000100000000000016a2,1026.3562104785378,1355.4850485652505,2189.8577784380127,Mianwali District,65.68623288917337,7.065975643373004,10,522.4213983364366,0.0167176965624094,534.2871374469798,289.98136289972155,2024,"{""type"":""MultiPoint"",""coordinates"":[]}"
9_000100000000000016a3,184.47703345162685,1407.3985862600452,1670.347161137462,Multan District,0.7733496524722261,1.334488297195411,10,18.59652770048409,0.0,287.1473265357608,78.04571277487511,2024,"{""type"":""MultiPoint"",""coordinates"":[]}"
9_000100000000000016a4,1417.9762174300265,3085.870279694352,1812.9445167614185,Muzaffargarh District,20.953521160679124,6.2609535931810445,10,148.88168213527064,0.0,724.5337111882611,470.6116817125356,2024,"{""type"":""MultiPoint"",""coordinates"":[]}"
9_000100000000000016a5,71.64361060908539,269.8762226250972,1533.5091126895452,Narowal District,0.9136732731708417,63.99066022307996,10,4.513746445213316,0.008449593558907509,398.9312758244756,35.43362268637135,2024,"{""type"":""MultiPoint"",""coordinates"":[]}"
9_000100000000000016a6,244.52162665174367,712.5255091117,3375.399233242788,Okara District,0.6185982394963503,1.0283331333166537,10,10.122494574398825,0.0,34.26627023491424,59.09759130031601,2024,"{""type"":""MultiPoint"",""coordinates"":[]}"
9_000100000000000016a7,113.9028252138592,586.6949731796176,2133.191633071243,Pakpattan District,0.09467440098524094,0.025812190026044846,10,2.4527098428202314,0.0,11.237452050864551,36.462606010155056,2024,"{""type"":""MultiPoint"",""coordinates"":[]}"
9_000100000000000016a8,5076.790949286068,2236.637640502319,4009.6813269570184,Rahim Yar Khan District,14.267759229155148,3.26640321294978,10,265.7443390794684,0.0,947.5392442626442,222.08679201540485,2024,"{""type"":""MultiPoint"",""coordinates"":[]}"
9_000100000000000016a9,5614.872584158956,1090.0840890394377,3024.152613754746,Rajanpur District,29.938058107375518,10.852818932081117,10,1614.3317988681958,0.0,649.3717069187439,301.4439535170027,2024,"{""type"":""MultiPoint"",""coordinates"":[]}"
9_000100000000000016aa,66.99167869773639,1282.1228133842308,1669.2452257712828,Rawalpindi District,0.8077879780903459,11.564551020672948,10,212.71725677290536,0.0,1915.1075819393693,66.11146498444836,2024,"{""type"":""MultiPoint"",""coordinates"":[]}"
9_000100000000000016ab,90.36651295830731,911.7318192256031,2132.3794091524196,Sahiwal District,0.21776467812631062,0.23046714463362505,10,4.194928101070372,0.0,64.67256481121932,24.67888298300186,2024,"{""type"":""MultiPoint"",""coordinates"":[]}"
9_000100000000000016ac,90.47155749325584,1154.7126672492163,4209.803207959048,Sargodha District,7.425810615648972,1.7954623642176681,10,11.533555943007562,0.0,164.86025538992354,130.77696991860137,2024,"{""type"":""MultiPoint"",""coordinates"":[]}"
9_000100000000000016ad,70.8706116253145,691.6224006485086,4689.994828273107,Sheikhupura District,3.2932405894585686,32.31273081708408,10,8.291807842028199,0.008465182967483997,192.43894067546174,133.49311398118004,2024,"{""type"":""MultiPoint"",""coordinates"":[]}"
9_000100000000000016ae,39.07267623290639,500.4980365789952,2122.268485503918,Sialkot District,8.904215523775886,50.71180665920325,10,6.115240577166426,0.0,267.799270930521,70.43975539575239,2024,"{""type"":""MultiPoint"",""coordinates"":[]}"
9_000100000000000016af,64.70250572750672,836.7978621264738,2027.6519840998426,Toba Tek Singh District,0.5980266943391339,0.2455782119878659,10,7.186473335709204,0.0,110.77154097886135,33.53954046530393,2024,"{""type"":""MultiPoint"",""coordinates"":[]}"
9_000100000000000016b0,115.16340374179987,1400.3917436937343,2887.058985198906,Vehari District,0.16752452960639608,1.5099794314480295,10,9.00302903554311,0.0,58.207078287348736,27.13828735137906,2024,"{""type"":""MultiPoint"",""coordinates"":[]}"
10_0001000000000000168f,313.8536935666393,1406.8279651492471,3251.7570841428405,Attock District,25.86659595925434,3.944555982242466,11,844.6882761831195,0.0,813.3442776535145,144.86430890566726,2024,"{""type"":""MultiPoint"",""coordinates"":[]}"
10_00010000000000001690,4803.461069830071,734.1428167834221,2564.0734136272954,Bahawalnagar District,26.499776183463194,1.2405389805744385,11,11.52210400339362,4.823548165412948,277.07385001604024,154.18771135712075,2024,"{""type"":""MultiPoint"",""coordinates"":[]}"
10_00010000000000001691,19092.687965511854,1392.6615674492884,2442.0144426618353,Bahawalpur District,3.3994712330656602,0.4185838187113404,11,190.68901715725664,4.937550398133988,740.5692213107486,100.37839705648962,2024,"{""type"":""MultiPoint"",""coordinates"":[]}"
10_00010000000000001692,6893.50205820439,529.0890008294444,510.9555738651467,Bhakkar District,1.9464229438453913,0.016947509720921516,11,2.8868551499155517,300.02472196437566,106.73390375640903,243.03942424789,2024,"{""type"":""MultiPoint"",""coordinates"":[]}"
10_00010000000000001693,479.6953869898492,1218.1118479626398,2841.673948841692,Chakwal District,13.58272512809684,2.3225816114677813,11,690.9266929741985,0.09237213525921106,1281.2875880163344,83.24830492962806,2024,"{""type"":""MultiPoint"",""coordinates"":[]}"
10_00010000000000001694,7609.854661892417,630.584069804073,804.4483363237522,Dera Ghazi Khan District,73.50478396633383,4.199158665724099,11,1276.3327325306614,6.922563328287181,674.7197283134593,712.6094578588455,2024,"{""type"":""MultiPoint"",""coordinates"":[]}"
10_00010000000000001695,260.02845585098595,1565.9013036919866,3487.287270774916,Faisalabad District,8.796945728832746,0.6741334339603782,11,17.27913934931378,0.20420129969716072,502.3906743380369,104.86458731596814,2024,"{""type"":""MultiPoint"",""coordinates"":[]}"
10_00010000000000001696,802.1978423175896,357.3467378597269,2270.9629544309723,Gujranwala District,3.735390596489842,1.462686172712083,11,21.15198942782978,5.965406733499292,43.662737110863425,112.9881223767521,2024,"{""type"":""MultiPoint"",""coordinates"":[]}"
10_00010000000000001697,94.35305975672297,615.1860052380965,1887.6370582241707,Gujrat District,5.247954230543737,1.5052884720448478,11,53.700426543967836,0.067293182015419,418.3461239335545,90.97606238613236,2024,"{""type"":""MultiPoint"",""coordinates"":[]}"
10_00010000000000001698,404.8995589698354,214.71064801942558,1360.940541454025,Hafizabad District,1.1732917204499245,0.8952596737071872,11,194.15318002744635,0.008441770449280739,29.15640629214399,71.42084739447806,2024,"{""type"":""MultiPoint"",""coordinates"":[]}"
10_00010000000000001699,2075.608873190658,1733.6319618046214,3902.587453359227,Jhang District,3.52966923546046,2.0533682173117995,11,29.780451729214363,0.042742082849144936,1002.8555671306145,197.16816539571562,2024,"{""type"":""MultiPoint"",""coordinates"":[]}"
10_0001000000000000169a,96.49079151133112,478.2305218543346,1432.5771966129942,Jhelum District,10.217599559955152,3.0009869599130514,11,469.8286883665723,0.05042661353945732,982.1177137377103,143.5552313212013,2024,"{""type"":""MultiPoint"",""coordinates"":[]}"
10_0001000000000000169b,426.3635210313268,372.5589319827912,2695.2098358950343,Kasur District,1.1017263069785401,1.095244205512983,11,9.985010261172611,73.13831123125686,340.7515054693993,67.9208225206125,2024,"{""type"":""MultiPoint"",""coordinates"":[]}"
10_0001000000000000169c,686.8534368146173,945.3873005927668,1867.8521829351455,Khanewal District,1.1591944861901449,0.335034791380167,11,10.226697229184941,0.23973083136712803,708.7640500583411,134.96606220840386,2024,"{""type"":""MultiPoint"",""coordinates"":[]}"
10_0001000000000000169d,2346.024243554323,522.7642484789167,2324.6871329961273,Khushab District,5.175205226542026,2.141736291867553,11,417.23229028138456,42.89951744563878,856.7249296840864,81.8268812176534,2024,"{""type"":""MultiPoint"",""coordinates"":[]}"
10_0001000000000000169e,569.2671023840743,351.10324779275584,583.0349064596363,Lahore District,0.23711665014133734,0.9072411265991189,11,9.467350144739099,61.70771334164356,120.31632089865414,31.97128078467852,2024,"{""type"":""MultiPoint"",""coordinates"":[]}"
10_0001000000000000169f,4761.20841093766,399.4042746749396,450.9403127876677,Layyah District,3.106056737242376,0.017134889960289,11,23.002550690434873,202.6653383302484,248.22771766263185,259.73466716657083,2024,"{""type"":""MultiPoint"",""coordinates"":[]}"
10_000100000000000016a0,485.1152957217732,655.8673279120569,1178.7210599687608,Lodhran District,1.1709857716973797,0.17313987389206886,11,3.3587014241253628,3.8536050096154213,309.1840579711631,29.60483402883743,2024,"{""type"":""MultiPoint"",""coordinates"":[]}"
10_000100000000000016a1,61.735892807411055,396.7297545892132,1933.6382758709688,Mandi Bahauddin District,10.021594429249857,0.8248704747936013,11,44.38019216822132,0.0,186.38232584312266,122.10465955897872,2024,"{""type"":""MultiPoint"",""coordinates"":[]}"
10_000100000000000016a2,2617.095913266124,804.4648361857105,1400.4072020096999,Mianwali District,34.62996792770265,2.0334598287611323,11,377.55397406325625,5.625910339055254,407.30679031364696,342.03980846009125,2024,"{""type"":""MultiPoint"",""coordinates"":[]}"
10_000100000000000016a3,805.8589262586233,951.3729346636537,1175.3078217409588,Multan District,1.3180481710197294,0.4567963608631901,11,2.9508024217633935,1.000985310555381,630.0106312600494,79.84323962243529,2024,"{""type"":""MultiPoint"",""coordinates"":[]}"
10_000100000000000016a4,3922.7565536888837,1210.9056926245128,580.5934187050871,Muzaffargarh District,23.16442251621435,0.6805179177692123,11,49.58238436766334,15.134607558861811,1402.0493241381337,483.1656421585994,2024,"{""type"":""MultiPoint"",""coordinates"":[]}"
10_000100000000000016a5,634.8724316050535,172.38889760691671,1465.8068776241407,Narowal District,0.23876833006301348,0.8172024318911866,11,2.7887371237408005,1.4875970163583463,59.21664505992085,41.2032171715124,2024,"{""type"":""MultiPoint"",""coordinates"":[]}"
10_000100000000000016a6,521.7695246700233,403.9115385879525,3248.447198093621,Okara District,0.37677818565611165,1.4541455540002561,11,15.618078267534134,15.608777029081887,176.860681357337,53.53293474346911,2024,"{""type"":""MultiPoint"",""coordinates"":[]}"
10_000100000000000016a7,773.1142436805345,462.55616565297765,1420.2116414548723,Pakpattan District,0.04302053712308407,0.3927111221148687,11,7.727265446026827,2.5844700812234307,170.89957613912503,46.53359184557316,2024,"{""type"":""MultiPoint"",""coordinates"":[]}"
10_000100000000000016a8,6037.971486691147,2188.9682828701043,2110.835494667368,Rahim Yar Khan District,12.667284737812246,0.2972776824608445,11,102.39770237296527,5.986743882280209,2046.078182647914,270.81199899297206,2024,"{""type"":""MultiPoint"",""coordinates"":[]}"
10_000100000000000016a9,6969.755226702699,858.9020595292652,1700.434125262692,Rajanpur District,343.7930563818116,0.44433541875332594,11,1097.7523824812733,5.438894659923572,902.9137859870588,455.61375687306054,2024,"{""type"":""MultiPoint"",""coordinates"":[]}"
10_000100000000000016aa,80.60767529044372,1376.439616068047,1644.2580080976018,Rawalpindi District,2.616164937308606,6.051995711536239,11,366.5815596046985,0.008306194096803665,1674.5160422636231,73.58899238138076,2024,"{""type"":""MultiPoint"",""coordinates"":[]}"
10_000100000000000016ab,299.6818496721961,778.3496025869661,1845.884178724699,Sahiwal District,0.3472774698307701,0.40337315388023853,11,8.513542162911856,0.12964267384845252,251.48711459738948,43.67576801265936,2024,"{""type"":""MultiPoint"",""coordinates"":[]}"
10_000100000000000016ac,160.48928085257683,860.4745007218208,4196.79695596432,Sargodha District,3.841036935336888,0.5818133018910885,11,18.57162097842597,0.4301080424338579,403.5539383501216,126.64023178599264,2024,"{""type"":""MultiPoint"",""coordinates"":[]}"
10_000100000000000016ad,1504.2735866635194,417.02544260910696,3479.7537907317683,Sheikhupura District,1.504408728130454,1.1980748286507295,11,51.42291280491022,45.16177825266678,192.6038512391093,129.38229377724812,2024,"{""type"":""MultiPoint"",""coordinates"":[]}"
10_000100000000000016ae,260.37286137203296,407.6188519592086,2230.423021958757,Sialkot District,2.48630472208355,2.4925899354266186,11,4.878720705412036,0.2695528296753764,88.15271712932736,69.11486679031421,2024,"{""type"":""MultiPoint"",""coordinates"":[]}"
10_000100000000000016af,206.34513004218385,806.9832677673255,1687.447971006227,Toba Tek Singh District,1.5070450499726862,0.22274706419557333,11,5.643731230183267,0.04276725184172392,322.7885323450919,50.51231988300295,2024,"{""type"":""MultiPoint"",""coordinates"":[]}"
10_000100000000000016b0,699.7357960093146,1537.6200943304118,1206.5699088341976,Vehari District,0.967954871131509,0.524135812087094,11,8.785216125349203,1.66852182205036,982.2500028479808,60.51840061724332,2024,"{""type"":""MultiPoint"",""coordinates"":[]}"
11_0001000000000000168f,342.15751186320745,495.7274768653854,4834.7241463928685,Attock District,14.556886026248627,6.430027454101718,12,404.46702688859006,4.933586553283328,505.4730724358201,196.67702306301933,2024,"{""type"":""MultiPoint"",""coordinates"":[]}"
11_00010000000000001690,1785.557596372769,399.3471348901553,5728.90720748695,Bahawalnagar District,9.110813928421075,2.1479712307927947,12,452.2617368241405,12.745894642915651,72.79298938630039,114.15348418434971,2024,"{""type"":""MultiPoint"",""coordinates"":[]}"
11_00010000000000001691,10811.823519817492,631.3045966801945,9317.792126539065,Bahawalpur District,2.189716544933617,4.796899385867166,12,2829.4030109453,5.846556800213077,310.74029469393633,53.85949519038491,2024,"{""type"":""MultiPoint"",""coordinates"":[]}"
11_00010000000000001692,3486.6779893647117,254.8285174379271,2604.6269412377374,Bhakkar District,11.182105248607694,0.19446498434990644,12,68.7200748370376,1684.7776601989663,246.01654276314974,231.1706123986519,2024,"{""type"":""MultiPoint"",""coordinates"":[]}"
11_00010000000000001693,105.40433941292484,567.1218788355043,4458.176507081197,Chakwal District,21.099894968040434,3.4886930864742576,12,404.92985218631134,0.2840287751134704,948.11617984294,102.32007440066,2024,"{""type"":""MultiPoint"",""coordinates"":[]}"
11_00010000000000001694,2558.2531193294367,588.8388236082616,3918.2101175763364,Dera Ghazi Khan District,71.21124193013883,2.570296386256814,12,2658.3414549780537,36.32781102449871,1261.008659963226,445.8738364762059,2024,"{""type"":""MultiPoint"",""coordinates"":[]}"
11_00010000000000001695,129.42190027977983,803.242516238542,4342.122826988214,Faisalabad District,4.102192001567021,1.3452971869057007,12,40.77656106098975,19.414440146274863,520.6275165661002,86.37346131532436,2024,"{""type"":""MultiPoint"",""coordinates"":[]}"
11_00010000000000001696,119.30487803146242,326.0123819143493,3019.7082244163225,Gujranwala District,3.856806575291443,5.095550037916823,12,9.719315541342047,0.15116716771587438,37.75111730267093,97.87442603936309,2024,"{""type"":""MultiPoint"",""coordinates"":[]}"
11_00010000000000001697,56.015717223034635,483.1294604775221,2177.166593149907,Gujrat District,2.6207450814326023,6.332103795813873,12,32.33143860108639,5.274895651667726E-4,333.2908548598268,76.13183128906086,2024,"{""type"":""MultiPoint"",""coordinates"":[]}"
11_00010000000000001698,69.05710892219682,156.0559105290319,1761.262022251906,Hafizabad District,1.9472690390021192,6.681527277735957,12,81.94656649606996,1.561336202769741,101.32965577439424,97.51677882885375,2024,"{""type"":""MultiPoint"",""coordinates"":[]}"
11_00010000000000001699,1196.1467794406137,803.1708532652103,5894.533089311256,Jhang District,0.8262995430213563,2.241199128329754,12,47.3046120651541,12.625242688967024,838.931197989429,151.4789787136895,2024,"{""type"":""MultiPoint"",""coordinates"":[]}"
11_0001000000000000169a,111.20630509515529,319.3783578347671,1914.7169391873422,Jhelum District,8.243159245644861,10.518828374892474,12,246.78035463376295,1.749634528350012,851.2067419980083,152.26883563962855,2024,"{""type"":""MultiPoint"",""coordinates"":[]}"
11_0001000000000000169b,174.78345388030158,319.1080066008055,2956.0413582006863,Kasur District,0.5619113667155891,3.816643173642018,12,17.313611338747773,19.38022138429988,440.80608851962234,56.31361443926306,2024,"{""type"":""MultiPoint"",""coordinates"":[]}"
11_0001000000000000169c,82.1514986064358,426.55501740483174,3437.3065506279404,Khanewal District,0.13587542102471287,0.5158706764818406,12,13.939001428693826,19.18862348882591,281.0977714517245,94.8934808414393,2024,"{""type"":""MultiPoint"",""coordinates"":[]}"
11_0001000000000000169d,1599.4394212434504,271.4615970591412,3349.291660364899,Khushab District,3.505284387300558,7.618573670728388,12,319.05948077106075,60.47552956495361,911.2196325356653,77.4050055793395,2024,"{""type"":""MultiPoint"",""coordinates"":[]}"
11_0001000000000000169e,228.249112157352,519.6239742974112,913.956692491976,Lahore District,0.15302914753556252,2.027375110118266,12,5.71201332906882,1.7367754114390004,36.537633003122814,20.0156746348987,2024,"{""type"":""MultiPoint"",""coordinates"":[]}"
11_0001000000000000169f,1985.8295699207772,225.5553605688261,2546.0126722226723,Layyah District,13.558896972078319,0.10251932498067617,12,185.52144348536638,585.1350973884047,627.6264030283024,178.96450096594867,2024,"{""type"":""MultiPoint"",""coordinates"":[]}"
11_000100000000000016a0,34.47774911057204,275.9151298148594,2051.4868101780467,Lodhran District,0.025989326648414135,0.5252990600817344,12,4.546423583872178,8.347956269745733,288.262042442658,3.461607895437263,2024,"{""type"":""MultiPoint"",""coordinates"":[]}"
11_000100000000000016a1,40.93551665140207,302.5184351816591,2064.9031992531695,Mandi Bahauddin District,7.361440379526831,2.5770227783596984,12,26.162275970497117,0.6396052753552794,194.47276704385146,116.24730320813902,2024,"{""type"":""MultiPoint"",""coordinates"":[]}"
11_000100000000000016a2,1000.6280567857931,266.9551604682689,2895.1383040104865,Mianwali District,48.48732879731585,7.244524034949056,12,373.9611409522191,551.299330604058,448.04650843745344,399.3975083035033,2024,"{""type"":""MultiPoint"",""coordinates"":[]}"
11_000100000000000016a3,198.4671146216309,487.2108380670057,2112.9155450943304,Multan District,0.01734463032335043,0.8718719314783812,12,10.86990536479462,30.323876508858568,749.3746496353629,58.069039956136955,2024,"{""type"":""MultiPoint"",""coordinates"":[]}"
11_000100000000000016a4,829.0198487878063,697.1044096966,4340.303250433218,Muzaffargarh District,3.276929645448485,9.900829692130142,12,96.20218557793208,154.37370015383496,1163.3980281491051,394.4533815396511,2024,"{""type"":""MultiPoint"",""coordinates"":[]}"
11_000100000000000016a5,105.47936015661952,181.39399936725474,2006.1514156625444,Narowal District,0.03380475379526615,2.3252257657401705,12,15.63656251472512,0.0,41.268823318420814,26.5311824304983,2024,"{""type"":""MultiPoint"",""coordinates"":[]}"
11_000100000000000016a6,121.33607175116443,256.04587146694604,3649.3348252836213,Okara District,0.31695305457813483,0.9926277620097002,12,16.817358915566228,62.88108523969411,281.40832102918887,48.44654198590593,2024,"{""type"":""MultiPoint"",""coordinates"":[]}"
11_000100000000000016a7,64.5760309586484,243.30981972400176,2496.4600206082396,Pakpattan District,0.035758287218563695,0.3267748625949025,12,9.640971684576396,14.831049098348355,26.775616499898476,28.106644236044414,2024,"{""type"":""MultiPoint"",""coordinates"":[]}"
11_000100000000000016a8,4386.340635476451,763.5915731369754,5703.651165628307,Rahim Yar Khan District,8.169073198702844,12.317530650240094,12,634.5093017730424,3.0811847116359896,1067.2303135932882,197.12367637638079,2024,"{""type"":""MultiPoint"",""coordinates"":[]}"
11_000100000000000016a9,3204.8508418103593,282.38562488680446,5294.436797187998,Rajanpur District,21.68445017174544,5.8370995007528395,12,2746.87429997501,7.116239075344422,493.4340652898794,278.42820539864186,2024,"{""type"":""MultiPoint"",""coordinates"":[]}"
11_000100000000000016aa,100.19549725212376,1074.2013874139966,2264.842244000368,Rawalpindi District,5.309986320145282,15.520219756692061,12,243.79639992581352,3.345762210207827,1433.4779044893478,83.97895918004215,2024,"{""type"":""MultiPoint"",""coordinates"":[]}"
11_000100000000000016ab,26.787417934531817,337.55824682724244,2767.801029856511,Sahiwal District,0.1826959087823828,0.34578761154530097,12,10.410145491493099,1.7418261856753743,62.671043588126096,20.97415565047413,2024,"{""type"":""MultiPoint"",""coordinates"":[]}"
11_000100000000000016ac,125.76741311609305,464.86145597028667,3799.4572815278325,Sargodha District,1.8468861635774374,4.931259467040062,12,25.528518703419202,2.257837496453202,1218.328807666306,128.40002682191118,2024,"{""type"":""MultiPoint"",""coordinates"":[]}"
11_000100000000000016ad,256.1781574496123,418.22232899977007,4836.063942521044,Sheikhupura District,0.8676821769708221,5.789862654248581,12,31.536551372151752,5.5256897569944465,145.88445865886612,122.25746604545297,2024,"{""type"":""MultiPoint"",""coordinates"":[]}"
11_000100000000000016ae,59.01071644974688,403.03011716625053,2488.7083676099483,Sialkot District,0.5222340254113078,4.799538528992264,12,8.388297228065923,0.016798269003629684,47.625063844295404,53.70835428052381,2024,"{""type"":""MultiPoint"",""coordinates"":[]}"
11_000100000000000016af,38.73278730907569,323.19070818090773,2456.799094962711,Toba Tek Singh District,0.42891908725541017,0.22013595155348964,12,16.145692414417862,2.627905673234194,212.93212425837697,30.416143802491323,2024,"{""type"":""MultiPoint"",""coordinates"":[]}"
11_000100000000000016b0,52.66002073323756,501.77646269084994,3763.659114335795,Vehari District,0.6952737693364421,0.8773968981104154,12,10.290517045805851,5.80907499055725,146.08404508551905,16.78812572055442,2024,"{""type"":""MultiPoint"",""coordinates"":[]}"
