system:index,bare_km2,built_km2,crops_km2,district,flooded_vegetation_km2,grass_km2,month,shrub_and_scrub_km2,snow_and_ice_km2,trees_km2,water_km2,year,.geo
0_0001000000000000168f,417.4848163656014,540.5902809795723,3839.26480189453,Attock District,79.46049989972482,7.5431082379072905,1,1137.389464718381,21.312960225895196,607.4657837040978,154.63504151681474,2022,"{""type"":""MultiPoint"",""coordinates"":[]}"
0_00010000000000001690,2102.723095919659,370.84164168402265,5875.39939967643,Bahawalnagar District,17.45965836662799,3.3055789939073077,1,58.31793890856937,14.665968577947249,33.502146405766844,90.09959097460788,2022,"{""type"":""MultiPoint"",""coordinates"":[]}"
0_00010000000000001691,16685.394336398862,639.224008116243,6307.846791972983,Bahawalpur District,5.037863050587475,0.6609117351472378,1,129.22709906987626,2.3924532689994162,154.7038807328973,43.26887225179257,2022,"{""type"":""MultiPoint"",""coordinates"":[]}"
0_00010000000000001692,3383.438221896666,825.1883306896241,4010.348181958321,Bhakkar District,1.1399723494973253,0.18566895451250615,1,185.93037600278416,1.4723732518032193,134.53786579975676,45.95391756817333,2022,"{""type"":""MultiPoint"",""coordinates"":[]}"
0_00010000000000001693,132.48562059569372,462.3008837272468,3554.091009295465,Chakwal District,151.55268886004228,4.796178758148031,1,1030.7424206456353,2.3062675834615147,1151.5791281558245,96.05925322879543,2022,"{""type"":""MultiPoint"",""coordinates"":[]}"
0_00010000000000001694,4556.53426165578,504.35873928236975,4288.59658055138,Dera Ghazi Khan District,25.56773011959797,1.6502433235921403,1,2054.8164582330946,0.6541870078071952,119.19917404439445,241.79811846553983,2022,"{""type"":""MultiPoint"",""coordinates"":[]}"
0_00010000000000001695,108.1477487864338,193.29217390888095,1714.8876389999639,Faisalabad District,6.573568726173949,0.3300022523740635,1,4.503468423512053,384.81898895054695,137.8163590085784,14.614256144070303,2022,"{""type"":""MultiPoint"",""coordinates"":[]}"
0_00010000000000001696,58.092025186011895,311.37542518645375,2794.0358051812937,Gujranwala District,54.41067578716971,16.40423198953344,1,7.535533044600458,0.5479948641732335,156.13553412413117,120.50262531599795,2022,"{""type"":""MultiPoint"",""coordinates"":[]}"
0_00010000000000001697,26.3479657630637,363.7026035007711,2178.687586762179,Gujrat District,144.39119545009862,5.77873360809377,1,52.26038827821611,0.06709144450724125,253.25468401125465,119.92217568460416,2022,"{""type"":""MultiPoint"",""coordinates"":[]}"
0_00010000000000001698,21.195380021975026,17.65294105718095,321.7033523239158,Hafizabad District,2.8471871154748047,0.38009550608694553,1,2.285950018301168,257.93349094650176,78.10232603494077,32.922739044540364,2022,"{""type"":""MultiPoint"",""coordinates"":[]}"
0_00010000000000001699,975.3547154924266,442.98467088627325,6221.517910950608,Jhang District,5.841842088402778,5.999147236361808,1,52.50029205327086,188.6867008570801,670.1012983879586,257.9542907741176,2022,"{""type"":""MultiPoint"",""coordinates"":[]}"
0_0001000000000000169a,66.76532118514034,224.4495818215404,1756.7544921823503,Jhelum District,145.7967779648764,4.830485911338645,1,413.6074749372644,0.3015617001801729,777.4253665599425,157.05357506551655,2022,"{""type"":""MultiPoint"",""coordinates"":[]}"
0_0001000000000000169b,32.61183512255769,275.1881331721869,3151.887891072659,Kasur District,9.095208494821746,3.5082968745636296,1,22.888748169452974,0.05140094459056854,434.9332058343635,57.96018921888854,2022,"{""type"":""MultiPoint"",""coordinates"":[]}"
0_0001000000000000169c,54.091659457788005,303.2523206560525,3657.8387873388056,Khanewal District,1.0154935145458461,2.973713814711892,1,8.478894289513574,1.9911015330357293,230.16240266984806,95.97931667309547,2022,"{""type"":""MultiPoint"",""coordinates"":[]}"
0_0001000000000000169d,1762.8053049162172,278.7815873571215,2918.9468082182584,Khushab District,33.650351349604044,15.857777927531039,1,533.4516030167649,11.041299969651828,940.7518612114528,97.10207016726262,2022,"{""type"":""MultiPoint"",""coordinates"":[]}"
0_0001000000000000169e,64.55894941415492,576.6691905778524,966.7327162039887,Lahore District,1.8782582933046654,3.1133828367015313,1,8.425609365901819,0.0,76.70760146730817,29.926571423710122,2022,"{""type"":""MultiPoint"",""coordinates"":[]}"
0_0001000000000000169f,1613.5169430622068,536.6715960734981,3899.7103318084214,Layyah District,1.7799388244017667,0.6405084570869803,1,119.8833771322726,3.889559345319867,52.16418513855441,120.05002403559493,2022,"{""type"":""MultiPoint"",""coordinates"":[]}"
0_000100000000000016a0,31.391245840500826,251.27256400597594,2367.02594497843,Lodhran District,0.008660866878926754,0.15581178292632103,1,2.319754261523485,0.01732945255935192,11.93082687977117,2.9268696133558656,2022,"{""type"":""MultiPoint"",""coordinates"":[]}"
0_000100000000000016a1,17.954033162503272,180.90924689764267,2132.995745097722,Mandi Bahauddin District,73.20196397176707,2.6788177625659637,1,14.9013184909654,0.7553832418851407,151.0179869441462,136.32882775777188,2022,"{""type"":""MultiPoint"",""coordinates"":[]}"
0_000100000000000016a2,682.3352710532828,508.59203255583765,3216.3204829759825,Mianwali District,76.85434386117711,6.402043401263654,1,896.5974829008472,0.9298464057784455,350.5920657560704,252.53429348380763,2022,"{""type"":""MultiPoint"",""coordinates"":[]}"
0_000100000000000016a3,112.66653466046075,500.28211251993235,2601.963195617208,Multan District,0.64669294282794,1.0666686987613931,1,3.407156828071411,0.03456208948045969,349.80439521917225,77.55129837782725,2022,"{""type"":""MultiPoint"",""coordinates"":[]}"
0_000100000000000016a4,779.1294285174605,942.9726107838619,5186.275166427958,Muzaffargarh District,9.345335557125509,3.64339348232264,1,66.6823595571642,2.8200508147952896,361.5421431833002,335.62207535173667,2022,"{""type"":""MultiPoint"",""coordinates"":[]}"
0_000100000000000016a5,98.62556588391172,72.97804915114654,1257.744952335519,Narowal District,1.201757321243777,1.7513344159021096,1,15.283840735654767,51.766239745180826,35.30971541310496,21.468922778500207,2022,"{""type"":""MultiPoint"",""coordinates"":[]}"
0_000100000000000016a6,36.53077723327659,218.85377532015102,3407.3642318575835,Okara District,0.10288942512124777,12.752331520463615,1,18.181576516026375,74.88359824776211,93.35517361442393,36.99203911207836,2022,"{""type"":""MultiPoint"",""coordinates"":[]}"
0_000100000000000016a7,27.70631878089671,185.73401255438873,2436.2373244790283,Pakpattan District,0.1982104228809476,8.722695711448644,1,3.8698365911220507,74.21508732990671,58.01948238415095,23.751479163093897,2022,"{""type"":""MultiPoint"",""coordinates"":[]}"
0_000100000000000016a8,5318.399872708745,901.3115699536403,6045.148384218366,Rahim Yar Khan District,10.097488282525948,1.12839659396559,1,49.84226988461599,0.2660753959789872,289.34250815741933,160.4778893497681,2022,"{""type"":""MultiPoint"",""coordinates"":[]}"
0_000100000000000016a9,6412.193207311848,295.943640941312,4591.192238929316,Rajanpur District,9.842653972644579,0.7487318989546861,1,729.7764095039599,0.5099135626253544,80.19065427154887,214.65017290432735,2022,"{""type"":""MultiPoint"",""coordinates"":[]}"
0_000100000000000016aa,79.59203981296982,807.0952844201456,2179.837130052958,Rawalpindi District,76.73338596327413,17.117426984359092,1,239.7188926937606,24.847814433342393,1266.7921567565593,79.77315506824458,2022,"{""type"":""MultiPoint"",""coordinates"":[]}"
0_000100000000000016ab,24.428548698379274,220.75190097097232,1971.47705989331,Sahiwal District,0.4624280141703054,2.293621497261612,1,7.724013200478957,84.62634330253829,384.34899144389976,16.894866974670077,2022,"{""type"":""MultiPoint"",""coordinates"":[]}"
0_000100000000000016ac,46.7335898504976,274.8807258496097,4066.4214557134387,Sargodha District,34.46061616558947,9.000337211057252,1,15.883078801836453,21.641890402328148,932.0686742653817,119.0849159721212,2022,"{""type"":""MultiPoint"",""coordinates"":[]}"
0_000100000000000016ad,60.926730390448185,315.82332044540743,3866.8678671324074,Sheikhupura District,43.8684357789546,19.61046337281518,1,17.43557950206028,634.5303520875818,209.94434887129154,141.0922093615082,2022,"{""type"":""MultiPoint"",""coordinates"":[]}"
0_000100000000000016ae,36.88404309143331,290.8151094867318,1871.9281824327818,Sialkot District,137.06951343054502,19.919236710934225,1,11.364234322893854,215.26718776391124,146.54869980153205,106.60687979028798,2022,"{""type"":""MultiPoint"",""coordinates"":[]}"
0_000100000000000016af,22.62708441672445,247.96929715389354,2595.46817938953,Toba Tek Singh District,0.6144531583194347,1.3945832151298723,1,16.81685449281963,0.9234494692408572,169.67615181851178,26.003458525854,2022,"{""type"":""MultiPoint"",""coordinates"":[]}"
0_000100000000000016b0,46.05818240763803,424.7339489116059,3779.670352253333,Vehari District,0.34568735864013433,1.7798376876386064,1,4.862834263476087,1.0964214639519068,221.98405594933485,18.10871097414809,2022,"{""type"":""MultiPoint"",""coordinates"":[]}"
1_0001000000000000168f,519.7386939035545,615.0759737484341,3533.0587721331044,Attock District,12.361965559832022,8.355813080886854,2,1635.289614301025,0.06638588383793831,364.7613871542883,116.43815177756126,2022,"{""type"":""MultiPoint"",""coordinates"":[]}"
1_00010000000000001690,2141.945306160553,460.5146567747363,5877.17469252935,Bahawalnagar District,5.081649778418097,0.3541781883686781,2,33.7004161672338,0.0037564982605331086,4.516868334080951,53.73330451579509,2022,"{""type"":""MultiPoint"",""coordinates"":[]}"
1_00010000000000001691,16742.713470698705,646.1899375869253,6313.634600854378,Bahawalpur District,4.126039125956595,0.2519736588001251,2,117.16762228296959,0.0,106.21871855895894,37.453853830695145,2022,"{""type"":""MultiPoint"",""coordinates"":[]}"
1_00010000000000001692,2258.923150560391,627.205024010312,4761.374273144614,Bhakkar District,0.2625754065811634,0.0,2,74.82883335958947,771.1203495648709,33.90636743888916,60.57433498589065,2022,"{""type"":""MultiPoint"",""coordinates"":[]}"
1_00010000000000001693,342.60517390218433,508.53599840464324,3459.3018881430116,Chakwal District,21.208623019258912,1.3829946591902305,2,1598.4236475995685,0.0,609.1088480779537,70.37427478335505,2022,"{""type"":""MultiPoint"",""coordinates"":[]}"
1_00010000000000001694,5522.556190272468,437.60309619391523,4287.350367706017,Dera Ghazi Khan District,7.656793321625275,0.5113409608602524,2,1257.5408006122302,0.4467898039147258,45.474430351708016,234.03568346081482,2022,"{""type"":""MultiPoint"",""coordinates"":[]}"
1_00010000000000001695,132.392044126268,892.6585757077543,4858.316356694459,Faisalabad District,2.0771549552131225,0.4484198448522126,2,16.69623584894135,0.02561566699296236,9.798737064412995,35.013571874804654,2022,"{""type"":""MultiPoint"",""coordinates"":[]}"
1_00010000000000001696,45.73357645235225,373.0839884257017,3066.1625571084915,Gujranwala District,4.898708172566166,2.8564821735937516,2,8.461854617538696,0.0,23.20403867203231,95.07266140415825,2022,"{""type"":""MultiPoint"",""coordinates"":[]}"
1_00010000000000001697,34.60557456740051,438.4509037585893,2233.8143695298727,Gujrat District,14.39391005686028,10.926861655434557,2,168.42673242173214,0.0,192.3492285231128,74.05169145424725,2022,"{""type"":""MultiPoint"",""coordinates"":[]}"
1_00010000000000001698,25.564994770018203,139.68284611384584,2035.212883922436,Hafizabad District,0.5298541580600774,0.1487954549308793,2,4.211307637356952,0.025329798460006714,13.507470969446734,58.47469249740609,2022,"{""type"":""MultiPoint"",""coordinates"":[]}"
1_00010000000000001699,882.5159424465556,756.8678640608949,6893.174775784137,Jhang District,0.8577927984297276,0.27167207282036543,2,33.62073097525201,123.41869663555248,41.802123429589706,214.72865394243928,2022,"{""type"":""MultiPoint"",""coordinates"":[]}"
1_0001000000000000169a,83.56842682571242,294.38471169960775,1527.0140530130734,Jhelum District,44.4082011518233,3.2895040663908808,2,973.1284466527987,0.03359228000044823,528.4221296591611,161.8200911889839,2022,"{""type"":""MultiPoint"",""coordinates"":[]}"
1_0001000000000000169b,48.94794186908094,377.0465360634284,3408.9599256838724,Kasur District,3.320614840557762,0.7504602214321494,2,37.629481841539786,0.3336395751684904,69.54256072346779,41.59374808553679,2022,"{""type"":""MultiPoint"",""coordinates"":[]}"
1_0001000000000000169c,93.1197874670118,442.469614536936,3643.8101431055106,Khanewal District,0.1029185876250267,0.2314652510681281,2,8.981327321639686,0.05172174982726574,99.30338335787039,67.71332856990836,2022,"{""type"":""MultiPoint"",""coordinates"":[]}"
1_0001000000000000169d,1545.7811370032673,322.0876880435493,3131.412984093027,Khushab District,9.109922235773183,1.2367126159369946,2,811.2464781639695,79.59600486219585,584.2895466850815,114.71571147373932,2022,"{""type"":""MultiPoint"",""coordinates"":[]}"
1_0001000000000000169e,68.26696826994564,679.4499103415358,908.3056570169535,Lahore District,1.0519270491110635,3.3641076147519784,2,21.92431850870158,0.0,24.412071589369546,21.237319192553265,2022,"{""type"":""MultiPoint"",""coordinates"":[]}"
1_0001000000000000169f,1322.85711463066,542.6625278354276,4064.273902403151,Layyah District,0.48629962280392647,0.0,2,23.80282320276487,243.83016379061797,16.61474222199736,133.7788901699342,2022,"{""type"":""MultiPoint"",""coordinates"":[]}"
1_000100000000000016a0,45.580318364080995,287.0015679230366,2325.212859336356,Lodhran District,0.0,0.0,2,1.9650818686932325,0.0,5.756715879994719,1.5324643097598762,2022,"{""type"":""MultiPoint"",""coordinates"":[]}"
1_000100000000000016a1,22.933830432988263,260.75642118857917,2281.2199357830536,Mandi Bahauddin District,9.824339911936981,2.6935163363668266,2,25.84286975790838,0.0,49.30736474335631,103.23928758777019,2022,"{""type"":""MultiPoint"",""coordinates"":[]}"
1_000100000000000016a2,946.5639190193997,404.43320667070947,3257.761717111504,Mianwali District,24.754684569273945,4.494019468333208,2,925.1856787342833,2.102794190835865,190.25827045640085,235.6035721733071,2022,"{""type"":""MultiPoint"",""coordinates"":[]}"
1_000100000000000016a3,192.3919296892689,512.8259576980427,2674.8424528682604,Multan District,0.0,0.060377112589776516,2,1.3280783636020679,0.00860918965190649,200.9292146794352,65.73356620907126,2022,"{""type"":""MultiPoint"",""coordinates"":[]}"
1_000100000000000016a4,914.2416465494559,1026.928090287734,5175.292532185652,Muzaffargarh District,2.8006231998805613,0.1555603789165616,2,31.05163105556413,0.5581643348559737,180.29147175814518,356.7128439255205,2022,"{""type"":""MultiPoint"",""coordinates"":[]}"
1_000100000000000016a5,6.932916482808251,176.14919069036847,2107.232778943224,Narowal District,7.363643667445171,8.917134172783472,2,11.525169668993092,0.0,27.651110513511973,33.04842983046364,2022,"{""type"":""MultiPoint"",""coordinates"":[]}"
1_000100000000000016a6,46.60632248929537,335.89711806199284,3985.5961343350878,Okara District,0.15463498141616583,0.3003908060491085,2,24.218473089888107,0.06857034657150507,11.40921494783651,33.32879743053779,2022,"{""type"":""MultiPoint"",""coordinates"":[]}"
1_000100000000000016a7,27.398322749587106,246.37708099673628,2586.410899019968,Pakpattan District,0.06900492031127214,0.22357083018869162,2,2.4250897308811545,0.03932521192758691,1.7875203425064683,19.331872157463984,2022,"{""type"":""MultiPoint"",""coordinates"":[]}"
1_000100000000000016a8,5441.586447312925,1054.2393323792257,5935.800844873123,Rahim Yar Khan District,5.364967633991995,0.331767650321126,2,42.338476273731565,0.2793916016817093,140.3190906436274,155.75413617640007,2022,"{""type"":""MultiPoint"",""coordinates"":[]}"
1_000100000000000016a9,7005.9092967834285,317.5643722117897,4441.687892369714,Rajanpur District,3.0168597605079412,0.04348429758101702,2,351.2233130828313,0.16582852322608232,34.15836405549929,181.27821221196038,2022,"{""type"":""MultiPoint"",""coordinates"":[]}"
1_000100000000000016aa,91.00561035465009,963.6370713516994,2091.446726712449,Rawalpindi District,13.905851129142972,16.6539877892271,2,715.3679491279902,2.65057445683827,933.5993839979101,56.89304392059134,2022,"{""type"":""MultiPoint"",""coordinates"":[]}"
1_000100000000000016ab,33.129371455326385,365.5841992670597,2771.301971998479,Sahiwal District,0.008553477935492992,0.3265565596374811,2,11.603181040495196,0.10290852840989828,31.554015778699046,14.861590948339334,2022,"{""type"":""MultiPoint"",""coordinates"":[]}"
1_000100000000000016ac,68.41264534784005,504.86945406041093,4952.423907841104,Sargodha District,5.97749146829341,1.3390359815538806,2,30.960676929840417,0.05073350481688976,122.72440514431209,84.62113665474907,2022,"{""type"":""MultiPoint"",""coordinates"":[]}"
1_000100000000000016ad,50.55909079371715,465.90483656002243,5121.362221323224,Sheikhupura District,2.8438005896796494,3.9842869908749767,2,20.6380926039289,0.18709555640816689,57.86464230791099,98.98207290934437,2022,"{""type"":""MultiPoint"",""coordinates"":[]}"
1_000100000000000016ae,18.929747532768282,384.004904970209,2504.495933218618,Sialkot District,24.180223738120905,18.58246579349187,2,10.297353918361024,0.0,39.484944002392396,65.83391422827673,2022,"{""type"":""MultiPoint"",""coordinates"":[]}"
1_000100000000000016af,47.27223458925591,375.673286481618,2591.681839948155,Toba Tek Singh District,0.00857776589691639,0.18296396589527528,2,17.15956522298648,0.008580493740737438,32.2154498766779,17.291013295798763,2022,"{""type"":""MultiPoint"",""coordinates"":[]}"
1_000100000000000016b0,101.47869931333426,574.973633260258,3793.5568638962095,Vehari District,0.2924085197860704,0.03451955784112215,2,1.5397194832198178,0.07771940249949694,11.880977750799675,14.805490085818604,2022,"{""type"":""MultiPoint"",""coordinates"":[]}"
2_0001000000000000168f,315.5517455280667,638.4896427241208,3140.5603984415307,Attock District,2.4662784805740503,3.421086261048913,3,2135.91812775005,0.05817459523677826,462.6843446197244,105.99695914217146,2022,"{""type"":""MultiPoint"",""coordinates"":[]}"
2_00010000000000001690,2258.5455152593736,392.1063494382463,5822.926123383462,Bahawalnagar District,4.853524369169392,0.35463827753110844,3,47.57658087364672,0.0,7.351554434304582,43.310542911061034,2022,"{""type"":""MultiPoint"",""coordinates"":[]}"
2_00010000000000001691,17067.341558131655,647.4553784722136,5979.043787452523,Bahawalpur District,2.922889820208736,0.1302599385380745,3,138.06920533675114,0.0,90.4654828755112,42.32765456998319,2022,"{""type"":""MultiPoint"",""coordinates"":[]}"
2_00010000000000001692,2529.16341016957,848.1665030857255,4979.742197615872,Bhakkar District,0.11872703488916159,0.06798623222857714,3,153.92568218116375,0.00844853650778532,28.54756911009477,48.454384505087695,2022,"{""type"":""MultiPoint"",""coordinates"":[]}"
2_00010000000000001693,371.7057428216086,484.96035063158286,3110.613163564011,Chakwal District,2.752111692982269,2.068905172869563,3,1874.79254167344,0.0,702.2292121185609,61.81942091411089,2022,"{""type"":""MultiPoint"",""coordinates"":[]}"
2_00010000000000001694,6161.640368496251,488.4013932941519,3766.1056262337775,Dera Ghazi Khan District,6.013159449705306,0.9150006175041199,3,1133.5262145327845,0.0,64.04750892249685,172.52622113688392,2022,"{""type"":""MultiPoint"",""coordinates"":[]}"
2_00010000000000001695,100.02827330397479,881.1595354100689,4883.956140249764,Faisalabad District,1.3016347363591194,0.17034071311354637,3,28.091480732793165,0.0,14.219515367392816,38.4997912702315,2022,"{""type"":""MultiPoint"",""coordinates"":[]}"
2_00010000000000001696,21.6365343752518,420.1588387141223,3037.113980895014,Gujranwala District,7.32239684431138,1.1579634235733571,3,8.060953933661619,0.0,20.508631437019826,103.5145674034807,2022,"{""type"":""MultiPoint"",""coordinates"":[]}"
2_00010000000000001697,36.664201737834404,494.78723739745715,2137.715201797,Gujrat District,3.3642039255768643,10.019126133690131,3,181.3270897834069,0.0,224.53047990996902,78.61173128231485,2022,"{""type"":""MultiPoint"",""coordinates"":[]}"
2_00010000000000001698,23.214555611012173,138.6875162295705,2029.6221935367362,Hafizabad District,1.0597292190855918,1.240365727132588,3,7.763730658532358,0.0,11.061757897841286,64.70832644205029,2022,"{""type"":""MultiPoint"",""coordinates"":[]}"
2_00010000000000001699,959.2919759159981,840.0439841464784,6823.854793939039,Jhang District,2.2034052070230246,0.2550323912873864,3,60.025501564393444,0.0,35.62323158249697,225.9603273989559,2022,"{""type"":""MultiPoint"",""coordinates"":[]}"
2_0001000000000000169a,142.4361611804578,312.65018369319176,1340.8049570222474,Jhelum District,7.473754328328605,12.248992967967162,3,1022.3010837826474,0.0,673.3472262663146,104.80679729639681,2022,"{""type"":""MultiPoint"",""coordinates"":[]}"
2_0001000000000000169b,61.36730129115429,426.1452602877993,3371.139538720352,Kasur District,1.8693172065541148,0.3243590802173404,3,30.56459262603711,0.0,56.94942547747975,39.765114214490445,2022,"{""type"":""MultiPoint"",""coordinates"":[]}"
2_0001000000000000169c,92.81058677637256,448.49397388343505,3635.496103780731,Khanewal District,0.32590480893850327,0.03430286608636379,3,14.00634243316291,0.0,69.79957309250958,94.81690230616094,2022,"{""type"":""MultiPoint"",""coordinates"":[]}"
2_0001000000000000169d,1241.4633955061106,398.5524863180466,3413.898221141717,Khushab District,11.127378689055789,2.714247110281505,3,893.7747315761065,0.0,541.8626615644196,96.08306327080172,2022,"{""type"":""MultiPoint"",""coordinates"":[]}"
2_0001000000000000169e,76.48999587476764,723.3539628084313,886.681031882551,Lahore District,0.7291343237291656,1.5923019525686315,3,5.964315592431847,0.0,14.194919650968822,19.006617497473812,2022,"{""type"":""MultiPoint"",""coordinates"":[]}"
2_0001000000000000169f,1652.8677781877925,619.1401590825077,3907.9576605352413,Layyah District,0.9736410267651081,0.059697097167372704,3,37.176637258804305,0.0,14.207119631219436,115.92377105785863,2022,"{""type"":""MultiPoint"",""coordinates"":[]}"
2_000100000000000016a0,42.9933268612835,279.738636755169,2330.5574657058014,Lodhran District,0.0,0.008679581806063652,3,4.363743371903604,0.0,6.79574490919271,2.5914104967652,2022,"{""type"":""MultiPoint"",""coordinates"":[]}"
2_000100000000000016a1,24.372919198264377,286.7265889406459,2257.1867809319865,Mandi Bahauddin District,6.7355597516266155,2.393973934080671,3,29.66058352241914,0.0,42.8603161607522,105.88084330218388,2022,"{""type"":""MultiPoint"",""coordinates"":[]}"
2_000100000000000016a2,818.1427244943877,505.4636888970238,3093.523420402404,Mianwali District,10.337263940409846,5.793082077275304,3,1150.0673624320175,0.0,214.2792015568262,193.55111859370314,2022,"{""type"":""MultiPoint"",""coordinates"":[]}"
2_000100000000000016a3,208.05439587016681,557.133406275562,2687.366985164002,Multan District,0.15522189904004335,0.09469150751829147,3,3.3330677195360847,0.0,113.72205750790664,78.26035986619034,2022,"{""type"":""MultiPoint"",""coordinates"":[]}"
2_000100000000000016a4,1080.464319375935,1193.9898385518504,4865.4599900894755,Muzaffargarh District,4.069552929392632,0.23288927227258682,3,67.13470899723106,0.0,124.77747792049364,351.9037865390746,2022,"{""type"":""MultiPoint"",""coordinates"":[]}"
2_000100000000000016a5,6.632181527797937,215.54724412670765,2097.00096686031,Narowal District,0.6675578758887508,0.9223644501292237,3,14.036819797977076,0.0,20.463393988387256,23.549845342400175,2022,"{""type"":""MultiPoint"",""coordinates"":[]}"
2_000100000000000016a6,86.61270727699659,341.6448609096381,3938.149830705807,Okara District,0.44118752688826884,0.06010681204497814,3,23.313877250389286,0.0,12.051770075512868,35.30531593139704,2022,"{""type"":""MultiPoint"",""coordinates"":[]}"
2_000100000000000016a7,35.95733423943029,231.57976783232434,2588.550609300979,Pakpattan District,0.06030028034001589,0.02583231870085001,3,4.148518452336829,0.0,1.97949429147822,21.76082924398064,2022,"{""type"":""MultiPoint"",""coordinates"":[]}"
2_000100000000000016a8,5565.945827937264,1005.2192577563845,5886.910470212752,Rahim Yar Khan District,4.184680011945174,0.09647428710013628,3,48.0923685328487,0.0,114.43391485148128,151.1314609552497,2022,"{""type"":""MultiPoint"",""coordinates"":[]}"
2_000100000000000016a9,7668.613153373494,325.31719640338906,3761.2050210843813,Rajanpur District,2.8941073594614863,0.19997024163603783,3,353.9609023165141,0.0,51.59731819546763,171.25995432219523,2022,"{""type"":""MultiPoint"",""coordinates"":[]}"
2_000100000000000016aa,119.39582475202121,1095.545533182523,1909.1354310755814,Rawalpindi District,1.0367248947786933,8.603594637906872,3,797.9392175228865,0.0,1249.3432762771704,43.6687582058686,2022,"{""type"":""MultiPoint"",""coordinates"":[]}"
2_000100000000000016ab,35.528673135719316,338.8290689960451,2788.1688391108437,Sahiwal District,0.025788971222937107,0.10294992942363024,3,10.590681651862813,0.0,39.13359783250911,16.09274942675496,2022,"{""type"":""MultiPoint"",""coordinates"":[]}"
2_000100000000000016ac,70.17651871268215,523.7361929948643,4971.904125223725,Sargodha District,5.114837056957185,1.7342643443093286,3,38.701921200127714,0.0,68.16680790290748,91.8448194973463,2022,"{""type"":""MultiPoint"",""coordinates"":[]}"
2_000100000000000016ad,44.433613801079204,520.8703382839066,5103.223146633017,Sheikhupura District,2.376789367805217,1.3587800928227165,3,13.071048329098552,0.0,44.25728227788692,92.7351408494965,2022,"{""type"":""MultiPoint"",""coordinates"":[]}"
2_000100000000000016ae,15.426423834797507,431.86715024511386,2517.3847902986495,Sialkot District,2.7542954253251937,2.362674563827322,3,8.908614986634575,0.0,31.5723122526435,55.53322579524679,2022,"{""type"":""MultiPoint"",""coordinates"":[]}"
2_000100000000000016af,45.539168522872174,330.37140475144497,2627.843848992657,Toba Tek Singh District,0.0257027605548501,0.07713574543595314,3,17.933338562526977,0.0,40.13058210164674,19.572330202885407,2022,"{""type"":""MultiPoint"",""coordinates"":[]}"
2_000100000000000016b0,65.72562835053998,497.988978121846,3905.015932040607,Vehari District,0.0527130672890766,0.008407531328061048,3,3.679756276367926,0.0,9.57830839078216,16.590307491006076,2022,"{""type"":""MultiPoint"",""coordinates"":[]}"
3_0001000000000000168f,771.0727886512182,589.2385993204792,3046.399222447526,Attock District,1.8645559465841335,1.0593797798578937,4,1915.037204754747,0.03324676305055618,383.52923239723367,96.9125274818281,2022,"{""type"":""MultiPoint"",""coordinates"":[]}"
3_00010000000000001690,3130.3430421771445,209.9943749175754,5152.947512419967,Bahawalnagar District,0.12086352985352278,0.051783748902380466,4,54.10446597204415,0.0,2.0746041601523757,27.38818202115522,2022,"{""type"":""MultiPoint"",""coordinates"":[]}"
3_00010000000000001691,19487.73256903239,415.23939201270105,3845.1545763018125,Bahawalpur District,1.4591860761865973,0.22600746899843216,4,121.80311804535049,0.0,63.79093071349038,32.35043694646116,2022,"{""type"":""MultiPoint"",""coordinates"":[]}"
3_00010000000000001692,4333.495742023609,371.34053864395065,3724.8457414251698,Bhakkar District,0.0,0.18655327521264553,4,97.31391982747718,0.0,11.814524255462867,49.19788902025743,2022,"{""type"":""MultiPoint"",""coordinates"":[]}"
3_00010000000000001693,780.9339060699202,518.3181103536823,2939.272999589456,Chakwal District,2.7308997609305616,0.9045750591903925,4,1692.6993170025485,0.0,626.658713416956,49.42292733648244,2022,"{""type"":""MultiPoint"",""coordinates"":[]}"
3_00010000000000001694,6377.596120993288,322.6696775706741,3807.986234749328,Dera Ghazi Khan District,3.2688808099859776,1.3135671596974134,4,1105.993280505798,0.0,22.425420363649142,151.92231053113204,2022,"{""type"":""MultiPoint"",""coordinates"":[]}"
3_00010000000000001695,223.21814220512616,752.2416303792932,4901.166485405429,Faisalabad District,0.195367980748415,0.05944162514060736,4,34.294739415817986,0.0,2.5258571118554647,33.72504766028666,2022,"{""type"":""MultiPoint"",""coordinates"":[]}"
3_00010000000000001696,38.86329859639426,402.78636611604367,3042.607028120387,Gujranwala District,4.1321095127502785,0.2769950829921108,4,9.444538870994368,0.0,18.41883708914267,102.94469363773058,2022,"{""type"":""MultiPoint"",""coordinates"":[]}"
3_00010000000000001697,41.057413644288836,518.50955239992,2234.7991382929076,Gujrat District,1.775201239246948,1.5824498675288816,4,106.52816134515932,0.0,186.5105837836022,76.25677139459583,2022,"{""type"":""MultiPoint"",""coordinates"":[]}"
3_00010000000000001698,31.930749138002746,136.6730488214313,2032.5788435500735,Hafizabad District,0.6502756707918118,0.05914153531193733,4,5.924702094356512,0.0,5.511516071830456,64.02989844016219,2022,"{""type"":""MultiPoint"",""coordinates"":[]}"
3_00010000000000001699,1181.8861076999858,738.1580796942151,6752.991723331863,Jhang District,0.783459760248661,0.02545223105698824,4,58.56163127427446,0.0,21.399108270709128,193.45268988331742,2022,"{""type"":""MultiPoint"",""coordinates"":[]}"
3_0001000000000000169a,180.9236255373806,373.3438694563128,1451.4694749798223,Jhelum District,3.5190175644542068,3.8815372391914327,4,966.0074341440863,0.0,538.9261473720017,97.99805024430229,2022,"{""type"":""MultiPoint"",""coordinates"":[]}"
3_0001000000000000169b,75.4128802214037,369.82129757141365,3425.3905288807755,Kasur District,0.6653829804932078,0.3975394552573562,4,29.789009900522583,0.0,44.76203518953247,41.886234704686295,2022,"{""type"":""MultiPoint"",""coordinates"":[]}"
3_0001000000000000169c,215.25924574931466,307.9817503012607,3667.0248664136648,Khanewal District,0.04288117401301861,0.0,4,31.913514478091955,0.0,42.11460337712265,91.4468284539294,2022,"{""type"":""MultiPoint"",""coordinates"":[]}"
3_0001000000000000169d,2167.8317793624947,298.52648123586005,2789.9069798724477,Khushab District,1.291345032863319,0.3034877944737673,4,831.6220565953383,0.0,419.1211662156544,90.87288906740794,2022,"{""type"":""MultiPoint"",""coordinates"":[]}"
3_0001000000000000169e,90.48886699790829,669.5884872364761,929.5765421393894,Lahore District,0.5257873799870996,1.932878382157023,4,12.567447931202604,0.0,5.963896860708209,17.368372655093815,2022,"{""type"":""MultiPoint"",""coordinates"":[]}"
3_0001000000000000169f,2298.1862519457095,375.79087443886067,3520.602161450958,Layyah District,0.2991078272461891,0.008545915596187115,4,38.42567557238919,0.0,5.526064005731514,109.467782720865,2022,"{""type"":""MultiPoint"",""coordinates"":[]}"
3_000100000000000016a0,186.84165930204531,166.5491675348076,2294.0219168523035,Lodhran District,0.0,0.008657078258693218,4,13.212243654224658,0.0,4.2677938574925065,2.1475694027893684,2022,"{""type"":""MultiPoint"",""coordinates"":[]}"
3_000100000000000016a1,31.789612792881524,307.93834727153035,2240.607650150487,Mandi Bahauddin District,3.4869350345768764,0.8163112302767296,4,21.730276116432954,0.0,41.52121409589023,107.92721904988457,2022,"{""type"":""MultiPoint"",""coordinates"":[]}"
3_000100000000000016a2,1235.758693866819,392.2185203145459,2981.695768022606,Mianwali District,3.1887439928912356,5.455684469081461,4,1014.3321672269494,0.0,163.90159023392798,194.60669426722637,2022,"{""type"":""MultiPoint"",""coordinates"":[]}"
3_000100000000000016a3,404.24839479526247,387.25364837523773,2706.9833611049453,Multan District,0.05165374930948019,0.1807344015687704,4,21.2773308846223,0.0,66.01550319421233,62.10955930476388,2022,"{""type"":""MultiPoint"",""coordinates"":[]}"
3_000100000000000016a4,1625.395051124141,1066.2734952512253,4493.106720407929,Muzaffargarh District,1.772970860823989,0.5695003280416131,4,97.40930432022421,0.0,74.027408285534,329.47811309780695,2022,"{""type"":""MultiPoint"",""coordinates"":[]}"
3_000100000000000016a5,10.204310649713758,203.501738419917,2094.74311073876,Narowal District,1.038938170777378,1.7170262926714677,4,22.4012664918806,0.0,23.595345447698207,21.618637758179332,2022,"{""type"":""MultiPoint"",""coordinates"":[]}"
3_000100000000000016a6,92.97614009357696,325.83933706822637,3953.272375358612,Okara District,0.2703332144036597,0.01718975231051445,4,23.642137428088226,0.0,7.610368192411375,33.95177538104574,2022,"{""type"":""MultiPoint"",""coordinates"":[]}"
3_000100000000000016a7,70.37151003331311,218.62478905761358,2569.4564099148824,Pakpattan District,0.008609575219452381,0.0,4,7.155874053830757,0.0,0.8505790699273348,17.594914254783564,2022,"{""type"":""MultiPoint"",""coordinates"":[]}"
3_000100000000000016a8,6690.321651292187,770.6128091953585,5011.238785236262,Rahim Yar Khan District,2.1544424143455485,0.23595241643488407,4,63.96826059965453,0.026279532350599766,98.35313965727156,139.10313420116026,2022,"{""type"":""MultiPoint"",""coordinates"":[]}"
3_000100000000000016a9,9188.075672252495,170.1956959550616,2657.6295673590084,Rajanpur District,1.125452726148069,0.08720742724835873,4,171.62746194137225,0.0,21.044563171537774,125.26200246366798,2022,"{""type"":""MultiPoint"",""coordinates"":[]}"
3_000100000000000016aa,134.00088200879227,1154.9036172512697,1921.1322686254102,Rawalpindi District,0.6445239318717344,4.5921705665249455,4,726.3555335991815,0.0,1242.4901312522736,40.54923331341251,2022,"{""type"":""MultiPoint"",""coordinates"":[]}"
3_000100000000000016ab,69.91756727817085,292.6017911091885,2799.948717082815,Sahiwal District,0.008598520420491695,0.025741172023117542,4,15.076050896624873,0.0,37.132613412659694,13.761269582479317,2022,"{""type"":""MultiPoint"",""coordinates"":[]}"
3_000100000000000016ac,117.62630822132617,560.792069388433,4928.636491528296,Sargodha District,0.5738573093843811,0.3499288746210582,4,45.705008732560366,0.0,15.619692896142162,102.07612998215663,2022,"{""type"":""MultiPoint"",""coordinates"":[]}"
3_000100000000000016ad,73.12927505678188,470.0044751155428,5146.118119865594,Sheikhupura District,1.5305134914158023,0.6702911198467892,4,22.698325777119575,0.0,24.032118342710916,84.1430208660991,2022,"{""type"":""MultiPoint"",""coordinates"":[]}"
3_000100000000000016ae,18.869256846358383,429.54735591827944,2519.7617299451554,Sialkot District,1.32233048884892,1.85092333767417,4,9.667690355264964,0.0,32.688741033140786,52.101459477516805,2022,"{""type"":""MultiPoint"",""coordinates"":[]}"
3_000100000000000016af,84.747616122495,262.3725597537104,2664.2660910896075,Toba Tek Singh District,0.008570265956223011,0.02572938334196806,4,16.97683980643165,0.0,37.38443658504562,15.71166863343587,2022,"{""type"":""MultiPoint"",""coordinates"":[]}"
3_000100000000000016b0,151.89548473368382,414.2358688163589,3900.6164161452007,Vehari District,0.0,0.0,4,16.241190474860225,0.0,5.511470917612314,10.139600182050728,2022,"{""type"":""MultiPoint"",""coordinates"":[]}"
4_0001000000000000168f,2849.0989097277684,378.54961126757536,1912.050130387023,Attock District,0.482496066018939,0.041360641829669476,5,1344.5723349354835,0.008311626501381397,229.4589787146953,90.88462417562877,2022,"{""type"":""MultiPoint"",""coordinates"":[]}"
4_00010000000000001690,6638.59581315583,140.28291181946798,1758.2849917102938,Bahawalnagar District,0.060406806878745556,0.38264792620332216,5,11.007701596906227,0.0,0.6225295150652528,27.78782641614842,2022,"{""type"":""MultiPoint"",""coordinates"":[]}"
4_00010000000000001691,21835.55788616324,282.254152740823,1725.4505565010197,Bahawalpur District,0.06947692856192589,0.14765211287885904,5,70.95183699858174,0.0,28.922790875899445,24.40186427638081,2022,"{""type"":""MultiPoint"",""coordinates"":[]}"
4_00010000000000001692,6834.12206993068,298.0164136716585,1352.5154882671275,Bhakkar District,0.0,0.02546480856835842,5,24.805776860247203,0.0,6.045732677987247,72.66396225487046,2022,"{""type"":""MultiPoint"",""coordinates"":[]}"
4_00010000000000001693,2674.349879940964,321.2828492017098,1754.6209210129928,Chakwal District,1.5963750947266817,0.3601326532661915,5,1500.7463365993844,0.0,315.5160758026419,42.46887828347949,2022,"{""type"":""MultiPoint"",""coordinates"":[]}"
4_00010000000000001694,9398.734310376927,119.78642025163361,1710.8356794448243,Dera Ghazi Khan District,0.590455075725913,0.47821360640227795,5,397.8252086067317,0.0,6.60149756894246,158.32370775236436,2022,"{""type"":""MultiPoint"",""coordinates"":[]}"
4_00010000000000001695,803.3436498938202,1059.6217611379925,4042.8397038743738,Faisalabad District,0.01696984563022852,0.0170005913823843,5,14.46296112222926,0.0,1.4305712966540574,25.694094021614713,2022,"{""type"":""MultiPoint"",""coordinates"":[]}"
4_00010000000000001696,787.758643099443,401.0003806592458,2295.1550068842207,Gujranwala District,1.4755267567749994,0.5358623117135437,5,4.534255857542887,0.0,16.365811482057268,112.64837997543681,2022,"{""type"":""MultiPoint"",""coordinates"":[]}"
4_00010000000000001697,121.28057113744174,593.151567477415,2080.716201813552,Gujrat District,0.27317459952889706,0.0,5,132.29321970986027,0.0,161.41281695673422,77.89172027271755,2022,"{""type"":""MultiPoint"",""coordinates"":[]}"
4_00010000000000001698,947.4903865844635,153.3761066781759,1103.5659660658052,Hafizabad District,0.12230296027572715,0.0,5,2.2957996881183456,0.0,3.364364466465571,67.14324887865678,2022,"{""type"":""MultiPoint"",""coordinates"":[]}"
4_00010000000000001699,2485.405657174372,1502.94193114745,4737.73835411835,Jhang District,0.07648029737174511,0.025548765435814857,5,33.3475783614807,0.0,20.523463535648496,167.19923874556142,2022,"{""type"":""MultiPoint"",""coordinates"":[]}"
4_0001000000000000169a,525.3868534360812,383.2398764962513,1200.8388444854934,Jhelum District,1.6343031366775727,0.3587704958795917,5,1074.1878255328597,0.0,335.1902468840792,95.23243607022962,2022,"{""type"":""MultiPoint"",""coordinates"":[]}"
4_0001000000000000169b,416.43922055535313,718.3689740373478,2752.171379931526,Kasur District,0.09391706343740225,0.017082517966628075,5,9.982195500324607,0.0,42.09998141424548,48.95215788388296,2022,"{""type"":""MultiPoint"",""coordinates"":[]}"
4_0001000000000000169c,1337.9451379761576,417.83840203256364,2461.310404152851,Khanewal District,0.0,0.01718764193356037,5,12.423089558119866,0.0,33.7534377732369,92.49603081253522,2022,"{""type"":""MultiPoint"",""coordinates"":[]}"
4_0001000000000000169d,3385.1796652294,232.74048370985207,1831.0698715500387,Khushab District,0.177047080360353,0.008405421860516071,5,867.185474659517,0.0,191.43108121162905,91.68415631388186,2022,"{""type"":""MultiPoint"",""coordinates"":[]}"
4_0001000000000000169e,282.86869765182263,619.5359798755244,793.5899745882031,Lahore District,0.025491108186542988,0.9521368853747845,5,9.063303857282095,0.0,3.745259829300145,18.231435787228538,2022,"{""type"":""MultiPoint"",""coordinates"":[]}"
4_0001000000000000169f,4176.559359965477,360.57086027404125,1641.81697591736,Layyah District,0.21328787319362164,0.01704264711588621,5,9.131221477015345,0.0,4.809364504630075,155.1883512185229,2022,"{""type"":""MultiPoint"",""coordinates"":[]}"
4_000100000000000016a0,1522.7447360664605,118.99956527539328,1018.7864449455129,Lodhran District,0.0,0.0,5,3.18856634329274,0.0,0.7530067702755332,2.5766882809865126,2022,"{""type"":""MultiPoint"",""coordinates"":[]}"
4_000100000000000016a1,108.38187450752321,538.1866677159078,1951.3394029593787,Mandi Bahauddin District,1.0872800133464966,1.3574341326696324,5,13.034945821784,0.0,39.37730994558364,103.05265064576604,2022,"{""type"":""MultiPoint"",""coordinates"":[]}"
4_000100000000000016a2,3736.1693955076566,186.37518249355693,1200.281406283817,Mianwali District,13.993324521326404,0.5802324330434203,5,542.4045272652387,0.0,77.64296400684351,233.71082988256478,2022,"{""type"":""MultiPoint"",""coordinates"":[]}"
4_000100000000000016a3,1529.4416922045207,315.8645157675715,1710.6394143529674,Multan District,0.01721837930381298,0.06885834503918886,5,4.205030888636761,0.0,45.390954105928536,42.492501765953406,2022,"{""type"":""MultiPoint"",""coordinates"":[]}"
4_000100000000000016a4,4007.7216904583693,892.069834220161,2378.9071452746343,Muzaffargarh District,0.8079681918025017,0.10353584308177233,5,34.09539134117464,0.0,41.60173173176088,332.72526661473887,2022,"{""type"":""MultiPoint"",""coordinates"":[]}"
4_000100000000000016a5,216.29370278012667,255.70028859672374,1857.5949227107171,Narowal District,0.008440219797194004,0.0,5,13.110486138750817,0.0,16.267010967502845,19.845522555979155,2022,"{""type"":""MultiPoint"",""coordinates"":[]}"
4_000100000000000016a6,764.0290904867335,549.2793185312154,3063.0163870171773,Okara District,0.051576219499111176,0.017177853733301163,5,16.48099498315623,0.0,2.989314983598888,41.71579641356115,2022,"{""type"":""MultiPoint"",""coordinates"":[]}"
4_000100000000000016a7,557.5374043318827,318.92414284758996,1985.861927772288,Pakpattan District,0.05164960213005543,0.06026929151266813,5,4.844239440746605,0.0,0.584412076510489,16.198640596910433,2022,"{""type"":""MultiPoint"",""coordinates"":[]}"
4_000100000000000016a8,8700.112966818404,625.1482429416924,3243.722274072468,Rahim Yar Khan District,0.026370435021817684,0.2007386889308691,5,13.85680016507121,0.052610683254897594,69.05871459982706,123.83573614035679,2022,"{""type"":""MultiPoint"",""coordinates"":[]}"
4_000100000000000016a9,10999.554713562215,85.38695240224547,1072.1284173823378,Rajanpur District,0.2882896615192294,0.38344497513026,5,53.11366244355107,0.0,11.730973212453812,112.46116965708558,2022,"{""type"":""MultiPoint"",""coordinates"":[]}"
4_000100000000000016aa,326.1419645385159,1166.3367541691764,1691.0305358309379,Rawalpindi District,0.24709965704264597,2.362999862600483,5,882.9614624490707,0.0,1113.23537677612,42.35216726527422,2022,"{""type"":""MultiPoint"",""coordinates"":[]}"
4_000100000000000016ab,428.62041065971573,408.9521251926417,2339.016422666095,Sahiwal District,0.008610423654317856,0.017220924608409405,5,8.718534126914308,0.0,33.53326574243678,9.60575931831537,2022,"{""type"":""MultiPoint"",""coordinates"":[]}"
4_000100000000000016ac,584.5481844798534,988.180605962478,4053.100964870016,Sargodha District,0.05057360511273146,0.0,5,25.789816654838766,0.0,9.99240253296699,109.7169388276543,2022,"{""type"":""MultiPoint"",""coordinates"":[]}"
4_000100000000000016ad,1601.6953839732078,493.41196368496264,3620.2665890171543,Sheikhupura District,0.4022250067004386,0.0,5,11.375910944400317,0.0,13.558910658740091,81.61515634994517,2022,"{""type"":""MultiPoint"",""coordinates"":[]}"
4_000100000000000016ae,194.23731667775954,515.2857076214626,2267.113516465268,Sialkot District,0.21155487704364692,0.06866285556598622,5,8.16012868903139,0.0,27.265862324315258,53.466737891792086,2022,"{""type"":""MultiPoint"",""coordinates"":[]}"
4_000100000000000016af,408.18776910905825,425.5791014036784,2194.4901128171155,Toba Tek Singh District,0.0,0.008581195957958698,5,9.690321008718627,0.0,33.21877847243027,10.318847633065545,2022,"{""type"":""MultiPoint"",""coordinates"":[]}"
4_000100000000000016b0,938.323869522504,496.8582684854521,3035.709073898799,Vehari District,0.00864461250603199,0.2826068315728038,5,6.131863733399293,0.0,5.612042482942343,15.713661702590828,2022,"{""type"":""MultiPoint"",""coordinates"":[]}"
5_0001000000000000168f,3813.7064480545187,292.59575515676147,1197.2422211846956,Attock District,0.2081290017813444,0.01654040440917015,6,1261.1116015965047,0.008311626501381397,154.74558369770426,85.51216681964843,2022,"{""type"":""MultiPoint"",""coordinates"":[]}"
5_00010000000000001690,6017.038103839989,139.9208564615571,2392.7012240084846,Bahawalnagar District,0.1395843400930365,0.31461323999306734,6,3.711840472070902,0.00862971693277359,0.39756527449935675,22.79241159317613,2022,"{""type"":""MultiPoint"",""coordinates"":[]}"
5_00010000000000001691,20891.152106617756,331.9763690423001,2604.7215368133475,Bahawalpur District,0.06951995566487312,0.14772250410169363,6,68.94177575436439,0.0,41.9220465950887,28.82513931476164,2022,"{""type"":""MultiPoint"",""coordinates"":[]}"
5_00010000000000001692,6388.037718149056,297.01242198530656,1790.8759752416142,Bhakkar District,0.093247439712286,0.13609159085899591,6,27.28666438128361,0.0,4.149796398035159,80.60299328527249,2022,"{""type"":""MultiPoint"",""coordinates"":[]}"
5_00010000000000001693,3447.835672385143,241.699140591273,1076.9679387047377,Chakwal District,0.37627935223281384,0.452466175891459,6,1568.3025437951599,0.0,233.47948449886604,41.82792308586193,2022,"{""type"":""MultiPoint"",""coordinates"":[]}"
5_00010000000000001694,9331.717280926036,153.38457623987514,1753.2140418888566,Dera Ghazi Khan District,1.433968988966708,0.7849641766326101,6,339.2474064274307,0.00864484068006277,5.216583596608218,208.16802559846684,2022,"{""type"":""MultiPoint"",""coordinates"":[]}"
5_00010000000000001695,870.5697595977172,808.4073608134709,4232.013151430722,Faisalabad District,0.0,0.11901283357292414,6,9.442596192720037,0.0,0.9276655819267035,25.9471653335673,2022,"{""type"":""MultiPoint"",""coordinates"":[]}"
5_00010000000000001696,1402.3577595731133,391.13285173935924,1513.689619847281,Gujranwala District,1.6739986659191985,0.5698342351169856,6,3.443747122034284,0.0,15.325661737175986,291.2803941064349,2022,"{""type"":""MultiPoint"",""coordinates"":[]}"
5_00010000000000001697,423.9215976126967,508.11120555829984,1824.4148248736471,Gujrat District,0.2014854997396469,0.033541588112711906,6,183.44994904171756,0.0,143.26565669024833,83.62101110278758,2022,"{""type"":""MultiPoint"",""coordinates"":[]}"
5_00010000000000001698,1098.9908681271304,172.55996575627256,827.7952791713652,Hafizabad District,0.3082769006928977,0.09291066695004702,6,1.1022115499329042,0.0,3.8715152971665647,172.63714785244971,2022,"{""type"":""MultiPoint"",""coordinates"":[]}"
5_00010000000000001699,2832.4511738021724,1052.5447219115845,4848.33732583307,Jhang District,0.22117365803569555,0.2127005197107792,6,27.68394430524432,0.0,17.660596014526398,168.146616101327,2022,"{""type"":""MultiPoint"",""coordinates"":[]}"
5_0001000000000000169a,887.726248546383,279.3176206674135,961.720170292715,Jhelum District,1.1518543406188781,0.872784989009447,6,1194.3482029994398,0.0,204.88109754601896,86.05117715595327,2022,"{""type"":""MultiPoint"",""coordinates"":[]}"
5_0001000000000000169b,951.5982112977141,527.1665947800027,2376.0206725160792,Kasur District,0.07687778864055872,0.10242942720651627,6,7.5212577291380835,0.025625512935221195,44.26094650038171,81.35229335198653,2022,"{""type"":""MultiPoint"",""coordinates"":[]}"
5_0001000000000000169c,751.8646954409743,349.631149418243,3131.2827270601483,Khanewal District,0.04291151650249958,0.008591541089117527,6,7.4979187324643135,0.0,23.910473440225946,91.54522279774883,2022,"{""type"":""MultiPoint"",""coordinates"":[]}"
5_0001000000000000169d,3753.3110671840072,197.3930488542416,1522.1142329172867,Khushab District,0.18548638373613358,0.3369575347751379,6,856.5938128776847,0.0,187.4942340030938,82.04734542171526,2022,"{""type"":""MultiPoint"",""coordinates"":[]}"
5_0001000000000000169e,477.72170314295033,548.4680801333641,663.9860435501727,Lahore District,0.06801080610603094,1.0626722676679492,6,7.685801116464769,0.0,1.8820809628704889,27.13788760332573,2022,"{""type"":""MultiPoint"",""coordinates"":[]}"
5_0001000000000000169f,3554.0541617610957,356.1816409432713,2209.230145664973,Layyah District,6.137202000468239,0.5721851298585534,6,12.981111417243294,0.0,4.073482019925381,205.07653494052153,2022,"{""type"":""MultiPoint"",""coordinates"":[]}"
5_000100000000000016a0,819.7023007787653,137.68199613019462,1704.5111929615227,Lodhran District,0.008640114217996597,0.01732920203357935,6,1.4974552495405078,0.0,0.33760794810950756,3.292485297537026,2022,"{""type"":""MultiPoint"",""coordinates"":[]}"
5_000100000000000016a1,253.5263271901282,434.27001497295197,1891.6682004928446,Mandi Bahauddin District,0.9008981429259566,1.7080682767043802,6,13.225173742514032,0.0,34.45984603726469,126.0590368866263,2022,"{""type"":""MultiPoint"",""coordinates"":[]}"
5_000100000000000016a2,3751.5649298177455,214.77512074170227,1167.1236623871378,Mianwali District,2.3482230083980395,3.5662818737328053,6,542.5481822941489,0.0,85.05222914065509,224.1792331305278,2022,"{""type"":""MultiPoint"",""coordinates"":[]}"
5_000100000000000016a3,1160.3623773181992,298.3531957106227,2113.438528704684,Multan District,0.01723525393754244,0.45616641733795404,6,0.7767670061439276,0.017254059202969074,26.9143741727131,47.7842871670812,2022,"{""type"":""MultiPoint"",""coordinates"":[]}"
5_000100000000000016a4,3301.6358293468274,770.0186519943468,3175.7593920121185,Muzaffargarh District,2.8525890093296766,0.7366913018602075,6,26.67586381616911,0.0,14.074683793272603,396.27886240179924,2022,"{""type"":""MultiPoint"",""coordinates"":[]}"
5_000100000000000016a5,1034.3382496810318,215.61579425198332,1092.4807305603595,Narowal District,0.025320987217128277,0.016543927481945823,6,9.337893445201804,0.0,9.280178830038537,17.725662286283775,2022,"{""type"":""MultiPoint"",""coordinates"":[]}"
5_000100000000000016a6,1040.2966721547075,328.3633987105433,2998.01630932364,Okara District,0.1888198284432292,0.12058380089481087,6,12.966893843324016,0.06863576546311378,3.2484277598559856,54.3099153018027,2022,"{""type"":""MultiPoint"",""coordinates"":[]}"
5_000100000000000016a7,488.2633182498754,200.30356915438657,2178.8697158454065,Pakpattan District,0.0,0.017208033241331577,6,3.2347204545951063,0.0,0.7132656844332814,12.660888537633067,2022,"{""type"":""MultiPoint"",""coordinates"":[]}"
5_000100000000000016a8,7578.3707358221345,579.8541838966383,4426.71650614718,Rahim Yar Khan District,0.061278282664716244,0.543677463955885,6,10.796923471691414,0.04382488504052162,36.484276883669345,143.14304769204966,2022,"{""type"":""MultiPoint"",""coordinates"":[]}"
5_000100000000000016a9,9825.421318018702,132.5304601095982,2185.9641389589283,Rajanpur District,0.5329972552135587,0.9865695247426629,6,43.79441244162108,0.0,9.719205535477137,136.0985214522583,2022,"{""type"":""MultiPoint"",""coordinates"":[]}"
5_000100000000000016aa,1023.6317289756171,1019.0538508170082,1034.3278963798034,Rawalpindi District,0.12484687380492687,1.3794116981108397,6,1210.1405970264298,0.0,896.4142893698651,39.5957394080967,2022,"{""type"":""MultiPoint"",""coordinates"":[]}"
5_000100000000000016ab,458.51738136220797,316.79260218205917,2405.673753743707,Sahiwal District,0.0,0.034380135126411915,6,6.219224157589761,0.0,31.868870191276073,9.366137282415202,2022,"{""type"":""MultiPoint"",""coordinates"":[]}"
5_000100000000000016ac,716.5639206838813,683.729201594236,4224.9315155320755,Sargodha District,0.38003330398350954,0.16037429589778185,6,19.52640838631812,0.0,7.067660859124917,119.02037227740328,2022,"{""type"":""MultiPoint"",""coordinates"":[]}"
5_000100000000000016ad,2873.5061826483507,471.6840697101774,2345.9140188376,Sheikhupura District,0.6057551664793316,0.05937030725181103,6,5.4548076914367725,0.0,10.77251744911659,114.32941782469769,2022,"{""type"":""MultiPoint"",""coordinates"":[]}"
5_000100000000000016ae,786.9194438048437,461.1786647509784,1725.043987755945,Sialkot District,0.8056213039466563,0.15166189806791497,6,4.84617621273752,0.0,22.531425697491596,64.33250597822754,2022,"{""type"":""MultiPoint"",""coordinates"":[]}"
5_000100000000000016af,574.7178915299403,335.83500943395364,2122.1224230648622,Toba Tek Singh District,0.0,0.01714182458817959,6,8.118042983352115,0.0,30.612288312986493,10.070714490342082,2022,"{""type"":""MultiPoint"",""coordinates"":[]}"
5_000100000000000016b0,808.0044795728745,355.3959952788756,3317.4441086179154,Vehari District,0.1888873018068718,0.35958043231683623,6,1.5953006437194406,0.0,2.219064002856612,13.432615419400527,2022,"{""type"":""MultiPoint"",""coordinates"":[]}"
6_0001000000000000168f,1972.5196881737668,694.6987849010557,533.1380576199541,Attock District,4.169637804832675,29.918141099847126,7,533.0468148941613,0.15134249688582677,375.64567484811096,140.08870546696158,2022,"{""type"":""MultiPoint"",""coordinates"":[]}"
6_00010000000000001690,1253.7262785470443,150.79916316978998,734.2902578513666,Bahawalnagar District,44.99077853736486,124.255883006978,7,19.569460343858044,6.431489755593094,354.86972247441383,158.64865394287617,2022,"{""type"":""MultiPoint"",""coordinates"":[]}"
6_00010000000000001691,10694.13835838588,520.3286528084756,2314.1487158111054,Bahawalpur District,12.392481724107089,149.72660878856175,7,157.99383286889642,7.795768922819373,554.7452840309919,232.35680639155797,2022,"{""type"":""MultiPoint"",""coordinates"":[]}"
6_00010000000000001692,3657.2349557503435,167.97277856891355,291.69563297810504,Bhakkar District,0.47546217404305935,41.41703910956561,7,7.811464107054852,2.7319777039811015,96.11453066377298,10.327486798853851,2022,"{""type"":""MultiPoint"",""coordinates"":[]}"
6_00010000000000001693,359.5927254834523,116.13027681474958,61.43331651997698,Chakwal District,0.32628123834729195,1.669451431809541,7,131.5411181374873,0.26789642591029406,81.99791879118877,14.836273898691962,2022,"{""type"":""MultiPoint"",""coordinates"":[]}"
6_00010000000000001694,3833.380870187147,357.29337982642375,308.24292444805525,Dera Ghazi Khan District,43.13192854181444,46.55183306871821,7,135.5992094105438,2.6093233158483224,736.8505867527724,1359.7435879053987,2022,"{""type"":""MultiPoint"",""coordinates"":[]}"
6_00010000000000001695,68.81312430984177,95.56239880466943,70.85312792137265,Faisalabad District,1.4123987737714367,0.43555538430079527,7,0.2321650018988579,17.919464384895914,66.00433263252033,50.70097402039477,2022,"{""type"":""MultiPoint"",""coordinates"":[]}"
6_00010000000000001696,37.06634162881722,61.13124867924946,25.087286773229053,Gujranwala District,12.355074493824413,2.2385437609518277,7,1.4324536263139225,10.1289066914469,152.42191848560586,630.453874585931,2022,"{""type"":""MultiPoint"",""coordinates"":[]}"
6_00010000000000001697,68.55999607502245,234.83483710719602,265.79021950062076,Gujrat District,14.361741023528955,71.89134517649518,7,13.09430962320344,3.422392277861489,122.96112723604355,133.1412853494031,2022,"{""type"":""MultiPoint"",""coordinates"":[]}"
6_00010000000000001698,135.70631818332362,51.05052481013186,9.503597629709425,Hafizabad District,5.277085295878351,0.6293005988184436,7,0.05071176402270794,1.1445328459399298,28.841549923716514,367.9692121402781,2022,"{""type"":""MultiPoint"",""coordinates"":[]}"
6_00010000000000001699,894.6688167935821,553.2028150903244,947.2797667039997,Jhang District,12.94428217932582,37.2567257059665,7,14.33884384732182,47.83138407837307,176.9659843514765,775.9692717860727,2022,"{""type"":""MultiPoint"",""coordinates"":[]}"
6_0001000000000000169a,285.9116475830804,293.5729620437777,126.39609701629435,Jhelum District,1.6565340611024522,9.29146361714777,7,82.286791707232,0.30096388328820467,119.00163216976925,65.24456807399424,2022,"{""type"":""MultiPoint"",""coordinates"":[]}"
6_0001000000000000169b,220.9045172406726,241.35498351069788,903.0750171172925,Kasur District,22.324871902167796,45.005064453005645,7,20.32243755399158,9.854085560325608,138.9846313750006,412.28934759715685,2022,"{""type"":""MultiPoint"",""coordinates"":[]}"
6_0001000000000000169c,332.4011330279576,271.0497367742928,693.4331525421427,Khanewal District,1.948074535083245,30.430320963920916,7,4.965453778751487,3.723052240951973,340.0044216718232,190.45816261530584,2022,"{""type"":""MultiPoint"",""coordinates"":[]}"
6_0001000000000000169d,1125.7128204527078,320.78135554892754,268.75613554888133,Khushab District,16.799988456158076,7.059313466765133,7,116.48217157480106,1.6206079376861453,101.56090029045646,169.02922571080498,2022,"{""type"":""MultiPoint"",""coordinates"":[]}"
6_0001000000000000169e,45.01543632142757,229.93295622138928,288.88037517046297,Lahore District,6.406453341530527,19.11886496763384,7,4.31730608548969,2.76622482936318,19.443371608404114,102.7179167274021,2022,"{""type"":""MultiPoint"",""coordinates"":[]}"
6_0001000000000000169f,2458.097511098662,486.7941684756319,720.4578829420549,Layyah District,17.924837322617133,66.85267016111197,7,30.121883014279103,1.3474050040521166,331.69615793773437,403.77905664183214,2022,"{""type"":""MultiPoint"",""coordinates"":[]}"
6_000100000000000016a0,387.44151514875244,183.00876794797824,902.3137876669749,Lodhran District,1.9445466749370097,43.900909543848215,7,9.393610233159773,13.296421886440001,177.87166958821246,36.81852807173615,2022,"{""type"":""MultiPoint"",""coordinates"":[]}"
6_000100000000000016a1,86.56263101250666,249.04525102265177,253.74101703757162,Mandi Bahauddin District,0.939630494153529,3.200252631989618,7,3.289747106462863,0.4477156383222809,48.0629934098608,185.2813866201423,2022,"{""type"":""MultiPoint"",""coordinates"":[]}"
6_000100000000000016a2,1194.9199970662012,217.6839621327744,667.2931221745068,Mianwali District,33.397096138316044,22.16763838693938,7,232.29138726907254,12.280683647037721,63.472744410313375,292.4470419783985,2022,"{""type"":""MultiPoint"",""coordinates"":[]}"
6_000100000000000016a3,765.0567404486897,589.8902339101642,1272.09888932492,Multan District,1.8027045037816554,57.839060145711485,7,3.903532263870333,0.1725344741716981,368.4052063978296,153.07954964872232,2022,"{""type"":""MultiPoint"",""coordinates"":[]}"
6_000100000000000016a4,2635.177674334163,876.8965612263584,1633.7925894799885,Muzaffargarh District,21.104950487909512,135.28927548561316,7,43.05209150167146,0.6720965085551143,1294.7685773782287,791.7782244596923,2022,"{""type"":""MultiPoint"",""coordinates"":[]}"
6_000100000000000016a5,9.013704103487088,4.0312590094684975,15.349813647308924,Narowal District,0.008413909003138542,0.4735700990347302,7,2.190943169181107,0.0,4.222873433832737,0.5560714003246496,2022,"{""type"":""MultiPoint"",""coordinates"":[]}"
6_000100000000000016a6,361.9760290829428,183.91266665445897,352.4716036437079,Okara District,4.0940999429125124,14.23681835264479,7,9.352500639614814,4.040273707889605,63.29144270857614,228.92375654580036,2022,"{""type"":""MultiPoint"",""coordinates"":[]}"
6_000100000000000016a7,103.88478911464631,37.35224758243809,71.18886107716563,Pakpattan District,0.22661158811739263,3.624984840285398,7,0.33358093165226427,0.8332539825535872,17.480937142283015,22.078646650578023,2022,"{""type"":""MultiPoint"",""coordinates"":[]}"
6_000100000000000016a8,5909.531351109122,962.6768269737632,3343.065874406253,Rahim Yar Khan District,19.868166101866347,58.855248838166396,7,18.526500364677872,0.8764481619000435,1601.438574926935,471.41991781129644,2022,"{""type"":""MultiPoint"",""coordinates"":[]}"
6_000100000000000016a9,5485.958116568658,255.1186844880309,652.8855282051452,Rajanpur District,6.930118753224173,34.73022337802777,7,33.19001500872054,0.7026893021538854,1380.7046304587602,781.1173467461676,2022,"{""type"":""MultiPoint"",""coordinates"":[]}"
6_000100000000000016aa,209.21718461443032,382.21090832609394,278.9221878097556,Rawalpindi District,1.4131651074789904,18.966408930006715,7,100.04382731636584,0.5718967010175773,219.8407637719211,36.00545419173352,2022,"{""type"":""MultiPoint"",""coordinates"":[]}"
6_000100000000000016ab,283.84423403653733,131.23511979211048,142.04354285543383,Sahiwal District,0.4029058627784252,1.7723351844495125,7,1.2256842218668145,0.3707194846671294,47.753820690614916,46.89924779782692,2022,"{""type"":""MultiPoint"",""coordinates"":[]}"
6_000100000000000016ac,145.66313606720126,240.62350914399414,370.9329142989115,Sargodha District,4.29389221904909,4.3983604657883735,7,3.8997950776425356,3.294634369201958,54.931649852876426,147.06597952316426,2022,"{""type"":""MultiPoint"",""coordinates"":[]}"
6_000100000000000016ad,76.57859167232013,41.348986795256096,29.949414257003987,Sheikhupura District,10.805791889737343,3.3699198028949255,7,0.3494284553453326,9.417220414667298,46.36611596029982,317.65932902384407,2022,"{""type"":""MultiPoint"",""coordinates"":[]}"
6_000100000000000016ae,13.404878347147914,24.86171266062952,41.66463924847617,Sialkot District,0.5887638881802559,2.4102510371482846,7,1.2467495642675488,1.0679962924407684,10.110584635933971,29.459751536963765,2022,"{""type"":""MultiPoint"",""coordinates"":[]}"
6_000100000000000016af,108.25032147209653,99.25939969265214,87.68092294546464,Toba Tek Singh District,1.2257029013708234,2.003405686369275,7,1.059522008716914,0.2514983838752789,37.30653620743941,85.4501385870554,2022,"{""type"":""MultiPoint"",""coordinates"":[]}"
6_000100000000000016b0,205.3164771638409,157.09759005322397,467.95244203763934,Vehari District,0.4145698044449091,15.075879411574672,7,9.933446971608289,2.9803791402638256,174.67143673548367,29.487196019193266,2022,"{""type"":""MultiPoint"",""coordinates"":[]}"
7_0001000000000000168f,745.5649642301834,817.5851872167129,2954.9067174054903,Attock District,2.9330941786514777,61.675536716765926,8,877.609612862638,0.22361416183412075,1150.737334227299,193.83532960239214,2022,"{""type"":""MultiPoint"",""coordinates"":[]}"
7_00010000000000001690,459.18635426578936,256.33286157311034,1835.278979336131,Bahawalnagar District,24.175569991858715,61.773821325161876,8,18.75798070077584,2.7337278834014547,215.57522362123663,164.9013907312653,2022,"{""type"":""MultiPoint"",""coordinates"":[]}"
7_00010000000000001691,10117.0864353613,332.31142185461863,3333.1249615394163,Bahawalpur District,4.962209150633392,43.05661924426243,8,170.80022041535773,11.202521899926897,450.73681796665,82.33484323566378,2022,"{""type"":""MultiPoint"",""coordinates"":[]}"
7_00010000000000001692,4541.376247016854,680.7693651484946,2095.8954094511882,Bhakkar District,9.193519881371335,64.82365015580811,8,268.3614561885668,16.147668412612642,587.2306422648002,185.1730764160298,2022,"{""type"":""MultiPoint"",""coordinates"":[]}"
7_00010000000000001693,457.1025137336887,582.9201969587591,2614.1245176791817,Chakwal District,1.4407056555553686,122.05494013451697,8,663.5970312296906,1.5751136003135173,1299.9783035789271,95.26249149026093,2022,"{""type"":""MultiPoint"",""coordinates"":[]}"
7_00010000000000001694,3867.134700385075,456.64897514070725,1636.893179135627,Dera Ghazi Khan District,128.1499435499676,258.2123336839033,8,2141.253505897931,1.7222039242548979,863.7744392925948,1022.2146808288152,2022,"{""type"":""MultiPoint"",""coordinates"":[]}"
7_00010000000000001695,305.5631313421562,854.4572012452809,1362.3902981979188,Faisalabad District,2.774951972644411,4.643091943556918,8,13.37200064082064,1.4231911143288016,231.38856759878496,95.0440215710514,2022,"{""type"":""MultiPoint"",""coordinates"":[]}"
7_00010000000000001696,13.141571568715952,431.0908808810819,2575.100405120196,Gujranwala District,6.272383206374213,29.092726060675048,8,2.999609231996331,0.00846267119050026,47.70848734995313,513.916032984042,2022,"{""type"":""MultiPoint"",""coordinates"":[]}"
7_00010000000000001697,28.649762559101426,480.62453261329335,1957.8005707067562,Gujrat District,19.96029789798765,68.92557406664697,8,13.078133841852345,0.008398566395044327,407.76945140686826,189.71546562345446,2022,"{""type"":""MultiPoint"",""coordinates"":[]}"
7_00010000000000001698,18.42878027212094,176.43459922516828,1810.9524763706268,Hafizabad District,1.8071674767041617,4.573608392937219,8,1.4720389150850035,0.20320850890129805,29.63634309898331,174.70591375743786,2022,"{""type"":""MultiPoint"",""coordinates"":[]}"
7_00010000000000001699,1097.9401481718849,1623.4333024619366,4058.793443270159,Jhang District,27.36700016793375,23.628452875256976,8,15.814515371317517,2.018135616679986,315.6391139110295,722.1257080229692,2022,"{""type"":""MultiPoint"",""coordinates"":[]}"
7_0001000000000000169a,185.617603048401,441.1970815408537,1384.5461204546339,Jhelum District,29.061029787953288,67.77166199626437,8,200.46625119775314,0.03351705148816109,1131.6785040380214,125.79681895987733,2022,"{""type"":""MultiPoint"",""coordinates"":[]}"
7_0001000000000000169b,114.90123351917183,486.1789177256618,2958.125013521869,Kasur District,4.596359855290868,23.11435575663094,8,16.033403124868432,0.6249720091000199,142.40916713133237,175.77624161732837,2022,"{""type"":""MultiPoint"",""coordinates"":[]}"
7_0001000000000000169c,60.52541409079716,372.39996573335543,816.8932006638385,Khanewal District,6.303638754828888,5.686891314781764,8,3.712459118554697,2.522787808119228,258.1142577144993,190.2646650750811,2022,"{""type"":""MultiPoint"",""coordinates"":[]}"
7_0001000000000000169d,2396.0364595990113,536.0614411162139,1861.3420409129092,Khushab District,17.983778356369953,95.91565803770048,8,304.0367253724887,3.724670723621167,681.9106846619837,119.09521480663953,2022,"{""type"":""MultiPoint"",""coordinates"":[]}"
7_0001000000000000169e,33.468543414154325,719.9427735694414,798.9348678957596,Lahore District,2.1450303578091896,11.189592598685447,8,3.9804661235169454,0.0,61.86264299381452,96.48836262974083,2022,"{""type"":""MultiPoint"",""coordinates"":[]}"
7_0001000000000000169f,1769.103246047155,859.0777892089577,1698.459556857244,Layyah District,63.60751188807919,26.667417632174843,8,164.17172609274004,15.331799286925325,662.5176510720022,708.0236070555688,2022,"{""type"":""MultiPoint"",""coordinates"":[]}"
7_000100000000000016a0,53.717229174526736,115.75740236664444,245.9836445948292,Lodhran District,0.2112139753449489,7.571945991389015,8,1.0242269731400644,1.4339425645659074,142.72576559605992,8.888107198725143,2022,"{""type"":""MultiPoint"",""coordinates"":[]}"
7_000100000000000016a1,28.112666958172387,302.91795807182064,2066.185622452956,Mandi Bahauddin District,8.40083796797576,23.148156048043393,8,4.713323119355767,0.025253325700759888,83.37176268655881,236.31662425926942,2022,"{""type"":""MultiPoint"",""coordinates"":[]}"
7_000100000000000016a2,1003.6726120740246,527.2750044833322,1967.85585898925,Mianwali District,90.41452512619469,114.58068939701965,8,706.9018431189744,5.2082138024270535,813.6898585884265,543.1059724325644,2022,"{""type"":""MultiPoint"",""coordinates"":[]}"
7_000100000000000016a3,297.67942707669727,828.8325150712266,1076.957551932408,Multan District,13.160765936568964,15.089285383227407,8,7.178355342566091,7.236857769546994,681.3900929810734,236.92100076992432,2022,"{""type"":""MultiPoint"",""coordinates"":[]}"
7_000100000000000016a4,1206.5043369929874,1225.519752514366,2233.939211227383,Muzaffargarh District,61.572229360190086,55.904966087730635,8,242.92471195664626,7.309572412486316,1398.6037708472425,1083.9312020634393,2022,"{""type"":""MultiPoint"",""coordinates"":[]}"
7_000100000000000016a5,23.79026837233892,179.5206922140922,1712.1106558073784,Narowal District,17.030736953312275,117.77201466425595,8,9.380799445382083,0.2533263936638832,40.0974179062554,248.56139131409353,2022,"{""type"":""MultiPoint"",""coordinates"":[]}"
7_000100000000000016a6,248.68549253538467,404.69229430088075,2791.8129418004187,Okara District,1.4199048735822242,12.418148124999568,8,15.049334852569098,1.3714231922126867,75.22002491102207,215.73608071775558,2022,"{""type"":""MultiPoint"",""coordinates"":[]}"
7_000100000000000016a7,148.33163667488844,177.32911493738055,977.0187591773952,Pakpattan District,1.6589718334668992,9.803647139080452,8,11.447341141477228,0.6427775155752897,49.03952811064893,111.54660500788734,2022,"{""type"":""MultiPoint"",""coordinates"":[]}"
7_000100000000000016a8,4312.115281715752,1011.6721450786965,4591.944299114818,Rahim Yar Khan District,96.8175639644521,108.87000391521292,8,63.88473418511669,2.167034917364956,1605.334536713062,646.9111360665155,2022,"{""type"":""MultiPoint"",""coordinates"":[]}"
7_000100000000000016a9,5631.092218978704,269.2534377449868,1209.4981406894458,Rajanpur District,176.75019856829047,276.56256908116967,8,1070.5442668817864,2.4733087247858445,909.1512429961167,1342.450763111277,2022,"{""type"":""MultiPoint"",""coordinates"":[]}"
7_000100000000000016aa,157.90309535057153,1025.7944807234455,1615.993648112346,Rawalpindi District,0.34156445506960154,91.29012930006448,8,72.50819300381721,6.507689406237035,1437.478485108828,80.0256887871078,2022,"{""type"":""MultiPoint"",""coordinates"":[]}"
7_000100000000000016ab,90.43721901851835,127.69647537250728,378.0378174332536,Sahiwal District,1.1975573782790816,3.241116865541713,8,2.9752640651977234,5.200943766939728,49.44905799446518,35.16070368310035,2022,"{""type"":""MultiPoint"",""coordinates"":[]}"
7_000100000000000016ac,232.9553967961055,1091.324919228117,3780.477362696469,Sargodha District,8.057000545127426,13.261913433532213,8,26.553295006139166,0.016924613155424595,260.9980150580333,228.40212562488136,2022,"{""type"":""MultiPoint"",""coordinates"":[]}"
7_000100000000000016ad,69.89965143081021,599.543928888944,3994.3049684687644,Sheikhupura District,11.054446994542491,47.3712146309588,8,3.73104632002685,0.12739054020494223,105.3084169172627,679.8462242741466,2022,"{""type"":""MultiPoint"",""coordinates"":[]}"
7_000100000000000016ae,10.934081966145076,387.7946505042305,1918.9119708806747,Sialkot District,17.072427375161766,108.75012540334069,8,5.547360162455224,0.05900648236274719,61.61420151335643,528.6307019614121,2022,"{""type"":""MultiPoint"",""coordinates"":[]}"
7_000100000000000016af,105.68082989581,230.64935405629447,405.901325394363,Toba Tek Singh District,2.356946245007509,2.2790360680324775,8,2.0131576390425656,9.598511113584333,73.30749897467082,38.17171354697032,2022,"{""type"":""MultiPoint"",""coordinates"":[]}"
7_000100000000000016b0,70.79666908532016,40.49170361114848,89.380726527167,Vehari District,0.17248409800231457,2.7595977780463943,8,1.5061318611726164,5.317232362611913,19.574488863604618,8.744977973675464,2022,"{""type"":""MultiPoint"",""coordinates"":[]}"
8_0001000000000000168f,488.56873289116606,2620.9638877524503,1804.2090555808854,Attock District,3.043004325696943,6.168888516486714,9,354.5408494046871,0.0,1355.4433212541553,171.4776559202658,2022,"{""type"":""MultiPoint"",""coordinates"":[]}"
8_00010000000000001690,2329.062445415666,943.7113198807647,3751.936431283421,Bahawalnagar District,29.573467194993853,14.511055389773466,9,172.91061596225802,0.0,1263.4676247952727,71.85186902464677,2022,"{""type"":""MultiPoint"",""coordinates"":[]}"
8_00010000000000001691,13279.92806575881,1390.6195525839562,6557.0638169322265,Bahawalpur District,4.210878635811455,11.623751857292419,9,1250.7644788446048,0.0,1384.1145300159415,89.43114196874347,2022,"{""type"":""MultiPoint"",""coordinates"":[]}"
8_00010000000000001692,4560.2297231829125,2232.488028983915,1238.4597699284043,Bhakkar District,7.703178709007653,1.520830781630003,9,65.24122275663358,0.008525178767740726,379.5298488267533,103.01378012311591,2022,"{""type"":""MultiPoint"",""coordinates"":[]}"
8_00010000000000001693,282.1098398139189,1780.216938774843,2235.5859860476367,Chakwal District,1.3435519592398228,9.94044927130362,9,292.7574049635078,1.564473683014512,1885.8035702746984,90.95305634480627,2022,"{""type"":""MultiPoint"",""coordinates"":[]}"
8_00010000000000001694,3773.1678136223813,1037.281237282206,2429.4998602321953,Dera Ghazi Khan District,61.00977599546678,149.17114873443745,9,2974.8847152665003,0.0,918.6887232559606,449.47221829440525,2022,"{""type"":""MultiPoint"",""coordinates"":[]}"
8_00010000000000001695,163.29221067576864,2479.077183797703,2789.361475222452,Faisalabad District,3.773049019061613,1.6029834075520437,9,9.627963017854912,0.0,412.7396424994932,87.95220414381109,2022,"{""type"":""MultiPoint"",""coordinates"":[]}"
8_00010000000000001696,18.355105746504574,542.6769806609873,2848.892384669447,Gujranwala District,2.186088960380385,4.337268461250499,9,5.888432529320319,0.0,55.847420226782575,141.290185771762,2022,"{""type"":""MultiPoint"",""coordinates"":[]}"
8_00010000000000001697,30.464632074231762,617.2659909538523,1856.566877367665,Gujrat District,13.477554464979352,9.52507352722334,9,20.89843284645501,0.0,510.17724438232227,108.64346635052021,2022,"{""type"":""MultiPoint"",""coordinates"":[]}"
8_00010000000000001698,22.846916826876505,253.19173942915364,1890.6507322419359,Hafizabad District,0.13713409353924147,1.1644158875569701,9,1.4777045545186485,0.0,24.100631875208784,83.78890041317057,2022,"{""type"":""MultiPoint"",""coordinates"":[]}"
8_00010000000000001699,1180.6747185965378,2626.6431458030775,4277.177782304189,Jhang District,8.285651894684369,4.239609330720907,9,21.514523507329617,0.0,511.4483542767115,317.2744664324192,2022,"{""type"":""MultiPoint"",""coordinates"":[]}"
8_0001000000000000169a,180.6745964005553,700.1992998139422,1165.2403208348205,Jhelum District,19.280230354839095,13.158166779924695,9,115.40832112666732,0.0,1304.0736207381765,118.03460048862603,2022,"{""type"":""MultiPoint"",""coordinates"":[]}"
8_0001000000000000169b,98.20190122806486,1027.658310035733,2472.7728191695237,Kasur District,1.3480971727155002,4.14272416862933,9,17.836205440036515,0.06826677359640598,270.5151308402711,82.57721565342051,2022,"{""type"":""MultiPoint"",""coordinates"":[]}"
8_0001000000000000169c,108.89076937278915,1244.0921400944976,2085.8953848039764,Khanewal District,4.855070850154495,5.449666714942193,9,13.910069155174437,0.03441364970058203,745.4650504747442,147.19112483141762,2022,"{""type"":""MultiPoint"",""coordinates"":[]}"
8_0001000000000000169d,2072.2766436612415,1484.3505185524734,1579.4715575509797,Khushab District,9.871469583347732,6.042246422591601,9,166.90260004694483,0.050511651672422886,1149.574748601852,96.2988889918133,2022,"{""type"":""MultiPoint"",""coordinates"":[]}"
8_0001000000000000169e,42.896938465155806,800.7075908094976,536.5349577618068,Lahore District,1.627085271996318,6.785891819014853,9,5.483355065720046,0.5353995878249407,175.55945157350646,47.192982010258476,2022,"{""type"":""MultiPoint"",""coordinates"":[]}"
8_0001000000000000169f,2061.9089718779,2093.5667297473356,1340.5052623570878,Layyah District,39.817908864902954,3.37665939502345,9,256.6811574283585,0.0,262.0891959981555,290.36057820859196,2022,"{""type"":""MultiPoint"",""coordinates"":[]}"
8_000100000000000016a0,65.69803018685722,648.8417585879309,1635.6609649360907,Lodhran District,0.03472013305872679,5.614406343735755,9,13.419662072538745,0.0,291.3485462742292,6.43091914748006,2022,"{""type"":""MultiPoint"",""coordinates"":[]}"
8_000100000000000016a1,30.19638696669729,494.15905634812,1984.069621623472,Mandi Bahauddin District,0.8656454354670703,4.910419473822649,9,5.903491170138267,0.0,101.14058517923615,134.57235954500663,2022,"{""type"":""MultiPoint"",""coordinates"":[]}"
8_000100000000000016a2,1065.3056220470764,1650.2246073739607,1174.1949058145979,Mianwali District,142.78228979458777,11.265937767641656,9,452.0963004717495,0.10889854654669762,984.5913095930883,431.51070150278287,2022,"{""type"":""MultiPoint"",""coordinates"":[]}"
8_000100000000000016a3,217.1676241522253,1245.1800539555904,1681.954180039695,Multan District,4.918847320827783,1.6729794250143801,9,7.364141200135882,0.0,382.6364101890292,107.22594952740359,2022,"{""type"":""MultiPoint"",""coordinates"":[]}"
8_000100000000000016a4,1313.781958893369,2637.0373593171184,2061.288946076504,Muzaffargarh District,54.01031338501649,26.542581272004718,9,227.45842791288067,0.0,746.4740130588301,621.4389637600011,2022,"{""type"":""MultiPoint"",""coordinates"":[]}"
8_000100000000000016a5,15.519637556231634,397.60560968636946,1017.8134051561287,Narowal District,0.7497491127099185,1.6078980256712025,9,4.009492660474543,0.025345275178551674,881.9044545089132,57.8239129002699,2022,"{""type"":""MultiPoint"",""coordinates"":[]}"
8_000100000000000016a6,147.2817398537973,626.8489284958179,3537.9242839820276,Okara District,1.4180552270263433,1.76988063300138,9,9.313434713132972,0.0,46.33955104107803,66.68378254279276,2022,"{""type"":""MultiPoint"",""coordinates"":[]}"
8_000100000000000016a7,96.56825017459032,446.92379195691615,2281.727135972588,Pakpattan District,0.22396464180201292,0.24952536262571812,9,4.141310709444623,0.0,11.462156015809843,42.76655112579465,2022,"{""type"":""MultiPoint"",""coordinates"":[]}"
8_000100000000000016a8,3662.439504134209,1580.8680179752266,5950.519018772527,Rahim Yar Khan District,51.2318014288321,32.67882357272593,9,109.54236082436115,0.0,1066.9725175638262,321.7624102733189,2022,"{""type"":""MultiPoint"",""coordinates"":[]}"
8_000100000000000016a9,6799.270661690242,609.5966587120666,2127.3870038030527,Rajanpur District,84.13817200445587,79.4118832497693,9,1420.1813825924862,0.0,679.412791186772,535.649070057693,2022,"{""type"":""MultiPoint"",""coordinates"":[]}"
8_000100000000000016aa,66.5327362063213,1476.6571498993417,1311.4559435192384,Rawalpindi District,0.6416504122316837,25.478259542463896,9,79.91067156509368,0.0579585675150156,2179.6789210109187,79.06882990878074,2022,"{""type"":""MultiPoint"",""coordinates"":[]}"
8_000100000000000016ab,108.19872621481178,895.7879704624667,2014.005237419688,Sahiwal District,0.642773211258007,0.5205707666591979,9,3.951756310404516,0.0,171.82200283541476,33.543311833677926,2022,"{""type"":""MultiPoint"",""coordinates"":[]}"
8_000100000000000016ac,133.38630330200286,2280.005511961965,2703.2463530015452,Sargodha District,5.40444250125438,1.172557913698256,9,7.265805873373413,0.0,481.7497763822111,159.148735996869,2022,"{""type"":""MultiPoint"",""coordinates"":[]}"
8_000100000000000016ad,52.32150851797824,1090.891413290284,3971.2306125373775,Sheikhupura District,5.175987635574797,2.0104897639951576,9,6.1886415779371475,0.08473441004753113,518.7355649358211,173.63053740133694,2022,"{""type"":""MultiPoint"",""coordinates"":[]}"
8_000100000000000016ae,19.604117623121283,488.5283037845666,2099.0392682452193,Sialkot District,5.537065424583852,7.549645650357591,9,6.453132961011107,0.0,342.082574266513,97.01537944686544,2022,"{""type"":""MultiPoint"",""coordinates"":[]}"
8_000100000000000016af,108.83648165755852,842.5295765523672,1745.979462777111,Toba Tek Singh District,1.2534317011999732,0.44080623673530767,9,6.3880361228779545,0.0,328.29866251752657,47.76705407464839,2022,"{""type"":""MultiPoint"",""coordinates"":[]}"
8_000100000000000016b0,108.93694084862284,1159.9674345737506,2991.1010103475587,Vehari District,0.5068314747665734,2.4809492118620113,9,5.527976228716765,0.0,196.13916612601676,33.97972245847112,2022,"{""type"":""MultiPoint"",""coordinates"":[]}"
9_0001000000000000168f,191.11781230708766,1290.026581943488,3500.2195188847895,Attock District,3.6313156894389906,2.9596038203649955,10,757.9991193197959,0.0,929.6333936250567,129.55941195250216,2022,"{""type"":""MultiPoint"",""coordinates"":[]}"
9_00010000000000001690,2206.787954462798,675.215815086093,5014.676039904456,Bahawalnagar District,13.676444680824439,5.086519569856133,10,239.12330667017866,0.0,364.8519073662257,57.606841206364344,2022,"{""type"":""MultiPoint"",""coordinates"":[]}"
9_00010000000000001691,12906.767165585688,1161.0767862171117,8335.655621083219,Bahawalpur District,3.1042978486082715,3.1724102327819255,10,1071.7928360424353,0.0,421.6403436371071,64.54675595043773,2022,"{""type"":""MultiPoint"",""coordinates"":[]}"
9_00010000000000001692,3960.865311416132,2222.1184005646032,1964.2692139854287,Bhakkar District,1.0230947406962514,0.01688019558787346,10,82.10599790620525,0.0,284.3286724205768,73.46733724190763,2022,"{""type"":""MultiPoint"",""coordinates"":[]}"
9_00010000000000001693,134.12184094404256,1270.072006622819,3124.1215486609576,Chakwal District,2.3766343323513865,1.727149299130428,10,630.8969383824325,0.0,1373.0502437614375,74.57508658599474,2022,"{""type"":""MultiPoint"",""coordinates"":[]}"
9_00010000000000001694,3239.1621821840567,1220.8908698683238,3638.1326868036026,Dera Ghazi Khan District,39.92264810802744,17.829356093890965,10,2714.5164982587175,0.0,620.0728427339966,302.6484086329373,2022,"{""type"":""MultiPoint"",""coordinates"":[]}"
9_00010000000000001695,116.21482825770097,1461.118228841653,4163.14772463076,Faisalabad District,0.27870370146325407,0.2304531130939722,10,13.69630580385234,0.016971616074442863,137.90136065746424,54.82213516163402,2022,"{""type"":""MultiPoint"",""coordinates"":[]}"
9_00010000000000001696,37.07626390112382,476.86742668267266,2944.905133616084,Gujranwala District,2.4541079821284204,3.2290057686760143,10,4.051201731193007,0.0,32.56209862171215,118.32862872284488,2022,"{""type"":""MultiPoint"",""coordinates"":[]}"
9_00010000000000001697,46.942418988958444,616.519561779992,1938.0253514365456,Gujrat District,3.0355139469800916,2.148415967811118,10,36.46003396631237,0.0,443.072238825835,80.81573705481476,2022,"{""type"":""MultiPoint"",""coordinates"":[]}"
9_00010000000000001698,34.89779215239938,186.9498309591018,1952.8132760855933,Hafizabad District,0.40482194410527456,1.1909816497754233,10,1.9843448021248276,0.0,24.70143911800548,74.41568861085482,2022,"{""type"":""MultiPoint"",""coordinates"":[]}"
9_00010000000000001699,1173.2100289192856,1838.4565905856334,5338.573721200994,Jhang District,2.5389550663530827,2.350233311764896,10,42.66085362986241,0.0,337.3618546297117,212.1060148020658,2022,"{""type"":""MultiPoint"",""coordinates"":[]}"
9_0001000000000000169a,117.58413475130264,561.3126262170756,1421.6361072448285,Jhelum District,7.270358265644195,2.72673365684847,10,313.1161517799886,0.0,1065.8775568377516,126.5454877841122,2022,"{""type"":""MultiPoint"",""coordinates"":[]}"
9_0001000000000000169b,80.85749039924977,583.3589366181699,3125.319622990375,Kasur District,2.5425496456487213,1.0155374594032764,10,22.431952478747597,0.0,116.6756462795733,55.923173032916495,2022,"{""type"":""MultiPoint"",""coordinates"":[]}"
9_0001000000000000169c,100.69752626927095,823.9619412848106,3208.643228924147,Khanewal District,0.08574869204312563,0.2579674804583192,10,17.069537672955615,0.0,94.22450054985853,110.84323907385344,2022,"{""type"":""MultiPoint"",""coordinates"":[]}"
9_0001000000000000169d,1626.2792693134943,869.9983337760557,2890.9603409188667,Khushab District,2.7220592095680973,2.295405003041321,10,312.4022939013719,0.0,802.0049912868616,92.81349176727967,2022,"{""type"":""MultiPoint"",""coordinates"":[]}"
9_0001000000000000169e,31.67756458004097,799.8065211271688,831.2195262709595,Lahore District,0.3616266399731531,1.2588052134705232,10,5.800568793962399,0.0,33.53870052918427,24.348966428162715,2022,"{""type"":""MultiPoint"",""coordinates"":[]}"
9_0001000000000000169f,1965.9845660156043,2088.1029089498093,1612.273014191801,Layyah District,9.38426943998784,0.19642601814121008,10,293.70563639198593,0.0,180.3376153594942,198.32202751053242,2022,"{""type"":""MultiPoint"",""coordinates"":[]}"
9_000100000000000016a0,61.08575873011905,528.8427835488948,2024.4671751892631,Lodhran District,0.008667673915624619,0.4935538852587342,10,6.26073050412039,0.0,41.747737012639206,4.142601137710553,2022,"{""type"":""MultiPoint"",""coordinates"":[]}"
9_000100000000000016a1,39.21134107498195,471.26975856313084,1987.4025005497588,Mandi Bahauddin District,2.9280428986594664,2.6951604325543435,10,7.694913451180009,0.0,120.47026887623701,124.1455798954575,2022,"{""type"":""MultiPoint"",""coordinates"":[]}"
9_000100000000000016a2,1001.8168892444861,1208.3734269295107,2301.863113714272,Mianwali District,84.29303913560204,2.988420612178743,10,605.9072521935126,0.041794284246861935,499.3656505529458,286.50827572729224,2022,"{""type"":""MultiPoint"",""coordinates"":[]}"
9_000100000000000016a3,174.66877922291195,1001.3529467537999,2237.1726405565614,Multan District,0.4754538256675005,0.542496700771153,10,6.580591359398528,0.0,152.2611069169553,75.06617047385694,2022,"{""type"":""MultiPoint"",""coordinates"":[]}"
9_000100000000000016a4,1325.2909085525491,2519.9535770679217,2647.6073630625056,Muzaffargarh District,20.6173672890035,11.609984314386898,10,221.56736539584747,0.0,480.46800227511824,460.9179957183917,2022,"{""type"":""MultiPoint"",""coordinates"":[]}"
9_000100000000000016a5,39.470310906039586,241.58843961339082,1954.5299683832063,Narowal District,3.268487902460437,11.083638603864786,10,5.308283379553433,0.0,92.30428143994628,31.2669637411358,2022,"{""type"":""MultiPoint"",""coordinates"":[]}"
9_000100000000000016a6,141.1637038074543,508.1093752485645,3698.219707853003,Okara District,0.6598200864359445,0.2088574889499475,10,15.473551823282797,0.0,27.202734679885793,46.54190550109774,2022,"{""type"":""MultiPoint"",""coordinates"":[]}"
9_000100000000000016a7,78.93918076357346,452.12300708604363,2313.6996792317395,Pakpattan District,0.017232944257557392,0.02582490909844637,10,3.005722140922558,0.0,6.4848224953328275,29.767216388603636,2022,"{""type"":""MultiPoint"",""coordinates"":[]}"
9_000100000000000016a8,3658.0283674012185,1564.6113194597083,6755.202736227375,Rahim Yar Khan District,27.959212299458244,6.159196015301289,10,142.88760325653004,0.0,399.7807246167906,221.3852952686449,2022,"{""type"":""MultiPoint"",""coordinates"":[]}"
9_000100000000000016a9,6205.217472133481,606.9550409260846,3485.0847849623574,Rajanpur District,25.29964841791958,10.33042681191628,10,1420.7862218212956,0.0,323.137807194023,258.2362210294597,2022,"{""type"":""MultiPoint"",""coordinates"":[]}"
9_000100000000000016aa,54.987865237559305,1276.2563002973795,1668.5772727487793,Rawalpindi District,0.49143167957663536,10.046230477010647,10,182.93916447164455,0.0,1968.6617142577202,62.70838137906701,2022,"{""type"":""MultiPoint"",""coordinates"":[]}"
9_000100000000000016ab,70.90255382488317,679.3659559205906,2390.6268736288503,Sahiwal District,0.0473980504106365,0.05148567631840706,10,5.763057540977995,0.0,60.81140322849957,20.90362118385075,2022,"{""type"":""MultiPoint"",""coordinates"":[]}"
9_000100000000000016ac,111.4072303130748,1153.4583479457333,4146.822598159233,Sargodha District,4.199373761794584,1.0531123373657465,10,12.82756715707627,0.0,214.13998186185808,127.47127539678385,2022,"{""type"":""MultiPoint"",""coordinates"":[]}"
9_000100000000000016ad,69.31124924140452,616.7691910115856,4916.309591604619,Sheikhupura District,1.9278143953422413,8.323307251488316,10,9.013960775437162,0.0,88.7787737370852,111.89225161814807,2022,"{""type"":""MultiPoint"",""coordinates"":[]}"
9_000100000000000016ae,28.970668237050084,477.16743110137463,2415.185778733128,Sialkot District,6.1622516117880455,10.682722841290866,10,5.713789080850341,0.0,60.852230384781514,61.07461541197536,2022,"{""type"":""MultiPoint"",""coordinates"":[]}"
9_000100000000000016af,67.74506152841609,615.1653948719193,2291.6487562886678,Toba Tek Singh District,0.09200968792041142,0.15437677036970854,10,13.872437840886414,0.0,68.3090741580827,24.506400493762506,2022,"{""type"":""MultiPoint"",""coordinates"":[]}"
9_000100000000000016b0,62.73747564599502,960.137342888964,3411.877208826439,Vehari District,0.5352913259619884,0.4969166035672613,10,8.389069036646362,0.0,28.876783059562975,25.58994388262942,2022,"{""type"":""MultiPoint"",""coordinates"":[]}"
10_0001000000000000168f,191.55101431732012,1055.1083394523016,3273.106298678021,Attock District,19.28214018672851,6.877921342919125,11,1175.4617618936206,0.058181557804346085,945.7833235321348,137.91777658167425,2022,"{""type"":""MultiPoint"",""coordinates"":[]}"
10_00010000000000001690,2511.154045574195,750.5505690560293,4967.364559575872,Bahawalnagar District,28.297450242125812,0.9327726243063807,11,152.11501263750387,0.0,85.88241033444146,80.72800890232126,2022,"{""type"":""MultiPoint"",""coordinates"":[]}"
10_00010000000000001691,14275.733067806628,1359.2514769464767,6846.582463797914,Bahawalpur District,1.937907461913339,0.38236803747713566,11,954.9780721950802,0.043496301397681236,456.15453614489184,72.69282790560494,2022,"{""type"":""MultiPoint"",""coordinates"":[]}"
10_00010000000000001692,3922.3514422484836,1172.3108427245938,2915.1756365969995,Bhakkar District,0.786630150248461,1.2120877739042044,11,133.39928116453265,0.07629554718732834,371.98115015227495,70.90154211291421,2022,"{""type"":""MultiPoint"",""coordinates"":[]}"
10_00010000000000001693,88.92195607142193,894.280440935529,3185.445143925508,Chakwal District,8.59404960466074,5.003708900251955,11,953.5455097019891,0.00838978961110115,1395.7480861650158,79.39416349517805,2022,"{""type"":""MultiPoint"",""coordinates"":[]}"
10_00010000000000001694,2689.4852593861924,988.4000597980274,3988.1988362083803,Dera Ghazi Khan District,86.79240238395536,4.67075279241099,11,3040.117837919291,0.12032990902662277,629.2360366372246,366.1539776490453,2022,"{""type"":""MultiPoint"",""coordinates"":[]}"
10_00010000000000001695,125.11373393356288,1255.9613780321408,4250.913939116944,Faisalabad District,2.2338573115676934,0.25572197139263153,11,20.823216881047863,0.008485767990350723,231.89163333477052,60.22474543428158,2022,"{""type"":""MultiPoint"",""coordinates"":[]}"
10_00010000000000001696,130.12918401795494,406.6255262958506,2907.4549125313943,Gujranwala District,4.675015445553935,2.4419877448867933,11,10.889007189333,0.008443239144980907,41.33684409703037,115.9129464652864,2022,"{""type"":""MultiPoint"",""coordinates"":[]}"
10_00010000000000001697,48.28709207795123,518.4879138809938,2067.2147921717196,Gujrat District,5.5802751594497,5.42667357590707,11,51.574727657382546,0.0,394.759467793424,75.68832965042151,2022,"{""type"":""MultiPoint"",""coordinates"":[]}"
10_00010000000000001698,172.9627943501424,169.78374437072918,1786.1774435722248,Hafizabad District,1.179502915463173,0.2110856743529439,11,24.81677722916299,0.0,47.922879256315376,74.30394795356938,2022,"{""type"":""MultiPoint"",""coordinates"":[]}"
10_00010000000000001699,1221.4134258155696,1305.7845822009494,5581.030664204539,Jhang District,2.151920273889075,1.415603301487863,11,58.67355280276023,0.017107426188886166,606.9102666812053,169.8611294390816,2022,"{""type"":""MultiPoint"",""coordinates"":[]}"
10_0001000000000000169a,88.8190696845196,402.8598885095587,1387.5767027148063,Jhelum District,7.861733118572509,6.000503509301765,11,630.8138187723564,0.0,967.6614514044392,124.47598882399717,2022,"{""type"":""MultiPoint"",""coordinates"":[]}"
10_0001000000000000169b,108.11730680885343,495.7461093183789,3059.5214264324595,Kasur District,2.5070214971936506,0.5595319453298169,11,33.651298997894514,0.025608673691749573,233.9476462306126,54.0489589996709,2022,"{""type"":""MultiPoint"",""coordinates"":[]}"
10_0001000000000000169c,158.3515926988613,628.4344453714752,3258.251526108264,Khanewal District,0.43706618827566796,0.49901622626930475,11,15.472411346486679,0.008602236397564411,181.33177629763298,112.9972534737349,2022,"{""type"":""MultiPoint"",""coordinates"":[]}"
10_0001000000000000169d,1742.3123329862801,588.5577357607655,2644.7052844318105,Khushab District,4.40096698539222,8.58458772780118,11,569.8459849062066,0.0420733904466033,958.6605925312374,82.36662645659902,2022,"{""type"":""MultiPoint"",""coordinates"":[]}"
10_0001000000000000169e,61.31217126230545,682.9925152027251,880.6241401907422,Lahore District,0.3368970707752833,1.4461099062187999,11,11.11796977794638,0.0,63.45455247456318,26.727923697645906,2022,"{""type"":""MultiPoint"",""coordinates"":[]}"
10_0001000000000000169f,2031.6611597495885,975.6826184626159,2631.951273041156,Layyah District,4.628812629269326,1.1470348905224133,11,294.6772994900743,0.01707517821341753,234.2278547828031,174.31333565311323,2022,"{""type"":""MultiPoint"",""coordinates"":[]}"
10_000100000000000016a0,70.51889022496694,488.0372844828549,1977.8602158284143,Lodhran District,0.01732716988772154,0.13861177768558264,11,4.014255210574643,0.0,119.86725111625287,6.595171871284644,2022,"{""type"":""MultiPoint"",""coordinates"":[]}"
10_000100000000000016a1,53.396585597353514,319.6134988226362,1991.454851652331,Mandi Bahauddin District,8.891474613919854,1.6898895726995724,11,14.379673736611856,0.008412756957113743,242.75645321326004,123.6267257761904,2022,"{""type"":""MultiPoint"",""coordinates"":[]}"
10_000100000000000016a2,732.2623728405866,803.7295289781235,2695.277585611368,Mianwali District,30.480888254188145,9.106184534005383,11,927.7623496297784,0.23187671646329702,508.21274407890934,284.0943317506244,2022,"{""type"":""MultiPoint"",""coordinates"":[]}"
10_000100000000000016a3,265.04749648862827,787.5495013825157,2264.905388989289,Multan District,0.14271707242245182,0.3186850929632783,11,3.22144273272259,0.12061653938144445,261.2507282693743,65.56360924262553,2022,"{""type"":""MultiPoint"",""coordinates"":[]}"
10_000100000000000016a4,1427.7926396972407,1753.8266966802487,3041.873224637606,Muzaffargarh District,13.129457466749875,5.892918301983645,11,145.5660981899529,0.06071178708225489,863.4735832123597,436.41723370250014,2022,"{""type"":""MultiPoint"",""coordinates"":[]}"
10_000100000000000016a5,90.25160264478741,194.77574611771485,1993.1701182754048,Narowal District,2.028268487276692,3.725899139762509,11,6.585896451102898,0.0,56.51418231287423,31.76866054067425,2022,"{""type"":""MultiPoint"",""coordinates"":[]}"
10_000100000000000016a6,172.0533572280414,440.5459609935462,3728.4118488218774,Okara District,0.5756971286792381,0.13174482448136104,11,18.17448743459787,0.008576438762247562,39.846488614895335,37.83149500379302,2022,"{""type"":""MultiPoint"",""coordinates"":[]}"
10_000100000000000016a7,89.0662183822078,405.15861557306096,2355.184378881515,Pakpattan District,0.0,0.060204396955668926,11,3.62760058375185,0.0,8.797917893879553,22.16775024819973,2022,"{""type"":""MultiPoint"",""coordinates"":[]}"
10_000100000000000016a8,3950.662221650362,1628.7848616245549,5327.2092060213545,Rahim Yar Khan District,20.73058911971017,2.880811450739994,11,182.79324317460922,0.017418240197002888,1431.3754449873031,231.56065827619435,2022,"{""type"":""MultiPoint"",""coordinates"":[]}"
10_000100000000000016a9,5089.135203901288,419.20535769013355,4304.226826995479,Rajanpur District,105.50170406682744,6.318191465958223,11,1474.7444932179744,0.06074135098606348,602.0826607727721,333.77244383511953,2022,"{""type"":""MultiPoint"",""coordinates"":[]}"
10_000100000000000016aa,54.721007387007724,1178.903646188543,1752.0693573469696,Rawalpindi District,2.5304421744583285,12.06440119347809,11,327.92323900666076,0.016556862741708755,1835.5296223346547,60.91008805422222,2022,"{""type"":""MultiPoint"",""coordinates"":[]}"
10_000100000000000016ab,46.428152094766794,529.1002360815,2555.3228057292895,Sahiwal District,0.25659870438496857,0.12024836149066687,11,8.147044866239908,0.0,66.81907197345122,22.278191243258174,2022,"{""type"":""MultiPoint"",""coordinates"":[]}"
10_000100000000000016ac,105.13339730898541,707.5455265428615,4161.93518348643,Sargodha District,5.348755153699541,2.1416019406169653,11,25.63821909753423,0.008435727097094059,645.067371352791,118.56099632290358,2022,"{""type"":""MultiPoint"",""coordinates"":[]}"
10_000100000000000016ad,241.50585009910023,580.8903829333427,4706.8561225496705,Sheikhupura District,1.4679944409641856,2.569144466643532,11,20.676756898200544,0.03391799982637167,149.37016530028524,118.95580494707706,2022,"{""type"":""MultiPoint"",""coordinates"":[]}"
10_000100000000000016ae,47.73952306552844,400.6255556114821,2478.18240001408,Sialkot District,2.445807513382797,6.764206426177977,11,7.433811373610561,0.0,62.52685687078126,60.09132652719522,2022,"{""type"":""MultiPoint"",""coordinates"":[]}"
10_000100000000000016af,40.06025209783704,457.73546845486715,2416.960833001859,Toba Tek Singh District,0.48372480680106905,0.06858471687883139,11,18.031990580202315,0.008575345389544964,120.45380378427606,27.69027885191289,2022,"{""type"":""MultiPoint"",""coordinates"":[]}"
10_000100000000000016b0,75.84562551526754,913.1663475326244,3388.3210763787674,Vehari District,0.16419558133929968,0.08634929358959198,11,5.291963171454913,0.017283419147133827,95.62293627698195,20.124254100594452,2022,"{""type"":""MultiPoint"",""coordinates"":[]}"
11_0001000000000000168f,268.37680496764824,678.3494890715159,4249.698787312027,Attock District,45.0142781946589,8.178172305299372,12,634.1267077005157,0.6374625414609909,735.6107115862014,185.15434386319683,2022,"{""type"":""MultiPoint"",""coordinates"":[]}"
11_00010000000000001690,1991.776139724989,470.33517322989513,5733.507275386106,Bahawalnagar District,16.813121374696493,1.2101577501744032,12,183.37407321949652,0.7195067717529395,98.38380363091238,80.90557785877118,2022,"{""type"":""MultiPoint"",""coordinates"":[]}"
11_00010000000000001691,11755.616977510444,731.3028699005355,9867.115953505561,Bahawalpur District,2.079363814021881,1.556999396532774,12,1182.56040720669,0.3635270241647959,380.23928447627634,46.92083376315513,2022,"{""type"":""MultiPoint"",""coordinates"":[]}"
11_00010000000000001692,3591.7183233509318,768.1861375997136,3296.60554451326,Bhakkar District,1.531520082334093,0.8494341243642802,12,82.0175648734923,151.88571657046091,623.6149453617486,71.7857219948342,2022,"{""type"":""MultiPoint"",""coordinates"":[]}"
11_00010000000000001693,80.79012493815492,759.3331858573226,3823.6632771412014,Chakwal District,32.754042519884656,6.659533361210396,12,668.4977368527767,0.025141987949609756,1139.9478262731516,99.27057965751374,2022,"{""type"":""MultiPoint"",""coordinates"":[]}"
11_00010000000000001694,3051.0612278350145,1048.6296961117646,2592.824497155739,Dera Ghazi Khan District,119.59605578571994,1.130735207498804,12,2365.09751648545,36.92391401356561,2036.511982362835,541.3998677259676,2022,"{""type"":""MultiPoint"",""coordinates"":[]}"
11_00010000000000001695,86.71910772542377,1036.4247422236842,4540.38187967911,Faisalabad District,2.433270682580769,0.5593092321363442,12,22.49595219734691,0.0937801394611597,205.41824705377223,52.9004228501818,2022,"{""type"":""MultiPoint"",""coordinates"":[]}"
11_00010000000000001696,101.29949489690216,412.474378970784,2919.078752420679,Gujranwala District,3.9078037629123124,1.6803260855194109,12,26.838258625917575,0.06763188168406487,48.985766930662685,105.14145345137473,2022,"{""type"":""MultiPoint"",""coordinates"":[]}"
11_00010000000000001697,46.147496355807085,511.8726661160771,2158.682088594803,Gujrat District,3.2444177160843037,5.375564859971843,12,52.60060575503272,0.0,321.69885144731865,67.39758112215456,2022,"{""type"":""MultiPoint"",""coordinates"":[]}"
11_00010000000000001698,75.39373341137723,177.35360424617926,1864.265862905234,Hafizabad District,0.791168250380924,0.7688834108412266,12,48.02495561491551,0.04231489170342684,43.22852006310632,67.4891325282225,2022,"{""type"":""MultiPoint"",""coordinates"":[]}"
11_00010000000000001699,1149.325697098457,1011.5213388616583,5934.520935923836,Jhang District,0.9961686693131924,2.003180065192282,12,44.73392334869679,3.7992382803201385,649.5318495338602,150.82592036433735,2022,"{""type"":""MultiPoint"",""coordinates"":[]}"
11_0001000000000000169a,114.66132575438229,381.20303482111257,1610.6131402799601,Jhelum District,18.679773969659763,6.350992459175634,12,548.8714928035644,0.008396829478442669,824.7407963111556,110.9402033090628,2022,"{""type"":""MultiPoint"",""coordinates"":[]}"
11_0001000000000000169b,106.11173025712958,395.9444114944477,2929.987789557199,Kasur District,1.4403307161056529,0.7067121436162029,12,21.211965953671903,0.6920531988143921,480.3171956936335,51.71271988946725,2022,"{""type"":""MultiPoint"",""coordinates"":[]}"
11_0001000000000000169c,65.91858091769265,431.9007714690714,3398.530674662124,Khanewal District,0.23243998414380293,0.5931553281843662,12,9.436430076261361,0.3362852169602525,347.35159959125093,101.48375270170911,2022,"{""type"":""MultiPoint"",""coordinates"":[]}"
11_0001000000000000169d,1559.9889363267876,429.15291443581094,3052.6903010411993,Khushab District,2.165592757470029,8.455191606538845,12,550.4826366998657,19.641320029372242,907.1282972553927,69.77099502410229,2022,"{""type"":""MultiPoint"",""coordinates"":[]}"
11_0001000000000000169e,313.9858273767812,425.24796247516264,828.2542857898874,Lahore District,0.25094811792174976,1.132323635395105,12,7.833968390425777,0.5776700368151069,123.6219743772209,27.107319383312237,2022,"{""type"":""MultiPoint"",""coordinates"":[]}"
11_0001000000000000169f,1891.5647781077807,411.18720338917257,2936.6858284803548,Layyah District,7.946735890417853,0.1280526127666235,12,209.54698714821362,68.49605746472655,637.1276622529233,185.6231585310005,2022,"{""type"":""MultiPoint"",""coordinates"":[]}"
11_000100000000000016a0,34.88001415972762,320.0875462062913,2245.6419271522186,Lodhran District,0.01733504608273506,0.19061830081045628,12,2.0948088373988867,0.01730413641780615,61.56936766061128,2.5500861823631853,2022,"{""type"":""MultiPoint"",""coordinates"":[]}"
11_000100000000000016a1,48.582006291164916,357.62976878676926,2023.0546426235132,Mandi Bahauddin District,7.890349962909285,1.532500909312683,12,45.06568549452898,0.0,165.98742569874534,106.07518597501601,2022,"{""type"":""MultiPoint"",""coordinates"":[]}"
11_000100000000000016a2,673.0095051294084,622.5904112908187,3315.2240488394373,Mianwali District,49.34911607033847,7.0249510450252135,12,556.9283358335019,2.324129015930435,446.13881395031143,318.5685512192766,2022,"{""type"":""MultiPoint"",""coordinates"":[]}"
11_000100000000000016a3,155.75906463463735,561.9769060145552,2465.4401992064804,Multan District,0.04312490578740835,0.17222524993121624,12,2.036144440124432,2.3000669276780066,401.35891582281414,59.03353860791334,2022,"{""type"":""MultiPoint"",""coordinates"":[]}"
11_000100000000000016a4,1017.706004907552,673.86916451456,3738.398862727133,Muzaffargarh District,9.540727717283312,1.86440590202224,12,66.42454710419418,80.86067458058105,1665.8332860544326,433.53489016796664,2022,"{""type"":""MultiPoint"",""coordinates"":[]}"
11_000100000000000016a5,120.14573785411376,196.20713871574287,1949.269514554969,Narowal District,3.1626060134603406,2.6371445877148822,12,14.335095834874492,0.0,58.27919510839616,34.78394130032655,2022,"{""type"":""MultiPoint"",""coordinates"":[]}"
11_000100000000000016a6,66.98675015789328,369.1127258878275,3906.1641709875826,Okara District,0.3513435739512537,0.23467995239531292,12,15.911216180581674,0.07718860078603029,45.55545871391454,33.18612243374262,2022,"{""type"":""MultiPoint"",""coordinates"":[]}"
11_000100000000000016a7,55.63841534081627,296.3062283144095,2497.8171260663466,Pakpattan District,0.017267392948269844,0.0,12,3.1354340854155667,0.07971214908083865,16.77224173171117,14.296260878841814,2022,"{""type"":""MultiPoint"",""coordinates"":[]}"
11_000100000000000016a8,3586.2526866799876,1002.8092667397841,5962.204455535283,Rahim Yar Khan District,12.927972952824303,1.2063059506974383,12,363.41174591732596,1.1291287878637806,1619.9314339287064,226.14145805255384,2022,"{""type"":""MultiPoint"",""coordinates"":[]}"
11_000100000000000016a9,5449.844086782491,487.48330504702886,2366.1681218966733,Rajanpur District,122.43197041841626,0.33142555150769504,12,1123.443721615954,17.14683033545666,2305.7454322817284,462.45272936728225,2022,"{""type"":""MultiPoint"",""coordinates"":[]}"
11_000100000000000016aa,64.48024341445416,1125.91681865045,2119.248448857888,Rawalpindi District,5.820962464988378,18.147368151917323,12,247.85771645239248,0.0496717831119895,1572.264739961856,70.8823908116778,2022,"{""type"":""MultiPoint"",""coordinates"":[]}"
11_000100000000000016ab,25.052561396517444,384.79295482318486,2674.76324280953,Sahiwal District,0.07724136579781771,0.2339127131135148,12,8.036392649686803,0.02581911440938711,115.24414715912994,20.246077023011946,2022,"{""type"":""MultiPoint"",""coordinates"":[]}"
11_000100000000000016ac,80.65750718127717,658.539779883488,4287.629122023376,Sargodha District,5.605770134520443,2.377048629336059,12,26.80419674255319,0.008445847779512405,605.769882970946,103.9877335196434,2022,"{""type"":""MultiPoint"",""coordinates"":[]}"
11_000100000000000016ad,198.07632019401473,514.6214834503284,4800.201210638308,Sheikhupura District,1.4316662784921481,2.6519281917014252,12,34.387610561952144,0.21184938307851553,157.60849807105006,113.13557286618604,2022,"{""type"":""MultiPoint"",""coordinates"":[]}"
11_000100000000000016ae,69.21314996233319,407.49742310535817,2436.3574598756823,Sialkot District,1.2621024105551781,4.6538847992123635,12,23.996248170112572,0.0,63.143633900517045,59.68558517846772,2022,"{""type"":""MultiPoint"",""coordinates"":[]}"
11_000100000000000016af,31.092603800080575,359.4934798724767,2435.148364752556,Toba Tek Singh District,0.1277681710965493,0.24176646374239058,12,14.66623972643751,0.2398550882935524,215.4047388929618,25.078694872379153,2022,"{""type"":""MultiPoint"",""coordinates"":[]}"
11_000100000000000016b0,51.81439493423071,643.6747127906474,3502.4124758527014,Vehari District,0.05182288493961096,0.35417590383440256,12,4.616472020650319,0.6735664801526011,281.8521729358454,13.190237466764508,2022,"{""type"":""MultiPoint"",""coordinates"":[]}"
